competitor_id,player_jersey_number,player_full_name,player_abv_name,player_position,player_status,passing_COMP,passing_ATT,passing_COMP%,passing_YDS,passing_TD,passing_INT,passing_LONG,passing_YDS/ATT,passing_AY/A,rushing_ATT,rushing_YDS,rushing_TD,rushing_LONG,rushing_AVG,receiving_TGT,receiving_REC,receiving_YDS,receiving_YAC,receiving_TD,receiving_LONG,receiving_AVG,receiving_YDS/TGT,receiving_CATCH%,defense_SOLO,defense_SACKS,defense_TFL,defense_INT,defense_FF,defense_FR,defense_ST_TAK,kicking_FGM,kicking_FGA,kicking_FG%,kicking_FG_LONG,kicking_XP,kicking_ROUGE,kickoffs_NUM,kickoffs_YDS,kickoffs_LONG,punting_NO,punting_GROSS_YDS,punting_GROSS_AVG,punting_LONG,punting_IN_10,kick_return_NUM,kick_return_YDS,kick_return_LONG,kick_return_AVG,punt_return_NUM,punt_return_YDS,punt_return_LONG,punt_return_AVG,game_id,team_id,team_abv,team_name,season_type,last_updated,season
1003124,12,Kaleb Hayes,Kaleb Hayes,Defensive_DefensiveBack,ActiveNotPlayed,,,,,,,,,,,,,,,,,,,,,,,,2,0,0,0,0,0,0,,,,,,,,,,,,,,,,,,,,,,,13419667,83579,HAM,Hamilton Tiger-Cats,Preseason,2026-09-05T13:09:45.302148,2026
1005246,0,Zyon Gilbert,Zyon Gilbert,Defensive_DefensiveBack,ActiveNotPlayed,,,,,,,,,,,,,,,,,,,,,,,,1,0,0,0,0,0,0,,,,,,,,,,,,,,,,,,,,,,,13419667,83579,HAM,Hamilton Tiger-Cats,Preseason,2026-09-05T13:09:45.302148,2026
1012742,2,Jamal Peters,Jamal Peters,Defensive_DefensiveBack,Started,,,,,,,,,,,,,,,,,,,,,,,,1,0,0,0,0,0,0,,,,,,,,,,,,,,,,,,,,,,,13419667,83579,HAM,Hamilton Tiger-Cats,Preseason,2026-09-05T13:09:45.302148,2026
1014479,37,Larry Rountree III,Larry Rountree III,Offensive_RunningBack,Started,,,,,,,,,,9.0,86.0,1,46,9.556,1.0,1.0,2.0,2.0,0.0,2.0,2.0,2.0,1.0,,,,,,,,,,,,,,,,,,,,,,,,,,,,,,13419667,83579,HAM,Hamilton Tiger-Cats,Preseason,2026-09-05T13:09:45.302148,2026
1018050,16,Jake Dolegala,Jake Dolegala,Offensive_Quarterback,ActiveNotPlayed,5.0,14.0,0.357,61.0,0.0,1.0,25.0,4.357,1.1428571428571428,,,,,,,,,,,,,,,,,,,,,,,,,,,,,,,,,,,,,,,,,,,,13419667,83579,HAM,Hamilton Tiger-Cats,Preseason,2026-09-05T13:09:45.302148,2026
1022381,91,Miles Fox,Miles Fox,Defensive_DefensiveLineman,Started,,,,,,,,,,,,,,,,,,,,,,,,2,0,0,0,0,0,0,,,,,,,,,,,,,,,,,,,,,,,13419667,83579,HAM,Hamilton Tiger-Cats,Preseason,2026-09-05T13:09:45.302148,2026
1290182,11,Myron Mitchell,Myron Mitchell,Offensive_WideReceiver,ActiveNotPlayed,,,,,,,,,,,,,,,7.0,3.0,43.0,11.0,0.0,18.0,14.333,6.143,0.429,,,,,,,,,,,,,,,,,,,,,,,,,,,,,,13419667,83579,HAM,Hamilton Tiger-Cats,Preseason,2026-09-05T13:09:45.302148,2026
1344426,17,Shemar Bridges,Shemar Bridges,Offensive_WideReceiver,Started,,,,,,,,,,,,,,,2.0,0.0,0.0,0.0,0.0,0.0,,,0.0,,,,,,,,,,,,,,,,,,,,,,,,,,,,,,13419667,83579,HAM,Hamilton Tiger-Cats,Preseason,2026-09-05T13:09:45.302148,2026
1345719,8,Keric Wheatfall,Keric Wheatfall,Offensive_WideReceiver,Started,,,,,,,,,,,,,,,1.0,1.0,5.0,5.0,0.0,5.0,5.0,5.0,1.0,,,,,,,,,,,,,,,,,,,,,,,,,,,,,,13419667,83579,HAM,Hamilton Tiger-Cats,Preseason,2026-09-05T13:09:45.302148,2026
1349505,27,Johnny Augustine,Johnny Augustine,Offensive_RunningBack,ActiveNotPlayed,,,,,,,,,,,,,,,,,,,,,,,,0,0,0,0,0,0,1,,,,,,,,,,,,,,,,,,,,,,,13419667,83579,HAM,Hamilton Tiger-Cats,Preseason,2026-09-05T13:09:45.302148,2026
1349542,33,Marc Liegghio,Marc Liegghio,Kicker,ActiveNotPlayed,,,,,,,,,,,,,,,,,,,,,,,,,,,,,,,0.0,0.0,,0,1.0,0.0,2.0,118.0,61.0,,,,,,,,,,,,,,13419667,83579,HAM,Hamilton Tiger-Cats,Preseason,2026-09-05T13:09:45.302148,2026
1349633,85,Kiondre Smith,Kiondre Smith,Offensive_WideReceiver,Started,,,,,,,,,,,,,,,3.0,2.0,45.0,9.0,0.0,32.0,22.5,15.0,0.667,,,,,,,,,,,,,,,,,,,,,,,,,,,,,,13419667,83579,HAM,Hamilton Tiger-Cats,Preseason,2026-09-05T13:09:45.302148,2026
1350457,19,Bo Levi Mitchell,Bo Levi Mitchell,Offensive_Quarterback,Started,3.0,3.0,1.0,50.0,0.0,0.0,32.0,16.667,16.666666666666668,,,,,,,,,,,,,,,,,,,,,,,,,,,,,,,,,,,,,,,,,,,,13419667,83579,HAM,Hamilton Tiger-Cats,Preseason,2026-09-05T13:09:45.302148,2026
1350470,5,Tre Ford,Tre Ford,Offensive_Quarterback,ActiveNotPlayed,2.0,10.0,0.2,14.0,0.0,0.0,12.0,1.4,1.4,2.0,17.0,0,12,8.5,,,,,,,,,,,,,,,,,,,,,,,,,,,,,,,,,,,,,,,13419667,83579,HAM,Hamilton Tiger-Cats,Preseason,2026-09-05T13:09:45.302148,2026
1350877,88,Tyler Ternowski,Tyler Ternowski,Offensive_WideReceiver,ActiveNotPlayed,,,,,,,,,,,,,,,,,,,,,,,,0,0,0,0,0,0,2,,,,,,,,,,,,,,,,,,,,,,,13419667,83579,HAM,Hamilton Tiger-Cats,Preseason,2026-09-05T13:09:45.302148,2026
1357161,42,Gregory Junior,Gregory Junior,Defensive_Cornerback,ActiveNotPlayed,,,,,,,,,,,,,,,,,,,,,,,,1,0,0,0,0,0,1,,,,,,,,,,,,,,,,,,,,,,,13419667,83579,HAM,Hamilton Tiger-Cats,Preseason,2026-09-05T13:09:45.302148,2026
1399802,86,Xavier Malone,Xavier Malone,Offensive_WideReceiver,ActiveNotPlayed,,,,,,,,,,,,,,,1.0,1.0,2.0,2.0,0.0,2.0,2.0,2.0,1.0,,,,,,,,,,,,,,,,,,,,,,,,,,3.0,49.0,41.0,16.333,13419667,83579,HAM,Hamilton Tiger-Cats,Preseason,2026-09-05T13:09:45.302148,2026
1400232,1,Reggie Stubblefield,Reggie Stubblefield,Defensive_Linebacker,Started,,,,,,,,,,,,,,,,,,,,,,,,2,0,0,0,0,0,0,,,,,,,,,,,,,,,,,,,,,,,13419667,83579,HAM,Hamilton Tiger-Cats,Preseason,2026-09-05T13:09:45.302148,2026
1401593,94,Mitchell Agude,Mitchell Agude,Defensive_DefensiveLineman,ActiveNotPlayed,,,,,,,,,,,,,,,,,,,,,,,,2,0,1,0,0,0,0,,,,,,,,,,,,,,,,,,,,,,,13419667,83579,HAM,Hamilton Tiger-Cats,Preseason,2026-09-05T13:09:45.302148,2026
1405203,24,Robert Panabaker,Robert Panabaker,Defensive_DefensiveBack,ActiveNotPlayed,,,,,,,,,,,,,,,,,,,,,,,,3,0,0,0,0,0,3,,,,,,,,,,,,,,,,,,,,,,,13419667,83579,HAM,Hamilton Tiger-Cats,Preseason,2026-09-05T13:09:45.302148,2026
1468467,47,Owen Hubert,Owen Hubert,Defensive_DefensiveLineman,ActiveNotPlayed,,,,,,,,,,,,,,,,,,,,,,,,2,0,0,0,0,0,0,,,,,,,,,,,,,,,,,,,,,,,13419667,83579,HAM,Hamilton Tiger-Cats,Preseason,2026-09-05T13:09:45.302148,2026
1470629,25,Destin Talbert,Destin Talbert,Defensive_DefensiveBack,Started,,,,,,,,,,,,,,,,,,,,,,,,2,0,0,0,0,0,0,,,,,,,,,,,,,,,,,,,,,,,13419667,83579,HAM,Hamilton Tiger-Cats,Preseason,2026-09-05T13:09:45.302148,2026
1470649,36,Ryan Baker,Ryan Baker,Defensive_Linebacker,ActiveNotPlayed,,,,,,,,,,,,,,,,,,,,,,,,2,0,0,0,0,0,0,,,,,,,,,,,,,,,,,,,,,,,13419667,83579,HAM,Hamilton Tiger-Cats,Preseason,2026-09-05T13:09:45.302148,2026
1483360,87,Jaelen Gill,Jaelen Gill,Offensive_WideReceiver,ActiveNotPlayed,,,,,,,,,,,,,,,2.0,1.0,25.0,2.0,0.0,25.0,25.0,12.5,0.5,,,,,,,,,,,,,,,,,,,,,,,,,,,,,,13419667,83579,HAM,Hamilton Tiger-Cats,Preseason,2026-09-05T13:09:45.302148,2026
1483388,6,Zamari Walton,Zamari Walton,Defensive_DefensiveBack,Started,,,,,,,,,,,,,,,,,,,,,,,,3,0,1,0,0,0,0,,,,,,,,,,,,,,,,,,,,,,,13419667,83579,HAM,Hamilton Tiger-Cats,Preseason,2026-09-05T13:09:45.302148,2026
1483410,22,Mario Kendricks,Mario Kendricks,Defensive_DefensiveLineman,Started,,,,,,,,,,,,,,,,,,,,,,,,2,0,0,0,0,0,0,,,,,,,,,,,,,,,,,,,,,,,13419667,83579,HAM,Hamilton Tiger-Cats,Preseason,2026-09-05T13:09:45.302148,2026
1483758,13,Kaleb Ford-Dement,Kaleb Ford-Dement,Defensive_DefensiveBack,ActiveNotPlayed,,,,,,,,,,,,,,,,,,,,,,,,1,0,0,1,0,0,0,,,,,,,,,,,,,,,,,,,,,,,13419667,83579,HAM,Hamilton Tiger-Cats,Preseason,2026-09-05T13:09:45.302148,2026
1484103,15,Craig Young,Craig Young,Defensive_Linebacker,ActiveNotPlayed,,,,,,,,,,,,,,,,,,,,,,,,2,0,0,0,0,0,1,,,,,,,,,,,,,,,,,,,,,,,13419667,83579,HAM,Hamilton Tiger-Cats,Preseason,2026-09-05T13:09:45.302148,2026
1484471,74,Blayne Taylor,Blayne Taylor,Offensive_WideReceiver,ActiveNotPlayed,,,,,,,,,,,,,,,3.0,1.0,3.0,0.0,0.0,3.0,3.0,1.0,0.333,,,,,,,,,,,,,,,,,,,,,,,,,,,,,,13419667,83579,HAM,Hamilton Tiger-Cats,Preseason,2026-09-05T13:09:45.302148,2026
1487519,70,Mitch McCarthy,Mitch McCarthy,Punter,ActiveNotPlayed,,,,,,,,,,,,,,,,,,,,,,,,,,,,,,,,,,,,,,,,5.0,222.0,44.4,53.0,0.0,,,,,,,,,13419667,83579,HAM,Hamilton Tiger-Cats,Preseason,2026-09-05T13:09:45.302148,2026
1488019,72,Nahree Biggins,Nahree Biggins,Offensive_RunningBack,ActiveNotPlayed,,,,,,,,,,,,,,,1.0,0.0,0.0,0.0,0.0,0.0,,,0.0,,,,,,,,,,,,,,,,,,,,,,,,,,,,,,13419667,83579,HAM,Hamilton Tiger-Cats,Preseason,2026-09-05T13:09:45.302148,2026
1489292,28,Cameron Bergeron,Cameron Bergeron,Defensive_Linebacker,ActiveNotPlayed,,,,,,,,,,,,,,,,,,,,,,,,1,0,0,0,0,0,1,,,,,,,,,,,,,,,,,,,,,,,13419667,83579,HAM,Hamilton Tiger-Cats,Preseason,2026-09-05T13:09:45.302148,2026
1492168,23,Cameron Stone,Cameron Stone,Defensive_Cornerback,ActiveNotPlayed,,,,,,,,,,,,,,,,,,,,,,,,1,0,0,0,0,0,0,,,,,,,,,,,,,,,,,,,,,,,13419667,83579,HAM,Hamilton Tiger-Cats,Preseason,2026-09-05T13:09:45.302148,2026
1493140,93,Aamarii Notice,Aamarii Notice,Defensive_DefensiveLineman,ActiveNotPlayed,,,,,,,,,,,,,,,,,,,,,,,,1,0,0,0,0,0,0,,,,,,,,,,,,,,,,,,,,,,,13419667,83579,HAM,Hamilton Tiger-Cats,Preseason,2026-09-05T13:09:45.302148,2026
1496810,77,Brian Ugwu,Brian Ugwu,Defensive_DefensiveLineman,ActiveNotPlayed,,,,,,,,,,,,,,,,,,,,,,,,2,1,0,0,0,0,0,,,,,,,,,,,,,,,,,,,,,,,13419667,83579,HAM,Hamilton Tiger-Cats,Preseason,2026-09-05T13:09:45.302148,2026
1505124,80,Jerjuan Newton,Jerjuan Newton,Offensive_WideReceiver,ActiveNotPlayed,,,,,,,,,,,,,,,1.0,0.0,0.0,0.0,0.0,0.0,,,0.0,,,,,,,,,,,,,,,,,,,,,,2.0,12.0,8.0,6.0,2.0,1.0,1.0,0.5,13419667,83579,HAM,Hamilton Tiger-Cats,Preseason,2026-09-05T13:09:45.302148,2026
1506169,76,Kyrese Rowan,Kyrese Rowan,Offensive_WideReceiver,ActiveNotPlayed,,,,,,,,,,,,,,,1.0,0.0,0.0,0.0,0.0,0.0,,,0.0,,,,,,,,,,,,,,,,,,,,,,,,,,,,,,13419667,83579,HAM,Hamilton Tiger-Cats,Preseason,2026-09-05T13:09:45.302148,2026
1507004,18,Nick Haberer,Nick Haberer,Punter,ActiveNotPlayed,,,,,,,,,,,,,,,,,,,,,,,,,,,,,,,,,,,,,,,,5.0,214.0,42.8,52.0,1.0,,,,,,,,,13419667,83579,HAM,Hamilton Tiger-Cats,Preseason,2026-09-05T13:09:45.302148,2026
1518663,51,Jordan Crook,Jordan Crook,Defensive_Linebacker,ActiveNotPlayed,,,,,,,,,,,,,,,,,,,,,,,,1,0,0,0,0,0,0,,,,,,,,,,,,,,,,,,,,,,,13419667,83579,HAM,Hamilton Tiger-Cats,Preseason,2026-09-05T13:09:45.302148,2026
1519264,41,Avery Morrow,Avery Morrow,Offensive_RunningBack,ActiveNotPlayed,,,,,,,,,,5.0,22.0,0,8,4.4,,,,,,,,,,,,,,,,,,,,,,,,,,,,,,,,,,,,,,,13419667,83579,HAM,Hamilton Tiger-Cats,Preseason,2026-09-05T13:09:45.302148,2026
1596980,35,Ronan Horrall,Ronan Horrall,Defensive_DefensiveBack,ActiveNotPlayed,,,,,,,,,,,,,,,,,,,,,,,,1,0,0,0,0,0,0,,,,,,,,,,,,,,,,,,,,,,,13419667,83579,HAM,Hamilton Tiger-Cats,Preseason,2026-09-05T13:09:45.302148,2026
1602418,38,Braxton Hill,Braxton Hill,Defensive_Linebacker,Started,,,,,,,,,,,,,,,,,,,,,,,,1,0,0,0,0,0,0,,,,,,,,,,,,,,,,,,,,,,,13419667,83579,HAM,Hamilton Tiger-Cats,Preseason,2026-09-05T13:09:45.302148,2026
1602437,29,Jake Nitychoruk,Jake Nitychoruk,Defensive_DefensiveBack,ActiveNotPlayed,,,,,,,,,,,,,,,,,,,,,,,,0,0,0,0,0,0,1,,,,,,,,,,,,,,,,,,,,,,,13419667,83579,HAM,Hamilton Tiger-Cats,Preseason,2026-09-05T13:09:45.302148,2026
1602441,46,Philip Ossai,Philip Ossai,Defensive_DefensiveLineman,Started,,,,,,,,,,,,,,,,,,,,,,,,1,1,0,0,0,0,0,,,,,,,,,,,,,,,,,,,,,,,13419667,83579,HAM,Hamilton Tiger-Cats,Preseason,2026-09-05T13:09:45.302148,2026
1641722,20,Shane Watts,Shane Watts,Offensive_RunningBack,ActiveNotPlayed,,,,,,,,,,6.0,22.0,0,6,3.667,,,,,,,,,,1,0,0,0,0,0,0,,,,,,,,,,,,,,,,,,,,,,,13419667,83579,HAM,Hamilton Tiger-Cats,Preseason,2026-09-05T13:09:45.302148,2026
1752343,81,Moochie Dixon,Moochie Dixon,Offensive_WideReceiver,ActiveNotPlayed,,,,,,,,,,,,,,,2.0,0.0,0.0,0.0,0.0,0.0,,,0.0,,,,,,,,,,,,,,,,,,,,,,,,,,2.0,17.0,11.0,8.5,13419667,83579,HAM,Hamilton Tiger-Cats,Preseason,2026-09-05T13:09:45.302148,2026
1752604,73,Zachary Copeland,Zachary Copeland,Kicker,ActiveNotPlayed,,,,,,,,,,,,,,,,,,,,,,,,,,,,,,,1.0,1.0,1.0,28,0.0,0.0,1.0,57.0,57.0,,,,,,,,,,,,,,13419667,83579,HAM,Hamilton Tiger-Cats,Preseason,2026-09-05T13:09:45.302148,2026
941538,95,Julian Howsare,Julian Howsare,Defensive_DefensiveLineman,Started,,,,,,,,,,,,,,,,,,,,,,,,1,1,0,0,0,0,0,,,,,,,,,,,,,,,,,,,,,,,13419667,83579,HAM,Hamilton Tiger-Cats,Preseason,2026-09-05T13:09:45.302148,2026
998924,89,Kenny Lawler,Kenny Lawler,Offensive_WideReceiver,Started,,,,,,,,,,,,,,,2.0,0.0,0.0,0.0,0.0,0.0,,,0.0,,,,,,,,,,,,,,,,,,,,,,,,,,,,,,13419667,83579,HAM,Hamilton Tiger-Cats,Preseason,2026-09-05T13:09:45.302148,2026
1005577,86,Damonte Coxie,Damonte Coxie,Offensive_WideReceiver,Started,,,,,,,,,,,,,,,2.0,0.0,0.0,0.0,0.0,0.0,,,0.0,,,,,,,,,,,,,,,,,,,,,,,,,,,,,,13419667,122345,TOR,Toronto Argonauts,Preseason,2026-09-05T13:09:45.302148,2026
1006437,3,Janarion Grant,Janarion Grant,Offensive_WideReceiver,ActiveNotPlayed,,,,,,,,,,,,,,,3.0,0.0,0.0,0.0,0.0,0.0,,,0.0,,,,,,,,,,,,,,,,,,,,,,2.0,35.0,24.0,17.5,1.0,0.0,0.0,0.0,13419667,122345,TOR,Toronto Argonauts,Preseason,2026-09-05T13:09:45.302148,2026
1007054,11,Robert Priester,Robert Priester,Defensive_DefensiveBack,Started,,,,,,,,,,,,,,,,,,,,,,,,1,0,0,0,0,0,0,,,,,,,,,,,,,,,,,,,,,,,13419667,122345,TOR,Toronto Argonauts,Preseason,2026-09-05T13:09:45.302148,2026
1011747,99,Ralph Holley,Ralph Holley,Defensive_DefensiveLineman,Started,,,,,,,,,,,,,,,,,,,,,,,,1,0,1,0,0,0,0,,,,,,,,,,,,,,,,,,,,,,,13419667,122345,TOR,Toronto Argonauts,Preseason,2026-09-05T13:09:45.302148,2026
1015150,2,Tarvarus McFadden,Tarvarus McFadden,Defensive_DefensiveBack,Started,,,,,,,,,,,,,,,,,,,,,,,,1,0,0,0,0,0,0,,,,,,,,,,,,,,,,,,,,,,,13419667,122345,TOR,Toronto Argonauts,Preseason,2026-09-05T13:09:45.302148,2026
1019820,24,Peyton Logan,Peyton Logan,Offensive_RunningBack,ActiveNotPlayed,,,,,,,,,,3.0,31.0,0,14,10.333,,,,,,,,,,,,,,,,,,,,,,,,,,,,,,,,,,,2.0,7.0,9.0,3.5,13419667,122345,TOR,Toronto Argonauts,Preseason,2026-09-05T13:09:45.302148,2026
1022794,83,David Ungerer III,David Ungerer III,Offensive_WideReceiver,Started,,,,,,,,,,,,,,,2.0,2.0,25.0,2.0,0.0,15.0,12.5,12.5,1.0,,,,,,,,,,,,,,,,,,,,,,,,,,,,,,13419667,122345,TOR,Toronto Argonauts,Preseason,2026-09-05T13:09:45.302148,2026
1075930,17,Dimitri Stanley,Dimitri Stanley,Offensive_WideReceiver,Started,,,,,,,,,,,,,,,3.0,3.0,24.0,11.0,0.0,10.0,8.0,8.0,1.0,,,,,,,,,,,,,,,,,,,,,,,,,,4.0,28.0,9.0,7.0,13419667,122345,TOR,Toronto Argonauts,Preseason,2026-09-05T13:09:45.302148,2026
1085710,16,Marcus Rogers,Marcus Rogers,Offensive_WideReceiver,ActiveNotPlayed,,,,,,,,,,,,,,,1.0,1.0,13.0,6.0,0.0,13.0,13.0,13.0,1.0,,,,,,,,,,,,,,,,,,,,,,,,,,,,,,13419667,122345,TOR,Toronto Argonauts,Preseason,2026-09-05T13:09:45.302148,2026
1299931,70,Lirim Hajrullahu,Lirim Hajrullahu,Kicker,ActiveNotPlayed,,,,,,,,,,,,,,,,,,,,,,,,,,,,,,,0.0,1.0,0.0,0,1.0,0.0,,,,,,,,,,,,,,,,,13419667,122345,TOR,Toronto Argonauts,Preseason,2026-09-05T13:09:45.302148,2026
1349479,29,John Haggerty,John Haggerty,Punter,ActiveNotPlayed,,,,,,,,,,,,,,,,,,,,,,,,,,,,,,,,,,,,,,,,2.0,61.0,30.5,32.0,0.0,,,,,,,,,13419667,122345,TOR,Toronto Argonauts,Preseason,2026-09-05T13:09:45.302148,2026
1349532,26,Brian Harelimana,Brian Harelimana,Defensive_Linebacker,ActiveNotPlayed,,,,,,,,,,,,,,,,,,,,,,,,1,0,0,0,0,0,0,,,,,,,,,,,,,,,,,,,,,,,13419667,122345,TOR,Toronto Argonauts,Preseason,2026-09-05T13:09:45.302148,2026
1349568,6,Adarius Pickett,Adarius Pickett,Defensive_Linebacker,Started,,,,,,,,,,,,,,,,,,,,,,,,1,0,0,0,0,0,0,,,,,,,,,,,,,,,,,,,,,,,13419667,122345,TOR,Toronto Argonauts,Preseason,2026-09-05T13:09:45.302148,2026
1350456,4,Nick Arbuckle,Nick Arbuckle,Offensive_Quarterback,ActiveNotPlayed,6.0,11.0,0.545,65.0,0.0,0.0,16.0,5.909,5.909090909090909,,,,,,,,,,,,,,,,,,,,,,,,,,,,,,,,,,,,,,,,,,,,13419667,122345,TOR,Toronto Argonauts,Preseason,2026-09-05T13:09:45.302148,2026
1357936,88,Andre Miller,Andre Miller,Offensive_WideReceiver,ActiveNotPlayed,,,,,,,,,,,,,,,1.0,0.0,0.0,0.0,0.0,0.0,,,0.0,,,,,,,,,,,,,,,,,,,,,,,,,,,,,,13419667,122345,TOR,Toronto Argonauts,Preseason,2026-09-05T13:09:45.302148,2026
1401657,35,Isaac Darkangelo,Isaac Darkangelo,Defensive_Linebacker,Started,,,,,,,,,,,,,,,,,,,,,,,,2,0,0,0,0,0,0,,,,,,,,,,,,,,,,,,,,,,,13419667,122345,TOR,Toronto Argonauts,Preseason,2026-09-05T13:09:45.302148,2026
1465593,90,Denzel Daxon,Denzel Daxon,Defensive_DefensiveLineman,ActiveNotPlayed,,,,,,,,,,,,,,,,,,,,,,,,1,0,0,0,0,0,0,,,,,,,,,,,,,,,,,,,,,,,13419667,122345,TOR,Toronto Argonauts,Preseason,2026-09-05T13:09:45.302148,2026
1468482,10,Kevin Mital,Kevin Mital,Offensive_WideReceiver,Started,,,,,,,,,,,,,,,2.0,1.0,-1.0,-1.0,0.0,-1.0,-1.0,-0.5,0.5,,,,,,,,,,,,,,,,,,,,,,,,,,,,,,13419667,122345,TOR,Toronto Argonauts,Preseason,2026-09-05T13:09:45.302148,2026
1473233,20,Derek Slywka,Derek Slywka,Defensive_Linebacker,ActiveNotPlayed,,,,,,,,,,,,,,,,,,,,,,,,2,0,0,0,0,0,0,,,,,,,,,,,,,,,,,,,,,,,13419667,122345,TOR,Toronto Argonauts,Preseason,2026-09-05T13:09:45.302148,2026
1485617,27,Owen Goss,Owen Goss,Defensive_Linebacker,ActiveNotPlayed,,,,,,,,,,,,,,,,,,,,,,,,1,0,0,0,0,0,0,,,,,,,,,,,,,,,,,,,,,,,13419667,122345,TOR,Toronto Argonauts,Preseason,2026-09-05T13:09:45.302148,2026
1487962,13,Solomon Davis,Solomon Davis,Offensive_WideReceiver,ActiveNotPlayed,,,,,,,,,,,,,,,2.0,2.0,43.0,16.0,0.0,27.0,21.5,21.5,1.0,1,0,0,0,0,0,0,,,,,,,,,,,,,,,,,,,,,,,13419667,122345,TOR,Toronto Argonauts,Preseason,2026-09-05T13:09:45.302148,2026
1489868,40,Darius McKenzie,Darius McKenzie,Defensive_Linebacker,ActiveNotPlayed,,,,,,,,,,,,,,,,,,,,,,,,2,0,0,0,0,0,0,,,,,,,,,,,,,,,,,,,,,,,13419667,122345,TOR,Toronto Argonauts,Preseason,2026-09-05T13:09:45.302148,2026
1490316,74,Nolan Ulm,Nolan Ulm,Offensive_WideReceiver,ActiveNotPlayed,,,,,,,,,,,,,,,2.0,1.0,6.0,6.0,0.0,6.0,6.0,3.0,0.5,,,,,,,,,,,,,,,,,,,,,,,,,,,,,,13419667,122345,TOR,Toronto Argonauts,Preseason,2026-09-05T13:09:45.302148,2026
1493777,32,James Neal III,James Neal III,Defensive_Linebacker,ActiveNotPlayed,,,,,,,,,,,,,,,,,,,,,,,,1,0,0,0,0,0,1,,,,,,,,,,,,,,,,,,,,,,,13419667,122345,TOR,Toronto Argonauts,Preseason,2026-09-05T13:09:45.302148,2026
1494693,80,SeVonne Rhea,SeVonne Rhea,Offensive_WideReceiver,ActiveNotPlayed,,,,,,,,,,,,,,,4.0,2.0,30.0,19.0,0.0,15.0,15.0,7.5,0.5,,,,,,,,,,,,,,,,,,,,,,,,,,,,,,13419667,122345,TOR,Toronto Argonauts,Preseason,2026-09-05T13:09:45.302148,2026
1494910,92,Paris Shand,Paris Shand,Defensive_DefensiveLineman,ActiveNotPlayed,,,,,,,,,,,,,,,,,,,,,,,,1,1,0,0,0,0,0,,,,,,,,,,,,,,,,,,,,,,,13419667,122345,TOR,Toronto Argonauts,Preseason,2026-09-05T13:09:45.302148,2026
1496304,79,Jason Compoh,Jason Compoh,Defensive_DefensiveLineman,ActiveNotPlayed,,,,,,,,,,,,,,,,,,,,,,,,1,0,0,0,0,0,0,,,,,,,,,,,,,,,,,,,,,,,13419667,122345,TOR,Toronto Argonauts,Preseason,2026-09-05T13:09:45.302148,2026
1499707,37,Theran Johnson,Theran Johnson,Defensive_DefensiveBack,ActiveNotPlayed,,,,,,,,,,,,,,,,,,,,,,,,2,0,0,0,0,0,0,,,,,,,,,,,,,,,,,,,,,,,13419667,122345,TOR,Toronto Argonauts,Preseason,2026-09-05T13:09:45.302148,2026
1502223,42,Jordan Pollard,Jordan Pollard,Defensive_Linebacker,ActiveNotPlayed,,,,,,,,,,,,,,,,,,,,,,,,2,0,0,0,0,0,0,,,,,,,,,,,,,,,,,,,,,,,13419667,122345,TOR,Toronto Argonauts,Preseason,2026-09-05T13:09:45.302148,2026
1507586,18,Anthony Wilson,Anthony Wilson,Defensive_DefensiveBack,Started,,,,,,,,,,,,,,,,,,,,,,,,2,0,0,0,0,0,1,,,,,,,,,,,,,,,,,,,,,,,13419667,122345,TOR,Toronto Argonauts,Preseason,2026-09-05T13:09:45.302148,2026
1509655,36,Aaron Casey,Aaron Casey,Defensive_Linebacker,ActiveNotPlayed,,,,,,,,,,,,,,,,,,,,,,,,1,0,0,0,0,0,0,,,,,,,,,,,,,,,,,,,,,,,13419667,122345,TOR,Toronto Argonauts,Preseason,2026-09-05T13:09:45.302148,2026
1514567,32,Qualan Jones,Qualan Jones,Offensive_RunningBack,Started,,,,,,,,,,4.0,5.0,0,4,1.25,,,,,,,,,,,,,,,,,,,,,,,,,,,,,,,,,,,,,,,13419667,122345,TOR,Toronto Argonauts,Preseason,2026-09-05T13:09:45.302148,2026
1514598,85,Dymere Miller,Dymere Miller,Offensive_WideReceiver,ActiveNotPlayed,,,,,,,,,,,,,,,2.0,2.0,41.0,25.0,0.0,27.0,20.5,20.5,1.0,,,,,,,,,,,,,,,,,,,,,,,,,,,,,,13419667,122345,TOR,Toronto Argonauts,Preseason,2026-09-05T13:09:45.302148,2026
1518855,33,Alexander Teubner,Alexander Teubner,Defensive_Linebacker,ActiveNotPlayed,,,,,,,,,,,,,,,,,,,,,,,,1,0,0,0,0,0,1,,,,,,,,,,,,,,,,,,,,,,,13419667,122345,TOR,Toronto Argonauts,Preseason,2026-09-05T13:09:45.302148,2026
1598895,82,Tyler Kahmann,Tyler Kahmann,Offensive_WideReceiver,Started,,,,,,,,,,,,,,,1.0,1.0,4.0,-1.0,0.0,4.0,4.0,4.0,1.0,,,,,,,,,,,,,,,,,,,,,,,,,,,,,,13419667,122345,TOR,Toronto Argonauts,Preseason,2026-09-05T13:09:45.302148,2026
1600221,28,Jyran Mitchell,Jyran Mitchell,Offensive_RunningBack,ActiveNotPlayed,,,,,,,,,,3.0,5.0,0,3,1.667,2.0,1.0,13.0,13.0,0.0,13.0,13.0,6.5,0.5,,,,,,,,,,,,,,,,,,,,,,,,,,,,,,13419667,122345,TOR,Toronto Argonauts,Preseason,2026-09-05T13:09:45.302148,2026
1600477,5,Tucker Horn,Tucker Horn,Offensive_Quarterback,ActiveNotPlayed,5.0,7.0,0.714,72.0,0.0,1.0,27.0,10.286,3.857142857142857,,,,,,,,,,,,,,,,,,,,,,,,,,,,,,,,,,,,,,,,,,,,13419667,122345,TOR,Toronto Argonauts,Preseason,2026-09-05T13:09:45.302148,2026
1651882,13,Ethan John,Ethan John,Defensive_DefensiveBack,ActiveNotPlayed,,,,,,,,,,,,,,,,,,,,,,,,1,0,0,1,0,0,1,,,,,,,,,,,,,,,,,,,,,,,13419667,122345,TOR,Toronto Argonauts,Preseason,2026-09-05T13:09:45.302148,2026
1655153,78,Quincy Robinson,Quincy Robinson,Defensive_DefensiveLineman,ActiveNotPlayed,,,,,,,,,,,,,,,,,,,,,,,,2,0,0,0,0,0,0,,,,,,,,,,,,,,,,,,,,,,,13419667,122345,TOR,Toronto Argonauts,Preseason,2026-09-05T13:09:45.302148,2026
1722195,34,James Ceasar,James Ceasar,Defensive_DefensiveBack,ActiveNotPlayed,,,,,,,,,,,,,,,,,,,,,,,,1,0,0,0,0,0,0,,,,,,,,,,,,,,,,,,,,,,,13419667,122345,TOR,Toronto Argonauts,Preseason,2026-09-05T13:09:45.302148,2026
1752314,9,Louis Philippe Gauthier,Louis Philippe Gauthier,Defensive_DefensiveBack,ActiveNotPlayed,,,,,,,,,,,,,,,,,,,,,,,,2,0,0,0,0,0,0,,,,,,,,,,,,,,,,,,,,,,,13419667,122345,TOR,Toronto Argonauts,Preseason,2026-09-05T13:09:45.302148,2026
1752315,14,Anthony Guercio,Anthony Guercio,Offensive_Quarterback,ActiveNotPlayed,3.0,4.0,0.75,48.0,0.0,0.0,27.0,12.0,12.0,2.0,15.0,0,9,7.5,,,,,,,,,,,,,,,,,,,,,,,,,,,,,,,,,,,,,,,13419667,122345,TOR,Toronto Argonauts,Preseason,2026-09-05T13:09:45.302148,2026
1752323,25,Samuel Hicks,Samuel Hicks,Offensive_RunningBack,ActiveNotPlayed,,,,,,,,,,5.0,25.0,2,9,5.0,2.0,1.0,16.0,16.0,0.0,16.0,16.0,8.0,0.5,0,0,0,0,0,0,1,,,,,,,,,,,,,,,1.0,21.0,21.0,21.0,,,,,13419667,122345,TOR,Toronto Argonauts,Preseason,2026-09-05T13:09:45.302148,2026
1752342,72,Reed Martin,Reed Martin,Punter,ActiveNotPlayed,,,,,,,,,,,,,,,,,,,,,,,,0,0,0,0,0,0,1,0.0,0.0,,0,1.0,0.0,3.0,218.0,100.0,4.0,169.0,42.25,46.0,0.0,,,,,,,,,13419667,122345,TOR,Toronto Argonauts,Preseason,2026-09-05T13:09:45.302148,2026
1752344,38,Weagbe Mombo,Weagbe Mombo,Offensive_RunningBack,ActiveNotPlayed,,,,,,,,,,2.0,5.0,1,3,2.5,,,,,,,,,,,,,,,,,,,,,,,,,,,,,,,,,,,,,,,13419667,122345,TOR,Toronto Argonauts,Preseason,2026-09-05T13:09:45.302148,2026
1752348,46,Sebastian Parsalidis,Sebastian Parsalidis,Offensive_Fullback,ActiveNotPlayed,,,,,,,,,,,,,,,,,,,,,,,,0,0,0,0,0,0,1,,,,,,,,,,,,,,,,,,,,,,,13419667,122345,TOR,Toronto Argonauts,Preseason,2026-09-05T13:09:45.302148,2026
1752368,73,Nathan Walker,Nathan Walker,Kicker,ActiveNotPlayed,,,,,,,,,,,,,,,,,,,,,,,,0,0,0,0,0,0,1,,,,,,,,,,5.0,217.0,43.4,54.0,0.0,,,,,,,,,13419667,122345,TOR,Toronto Argonauts,Preseason,2026-09-05T13:09:45.302148,2026
1752369,16,Edward Woods,Edward Woods,Defensive_DefensiveBack,ActiveNotPlayed,,,,,,,,,,,,,,,,,,,,,,,,2,0,0,0,0,0,0,,,,,,,,,,,,,,,,,,,,,,,13419667,122345,TOR,Toronto Argonauts,Preseason,2026-09-05T13:09:45.302148,2026
998710,12,Chad Kelly,Chad Kelly,Offensive_Quarterback,Started,3.0,7.0,0.429,29.0,0.0,0.0,15.0,4.143,4.142857142857143,2.0,24.0,0,24,12.0,,,,,,,,,,,,,,,,,,,,,,,,,,,,,,,,,,,,,,,13419667,122345,TOR,Toronto Argonauts,Preseason,2026-09-05T13:09:45.302148,2026
1006437,3,Janarion Grant,Janarion Grant,Offensive_WideReceiver,ActiveNotPlayed,,,,,,,,,,,,,,,,,,,,,,,,,,,,,,,,,,,,,,,,,,,,,,,,,2.0,8.0,5.0,4.0,13419671,122345,TOR,Toronto Argonauts,Preseason,2026-09-05T13:09:45.302148,2026
1019820,24,Peyton Logan,Peyton Logan,Offensive_RunningBack,ActiveNotPlayed,,,,,,,,,,5.0,41.0,0,18,8.2,1.0,1.0,9.0,7.0,0.0,9.0,9.0,9.0,1.0,,,,,,,,,,,,,,,,,,,,,,,,,,,,,,13419671,122345,TOR,Toronto Argonauts,Preseason,2026-09-05T13:09:45.302148,2026
1075930,17,Dimitri Stanley,Dimitri Stanley,Offensive_WideReceiver,ActiveNotPlayed,,,,,,,,,,,,,,,2.0,0.0,0.0,0.0,0.0,0.0,,,0.0,,,,,,,,,,,,,,,,,,,,,,1.0,33.0,33.0,33.0,1.0,-1.0,-1.0,-1.0,13419671,122345,TOR,Toronto Argonauts,Preseason,2026-09-05T13:09:45.302148,2026
1080617,39,Vincent Gray,Vincent Gray,Defensive_DefensiveBack,ActiveNotPlayed,,,,,,,,,,,,,,,,,,,,,,,,1,0,0,0,0,0,0,,,,,,,,,,,,,,,,,,,,,,,13419671,122345,TOR,Toronto Argonauts,Preseason,2026-09-05T13:09:45.302148,2026
1085710,16,Marcus Rogers,Marcus Rogers,Offensive_WideReceiver,ActiveNotPlayed,,,,,,,,,,,,,,,1.0,1.0,15.0,6.0,0.0,15.0,15.0,15.0,1.0,,,,,,,,,,,,,,,,,,,,,,,,,,,,,,13419671,122345,TOR,Toronto Argonauts,Preseason,2026-09-05T13:09:45.302148,2026
1299931,70,Lirim Hajrullahu,Lirim Hajrullahu,Kicker,ActiveNotPlayed,,,,,,,,,,,,,,,,,,,,,,,,,,,,,,,,,,,,,3.0,215.0,77.0,,,,,,,,,,,,,,13419671,122345,TOR,Toronto Argonauts,Preseason,2026-09-05T13:09:45.302148,2026
1350456,4,Nick Arbuckle,Nick Arbuckle,Offensive_Quarterback,Started,1.0,5.0,0.2,1.0,0.0,0.0,1.0,0.2,0.2,1.0,3.0,0,3,3.0,,,,,,,,,,,,,,,,,,,,,,,,,,,,,,,,,,,,,,,13419671,122345,TOR,Toronto Argonauts,Preseason,2026-09-05T13:09:45.302148,2026
1357160,23,Benjie Franklin,Benjie Franklin,Defensive_DefensiveBack,Started,,,,,,,,,,,,,,,,,,,,,,,,1,0,0,0,0,0,0,,,,,,,,,,,,,,,,,,,,,,,13419671,122345,TOR,Toronto Argonauts,Preseason,2026-09-05T13:09:45.302148,2026
1357936,88,Andre Miller,Andre Miller,Offensive_WideReceiver,ActiveNotPlayed,,,,,,,,,,,,,,,4.0,2.0,18.0,12.0,0.0,11.0,9.0,4.5,0.5,,,,,,,,,,,,,,,,,,,,,,,,,,,,,,13419671,122345,TOR,Toronto Argonauts,Preseason,2026-09-05T13:09:45.302148,2026
1470612,0,Tyshon Blackburn,Tyshon Blackburn,Defensive_DefensiveBack,ActiveNotPlayed,,,,,,,,,,,,,,,,,,,,,,,,2,0,0,0,0,0,0,,,,,,,,,,,,,,,,,,,,,,,13419671,122345,TOR,Toronto Argonauts,Preseason,2026-09-05T13:09:45.302148,2026
1473233,20,Derek Slywka,Derek Slywka,Defensive_Linebacker,Started,,,,,,,,,,,,,,,,,,,,,,,,2,0,0,0,0,0,0,,,,,,,,,,,,,,,,,,,,,,,13419671,122345,TOR,Toronto Argonauts,Preseason,2026-09-05T13:09:45.302148,2026
1485617,27,Owen Goss,Owen Goss,Defensive_Linebacker,ActiveNotPlayed,,,,,,,,,,,,,,,,,,,,,,,,1,0,0,1,0,0,0,,,,,,,,,,,,,,,,,,,,,,,13419671,122345,TOR,Toronto Argonauts,Preseason,2026-09-05T13:09:45.302148,2026
1487962,13,Solomon Davis,Solomon Davis,Offensive_WideReceiver,Started,,,,,,,,,,,,,,,5.0,2.0,14.0,7.0,0.0,8.0,7.0,2.8,0.4,,,,,,,,,,,,,,,,,,,,,,,,,,,,,,13419671,122345,TOR,Toronto Argonauts,Preseason,2026-09-05T13:09:45.302148,2026
1489868,40,Darius McKenzie,Darius McKenzie,Defensive_Linebacker,ActiveNotPlayed,,,,,,,,,,,,,,,,,,,,,,,,0,0,0,0,0,0,1,,,,,,,,,,,,,,,,,,,,,,,13419671,122345,TOR,Toronto Argonauts,Preseason,2026-09-05T13:09:45.302148,2026
1493777,32,James Neal III,James Neal III,Defensive_Linebacker,ActiveNotPlayed,,,,,,,,,,,,,,,,,,,,,,,,0,0,0,0,0,0,1,,,,,,,,,,,,,,,,,,,,,,,13419671,122345,TOR,Toronto Argonauts,Preseason,2026-09-05T13:09:45.302148,2026
1494910,92,Paris Shand,Paris Shand,Defensive_DefensiveLineman,Started,,,,,,,,,,,,,,,,,,,,,,,,3,0,0,0,0,0,0,,,,,,,,,,,,,,,,,,,,,,,13419671,122345,TOR,Toronto Argonauts,Preseason,2026-09-05T13:09:45.302148,2026
1496304,79,Jason Compoh,Jason Compoh,Defensive_DefensiveLineman,ActiveNotPlayed,,,,,,,,,,,,,,,,,,,,,,,,2,0,0,0,0,0,0,,,,,,,,,,,,,,,,,,,,,,,13419671,122345,TOR,Toronto Argonauts,Preseason,2026-09-05T13:09:45.302148,2026
1499707,37,Theran Johnson,Theran Johnson,Defensive_DefensiveBack,ActiveNotPlayed,,,,,,,,,,,,,,,,,,,,,,,,2,0,0,0,0,0,0,,,,,,,,,,,,,,,,,,,,,,,13419671,122345,TOR,Toronto Argonauts,Preseason,2026-09-05T13:09:45.302148,2026
1500217,28,Akili Arnold,Akili Arnold,Defensive_DefensiveBack,ActiveNotPlayed,,,,,,,,,,,,,,,,,,,,,,,,2,0,0,0,0,0,0,,,,,,,,,,,,,,,,,,,,,,,13419671,122345,TOR,Toronto Argonauts,Preseason,2026-09-05T13:09:45.302148,2026
1502167,91,Soane Toia,Soane Toia,Defensive_DefensiveLineman,Started,,,,,,,,,,,,,,,,,,,,,,,,2,0,1,0,0,0,0,,,,,,,,,,,,,,,,,,,,,,,13419671,122345,TOR,Toronto Argonauts,Preseason,2026-09-05T13:09:45.302148,2026
1502223,42,Jordan Pollard,Jordan Pollard,Defensive_Linebacker,ActiveNotPlayed,,,,,,,,,,,,,,,,,,,,,,,,1,0,0,0,0,0,1,,,,,,,,,,,,,,,,,,,,,,,13419671,122345,TOR,Toronto Argonauts,Preseason,2026-09-05T13:09:45.302148,2026
1506051,89,Quincy Skinner Jr.,Quincy Skinner Jr.,Offensive_WideReceiver,ActiveNotPlayed,,,,,,,,,,,,,,,1.0,1.0,7.0,0.0,0.0,7.0,7.0,7.0,1.0,,,,,,,,,,,,,,,,,,,,,,,,,,,,,,13419671,122345,TOR,Toronto Argonauts,Preseason,2026-09-05T13:09:45.302148,2026
1509655,36,Aaron Casey,Aaron Casey,Defensive_Linebacker,Started,,,,,,,,,,,,,,,,,,,,,,,,2,0,0,0,0,0,0,,,,,,,,,,,,,,,,,,,,,,,13419671,122345,TOR,Toronto Argonauts,Preseason,2026-09-05T13:09:45.302148,2026
1514598,85,Dymere Miller,Dymere Miller,Offensive_WideReceiver,Started,,,,,,,,,,,,,,,3.0,1.0,14.0,2.0,0.0,14.0,14.0,4.667,0.333,,,,,,,,,,,,,,,,,,,,,,1.0,11.0,11.0,11.0,2.0,20.0,13.0,10.0,13419671,122345,TOR,Toronto Argonauts,Preseason,2026-09-05T13:09:45.302148,2026
1514818,93,Jalen Bell,Jalen Bell,Defensive_DefensiveLineman,ActiveNotPlayed,,,,,,,,,,,,,,,,,,,,,,,,2,0,0,0,0,0,0,,,,,,,,,,,,,,,,,,,,,,,13419671,122345,TOR,Toronto Argonauts,Preseason,2026-09-05T13:09:45.302148,2026
1518855,33,Alexander Teubner,Alexander Teubner,Defensive_Linebacker,ActiveNotPlayed,,,,,,,,,,,,,,,,,,,,,,,,0,0,0,0,0,0,1,,,,,,,,,,,,,,,,,,,,,,,13419671,122345,TOR,Toronto Argonauts,Preseason,2026-09-05T13:09:45.302148,2026
1598895,82,Tyler Kahmann,Tyler Kahmann,Offensive_WideReceiver,Started,,,,,,,,,,,,,,,1.0,0.0,0.0,0.0,0.0,0.0,,,0.0,,,,,,,,,,,,,,,,,,,,,,,,,,,,,,13419671,122345,TOR,Toronto Argonauts,Preseason,2026-09-05T13:09:45.302148,2026
1600221,28,Jyran Mitchell,Jyran Mitchell,Offensive_RunningBack,Started,,,,,,,,,,2.0,9.0,0,9,4.5,1.0,1.0,1.0,0.0,0.0,1.0,1.0,1.0,1.0,,,,,,,,,,,,,,,,,,,,,,,,,,,,,,13419671,122345,TOR,Toronto Argonauts,Preseason,2026-09-05T13:09:45.302148,2026
1600477,5,Tucker Horn,Tucker Horn,Offensive_Quarterback,ActiveNotPlayed,7.0,15.0,0.467,64.0,0.0,1.0,15.0,4.267,1.2666666666666666,2.0,7.0,0,4,3.5,,,,,,,,,,1,0,0,0,0,0,0,,,,,,,,,,,,,,,,,,,,,,,13419671,122345,TOR,Toronto Argonauts,Preseason,2026-09-05T13:09:45.302148,2026
1602425,44,Jeremiah Ojo,Jeremiah Ojo,Defensive_DefensiveLineman,ActiveNotPlayed,,,,,,,,,,,,,,,,,,,,,,,,0,0,0,0,0,0,1,,,,,,,,,,,,,,,,,,,,,,,13419671,122345,TOR,Toronto Argonauts,Preseason,2026-09-05T13:09:45.302148,2026
1602428,98,Da'Marcus Johnson,Da'Marcus Johnson,Defensive_DefensiveLineman,ActiveNotPlayed,,,,,,,,,,,,,,,,,,,,,,,,1,0,0,0,0,0,0,,,,,,,,,,,,,,,1.0,18.0,18.0,18.0,,,,,13419671,122345,TOR,Toronto Argonauts,Preseason,2026-09-05T13:09:45.302148,2026
1602431,96,Greg Reaves,Greg Reaves,Defensive_DefensiveLineman,Started,,,,,,,,,,,,,,,,,,,,,,,,2,0,0,0,0,0,0,,,,,,,,,,,,,,,,,,,,,,,13419671,122345,TOR,Toronto Argonauts,Preseason,2026-09-05T13:09:45.302148,2026
1651882,13,Ethan John,Ethan John,Defensive_DefensiveBack,ActiveNotPlayed,,,,,,,,,,,,,,,,,,,,,,,,0,0,0,0,0,0,2,,,,,,,,,,,,,,,,,,,,,,,13419671,122345,TOR,Toronto Argonauts,Preseason,2026-09-05T13:09:45.302148,2026
1655153,78,Quincy Robinson,Quincy Robinson,Defensive_DefensiveLineman,ActiveNotPlayed,,,,,,,,,,,,,,,,,,,,,,,,1,1,0,0,0,0,0,,,,,,,,,,,,,,,,,,,,,,,13419671,122345,TOR,Toronto Argonauts,Preseason,2026-09-05T13:09:45.302148,2026
1713245,18,Tristan Ready,Tristan Ready,Offensive_WideReceiver,ActiveNotPlayed,,,,,,,,,,,,,,,4.0,2.0,19.0,0.0,0.0,16.0,9.5,4.75,0.5,,,,,,,,,,,,,,,,,,,,,,,,,,,,,,13419671,122345,TOR,Toronto Argonauts,Preseason,2026-09-05T13:09:45.302148,2026
1722195,34,James Ceasar,James Ceasar,Defensive_DefensiveBack,Started,,,,,,,,,,,,,,,,,,,,,,,,1,0,0,0,0,0,2,,,,,,,,,,,,,,,,,,,,,,,13419671,122345,TOR,Toronto Argonauts,Preseason,2026-09-05T13:09:45.302148,2026
1752314,9,Louis Philippe Gauthier,Louis Philippe Gauthier,Defensive_DefensiveBack,ActiveNotPlayed,,,,,,,,,,,,,,,,,,,,,,,,2,0,0,0,0,0,0,,,,,,,,,,,,,,,,,,,,,,,13419671,122345,TOR,Toronto Argonauts,Preseason,2026-09-05T13:09:45.302148,2026
1752315,14,Anthony Guercio,Anthony Guercio,Offensive_Quarterback,ActiveNotPlayed,4.0,4.0,1.0,43.0,0.0,0.0,16.0,10.75,10.75,4.0,30.0,0,16,7.5,,,,,,,,,,,,,,,,,,,,,,,,,,,,,,,,,,,,,,,13419671,122345,TOR,Toronto Argonauts,Preseason,2026-09-05T13:09:45.302148,2026
1752323,25,Samuel Hicks,Samuel Hicks,Offensive_RunningBack,ActiveNotPlayed,,,,,,,,,,4.0,51.0,1,37,12.75,,,,,,,,,,,,,,,,,,,,,,,,,,,,,,,1.0,22.0,22.0,22.0,1.0,37.0,37.0,37.0,13419671,122345,TOR,Toronto Argonauts,Preseason,2026-09-05T13:09:45.302148,2026
1752342,72,Reed Martin,Reed Martin,Punter,ActiveNotPlayed,,,,,,,,,,,,,,,,,,,,,,,,,,,,,,,,,,,,,,,,5.0,197.0,39.4,56.0,1.0,,,,,,,,,13419671,122345,TOR,Toronto Argonauts,Preseason,2026-09-05T13:09:45.302148,2026
1752344,38,Weagbe Mombo,Weagbe Mombo,Offensive_RunningBack,ActiveNotPlayed,,,,,,,,,,,,,,,1.0,1.0,11.0,11.0,0.0,11.0,11.0,11.0,1.0,,,,,,,,,,,,,,,,,,,,,,,,,,,,,,13419671,122345,TOR,Toronto Argonauts,Preseason,2026-09-05T13:09:45.302148,2026
1752368,73,Nathan Walker,Nathan Walker,Kicker,ActiveNotPlayed,,,,,,,,,,,,,,,,,,,,,,,,,,,,,,,,,,,,,,,,6.0,198.0,33.0,58.0,1.0,,,,,,,,,13419671,122345,TOR,Toronto Argonauts,Preseason,2026-09-05T13:09:45.302148,2026
1752369,16,Edward Woods,Edward Woods,Defensive_DefensiveBack,Started,,,,,,,,,,,,,,,,,,,,,,,,1,0,0,0,0,0,0,,,,,,,,,,,,,,,,,,,,,,,13419671,122345,TOR,Toronto Argonauts,Preseason,2026-09-05T13:09:45.302148,2026
1003124,12,Kaleb Hayes,Kaleb Hayes,Defensive_DefensiveBack,Started,,,,,,,,,,,,,,,,,,,,,,,,1,0,0,0,0,0,0,,,,,,,,,,,,,,,,,,,,,,,13419671,83579,HAM,Hamilton Tiger-Cats,Preseason,2026-09-05T13:09:45.302148,2026
1018050,16,Jake Dolegala,Jake Dolegala,Offensive_Quarterback,Started,10.0,18.0,0.556,189.0,1.0,1.0,51.0,10.5,9.11111111111111,1.0,15.0,0,15,15.0,,,,,,,,,,,,,,,,,,,,,,,,,,,,,,,,,,,,,,,13419671,83579,HAM,Hamilton Tiger-Cats,Preseason,2026-09-05T13:09:45.302148,2026
1024286,96,Charbel Dabire,Charbel Dabire,Defensive_DefensiveLineman,ActiveNotPlayed,,,,,,,,,,,,,,,,,,,,,,,,1,0,0,0,0,0,0,,,,,,,,,,,,,,,,,,,,,,,13419671,83579,HAM,Hamilton Tiger-Cats,Preseason,2026-09-05T13:09:45.302148,2026
1290182,7,Myron Mitchell,Myron Mitchell,Offensive_WideReceiver,Started,,,,,,,,,,,,,,,7.0,3.0,26.0,10.0,0.0,21.0,8.667,3.714,0.429,,,,,,,,,,,,,,,,,,,,,,,,,,,,,,13419671,83579,HAM,Hamilton Tiger-Cats,Preseason,2026-09-05T13:09:45.302148,2026
1350470,5,Tre Ford,Tre Ford,Offensive_Quarterback,ActiveNotPlayed,7.0,9.0,0.778,156.0,2.0,0.0,50.0,17.333,21.77777777777778,5.0,38.0,0,15,7.6,,,,,,,,,,,,,,,,,,,,,,,,,,,,,,,,,,,,,,,13419671,83579,HAM,Hamilton Tiger-Cats,Preseason,2026-09-05T13:09:45.302148,2026
1357161,42,Gregory Junior,Gregory Junior,Defensive_Linebacker,Started,,,,,,,,,,,,,,,,,,,,,,,,2,0,0,0,0,0,0,,,,,,,,,,,,,,,,,,,,,,,13419671,83579,HAM,Hamilton Tiger-Cats,Preseason,2026-09-05T13:09:45.302148,2026
1399802,86,Xavier Malone,Xavier Malone,Offensive_WideReceiver,ActiveNotPlayed,,,,,,,,,,,,,,,2.0,2.0,46.0,8.0,0.0,36.0,23.0,23.0,1.0,,,,,,,,,,,,,,,,,,,,,,,,,,4.0,20.0,11.0,5.0,13419671,83579,HAM,Hamilton Tiger-Cats,Preseason,2026-09-05T13:09:45.302148,2026
1401593,94,Mitchell Agude,Mitchell Agude,Defensive_DefensiveLineman,Started,,,,,,,,,,,,,,,,,,,,,,,,1,0,0,0,0,0,1,,,,,,,,,,,,,,,,,,,,,,,13419671,83579,HAM,Hamilton Tiger-Cats,Preseason,2026-09-05T13:09:45.302148,2026
1464500,11,Isaiah Wooden,Isaiah Wooden,Offensive_WideReceiver,ActiveNotPlayed,,,,,,,,,,,,,,,,,,,,,,,,,,,,,,,,,,,,,,,,,,,,,1.0,20.0,20.0,20.0,,,,,13419671,83579,HAM,Hamilton Tiger-Cats,Preseason,2026-09-05T13:09:45.302148,2026
1468467,47,Owen Hubert,Owen Hubert,Defensive_DefensiveLineman,ActiveNotPlayed,,,,,,,,,,,,,,,,,,,,,,,,2,1,0,1,0,0,1,,,,,,,,,,,,,,,,,,,,,,,13419671,83579,HAM,Hamilton Tiger-Cats,Preseason,2026-09-05T13:09:45.302148,2026
1483360,87,Jaelen Gill,Jaelen Gill,Offensive_WideReceiver,Started,,,,,,,,,,,,,,,4.0,3.0,110.0,44.0,0.0,50.0,36.667,27.5,0.75,,,,,,,,,,,,,,,,,,,,,,,,,,,,,,13419671,83579,HAM,Hamilton Tiger-Cats,Preseason,2026-09-05T13:09:45.302148,2026
1483388,6,Zamari Walton,Zamari Walton,Defensive_DefensiveBack,ActiveNotPlayed,,,,,,,,,,,,,,,,,,,,,,,,1,0,0,0,0,0,0,,,,,,,,,,,,,,,,,,,,,,,13419671,83579,HAM,Hamilton Tiger-Cats,Preseason,2026-09-05T13:09:45.302148,2026
1483758,13,Kaleb Ford-Dement,Kaleb Ford-Dement,Defensive_DefensiveBack,ActiveNotPlayed,,,,,,,,,,,,,,,,,,,,,,,,2,0,0,0,0,0,0,,,,,,,,,,,,,,,,,,,,,,,13419671,83579,HAM,Hamilton Tiger-Cats,Preseason,2026-09-05T13:09:45.302148,2026
1484103,15,Craig Young,Craig Young,Defensive_Linebacker,Started,,,,,,,,,,,,,,,,,,,,,,,,1,0,0,0,0,0,0,,,,,,,,,,,,,,,,,,,,,,,13419671,83579,HAM,Hamilton Tiger-Cats,Preseason,2026-09-05T13:09:45.302148,2026
1484471,74,Blayne Taylor,Blayne Taylor,Offensive_WideReceiver,Started,,,,,,,,,,,,,,,4.0,2.0,45.0,10.0,0.0,31.0,22.5,11.25,0.5,0,0,0,0,0,0,1,,,,,,,,,,,,,,,,,,,,,,,13419671,83579,HAM,Hamilton Tiger-Cats,Preseason,2026-09-05T13:09:45.302148,2026
1486123,0,Isaiah Bagnah,Isaiah Bagnah,Defensive_DefensiveLineman,ActiveNotPlayed,,,,,,,,,,,,,,,,,,,,,,,,1,0,0,0,0,0,0,,,,,,,,,,,,,,,,,,,,,,,13419671,83579,HAM,Hamilton Tiger-Cats,Preseason,2026-09-05T13:09:45.302148,2026
1487519,70,Mitch McCarthy,Mitch McCarthy,Punter,ActiveNotPlayed,,,,,,,,,,,,,,,,,,,,,,,,,,,,,,,,,,,,,,,,4.0,196.0,49.0,79.0,1.0,,,,,,,,,13419671,83579,HAM,Hamilton Tiger-Cats,Preseason,2026-09-05T13:09:45.302148,2026
1488019,72,Nahree Biggins,Nahree Biggins,Offensive_RunningBack,ActiveNotPlayed,,,,,,,,,,4.0,20.0,0,9,5.0,2.0,1.0,8.0,7.0,0.0,8.0,8.0,4.0,0.5,0,0,0,0,0,0,1,,,,,,,,,,,,,,,,,,,,,,,13419671,83579,HAM,Hamilton Tiger-Cats,Preseason,2026-09-05T13:09:45.302148,2026
1488149,75,Jordan Kwiatkowski,Jordan Kwiatkowski,Defensive_Linebacker,ActiveNotPlayed,,,,,,,,,,,,,,,,,,,,,,,,2,0,0,0,0,0,0,,,,,,,,,,,,,,,,,,,,,,,13419671,83579,HAM,Hamilton Tiger-Cats,Preseason,2026-09-05T13:09:45.302148,2026
1489292,28,Cameron Bergeron,Cameron Bergeron,Defensive_Linebacker,ActiveNotPlayed,,,,,,,,,,,,,,,,,,,,,,,,6,1,0,0,0,0,1,,,,,,,,,,,,,,,,,,,,,,,13419671,83579,HAM,Hamilton Tiger-Cats,Preseason,2026-09-05T13:09:45.302148,2026
1492168,23,Cameron Stone,Cameron Stone,Defensive_DefensiveBack,Started,,,,,,,,,,,,,,,,,,,,,,,,1,0,0,0,0,0,0,,,,,,,,,,,,,,,,,,,,,,,13419671,83579,HAM,Hamilton Tiger-Cats,Preseason,2026-09-05T13:09:45.302148,2026
1493140,93,Aamarii Notice,Aamarii Notice,Defensive_DefensiveLineman,Started,,,,,,,,,,,,,,,,,,,,,,,,1,1,0,0,0,0,0,,,,,,,,,,,,,,,,,,,,,,,13419671,83579,HAM,Hamilton Tiger-Cats,Preseason,2026-09-05T13:09:45.302148,2026
1496810,77,Brian Ugwu,Brian Ugwu,Defensive_End,Started,,,,,,,,,,,,,,,,,,,,,,,,2,1,0,0,0,0,1,,,,,,,,,,,,,,,,,,,,,,,13419671,83579,HAM,Hamilton Tiger-Cats,Preseason,2026-09-05T13:09:45.302148,2026
1504932,71,Trent Battle,Trent Battle,Offensive_RunningBack,ActiveNotPlayed,,,,,,,,,,1.0,5.0,0,5,5.0,,,,,,,,,,,,,,,,,,,,,,,,,,,,,,,,,,,,,,,13419671,83579,HAM,Hamilton Tiger-Cats,Preseason,2026-09-05T13:09:45.302148,2026
1505124,80,Jerjuan Newton,Jerjuan Newton,Offensive_WideReceiver,Started,,,,,,,,,,,,,,,4.0,3.0,87.0,29.0,3.0,51.0,29.0,21.75,0.75,,,,,,,,,,,,,,,,,,,,,,,,,,,,,,13419671,83579,HAM,Hamilton Tiger-Cats,Preseason,2026-09-05T13:09:45.302148,2026
1506169,76,Kyrese Rowan,Kyrese Rowan,Offensive_WideReceiver,Started,,,,,,,,,,,,,,,4.0,3.0,23.0,1.0,0.0,19.0,7.667,5.75,0.75,,,,,,,,,,,,,,,,,,,,,,2.0,49.0,29.0,24.5,2.0,23.0,16.0,11.5,13419671,83579,HAM,Hamilton Tiger-Cats,Preseason,2026-09-05T13:09:45.302148,2026
1507004,18,Nick Haberer,Nick Haberer,Punter,ActiveNotPlayed,,,,,,,,,,,,,,,,,,,,,,,,,,,,,,,,,,,,,,,,4.0,201.0,50.25,56.0,0.0,,,,,,,,,13419671,83579,HAM,Hamilton Tiger-Cats,Preseason,2026-09-05T13:09:45.302148,2026
1513936,79,De'jon Benton,De'jon Benton,Defensive_Tackle,ActiveNotPlayed,,,,,,,,,,,,,,,,,,,,,,,,1,1,0,0,0,0,0,,,,,,,,,,,,,,,,,,,,,,,13419671,83579,HAM,Hamilton Tiger-Cats,Preseason,2026-09-05T13:09:45.302148,2026
1518663,51,Jordan Crook,Jordan Crook,Defensive_Linebacker,Started,,,,,,,,,,,,,,,,,,,,,,,,2,0,0,0,0,0,1,,,,,,,,,,,,,,,,,,,,,,,13419671,83579,HAM,Hamilton Tiger-Cats,Preseason,2026-09-05T13:09:45.302148,2026
1519264,41,Avery Morrow,Avery Morrow,Offensive_RunningBack,Started,,,,,,,,,,6.0,21.0,0,11,3.5,,,,,,,,,,,,,,,,,,,,,,,,,,,,,,,,,,,,,,,13419671,83579,HAM,Hamilton Tiger-Cats,Preseason,2026-09-05T13:09:45.302148,2026
1596980,35,Ronan Horrall,Ronan Horrall,Defensive_DefensiveBack,Started,,,,,,,,,,,,,,,,,,,,,,,,3,0,0,0,0,0,0,,,,,,,,,,,,,,,,,,,,,,,13419671,83579,HAM,Hamilton Tiger-Cats,Preseason,2026-09-05T13:09:45.302148,2026
1735363,39,Stephen Douglas,Stephen Douglas,Defensive_DefensiveBack,ActiveNotPlayed,,,,,,,,,,,,,,,,,,,,,,,,1,0,0,0,0,0,1,,,,,,,,,,,,,,,,,,,,,,,13419671,83579,HAM,Hamilton Tiger-Cats,Preseason,2026-09-05T13:09:45.302148,2026
1752603,43,Loik Gagne,Loik Gagne,Defensive_Linebacker,ActiveNotPlayed,,,,,,,,,,,,,,,,,,,,,,,,2,0,0,0,0,0,0,,,,,,,,,,,,,,,,,,,,,,,13419671,83579,HAM,Hamilton Tiger-Cats,Preseason,2026-09-05T13:09:45.302148,2026
1752604,73,Zachary Copeland,Zachary Copeland,Kicker,ActiveNotPlayed,,,,,,,,,,,,,,,,,,,,,,,,,,,,,,,0.0,0.0,,0,2.0,0.0,4.0,232.0,76.0,,,,,,,,,,,,,,13419671,83579,HAM,Hamilton Tiger-Cats,Preseason,2026-09-05T13:09:45.302148,2026
1012742,2,Jamal Peters,Jamal Peters,Defensive_DefensiveBack,Started,,,,,,,,,,,,,,,,,,,,,,,,3,0,1,0,0,0,0,,,,,,,,,,,,,,,,,,,,,,,13419674,83579,HAM,Hamilton Tiger-Cats,Regular Season,2026-09-05T13:09:45.302148,2026
1014479,37,Larry Rountree III,Larry Rountree III,Offensive_RunningBack,Started,,,,,,,,,,8.0,23.0,0,7,2.875,5.0,5.0,17.0,14.0,0.0,8.0,3.4,3.4,1.0,,,,,,,,,,,,,,,,,,,,,,,,,,,,,,13419674,83579,HAM,Hamilton Tiger-Cats,Regular Season,2026-09-05T13:09:45.302148,2026
1018050,16,Jake Dolegala,Jake Dolegala,Offensive_Quarterback,ActiveNotPlayed,,,,,,,,,,4.0,6.0,1,2,1.5,,,,,,,,,,,,,,,,,,,,,,,,,,,,,,,,,,,,,,,13419674,83579,HAM,Hamilton Tiger-Cats,Regular Season,2026-09-05T13:09:45.302148,2026
1024286,96,Charbel Dabire,Charbel Dabire,Defensive_DefensiveLineman,ActiveNotPlayed,,,,,,,,,,,,,,,,,,,,,,,,1,0,0,0,0,0,0,,,,,,,,,,,,,,,,,,,,,,,13419674,83579,HAM,Hamilton Tiger-Cats,Regular Season,2026-09-05T13:09:45.302148,2026
1080994,3,Quavian White,Quavian White,Defensive_DefensiveBack,Started,,,,,,,,,,,,,,,,,,,,,,,,2,0,0,0,0,0,0,,,,,,,,,,,,,,,,,,,,,,,13419674,83579,HAM,Hamilton Tiger-Cats,Regular Season,2026-09-05T13:09:45.302148,2026
1082505,44,Daniel Bell,Daniel Bell,Offensive_Fullback,ActiveNotPlayed,,,,,,,,,,,,,,,,,,,,,,,,0,0,0,0,0,0,1,,,,,,,,,,,,,,,,,,,,,,,13419674,83579,HAM,Hamilton Tiger-Cats,Regular Season,2026-09-05T13:09:45.302148,2026
1290182,7,Myron Mitchell,Myron Mitchell,Offensive_WideReceiver,ActiveNotPlayed,,,,,,,,,,,,,,,3.0,2.0,37.0,2.0,0.0,31.0,18.5,12.333,0.667,,,,,,,,,,,,,,,,,,,,,,,,,,,,,,13419674,83579,HAM,Hamilton Tiger-Cats,Regular Season,2026-09-05T13:09:45.302148,2026
1345719,8,Keric Wheatfall,Keric Wheatfall,Offensive_WideReceiver,Started,,,,,,,,,,2.0,5.0,1,4,2.5,7.0,6.0,46.0,26.0,0.0,15.0,7.667,6.571,0.857,,,,,,,,,,,,,,,,,,,,,,,,,,,,,,13419674,83579,HAM,Hamilton Tiger-Cats,Regular Season,2026-09-05T13:09:45.302148,2026
1349477,14,Kurleigh Gittens Jr.,Kurleigh Gittens Jr.,Offensive_WideReceiver,Started,,,,,,,,,,,,,,,7.0,7.0,50.0,12.0,0.0,14.0,7.143,7.143,1.0,,,,,,,,,,,,,,,,,,,,,,,,,,,,,,13419674,83579,HAM,Hamilton Tiger-Cats,Regular Season,2026-09-05T13:09:45.302148,2026
1349505,27,Johnny Augustine,Johnny Augustine,Offensive_RunningBack,ActiveNotPlayed,,,,,,,,,,1.0,0.0,0,0,0.0,1.0,1.0,2.0,2.0,0.0,2.0,2.0,2.0,1.0,,,,,,,,,,,,,,,,,,,,,,,,,,,,,,13419674,83579,HAM,Hamilton Tiger-Cats,Regular Season,2026-09-05T13:09:45.302148,2026
1349542,33,Marc Liegghio,Marc Liegghio,Kicker,ActiveNotPlayed,,,,,,,,,,,,,,,,,,,,,,,,,,,,,,,2.0,2.0,1.0,37,3.0,0.0,3.0,208.0,81.0,,,,,,,,,,,,,,13419674,83579,HAM,Hamilton Tiger-Cats,Regular Season,2026-09-05T13:09:45.302148,2026
1349621,30,Stavros Katsantonis,Stavros Katsantonis,Defensive_DefensiveBack,Started,,,,,,,,,,,,,,,,,,,,,,,,2,0,0,0,0,0,0,,,,,,,,,,,,,,,,,,,,,,,13419674,83579,HAM,Hamilton Tiger-Cats,Regular Season,2026-09-05T13:09:45.302148,2026
1349633,85,Kiondre Smith,Kiondre Smith,Offensive_WideReceiver,Started,,,,,,,,,,,,,,,6.0,6.0,75.0,28.0,0.0,32.0,12.5,12.5,1.0,,,,,,,,,,,,,,,,,,,,,,,,,,,,,,13419674,83579,HAM,Hamilton Tiger-Cats,Regular Season,2026-09-05T13:09:45.302148,2026
1350454,83,Tyson Middlemost,Tyson Middlemost,Offensive_WideReceiver,ActiveNotPlayed,,,,,,,,,,,,,,,,,,,,,,,,0,0,0,0,0,0,2,,,,,,,,,,,,,,,,,,,,,,,13419674,83579,HAM,Hamilton Tiger-Cats,Regular Season,2026-09-05T13:09:45.302148,2026
1350457,19,Bo Levi Mitchell,Bo Levi Mitchell,Offensive_Quarterback,Started,34.0,39.0,0.872,307.0,0.0,1.0,32.0,7.872,6.717948717948718,,,,,,,,,,,,,,,,,,,,,,,,,,,,,,,,,,,,,,,,,,,,13419674,83579,HAM,Hamilton Tiger-Cats,Regular Season,2026-09-05T13:09:45.302148,2026
1350503,34,Ante Milanovic-Litre,Ante Milanovic-Litre,Offensive_RunningBack,ActiveNotPlayed,,,,,,,,,,1.0,1.0,1,1,1.0,1.0,1.0,11.0,9.0,0.0,11.0,11.0,11.0,1.0,0,0,0,0,0,0,1,,,,,,,,,,,,,,,,,,,,,,,13419674,83579,HAM,Hamilton Tiger-Cats,Regular Season,2026-09-05T13:09:45.302148,2026
1350877,88,Tyler Ternowski,Tyler Ternowski,Offensive_WideReceiver,Started,,,,,,,,,,,,,,,,,,,,,,,,0,0,0,0,0,0,1,,,,,,,,,,,,,,,,,,,,,,,13419674,83579,HAM,Hamilton Tiger-Cats,Regular Season,2026-09-05T13:09:45.302148,2026
1357161,28,Gregory Junior,Gregory Junior,Defensive_DefensiveBack,Started,,,,,,,,,,,,,,,,,,,,,,,,7,0,0,0,0,0,0,,,,,,,,,,,,,,,,,,,,,,,13419674,83579,HAM,Hamilton Tiger-Cats,Regular Season,2026-09-05T13:09:45.302148,2026
1400232,1,Reggie Stubblefield,Reggie Stubblefield,Defensive_Linebacker,Started,,,,,,,,,,,,,,,,,,,,,,,,4,0,0,0,0,0,0,,,,,,,,,,,,,,,,,,,,,,,13419674,83579,HAM,Hamilton Tiger-Cats,Regular Season,2026-09-05T13:09:45.302148,2026
1464500,11,Isaiah Wooden,Isaiah Wooden,Offensive_WideReceiver,ActiveNotPlayed,,,,,,,,,,,,,,,,,,,,,,,,,,,,,,,,,,,,,,,,,,,,,5.0,92.0,25.0,18.4,5.0,85.0,38.0,17.0,13419674,83579,HAM,Hamilton Tiger-Cats,Regular Season,2026-09-05T13:09:45.302148,2026
1470629,25,Destin Talbert,Destin Talbert,Defensive_DefensiveBack,Started,,,,,,,,,,,,,,,,,,,,,,,,7,0,0,0,0,0,0,,,,,,,,,,,,,,,,,,,,,,,13419674,83579,HAM,Hamilton Tiger-Cats,Regular Season,2026-09-05T13:09:45.302148,2026
1470649,36,Ryan Baker,Ryan Baker,Defensive_Linebacker,Started,,,,,,,,,,,,,,,,,,,,,,,,1,0,0,0,0,0,0,,,,,,,,,,,,,,,,,,,,,,,13419674,83579,HAM,Hamilton Tiger-Cats,Regular Season,2026-09-05T13:09:45.302148,2026
1483410,22,Mario Kendricks,Mario Kendricks,Defensive_DefensiveLineman,Started,,,,,,,,,,,,,,,,,,,,,,,,2,1,0,0,0,0,0,,,,,,,,,,,,,,,,,,,,,,,13419674,83579,HAM,Hamilton Tiger-Cats,Regular Season,2026-09-05T13:09:45.302148,2026
1487519,70,Mitch McCarthy,Mitch McCarthy,Punter,ActiveNotPlayed,,,,,,,,,,,,,,,,,,,,,,,,,,,,,,,,,,,,,,,,5.0,207.0,41.4,52.0,0.0,,,,,,,,,13419674,83579,HAM,Hamilton Tiger-Cats,Regular Season,2026-09-05T13:09:45.302148,2026
1502620,82,Maximilian Mang,Maximilian Mang,Offensive_TightEnd,ActiveNotPlayed,,,,,,,,,,,,,,,2.0,2.0,11.0,9.0,0.0,9.0,5.5,5.5,1.0,,,,,,,,,,,,,,,,,,,,,,,,,,,,,,13419674,83579,HAM,Hamilton Tiger-Cats,Regular Season,2026-09-05T13:09:45.302148,2026
1518663,32,Jordan Crook,Jordan Crook,Defensive_Linebacker,Started,,,,,,,,,,,,,,,,,,,,,,,,5,0,1,0,0,0,0,,,,,,,,,,,,,,,,,,,,,,,13419674,83579,HAM,Hamilton Tiger-Cats,Regular Season,2026-09-05T13:09:45.302148,2026
1602441,46,Philip Ossai,Philip Ossai,Defensive_DefensiveLineman,Started,,,,,,,,,,,,,,,,,,,,,,,,1,0,0,0,0,0,0,,,,,,,,,,,,,,,,,,,,,,,13419674,83579,HAM,Hamilton Tiger-Cats,Regular Season,2026-09-05T13:09:45.302148,2026
1752603,43,Loik Gagne,Loik Gagne,Defensive_Linebacker,ActiveNotPlayed,,,,,,,,,,,,,,,,,,,,,,,,0,0,0,0,0,0,1,,,,,,,,,,,,,,,,,,,,,,,13419674,83579,HAM,Hamilton Tiger-Cats,Regular Season,2026-09-05T13:09:45.302148,2026
941538,95,Julian Howsare,Julian Howsare,Defensive_DefensiveLineman,Started,,,,,,,,,,,,,,,,,,,,,,,,3,0,0,0,0,0,0,,,,,,,,,,,,,,,,,,,,,,,13419674,83579,HAM,Hamilton Tiger-Cats,Regular Season,2026-09-05T13:09:45.302148,2026
998924,89,Kenny Lawler,Kenny Lawler,Offensive_WideReceiver,Started,,,,,,,,,,,,,,,7.0,4.0,58.0,25.0,0.0,28.0,14.5,8.286,0.571,,,,,,,,,,,,,,,,,,,,,,,,,,,,,,13419674,83579,HAM,Hamilton Tiger-Cats,Regular Season,2026-09-05T13:09:45.302148,2026
1002690,10,Davis Alexander,Davis Alexander,Offensive_Quarterback,Started,26.0,38.0,0.684,336.0,2.0,0.0,70.0,8.842,9.894736842105264,1.0,2.0,0,2,2.0,,,,,,,,,,,,,,,,,,,,,,,,,,,,,,,,,,,,,,,13419674,86680,MTL,Montreal Alouettes,Regular Season,2026-09-05T13:09:45.302148,2026
1007370,16,Dustin Crum,Dustin Crum,Offensive_Quarterback,ActiveNotPlayed,,,,,,,,,,3.0,7.0,0,3,2.333,,,,,,,,,,,,,,,,,,,,,,,,,,,,,,,,,,,,,,,13419674,86680,MTL,Montreal Alouettes,Regular Season,2026-09-05T13:09:45.302148,2026
1012540,20,Lorenzo Burns,Lorenzo Burns,Defensive_DefensiveBack,Started,,,,,,,,,,,,,,,,,,,,,,,,7,0,0,0,0,0,0,,,,,,,,,,,,,,,,,,,,,,,13419674,86680,MTL,Montreal Alouettes,Regular Season,2026-09-05T13:09:45.302148,2026
1017226,48,Kabion Ento,Kabion Ento,Defensive_DefensiveBack,Started,,,,,,,,,,,,,,,,,,,,,,,,3,0,0,0,0,1,0,,,,,,,,,,,,,,,,,,,,,,,13419674,86680,MTL,Montreal Alouettes,Regular Season,2026-09-05T13:09:45.302148,2026
1067123,26,Tyrice Beverette,Tyrice Beverette,Defensive_Linebacker,Started,,,,,,,,,,,,,,,,,,,,,,,,5,1,0,0,0,0,0,,,,,,,,,,,,,,,,,,,,,,,13419674,86680,MTL,Montreal Alouettes,Regular Season,2026-09-05T13:09:45.302148,2026
1075914,94,Mustafa Johnson,Mustafa Johnson,Defensive_Tackle,Started,,,,,,,,,,,,,,,,,,,,,,,,1,0,0,0,0,0,0,,,,,,,,,,,,,,,,,,,,,,,13419674,86680,MTL,Montreal Alouettes,Regular Season,2026-09-05T13:09:45.302148,2026
1077936,0,Jonathan Sutherland,Jonathan Sutherland,Defensive_DefensiveBack,ActiveNotPlayed,,,,,,,,,,,,,,,,,,,,,,,,0,0,0,0,0,0,1,,,,,,,,,,,,,,,,,,,,,,,13419674,86680,MTL,Montreal Alouettes,Regular Season,2026-09-05T13:09:45.302148,2026
1079000,15,Alexander Hollins,Alexander Hollins,Offensive_WideReceiver,Started,,,,,,,,,,,,,,,4.0,3.0,46.0,6.0,0.0,42.0,15.333,11.5,0.75,,,,,,,,,,,,,,,,,,,,,,,,,,,,,,13419674,86680,MTL,Montreal Alouettes,Regular Season,2026-09-05T13:09:45.302148,2026
1081310,85,Tyler Snead,Tyler Snead,Offensive_WideReceiver,Started,,,,,,,,,,,,,,,13.0,9.0,163.0,52.0,1.0,70.0,18.111,12.538,0.692,,,,,,,,,,,,,,,,,,,,,,,,,,,,,,13419674,86680,MTL,Montreal Alouettes,Regular Season,2026-09-05T13:09:45.302148,2026
1082447,83,Phillip Brooks III,Phillip Brooks III,Offensive_WideReceiver,ActiveNotPlayed,,,,,,,,,,,,,,,,,,,,,,,,,,,,,,,,,,,,,,,,,,,,,3.0,67.0,24.0,22.333,4.0,18.0,6.0,4.5,13419674,86680,MTL,Montreal Alouettes,Regular Season,2026-09-05T13:09:45.302148,2026
1084787,91,Isaac Adeyemi-Berglund,Isaac Adeyemi-Berglund,Defensive_End,Started,,,,,,,,,,,,,,,,,,,,,,,,4,0,0,0,0,0,0,,,,,,,,,,,,,,,,,,,,,,,13419674,86680,MTL,Montreal Alouettes,Regular Season,2026-09-05T13:09:45.302148,2026
1345622,89,Jerreth Sterns,Jerreth Sterns,Offensive_WideReceiver,Started,,,,,,,,,,,,,,,2.0,1.0,7.0,1.0,0.0,7.0,7.0,3.5,0.5,,,,,,,,,,,,,,,,,,,,,,,,,,,,,,13419674,86680,MTL,Montreal Alouettes,Regular Season,2026-09-05T13:09:45.302148,2026
1349524,34,Alexandre Gagne,Alexandre Gagne,Defensive_Linebacker,ActiveNotPlayed,,,,,,,,,,,,,,,,,,,,,,,,0,0,0,0,0,0,1,,,,,,,,,,,,,,,,,,,,,,,13419674,86680,MTL,Montreal Alouettes,Regular Season,2026-09-05T13:09:45.302148,2026
1349552,36,Joseph Zema,Joseph Zema,Punter,ActiveNotPlayed,,,,,,,,,,,,,,,,,,,,,,,,0,0,0,0,0,0,1,,,,,,,,,,6.0,307.0,51.167,65.0,0.0,,,,,,,,,13419674,86680,MTL,Montreal Alouettes,Regular Season,2026-09-05T13:09:45.302148,2026
1349560,12,Najee Murray,Najee Murray,Defensive_Linebacker,Started,,,,,,,,,,,,,,,,,,,,,,,,4,0,0,0,0,0,0,,,,,,,,,,,,,,,,,,,,,,,13419674,86680,MTL,Montreal Alouettes,Regular Season,2026-09-05T13:09:45.302148,2026
1349566,6,Tyson Philpot,Tyson Philpot,Offensive_WideReceiver,Started,,,,,,,,,,,,,,,11.0,7.0,76.0,37.0,1.0,19.0,10.857,6.909,0.636,,,,,,,,,,,,,,,,,,,,,,,,,,,,,,13419674,86680,MTL,Montreal Alouettes,Regular Season,2026-09-05T13:09:45.302148,2026
1349569,37,Wesley Sutton,Wesley Sutton,Defensive_DefensiveBack,Started,,,,,,,,,,,,,,,,,,,,,,,,5,0,0,0,0,0,0,,,,,,,,,,,,,,,,,,,,,,,13419674,86680,MTL,Montreal Alouettes,Regular Season,2026-09-05T13:09:45.302148,2026
1349573,42,Tyrell Richards,Tyrell Richards,Defensive_Linebacker,ActiveNotPlayed,,,,,,,,,,,,,,,,,,,,,,,,1,0,0,0,0,0,1,,,,,,,,,,,,,,,,,,,,,,,13419674,86680,MTL,Montreal Alouettes,Regular Season,2026-09-05T13:09:45.302148,2026
1349583,88,Marco Dubois,Marco Dubois,Offensive_Fullback,ActiveNotPlayed,,,,,,,,,,,,,,,2.0,2.0,15.0,9.0,0.0,9.0,7.5,7.5,1.0,0,0,0,0,0,0,1,,,,,,,,,,,,,,,,,,,,,,,13419674,86680,MTL,Montreal Alouettes,Regular Season,2026-09-05T13:09:45.302148,2026
1349615,17,Cole Spieker,Cole Spieker,Offensive_WideReceiver,Started,,,,,,,,,,,,,,,1.0,1.0,22.0,9.0,0.0,22.0,22.0,22.0,1.0,,,,,,,,,,,,,,,,,,,,,,,,,,,,,,13419674,86680,MTL,Montreal Alouettes,Regular Season,2026-09-05T13:09:45.302148,2026
1350957,19,Jose Maltos Diaz,Jose Maltos Diaz,Kicker,ActiveNotPlayed,,,,,,,,,,,,,,,,,,,,,,,,,,,,,,,3.0,3.0,1.0,29,3.0,0.0,5.0,328.0,70.0,,,,,,,,,,,,,,13419674,86680,MTL,Montreal Alouettes,Regular Season,2026-09-05T13:09:45.302148,2026
1403971,38,Jacob Mason,Jacob Mason,Offensive_Fullback,ActiveNotPlayed,,,,,,,,,,,,,,,,,,,,,,,,0,0,0,0,0,0,1,,,,,,,,,,,,,,,,,,,,,,,13419674,86680,MTL,Montreal Alouettes,Regular Season,2026-09-05T13:09:45.302148,2026
1405112,97,Joshua Archibald,Joshua Archibald,Defensive_End,Started,,,,,,,,,,,,,,,,,,,,,,,,2,0,1,0,0,0,2,,,,,,,,,,,,,,,,,,,,,,,13419674,86680,MTL,Montreal Alouettes,Regular Season,2026-09-05T13:09:45.302148,2026
1468029,33,Arthur Hamlin,Arthur Hamlin,Defensive_Linebacker,ActiveNotPlayed,,,,,,,,,,,,,,,,,,,,,,,,0,0,0,0,0,0,1,,,,,,,,,,,,,,,,,,,,,,,13419674,86680,MTL,Montreal Alouettes,Regular Season,2026-09-05T13:09:45.302148,2026
1468035,9,Geoffrey Cantin-Arku,Geoffrey Cantin-Arku,Defensive_Linebacker,Started,,,,,,,,,,,,,,,,,,,,,,,,8,0,1,0,0,0,0,,,,,,,,,,,,,,,,,,,,,,,13419674,86680,MTL,Montreal Alouettes,Regular Season,2026-09-05T13:09:45.302148,2026
1483380,1,Robert Kennedy,Robert Kennedy,Defensive_DefensiveBack,Started,,,,,,,,,,,,,,,,,,,,,,,,1,0,0,1,1,0,0,,,,,,,,,,,,,,,,,,,,,,,13419674,86680,MTL,Montreal Alouettes,Regular Season,2026-09-05T13:09:45.302148,2026
1490240,35,Shomari Lawrence,Shomari Lawrence,Offensive_RunningBack,ActiveNotPlayed,,,,,,,,,,8.0,63.0,0,16,7.875,5.0,3.0,7.0,3.0,0.0,3.0,2.333,1.4,0.6,,,,,,,,,,,,,,,,,,,,,,,,,,,,,,13419674,86680,MTL,Montreal Alouettes,Regular Season,2026-09-05T13:09:45.302148,2026
1490760,90,Decarius Hawthorne,Decarius Hawthorne,Defensive_Tackle,Started,,,,,,,,,,,,,,,,,,,,,,,,2,0,0,0,0,0,0,,,,,,,,,,,,,,,,,,,,,,,13419674,86680,MTL,Montreal Alouettes,Regular Season,2026-09-05T13:09:45.302148,2026
1520977,5,Travis Theis,Travis Theis,Offensive_RunningBack,Started,,,,,,,,,,2.0,8.0,0,5,4.0,,,,,,,,,,,,,,,,,,,,,,,,,,,,,,,,,,,,,,,13419674,86680,MTL,Montreal Alouettes,Regular Season,2026-09-05T13:09:45.302148,2026
1602445,23,Nate Beauchemin,Nate Beauchemin,Defensive_DefensiveBack,Started,,,,,,,,,,,,,,,,,,,,,,,,4,0,0,0,0,0,1,,,,,,,,,,,,,,,,,,,,,,,13419674,86680,MTL,Montreal Alouettes,Regular Season,2026-09-05T13:09:45.302148,2026
1003154,25,Jaydon Grant,Jaydon Grant,Defensive_DefensiveBack,Started,,,,,,,,,,,,,,,,,,,,,,,,3,0,0,0,0,0,0,,,,,,,,,,,,,,,,,,,,,,,13419675,112939,CGY,Calgary Stampeders,Regular Season,2026-09-05T13:09:45.302148,2026
1005315,9,Damon Webb,Damon Webb,Defensive_DefensiveBack,Started,,,,,,,,,,,,,,,,,,,,,,,,4,0,0,0,0,0,0,,,,,,,,,,,,,,,,,,,,,,,13419675,112939,CGY,Calgary Stampeders,Regular Season,2026-09-05T13:09:45.302148,2026
1012374,2,Kyle Wilson,Kyle Wilson,Defensive_Linebacker,Started,,,,,,,,,,,,,,,,,,,,,,,,4,0,0,0,0,0,0,,,,,,,,,,,,,,,,,,,,,,,13419675,112939,CGY,Calgary Stampeders,Regular Season,2026-09-05T13:09:45.302148,2026
1014170,93,Charles Wiley,Charles Wiley,Defensive_DefensiveLineman,Started,,,,,,,,,,,,,,,,,,,,,,,,3,0,0,0,0,0,0,,,,,,,,,,,,,,,,,,,,,,,13419675,112939,CGY,Calgary Stampeders,Regular Season,2026-09-05T13:09:45.302148,2026
1081744,87,Erik Brooks,Erik Brooks,Offensive_WideReceiver,Started,,,,,,,,,,,,,,,4.0,2.0,54.0,1.0,1.0,32.0,27.0,13.5,0.5,,,,,,,,,,,,,,,,,,,,,,,,,,1.0,6.0,6.0,6.0,13419675,112939,CGY,Calgary Stampeders,Regular Season,2026-09-05T13:09:45.302148,2026
1084560,51,Kelechi Anyalebechi,Kelechi Anyalebechi,Defensive_Linebacker,ActiveNotPlayed,,,,,,,,,,,,,,,,,,,,,,,,0,0,0,0,0,0,1,,,,,,,,,,,,,,,,,,,,,,,13419675,112939,CGY,Calgary Stampeders,Regular Season,2026-09-05T13:09:45.302148,2026
1290033,26,Dedrick Mills,Dedrick Mills,Offensive_RunningBack,Started,,,,,,,,,,16.0,112.0,1,39,7.0,1.0,1.0,3.0,3.0,0.0,3.0,3.0,3.0,1.0,,,,,,,,,,,,,,,,,,,,,,,,,,,,,,13419675,112939,CGY,Calgary Stampeders,Regular Season,2026-09-05T13:09:45.302148,2026
1297989,6,Derrick Moncrief,Derrick Moncrief,Defensive_Linebacker,Started,,,,,,,,,,,,,,,,,,,,,,,,6,0,0,0,0,0,0,,,,,,,,,,,,,,,,,,,,,,,13419675,112939,CGY,Calgary Stampeders,Regular Season,2026-09-05T13:09:45.302148,2026
1345697,34,Tyreik McAllister,Tyreik McAllister,Offensive_RunningBack,ActiveNotPlayed,,,,,,,,,,2.0,3.0,0,3,1.5,2.0,2.0,19.0,9.0,0.0,12.0,9.5,9.5,1.0,,,,,,,,,,,,,,,,,,,,,,3.0,66.0,24.0,22.0,2.0,10.0,11.0,5.0,13419675,112939,CGY,Calgary Stampeders,Regular Season,2026-09-05T13:09:45.302148,2026
1345703,1,Clarence Hicks,Clarence Hicks,Defensive_End,Started,,,,,,,,,,,,,,,,,,,,,,,,1,1,0,0,0,0,0,,,,,,,,,,,,,,,,,,,,,,,13419675,112939,CGY,Calgary Stampeders,Regular Season,2026-09-05T13:09:45.302148,2026
1349467,17,Dejon Brissett,Dejon Brissett,Offensive_WideReceiver,Started,,,,,,,,,,,,,,,4.0,2.0,23.0,8.0,0.0,12.0,11.5,5.75,0.5,,,,,,,,,,,,,,,,,,,,,,,,,,,,,,13419675,112939,CGY,Calgary Stampeders,Regular Season,2026-09-05T13:09:45.302148,2026
1349494,3,Vernon Adams Jr.,Vernon Adams Jr.,Offensive_Quarterback,Started,17.0,27.0,0.63,239.0,1.0,0.0,51.0,8.852,9.592592592592593,6.0,48.0,1,18,8.0,,,,,,,,,,1,0,0,0,0,0,0,,,,,,,,,,,,,,,,,,,,,,,13419675,112939,CGY,Calgary Stampeders,Regular Season,2026-09-05T13:09:45.302148,2026
1360678,85,Jalen Philpot,Jalen Philpot,Offensive_WideReceiver,Started,,,,,,,,,,1.0,0.0,0,0,0.0,7.0,5.0,96.0,15.0,0.0,51.0,19.2,13.714,0.714,,,,,,,,,,,,,,,,,,,,,,,,,,,,,,13419675,112939,CGY,Calgary Stampeders,Regular Season,2026-09-05T13:09:45.302148,2026
1391228,27,Godfrey Onyeka,Godfrey Onyeka,Defensive_DefensiveBack,ActiveNotPlayed,,,,,,,,,,,,,,,,,,,,,,,,0,0,0,0,0,0,2,,,,,,,,,,,,,,,,,,,,,,,13419675,112939,CGY,Calgary Stampeders,Regular Season,2026-09-05T13:09:45.302148,2026
1397293,0,Adrian Greene,Adrian Greene,Defensive_DefensiveBack,Started,,,,,,,,,,,,,,,,,,,,,,,,5,0,0,0,0,0,0,,,,,,,,,,,,,,,,,,,,,,,13419675,112939,CGY,Calgary Stampeders,Regular Season,2026-09-05T13:09:45.302148,2026
1470687,40,Jackson Sombach,Jackson Sombach,Defensive_DefensiveBack,Started,,,,,,,,,,,,,,,,,,,,,,,,4,0,0,0,0,0,0,,,,,,,,,,,,,,,,,,,,,,,13419675,112939,CGY,Calgary Stampeders,Regular Season,2026-09-05T13:09:45.302148,2026
1483383,91,Tre'Mon Morris-Brash,Tre'Mon Morris-Brash,Defensive_DefensiveLineman,ActiveNotPlayed,,,,,,,,,,,,,,,,,,,,,,,,0,0,0,1,0,0,0,,,,,,,,,,,,,,,,,,,,,,,13419675,112939,CGY,Calgary Stampeders,Regular Season,2026-09-05T13:09:45.302148,2026
1483424,37,Jude McAtamney,Jude McAtamney,Kicker,ActiveNotPlayed,,,,,,,,,,,,,,,,,,,,,,,,,,,,,,,0.0,1.0,0.0,0,4.0,0.0,4.0,321.0,100.0,,,,,,,,,,,,,,13419675,112939,CGY,Calgary Stampeders,Regular Season,2026-09-05T13:09:45.302148,2026
1484045,58,Shaun Peterson Jr.,Shaun Peterson Jr.,Defensive_End,Started,,,,,,,,,,,,,,,,,,,,,,,,1,0,0,0,0,0,0,,,,,,,,,,,,,,,,,,,,,,,13419675,112939,CGY,Calgary Stampeders,Regular Season,2026-09-05T13:09:45.302148,2026
1489484,15,Mark Vassett,Mark Vassett,Punter,ActiveNotPlayed,,,,,,,,,,,,,,,,,,,,,,,,0,0,0,0,0,0,1,,,,,,,,,,5.0,233.0,46.6,53.0,0.0,,,,,,,,,13419675,112939,CGY,Calgary Stampeders,Regular Season,2026-09-05T13:09:45.302148,2026
1513983,19,Quincy Vaughn,Quincy Vaughn,Offensive_Quarterback,ActiveNotPlayed,,,,,,,,,,4.0,8.0,1,4,2.0,,,,,,,,,,0,0,0,0,0,0,1,,,,,,,,,,,,,,,,,,,,,,,13419675,112939,CGY,Calgary Stampeders,Regular Season,2026-09-05T13:09:45.302148,2026
1601214,24,Ashton Miller-Melancon,Ashton Miller-Melancon,Defensive_DefensiveBack,ActiveNotPlayed,,,,,,,,,,,,,,,,,,,,,,,,0,0,0,0,0,0,1,,,,,,,,,,,,,,,,,,,,,,,13419675,112939,CGY,Calgary Stampeders,Regular Season,2026-09-05T13:09:45.302148,2026
1601219,44,Anthony Jr Johnson,Anthony Jr Johnson,Defensive_DefensiveBack,Started,,,,,,,,,,,,,,,,,,,,,,,,2,0,0,0,0,0,0,,,,,,,,,,,,,,,,,,,,,,,13419675,112939,CGY,Calgary Stampeders,Regular Season,2026-09-05T13:09:45.302148,2026
1601227,43,Jason MacGougan,Jason MacGougan,LongSnapper,ActiveNotPlayed,,,,,,,,,,,,,,,,,,,,,,,,0,0,0,0,0,0,1,,,,,,,,,,,,,,,,,,,,,,,13419675,112939,CGY,Calgary Stampeders,Regular Season,2026-09-05T13:09:45.302148,2026
1602298,81,Vyshonne Janusas,Vyshonne Janusas,Offensive_WideReceiver,Started,,,,,,,,,,,,,,,2.0,1.0,4.0,2.0,0.0,4.0,4.0,2.0,0.5,,,,,,,,,,,,,,,,,,,,,,,,,,,,,,13419675,112939,CGY,Calgary Stampeders,Regular Season,2026-09-05T13:09:45.302148,2026
998543,8,Marquel Lee,Marquel Lee,Defensive_Linebacker,Started,,,,,,,,,,,,,,,,,,,,,,,,5,0,0,0,0,0,1,,,,,,,,,,,,,,,,,,,,,,,13419675,112939,CGY,Calgary Stampeders,Regular Season,2026-09-05T13:09:45.302148,2026
998863,4,Tevin Jones,Tevin Jones,Offensive_WideReceiver,Started,,,,,,,,,,,,,,,6.0,4.0,40.0,5.0,0.0,15.0,10.0,6.667,0.667,,,,,,,,,,,,,,,,,,,,,,,,,,,,,,13419675,112939,CGY,Calgary Stampeders,Regular Season,2026-09-05T13:09:45.302148,2026
1003939,1,Deatrick Nichols,Deatrick Nichols,Defensive_DefensiveBack,Started,,,,,,,,,,,,,,,,,,,,,,,,6,0,0,0,1,0,0,,,,,,,,,,,,,,,,,,,,,,,13419675,110380,WPG,Winnipeg Blue Bombers,Regular Season,2026-09-05T13:09:45.302148,2026
1012104,39,Jaylen Smith,Jaylen Smith,Defensive_Linebacker,ActiveNotPlayed,,,,,,,,,,,,,,,,,,,,,,,,0,0,0,0,0,0,1,,,,,,,,,,,,,,,,,,,,,,,13419675,110380,WPG,Winnipeg Blue Bombers,Regular Season,2026-09-05T13:09:45.302148,2026
1014288,33,Tony Jones,Tony Jones,Defensive_Linebacker,Started,,,,,,,,,,,,,,,,,,,,,,,,8,0,0,0,0,0,0,,,,,,,,,,,,,,,,,,,,,,,13419675,110380,WPG,Winnipeg Blue Bombers,Regular Season,2026-09-05T13:09:45.302148,2026
1015193,80,Ontaria Wilson,Ontaria Wilson,Offensive_WideReceiver,Started,,,,,,,,,,,,,,,7.0,2.0,52.0,7.0,0.0,27.0,26.0,7.429,0.286,,,,,,,,,,,,,,,,,,,,,,,,,,,,,,13419675,110380,WPG,Winnipeg Blue Bombers,Regular Season,2026-09-05T13:09:45.302148,2026
1018781,12,Tim White,Tim White,Offensive_WideReceiver,Started,,,,,,,,,,,,,,,6.0,5.0,60.0,6.0,1.0,19.0,12.0,10.0,0.833,,,,,,,,,,,,,,,,,,,,,,,,,,,,,,13419675,110380,WPG,Winnipeg Blue Bombers,Regular Season,2026-09-05T13:09:45.302148,2026
1073269,3,Jaiden Woodbey,Jaiden Woodbey,Defensive_Linebacker,ActiveNotPlayed,,,,,,,,,,,,,,,,,,,,,,,,4,0,0,0,0,0,0,,,,,,,,,,,,,,,,,,,,,,,13419675,110380,WPG,Winnipeg Blue Bombers,Regular Season,2026-09-05T13:09:45.302148,2026
1078857,9,Bryce Perkins,Bryce Perkins,Offensive_Quarterback,ActiveNotPlayed,,,,,,,,,,6.0,13.0,1,3,2.167,,,,,,,,,,,,,,,,,,,,,,,,,,,,,,,,,,,,,,,13419675,110380,WPG,Winnipeg Blue Bombers,Regular Season,2026-09-05T13:09:45.302148,2026
1082157,31,Evan Holm,Evan Holm,Defensive_DefensiveBack,Started,,,,,,,,,,,,,,,,,,,,,,,,2,0,0,0,0,0,0,,,,,,,,,,,,,,,,,,,,,,,13419675,110380,WPG,Winnipeg Blue Bombers,Regular Season,2026-09-05T13:09:45.302148,2026
1082183,20,Brady Oliveira,Brady Oliveira,Offensive_RunningBack,Started,,,,,,,,,,15.0,113.0,1,21,7.533,4.0,3.0,24.0,22.0,0.0,15.0,8.0,6.0,0.75,,,,,,,,,,,,,,,,,,,,,,,,,,,,,,13419675,110380,WPG,Winnipeg Blue Bombers,Regular Season,2026-09-05T13:09:45.302148,2026
1131290,94,Jake Ceresna,Jake Ceresna,Defensive_DefensiveLineman,Started,,,,,,,,,,,,,,,,,,,,,,,,5,3,0,0,0,0,0,,,,,,,,,,,,,,,,,,,,,,,13419675,110380,WPG,Winnipeg Blue Bombers,Regular Season,2026-09-05T13:09:45.302148,2026
1243886,14,Sergio Castillo,Sergio Castillo,Kicker,ActiveNotPlayed,,,,,,,,,,,,,,,,,,,,,,,,,,,,,,,2.0,2.0,1.0,38,3.0,0.0,5.0,380.0,90.0,,,,,,,,,,,,,,13419675,110380,WPG,Winnipeg Blue Bombers,Regular Season,2026-09-05T13:09:45.302148,2026
1349490,83,Tommy Nield,Tommy Nield,Offensive_WideReceiver,Started,,,,,,,,,,,,,,,4.0,3.0,52.0,6.0,0.0,18.0,17.333,13.0,0.75,,,,,,,,,,,,,,,,,,,,,,,,,,,,,,13419675,110380,WPG,Winnipeg Blue Bombers,Regular Season,2026-09-05T13:09:45.302148,2026
1349515,8,Zach Collaros,Zach Collaros,Offensive_Quarterback,Started,17.0,28.0,0.607,233.0,1.0,1.0,27.0,8.321,7.428571428571429,2.0,8.0,0,7,4.0,,,,,,,,,,,,,,,,,,,,,,,,,,,,,,,,,,,,,,,13419675,110380,WPG,Winnipeg Blue Bombers,Regular Season,2026-09-05T13:09:45.302148,2026
1349519,10,Nic Demski,Nic Demski,Offensive_WideReceiver,Started,,,,,,,,,,,,,,,3.0,2.0,28.0,28.0,0.0,23.0,14.0,9.333,0.667,,,,,,,,,,,,,,,,,,,,,,,,,,,,,,13419675,110380,WPG,Winnipeg Blue Bombers,Regular Season,2026-09-05T13:09:45.302148,2026
1349540,6,Redha Kramdi,Redha Kramdi,Defensive_DefensiveBack,Started,,,,,,,,,,,,,,,,,,,,,,,,7,0,0,0,0,1,0,,,,,,,,,,,,,,,,,,,,,,,13419675,110380,WPG,Winnipeg Blue Bombers,Regular Season,2026-09-05T13:09:45.302148,2026
1349541,99,Cameron Lawson,Cameron Lawson,Defensive_DefensiveLineman,Started,,,,,,,,,,,,,,,,,,,,,,,,1,0,1,0,0,0,0,,,,,,,,,,,,,,,,,,,,,,,13419675,110380,WPG,Winnipeg Blue Bombers,Regular Season,2026-09-05T13:09:45.302148,2026
1349561,19,Kyrie Wilson,Kyrie Wilson,Defensive_Linebacker,Started,,,,,,,,,,,,,,,,,,,,,,,,3,0,0,0,0,0,0,,,,,,,,,,,,,,,,,,,,,,,13419675,110380,WPG,Winnipeg Blue Bombers,Regular Season,2026-09-05T13:09:45.302148,2026
1357158,90,De'Shaan Dixon,De'Shaan Dixon,Defensive_DefensiveLineman,ActiveNotPlayed,,,,,,,,,,,,,,,,,,,,,,,,1,0,0,0,0,0,0,,,,,,,,,,,,,,,,,,,,,,,13419675,110380,WPG,Winnipeg Blue Bombers,Regular Season,2026-09-05T13:09:45.302148,2026
1384562,82,Gavin Cobb,Gavin Cobb,Offensive_WideReceiver,Started,,,,,,,,,,,,,,,1.0,1.0,12.0,1.0,0.0,12.0,12.0,12.0,1.0,,,,,,,,,,,,,,,,,,,,,,,,,,,,,,13419675,110380,WPG,Winnipeg Blue Bombers,Regular Season,2026-09-05T13:09:45.302148,2026
1397520,32,Michael Griffin II,Michael Griffin II,Defensive_Linebacker,Started,,,,,,,,,,,,,,,,,,,,,,,,1,0,0,0,0,0,0,,,,,,,,,,,,,,,,,,,,,,,13419675,110380,WPG,Winnipeg Blue Bombers,Regular Season,2026-09-05T13:09:45.302148,2026
1403894,18,Jamieson Sheahan,Jamieson Sheahan,Punter,ActiveNotPlayed,,,,,,,,,,,,,,,,,,,,,,,,,,,,,,,,,,,,,,,,4.0,200.0,50.0,75.0,1.0,,,,,,,,,13419675,110380,WPG,Winnipeg Blue Bombers,Regular Season,2026-09-05T13:09:45.302148,2026
1464504,23,Trey Vaval,Trey Vaval,Defensive_DefensiveBack,ActiveNotPlayed,,,,,,,,,,,,,,,,,,,,,,,,,,,,,,,,,,,,,,,,,,,,,3.0,69.0,25.0,23.0,4.0,105.0,53.0,26.25,13419675,110380,WPG,Winnipeg Blue Bombers,Regular Season,2026-09-05T13:09:45.302148,2026
1468039,25,Michael Chris-Ike,Michael Chris-Ike,Offensive_RunningBack,ActiveNotPlayed,,,,,,,,,,,,,,,1.0,0.0,0.0,0.0,0.0,0.0,,,0.0,1,0,0,0,0,0,1,,,,,,,,,,,,,,,,,,,,,,,13419675,110380,WPG,Winnipeg Blue Bombers,Regular Season,2026-09-05T13:09:45.302148,2026
1498158,81,Joey Corcoran,Joey Corcoran,Offensive_WideReceiver,ActiveNotPlayed,,,,,,,,,,,,,,,1.0,0.0,0.0,0.0,0.0,0.0,,,0.0,,,,,,,,,,,,,,,,,,,,,,,,,,,,,,13419675,110380,WPG,Winnipeg Blue Bombers,Regular Season,2026-09-05T13:09:45.302148,2026
1500766,44,Kydran Jenkins,Kydran Jenkins,Defensive_End,Started,,,,,,,,,,,,,,,,,,,,,,,,1,0,0,0,0,0,0,,,,,,,,,,,,,,,,,,,,,,,13419675,110380,WPG,Winnipeg Blue Bombers,Regular Season,2026-09-05T13:09:45.302148,2026
1507852,34,Connor Shay,Connor Shay,Defensive_Linebacker,ActiveNotPlayed,,,,,,,,,,,,,,,,,,,,,,,,0,0,0,0,0,0,1,,,,,,,,,,,,,,,,,,,,,,,13419675,110380,WPG,Winnipeg Blue Bombers,Regular Season,2026-09-05T13:09:45.302148,2026
1636948,24,Major Williams,Major Williams,Defensive_DefensiveBack,Started,,,,,,,,,,,,,,,,,,,,,,,,3,0,0,0,0,0,0,,,,,,,,,,,,,,,,,,,,,,,13419675,110380,WPG,Winnipeg Blue Bombers,Regular Season,2026-09-05T13:09:45.302148,2026
1752355,27,Brody Clark,Brody Clark,Defensive_Linebacker,ActiveNotPlayed,,,,,,,,,,,,,,,,,,,,,,,,0,0,0,0,0,0,2,,,,,,,,,,,,,,,,,,,,,,,13419675,110380,WPG,Winnipeg Blue Bombers,Regular Season,2026-09-05T13:09:45.302148,2026
1752357,87,Dante Daniels,Dante Daniels,Offensive_TightEnd,ActiveNotPlayed,,,,,,,,,,,,,,,1.0,1.0,5.0,1.0,0.0,5.0,5.0,5.0,1.0,,,,,,,,,,,,,,,,,,,,,,,,,,,,,,13419675,110380,WPG,Winnipeg Blue Bombers,Regular Season,2026-09-05T13:09:45.302148,2026
757943,5,Willie Jefferson,Willie Jefferson,Defensive_End,Started,,,,,,,,,,,,,,,,,,,,,,,,2,1,0,0,0,0,0,,,,,,,,,,,,,,,,,,,,,,,13419675,110380,WPG,Winnipeg Blue Bombers,Regular Season,2026-09-05T13:09:45.302148,2026
999581,2,Jonathan Moxey,Jonathan Moxey,Defensive_DefensiveBack,Started,,,,,,,,,,,,,,,,,,,,,,,,1,0,0,0,0,0,0,,,,,,,,,,,,,,,,,,,,,,,13419675,110380,WPG,Winnipeg Blue Bombers,Regular Season,2026-09-05T13:09:45.302148,2026
1007078,7,Ayden Eberhardt,Ayden Eberhardt,Offensive_WideReceiver,Started,,,,,,,,,,,,,,,5.0,4.0,49.0,14.0,0.0,25.0,12.25,9.8,0.8,,,,,,,,,,,,,,,,,,,,,,,,,,,,,,13419676,88019,OTT,Ottawa RedBlacks,Regular Season,2026-09-05T13:09:45.302148,2026
1007314,9,Shakur Brown,Shakur Brown,Defensive_DefensiveBack,Started,,,,,,,,,,,,,,,,,,,,,,,,5,0,1,0,0,0,0,,,,,,,,,,,,,,,,,,,,,,,13419676,88019,OTT,Ottawa RedBlacks,Regular Season,2026-09-05T13:09:45.302148,2026
1007797,14,Bennett Williams,Bennett Williams,Defensive_DefensiveBack,Started,,,,,,,,,,,,,,,,,,,,,,,,4,0,0,0,0,0,1,,,,,,,,,,,,,,,,,,,,,,,13419676,88019,OTT,Ottawa RedBlacks,Regular Season,2026-09-05T13:09:45.302148,2026
1011917,8,C.J. Reavis,C.J. Reavis,Defensive_Linebacker,Started,,,,,,,,,,,,,,,,,,,,,,,,4,0,0,0,0,0,0,,,,,,,,,,,,,,,,,,,,,,,13419676,88019,OTT,Ottawa RedBlacks,Regular Season,2026-09-05T13:09:45.302148,2026
1012789,41,Brian Cole,Brian Cole,Defensive_Linebacker,ActiveNotPlayed,,,,,,,,,,,,,,,,,,,,,,,,0,0,0,0,0,0,2,,,,,,,,,,,,,,,,,,,,,,,13419676,88019,OTT,Ottawa RedBlacks,Regular Season,2026-09-05T13:09:45.302148,2026
1014308,22,Adrian Frye,Adrian Frye,Defensive_DefensiveBack,Started,,,,,,,,,,,,,,,,,,,,,,,,1,0,0,0,0,0,0,,,,,,,,,,,,,,,,,,,,,,,13419676,88019,OTT,Ottawa RedBlacks,Regular Season,2026-09-05T13:09:45.302148,2026
1015046,83,Kalil Pimpleton,Kalil Pimpleton,Offensive_WideReceiver,Started,,,,,,,,,,,,,,,4.0,3.0,32.0,0.0,0.0,26.0,10.667,8.0,0.75,,,,,,,,,,,,,,,,,,,,,,3.0,66.0,29.0,22.0,7.0,94.0,31.0,13.429,13419676,88019,OTT,Ottawa RedBlacks,Regular Season,2026-09-05T13:09:45.302148,2026
1019929,91,Bryce Carter,Bryce Carter,Defensive_DefensiveLineman,Started,,,,,,,,,,,,,,,,,,,,,,,,3,1,1,0,0,0,0,,,,,,,,,,,,,,,,,,,,,,,13419676,88019,OTT,Ottawa RedBlacks,Regular Season,2026-09-05T13:09:45.302148,2026
1022991,6,Demerio Houston,Demerio Houston,Defensive_DefensiveBack,Started,,,,,,,,,,,,,,,,,,,,,,,,5,0,0,0,0,0,0,,,,,,,,,,,,,,,,,,,,,,,13419676,88019,OTT,Ottawa RedBlacks,Regular Season,2026-09-05T13:09:45.302148,2026
1077845,95,Habakkuk Baldonado,Habakkuk Baldonado,Defensive_DefensiveLineman,Started,,,,,,,,,,,,,,,,,,,,,,,,2,0,1,0,0,0,0,,,,,,,,,,,,,,,,,,,,,,,13419676,88019,OTT,Ottawa RedBlacks,Regular Season,2026-09-05T13:09:45.302148,2026
1083949,13,Jake Maier,Jake Maier,Offensive_Quarterback,Started,22.0,37.0,0.595,203.0,1.0,0.0,40.0,5.486,6.027027027027027,1.0,7.0,0,7,7.0,,,,,,,,,,,,,,,,,,,,,,,,,,,,,,,,,,,,,,,13419676,88019,OTT,Ottawa RedBlacks,Regular Season,2026-09-05T13:09:45.302148,2026
1086231,31,Jeremy Lucien,Jeremy Lucien,Defensive_Linebacker,ActiveNotPlayed,,,,,,,,,,,,,,,,,,,,,,,,3,0,0,0,0,0,0,,,,,,,,,,,,,,,,,,,,,,,13419676,88019,OTT,Ottawa RedBlacks,Regular Season,2026-09-05T13:09:45.302148,2026
1092881,20,Alonzo Addae,Alonzo Addae,Defensive_DefensiveBack,Started,,,,,,,,,,,,,,,,,,,,,,,,3,0,0,0,0,0,0,,,,,,,,,,,,,,,,,,,,,,,13419676,88019,OTT,Ottawa RedBlacks,Regular Season,2026-09-05T13:09:45.302148,2026
1349458,25,Daniel Adeboboye,Daniel Adeboboye,Offensive_RunningBack,ActiveNotPlayed,,,,,,,,,,12.0,87.0,1,30,7.25,3.0,3.0,7.0,7.0,0.0,5.0,2.333,2.333,1.0,,,,,,,,,,,,,,,,,,,,,,,,,,,,,,13419676,88019,OTT,Ottawa RedBlacks,Regular Season,2026-09-05T13:09:45.302148,2026
1349550,87,Eugene Lewis,Eugene Lewis,Offensive_WideReceiver,Started,,,,,,,,,,,,,,,9.0,3.0,47.0,6.0,0.0,40.0,15.667,5.222,0.333,,,,,,,,,,,,,,,,,,,,,,,,,,,,,,13419676,88019,OTT,Ottawa RedBlacks,Regular Season,2026-09-05T13:09:45.302148,2026
1349565,96,Michael Wakefield,Michael Wakefield,Defensive_DefensiveLineman,ActiveNotPlayed,,,,,,,,,,,,,,,,,,,,,,,,2,0,1,0,0,0,0,,,,,,,,,,,,,,,,,,,,,,,13419676,88019,OTT,Ottawa RedBlacks,Regular Season,2026-09-05T13:09:45.302148,2026
1349587,45,Anthony Gosselin,Anthony Gosselin,Offensive_Fullback,ActiveNotPlayed,,,,,,,,,,,,,,,,,,,,,,,,0,0,0,0,0,0,1,,,,,,,,,,,,,,,,,,,,,,,13419676,88019,OTT,Ottawa RedBlacks,Regular Season,2026-09-05T13:09:45.302148,2026
1350583,21,Brett Lauther,Brett Lauther,Kicker,ActiveNotPlayed,,,,,,,,,,,,,,,,,,,,,,,,,,,,,,,2.0,2.0,1.0,35,1.0,0.0,3.0,197.0,68.0,,,,,,,,,,,,,,13419676,88019,OTT,Ottawa RedBlacks,Regular Season,2026-09-05T13:09:45.302148,2026
1384790,0,A.J. Allen,A.J. Allen,Defensive_Linebacker,Started,,,,,,,,,,,,,,,,,,,,,,,,3,0,0,0,0,0,0,,,,,,,,,,,,,,,,,,,,,,,13419676,88019,OTT,Ottawa RedBlacks,Regular Season,2026-09-05T13:09:45.302148,2026
1397558,33,Noah Gettman,Noah Gettman,Kicker,ActiveNotPlayed,,,,,,,,,,,,,,,,,,,,,,,,,,,,,,,,,,,,,,,,8.0,413.0,51.625,62.0,0.0,,,,,,,,,13419676,88019,OTT,Ottawa RedBlacks,Regular Season,2026-09-05T13:09:45.302148,2026
1397561,1,Nyles Morgan,Nyles Morgan,Defensive_Linebacker,Started,,,,,,,,,,,,,,,,,,,,,,,,7,0,1,0,0,0,0,,,,,,,,,,,,,,,,,,,,,,,13419676,88019,OTT,Ottawa RedBlacks,Regular Season,2026-09-05T13:09:45.302148,2026
1399279,16,Max Duggan,Max Duggan,Offensive_Quarterback,ActiveNotPlayed,,,,,,,,,,1.0,-3.0,0,-3,-3.0,,,,,,,,,,1,0,0,0,0,0,0,,,,,,,,,,,,,,,,,,,,,,,13419676,88019,OTT,Ottawa RedBlacks,Regular Season,2026-09-05T13:09:45.302148,2026
1402692,55,Blessman Ta'ala,Blessman Ta'ala,Defensive_DefensiveLineman,Started,,,,,,,,,,,,,,,,,,,,,,,,1,0,0,0,0,0,0,,,,,,,,,,,,,,,,,,,,,,,13419676,88019,OTT,Ottawa RedBlacks,Regular Season,2026-09-05T13:09:45.302148,2026
1403600,43,Michael Brodrique,Michael Brodrique,Defensive_Linebacker,ActiveNotPlayed,,,,,,,,,,,,,,,,,,,,,,,,0,0,0,0,0,0,1,,,,,,,,,,,,,,,,,,,,,,,13419676,88019,OTT,Ottawa RedBlacks,Regular Season,2026-09-05T13:09:45.302148,2026
1403950,19,Lucas Cormier,Lucas Cormier,Defensive_Linebacker,ActiveNotPlayed,,,,,,,,,,,,,,,,,,,,,,,,1,0,0,0,0,0,0,,,,,,,,,,,,,,,,,,,,,,,13419676,88019,OTT,Ottawa RedBlacks,Regular Season,2026-09-05T13:09:45.302148,2026
1403953,93,Aidan John,Aidan John,Defensive_DefensiveLineman,ActiveNotPlayed,,,,,,,,,,,,,,,,,,,,,,,,0,0,0,0,0,0,2,,,,,,,,,,,,,,,,,,,,,,,13419676,88019,OTT,Ottawa RedBlacks,Regular Season,2026-09-05T13:09:45.302148,2026
1497161,81,Keelan White,Keelan White,Offensive_WideReceiver,Started,,,,,,,,,,,,,,,9.0,4.0,37.0,5.0,0.0,14.0,9.25,4.111,0.444,,,,,,,,,,,,,,,,,,,,,,,,,,,,,,13419676,88019,OTT,Ottawa RedBlacks,Regular Season,2026-09-05T13:09:45.302148,2026
1509652,35,Elijah Collins,Elijah Collins,Offensive_RunningBack,Started,,,,,,,,,,2.0,8.0,0,5,4.0,3.0,3.0,11.0,2.0,0.0,5.0,3.667,3.667,1.0,,,,,,,,,,,,,,,,,,,,,,,,,,,,,,13419676,88019,OTT,Ottawa RedBlacks,Regular Season,2026-09-05T13:09:45.302148,2026
1752418,47,Josh Connors,Josh Connors,Defensive_Linebacker,ActiveNotPlayed,,,,,,,,,,,,,,,,,,,,,,,,0,0,0,0,0,0,1,,,,,,,,,,,,,,,,,,,,,,,13419676,88019,OTT,Ottawa RedBlacks,Regular Season,2026-09-05T13:09:45.302148,2026
835400,2,Justin Hardy,Justin Hardy,Offensive_WideReceiver,Started,,,,,,,,,,,,,,,4.0,2.0,20.0,0.0,1.0,12.0,10.0,5.0,0.5,1,0,0,0,0,0,0,,,,,,,,,,,,,,,,,,,,,,,13419676,88019,OTT,Ottawa RedBlacks,Regular Season,2026-09-05T13:09:45.302148,2026
1005323,3,Austin Mack,Austin Mack,Offensive_WideReceiver,Started,,,,,,,,,,,,,,,6.0,3.0,26.0,3.0,1.0,12.0,8.667,4.333,0.5,,,,,,,,,,,,,,,,,,,,,,,,,,,,,,13419676,114347,EDM,Edmonton Elks,Regular Season,2026-09-05T13:09:45.302148,2026
1005963,0,Kobe Williams,Kobe Williams,Defensive_DefensiveBack,Started,,,,,,,,,,,,,,,,,,,,,,,,2,0,0,0,0,0,0,,,,,,,,,,,,,,,,,,,,,,,13419676,114347,EDM,Edmonton Elks,Regular Season,2026-09-05T13:09:45.302148,2026
1006559,10,Jake Julien,Jake Julien,Punter,ActiveNotPlayed,,,,,,,,,,,,,,,,,,,,,,,,,,,,,,,,,,,,,,,,8.0,371.0,46.375,65.0,0.0,,,,,,,,,13419676,114347,EDM,Edmonton Elks,Regular Season,2026-09-05T13:09:45.302148,2026
1007365,5,Justin Rankin,Justin Rankin,Offensive_RunningBack,Started,,,,,,,,,,13.0,102.0,1,61,7.846,7.0,5.0,94.0,92.0,0.0,63.0,18.8,13.429,0.714,,,,,,,,,,,,,,,,,,,,,,,,,,,,,,13419676,114347,EDM,Edmonton Elks,Regular Season,2026-09-05T13:09:45.302148,2026
1008706,92,Noah Curtis,Noah Curtis,Defensive_DefensiveLineman,ActiveNotPlayed,,,,,,,,,,,,,,,,,,,,,,,,1,1,0,0,0,0,0,,,,,,,,,,,,,,,,,,,,,,,13419676,114347,EDM,Edmonton Elks,Regular Season,2026-09-05T13:09:45.302148,2026
1009107,22,Javon Leake,Javon Leake,Offensive_RunningBack,ActiveNotPlayed,,,,,,,,,,5.0,8.0,0,6,1.6,,,,,,,,,,,,,,,,,,,,,,,,,,,,,,,2.0,43.0,22.0,21.5,7.0,111.0,36.0,15.857,13419676,114347,EDM,Edmonton Elks,Regular Season,2026-09-05T13:09:45.302148,2026
1011445,50,Joel Dublanko,Joel Dublanko,Defensive_Linebacker,Started,,,,,,,,,,,,,,,,,,,,,,,,3,0,0,0,1,0,0,,,,,,,,,,,,,,,,,,,,,,,13419676,114347,EDM,Edmonton Elks,Regular Season,2026-09-05T13:09:45.302148,2026
1016182,2,Malik Carney,Malik Carney,Defensive_DefensiveLineman,Started,,,,,,,,,,,,,,,,,,,,,,,,2,0,1,0,0,1,0,,,,,,,,,,,,,,,,,,,,,,,13419676,114347,EDM,Edmonton Elks,Regular Season,2026-09-05T13:09:45.302148,2026
1079457,43,Brock Mogensen,Brock Mogensen,Defensive_Linebacker,ActiveNotPlayed,,,,,,,,,,,,,,,,,,,,,,,,1,0,0,0,0,0,1,,,,,,,,,,,,,,,,,,,,,,,13419676,114347,EDM,Edmonton Elks,Regular Season,2026-09-05T13:09:45.302148,2026
1084057,91,Jared Brinkman,Jared Brinkman,Defensive_DefensiveLineman,Started,,,,,,,,,,,,,,,,,,,,,,,,2,0,0,0,0,0,0,,,,,,,,,,,,,,,,,,,,,,,13419676,114347,EDM,Edmonton Elks,Regular Season,2026-09-05T13:09:45.302148,2026
1349498,40,Robbie Smith,Robbie Smith,Defensive_DefensiveLineman,Started,,,,,,,,,,,,,,,,,,,,,,,,2,0,0,0,0,0,0,,,,,,,,,,,,,,,,,,,,,,,13419676,114347,EDM,Edmonton Elks,Regular Season,2026-09-05T13:09:45.302148,2026
1349527,30,Tyrell Ford,Tyrell Ford,Defensive_DefensiveBack,Started,,,,,,,,,,,,,,,,,,,,,,,,3,0,0,0,0,0,0,,,,,,,,,,,,,,,,,,,,,,,13419676,114347,EDM,Edmonton Elks,Regular Season,2026-09-05T13:09:45.302148,2026
1349549,11,Kaion Julien-Grant,Kaion Julien-Grant,Offensive_WideReceiver,Started,,,,,,,,,,,,,,,7.0,3.0,41.0,14.0,0.0,25.0,13.667,5.857,0.429,,,,,,,,,,,,,,,,,,,,,,,,,,,,,,13419676,114347,EDM,Edmonton Elks,Regular Season,2026-09-05T13:09:45.302148,2026
1349551,6,Brendan O'Leary-Orange,Brendan O'Leary-Orange,Offensive_WideReceiver,Started,,,,,,,,,,,,,,,4.0,4.0,18.0,1.0,0.0,5.0,4.5,4.5,1.0,,,,,,,,,,,,,,,,,,,,,,,,,,,,,,13419676,114347,EDM,Edmonton Elks,Regular Season,2026-09-05T13:09:45.302148,2026
1350572,7,Cody Fajardo,Cody Fajardo,Offensive_Quarterback,Started,23.0,34.0,0.676,266.0,1.0,0.0,63.0,7.824,8.411764705882353,3.0,11.0,0,7,3.667,,,,,,,,,,,,,,,,,,,,,,,,,,,,,,,,,,,,,,,13419676,114347,EDM,Edmonton Elks,Regular Season,2026-09-05T13:09:45.302148,2026
1399418,48,Nick Anderson,Nick Anderson,Defensive_Linebacker,Started,,,,,,,,,,,,,,,,,,,,,,,,7,0,0,0,0,0,1,,,,,,,,,,,,,,,,,,,,,,,13419676,114347,EDM,Edmonton Elks,Regular Season,2026-09-05T13:09:45.302148,2026
1403605,52,Luke Burton-Krahn,Luke Burton-Krahn,LongSnapper,ActiveNotPlayed,,,,,,,,,,,,,,,,,,,,,,,,0,0,0,0,0,0,1,,,,,,,,,,,,,,,,,,,,,,,13419676,114347,EDM,Edmonton Elks,Regular Season,2026-09-05T13:09:45.302148,2026
1408288,88,T.J. Luther,T.J. Luther,Offensive_WideReceiver,Started,,,,,,,,,,,,,,,6.0,5.0,65.0,10.0,0.0,39.0,13.0,10.833,0.833,,,,,,,,,,,,,,,,,,,,,,,,,,,,,,13419676,114347,EDM,Edmonton Elks,Regular Season,2026-09-05T13:09:45.302148,2026
1464749,20,Kenneth Logan Jr.,Kenneth Logan Jr.,Defensive_Linebacker,Started,,,,,,,,,,,,,,,,,,,,,,,,2,0,0,0,0,0,0,,,,,,,,,,,,,,,,,,,,,,,13419676,114347,EDM,Edmonton Elks,Regular Season,2026-09-05T13:09:45.302148,2026
1468042,26,Vincent Blanchard,Vincent Blanchard,Kicker,ActiveNotPlayed,,,,,,,,,,,,,,,,,,,,,,,,,,,,,,,5.0,5.0,1.0,44,2.0,0.0,3.0,204.0,70.0,,,,,,,,,,,,,,13419676,114347,EDM,Edmonton Elks,Regular Season,2026-09-05T13:09:45.302148,2026
1470654,38,Eteva Mauga-Clements,Eteva Mauga-Clements,Defensive_Linebacker,ActiveNotPlayed,,,,,,,,,,,,,,,,,,,,,,,,0,0,0,0,0,0,1,,,,,,,,,,,,,,,,,,,,,,,13419676,114347,EDM,Edmonton Elks,Regular Season,2026-09-05T13:09:45.302148,2026
1470656,13,Kordell Jackson,Kordell Jackson,Defensive_DefensiveBack,Started,,,,,,,,,,,,,,,,,,,,,,,,4,0,2,0,0,1,0,,,,,,,,,,,,,,,,,,,,,,,13419676,114347,EDM,Edmonton Elks,Regular Season,2026-09-05T13:09:45.302148,2026
1470657,47,D.K. Bonhomme,D.K. Bonhomme,Defensive_DefensiveLineman,ActiveNotPlayed,,,,,,,,,,,,,,,,,,,,,,,,0,0,0,0,0,0,2,,,,,,,,,,,,,,,,,,,,,,,13419676,114347,EDM,Edmonton Elks,Regular Season,2026-09-05T13:09:45.302148,2026
1482936,25,Chelen Garnes,Chelen Garnes,Defensive_DefensiveBack,Started,,,,,,,,,,,,,,,,,,,,,,,,3,0,0,0,0,0,0,,,,,,,,,,,,,,,,,,,,,,,13419676,114347,EDM,Edmonton Elks,Regular Season,2026-09-05T13:09:45.302148,2026
1483155,18,Joshua Cephus,Joshua Cephus,Offensive_WideReceiver,Started,,,,,,,,,,,,,,,2.0,2.0,13.0,8.0,0.0,7.0,6.5,6.5,1.0,,,,,,,,,,,,,,,,,,,,,,,,,,,,,,13419676,114347,EDM,Edmonton Elks,Regular Season,2026-09-05T13:09:45.302148,2026
1483633,42,Noah Taylor,Noah Taylor,Defensive_DefensiveLineman,ActiveNotPlayed,,,,,,,,,,,,,,,,,,,,,,,,0,0,0,0,0,0,1,,,,,,,,,,,,,,,,,,,,,,,13419676,114347,EDM,Edmonton Elks,Regular Season,2026-09-05T13:09:45.302148,2026
1488897,14,Cole Snyder,Cole Snyder,Offensive_Quarterback,ActiveNotPlayed,,,,,,,,,,1.0,1.0,0,1,1.0,,,,,,,,,,,,,,,,,,,,,,,,,,,,,,,,,,,,,,,13419676,114347,EDM,Edmonton Elks,Regular Season,2026-09-05T13:09:45.302148,2026
1501819,45,Dariel Djabome,Dariel Djabome,Defensive_Linebacker,ActiveNotPlayed,,,,,,,,,,,,,,,,,,,,,,,,0,0,0,0,0,0,1,,,,,,,,,,,,,,,,,,,,,,,13419676,114347,EDM,Edmonton Elks,Regular Season,2026-09-05T13:09:45.302148,2026
1518031,29,JJ Ross,JJ Ross,Defensive_DefensiveBack,Started,,,,,,,,,,,,,,,,,,,,,,,,2,0,1,0,0,0,0,,,,,,,,,,,,,,,,,,,,,,,13419676,114347,EDM,Edmonton Elks,Regular Season,2026-09-05T13:09:45.302148,2026
1602302,34,Isaiah Knight,Isaiah Knight,Offensive_RunningBack,ActiveNotPlayed,,,,,,,,,,,,,,,,,,,,,,,,0,0,0,0,0,0,1,,,,,,,,,,,,,,,1.0,18.0,18.0,18.0,,,,,13419676,114347,EDM,Edmonton Elks,Regular Season,2026-09-05T13:09:45.302148,2026
1604187,44,Skyler Griffith,Skyler Griffith,Offensive_Fullback,ActiveNotPlayed,,,,,,,,,,,,,,,2.0,1.0,9.0,1.0,0.0,9.0,9.0,4.5,0.5,,,,,,,,,,,,,,,,,,,,,,,,,,,,,,13419676,114347,EDM,Edmonton Elks,Regular Season,2026-09-05T13:09:45.302148,2026
1752327,49,Justin Pace,Justin Pace,Defensive_Linebacker,ActiveNotPlayed,,,,,,,,,,,,,,,,,,,,,,,,0,0,0,0,0,0,1,,,,,,,,,,,,,,,,,,,,,,,13419676,114347,EDM,Edmonton Elks,Regular Season,2026-09-05T13:09:45.302148,2026
1003939,1,Deatrick Nichols,Deatrick Nichols,Defensive_DefensiveBack,Started,,,,,,,,,,,,,,,,,,,,,,,,3,0,0,0,0,0,0,,,,,,,,,,,,,,,,,,,,,,,13419677,110380,WPG,Winnipeg Blue Bombers,Regular Season,2026-09-05T13:09:45.302148,2026
1014288,33,Tony Jones,Tony Jones,Defensive_Linebacker,Started,,,,,,,,,,,,,,,,,,,,,,,,7,1,0,0,0,0,0,,,,,,,,,,,,,,,,,,,,,,,13419677,110380,WPG,Winnipeg Blue Bombers,Regular Season,2026-09-05T13:09:45.302148,2026
1015193,80,Ontaria Wilson,Ontaria Wilson,Offensive_WideReceiver,Started,,,,,,,,,,,,,,,7.0,6.0,87.0,32.0,1.0,25.0,14.5,12.429,0.857,,,,,,,,,,,,,,,,,,,,,,,,,,,,,,13419677,110380,WPG,Winnipeg Blue Bombers,Regular Season,2026-09-05T13:09:45.302148,2026
1018781,12,Tim White,Tim White,Offensive_WideReceiver,Started,,,,,,,,,,,,,,,7.0,4.0,79.0,20.0,0.0,25.0,19.75,11.286,0.571,,,,,,,,,,,,,,,,,,,,,,,,,,,,,,13419677,110380,WPG,Winnipeg Blue Bombers,Regular Season,2026-09-05T13:09:45.302148,2026
1078857,9,Bryce Perkins,Bryce Perkins,Offensive_Quarterback,ActiveNotPlayed,,,,,,,,,,4.0,6.0,1,3,1.5,,,,,,,,,,,,,,,,,,,,,,,,,,,,,,,,,,,,,,,13419677,110380,WPG,Winnipeg Blue Bombers,Regular Season,2026-09-05T13:09:45.302148,2026
1082157,31,Evan Holm,Evan Holm,Defensive_DefensiveBack,Started,,,,,,,,,,,,,,,,,,,,,,,,8,0,0,0,0,0,0,,,,,,,,,,,,,,,,,,,,,,,13419677,110380,WPG,Winnipeg Blue Bombers,Regular Season,2026-09-05T13:09:45.302148,2026
1082183,20,Brady Oliveira,Brady Oliveira,Offensive_RunningBack,Started,,,,,,,,,,8.0,32.0,0,8,4.0,6.0,6.0,51.0,43.0,0.0,14.0,8.5,8.5,1.0,,,,,,,,,,,,,,,,,,,,,,,,,,,,,,13419677,110380,WPG,Winnipeg Blue Bombers,Regular Season,2026-09-05T13:09:45.302148,2026
1131290,94,Jake Ceresna,Jake Ceresna,Defensive_Tackle,Started,,,,,,,,,,,,,,,,,,,,,,,,1,0,0,0,0,0,0,,,,,,,,,,,,,,,,,,,,,,,13419677,110380,WPG,Winnipeg Blue Bombers,Regular Season,2026-09-05T13:09:45.302148,2026
1243886,14,Sergio Castillo,Sergio Castillo,Kicker,ActiveNotPlayed,,,,,,,,,,,,,,,,,,,,,,,,,,,,,,,2.0,3.0,0.667,45,3.0,0.0,4.0,257.0,70.0,,,,,,,,,,,,,,13419677,110380,WPG,Winnipeg Blue Bombers,Regular Season,2026-09-05T13:09:45.302148,2026
1349490,83,Tommy Nield,Tommy Nield,Offensive_WideReceiver,Started,,,,,,,,,,,,,,,9.0,7.0,111.0,18.0,0.0,24.0,15.857,12.333,0.778,,,,,,,,,,,,,,,,,,,,,,,,,,,,,,13419677,110380,WPG,Winnipeg Blue Bombers,Regular Season,2026-09-05T13:09:45.302148,2026
1349512,47,Tanner Cadwallader,Tanner Cadwallader,Defensive_Linebacker,ActiveNotPlayed,,,,,,,,,,,,,,,,,,,,,,,,1,0,0,0,0,0,0,,,,,,,,,,,,,,,,,,,,,,,13419677,110380,WPG,Winnipeg Blue Bombers,Regular Season,2026-09-05T13:09:45.302148,2026
1349515,8,Zach Collaros,Zach Collaros,Offensive_Quarterback,Started,28.0,35.0,0.8,421.0,2.0,1.0,41.0,12.029,11.885714285714286,2.0,11.0,0,6,5.5,,,,,,,,,,,,,,,,,,,,,,,,,,,,,,,,,,,,,,,13419677,110380,WPG,Winnipeg Blue Bombers,Regular Season,2026-09-05T13:09:45.302148,2026
1349519,10,Nic Demski,Nic Demski,Offensive_WideReceiver,Started,,,,,,,,,,,,,,,4.0,4.0,79.0,11.0,1.0,41.0,19.75,19.75,1.0,,,,,,,,,,,,,,,,,,,,,,,,,,,,,,13419677,110380,WPG,Winnipeg Blue Bombers,Regular Season,2026-09-05T13:09:45.302148,2026
1349534,21,Nick Hallett,Nick Hallett,Defensive_DefensiveBack,ActiveNotPlayed,,,,,,,,,,,,,,,,,,,,,,,,0,0,0,0,0,0,1,,,,,,,,,,,,,,,,,,,,,,,13419677,110380,WPG,Winnipeg Blue Bombers,Regular Season,2026-09-05T13:09:45.302148,2026
1349540,6,Redha Kramdi,Redha Kramdi,Defensive_DefensiveBack,Started,,,,,,,,,,,,,,,,,,,,,,,,2,0,2,0,0,0,0,,,,,,,,,,,,,,,,,,,,,,,13419677,110380,WPG,Winnipeg Blue Bombers,Regular Season,2026-09-05T13:09:45.302148,2026
1349541,99,Cameron Lawson,Cameron Lawson,Defensive_Tackle,Started,,,,,,,,,,,,,,,,,,,,,,,,2,0,1,0,0,0,0,,,,,,,,,,,,,,,,,,,,,,,13419677,110380,WPG,Winnipeg Blue Bombers,Regular Season,2026-09-05T13:09:45.302148,2026
1349561,19,Kyrie Wilson,Kyrie Wilson,Defensive_Linebacker,Started,,,,,,,,,,,,,,,,,,,,,,,,2,0,0,0,0,0,0,,,,,,,,,,,,,,,,,,,,,,,13419677,110380,WPG,Winnipeg Blue Bombers,Regular Season,2026-09-05T13:09:45.302148,2026
1384562,82,Gavin Cobb,Gavin Cobb,Offensive_WideReceiver,Started,,,,,,,,,,,,,,,2.0,1.0,14.0,12.0,0.0,14.0,14.0,7.0,0.5,,,,,,,,,,,,,,,,,,,,,,,,,,,,,,13419677,110380,WPG,Winnipeg Blue Bombers,Regular Season,2026-09-05T13:09:45.302148,2026
1397520,32,Michael Griffin II,Michael Griffin II,Defensive_Linebacker,Started,,,,,,,,,,,,,,,,,,,,,,,,6,0,0,0,0,0,0,,,,,,,,,,,,,,,,,,,,,,,13419677,110380,WPG,Winnipeg Blue Bombers,Regular Season,2026-09-05T13:09:45.302148,2026
1401587,49,Michael Ayers,Michael Ayers,Defensive_Linebacker,ActiveNotPlayed,,,,,,,,,,,,,,,,,,,,,,,,1,0,0,0,0,0,0,,,,,,,,,,,,,,,,,,,,,,,13419677,110380,WPG,Winnipeg Blue Bombers,Regular Season,2026-09-05T13:09:45.302148,2026
1403880,16,Jake Kelly,Jake Kelly,Defensive_DefensiveBack,ActiveNotPlayed,,,,,,,,,,,,,,,,,,,,,,,,1,0,0,0,0,0,0,,,,,,,,,,,,,,,,,,,,,,,13419677,110380,WPG,Winnipeg Blue Bombers,Regular Season,2026-09-05T13:09:45.302148,2026
1403894,18,Jamieson Sheahan,Jamieson Sheahan,Punter,ActiveNotPlayed,,,,,,,,,,,,,,,,,,,,,,,,,,,,,,,,,,,,,,,,1.0,48.0,48.0,48.0,0.0,,,,,,,,,13419677,110380,WPG,Winnipeg Blue Bombers,Regular Season,2026-09-05T13:09:45.302148,2026
1464504,23,Trey Vaval,Trey Vaval,Defensive_DefensiveBack,ActiveNotPlayed,,,,,,,,,,,,,,,,,,,,,,,,,,,,,,,,,,,,,,,,,,,,,5.0,96.0,31.0,19.2,,,,,13419677,110380,WPG,Winnipeg Blue Bombers,Regular Season,2026-09-05T13:09:45.302148,2026
1468039,25,Michael Chris-Ike,Michael Chris-Ike,Offensive_RunningBack,ActiveNotPlayed,,,,,,,,,,,,,,,,,,,,,,,,0,0,0,0,0,0,1,,,,,,,,,,,,,,,,,,,,,,,13419677,110380,WPG,Winnipeg Blue Bombers,Regular Season,2026-09-05T13:09:45.302148,2026
1485301,93,Michael Fletcher,Michael Fletcher,Defensive_Tackle,ActiveNotPlayed,,,,,,,,,,,,,,,,,,,,,,,,1,0,0,0,0,0,0,,,,,,,,,,,,,,,,,,,,,,,13419677,110380,WPG,Winnipeg Blue Bombers,Regular Season,2026-09-05T13:09:45.302148,2026
1487645,45,David Reese,David Reese,Defensive_End,ActiveNotPlayed,,,,,,,,,,,,,,,,,,,,,,,,1,0,0,0,0,0,0,,,,,,,,,,,,,,,,,,,,,,,13419677,110380,WPG,Winnipeg Blue Bombers,Regular Season,2026-09-05T13:09:45.302148,2026
1636948,24,Major Williams,Major Williams,Defensive_DefensiveBack,Started,,,,,,,,,,,,,,,,,,,,,,,,5,0,0,0,0,0,0,,,,,,,,,,,,,,,,,,,,,,,13419677,110380,WPG,Winnipeg Blue Bombers,Regular Season,2026-09-05T13:09:45.302148,2026
1752353,52,Charles-Elliot Bouliane,Charles-Elliot Bouliane,Defensive_Linebacker,ActiveNotPlayed,,,,,,,,,,,,,,,,,,,,,,,,0,0,0,0,0,0,1,,,,,,,,,,,,,,,,,,,,,,,13419677,110380,WPG,Winnipeg Blue Bombers,Regular Season,2026-09-05T13:09:45.302148,2026
1752355,27,Brody Clark,Brody Clark,Defensive_Linebacker,ActiveNotPlayed,,,,,,,,,,,,,,,,,,,,,,,,0,0,0,0,0,0,1,,,,,,,,,,,,,,,,,,,,,,,13419677,110380,WPG,Winnipeg Blue Bombers,Regular Season,2026-09-05T13:09:45.302148,2026
757943,5,Willie Jefferson,Willie Jefferson,Defensive_End,Started,,,,,,,,,,,,,,,,,,,,,,,,2,0,0,0,0,0,0,,,,,,,,,,,,,,,,,,,,,,,13419677,110380,WPG,Winnipeg Blue Bombers,Regular Season,2026-09-05T13:09:45.302148,2026
999581,2,Jonathan Moxey,Jonathan Moxey,Defensive_DefensiveBack,Started,,,,,,,,,,,,,,,,,,,,,,,,4,0,0,0,0,0,0,,,,,,,,,,,,,,,,,,,,,,,13419677,110380,WPG,Winnipeg Blue Bombers,Regular Season,2026-09-05T13:09:45.302148,2026
1010914,20,Devodric Bynum,Devodric Bynum,Defensive_DefensiveBack,ActiveNotPlayed,,,,,,,,,,,,,,,,,,,,,,,,3,0,0,0,0,0,0,,,,,,,,,,,,,,,,,,,,,,,13419677,83579,HAM,Hamilton Tiger-Cats,Regular Season,2026-09-05T13:09:45.302148,2026
1012742,2,Jamal Peters,Jamal Peters,Defensive_DefensiveBack,Started,,,,,,,,,,,,,,,,,,,,,,,,1,0,0,0,0,0,0,,,,,,,,,,,,,,,,,,,,,,,13419677,83579,HAM,Hamilton Tiger-Cats,Regular Season,2026-09-05T13:09:45.302148,2026
1014479,37,Larry Rountree III,Larry Rountree III,Offensive_RunningBack,Started,,,,,,,,,,23.0,124.0,0,23,5.391,1.0,1.0,2.0,0.0,0.0,2.0,2.0,2.0,1.0,,,,,,,,,,,,,,,,,,,,,,,,,,,,,,13419677,83579,HAM,Hamilton Tiger-Cats,Regular Season,2026-09-05T13:09:45.302148,2026
1018050,16,Jake Dolegala,Jake Dolegala,Offensive_Quarterback,ActiveNotPlayed,,,,,,,,,,6.0,10.0,1,2,1.667,,,,,,,,,,,,,,,,,,,,,,,,,,,,,,,,,,,,,,,13419677,83579,HAM,Hamilton Tiger-Cats,Regular Season,2026-09-05T13:09:45.302148,2026
1022381,91,Miles Fox,Miles Fox,Defensive_DefensiveLineman,Started,,,,,,,,,,,,,,,,,,,,,,,,1,0,0,0,0,0,0,,,,,,,,,,,,,,,,,,,,,,,13419677,83579,HAM,Hamilton Tiger-Cats,Regular Season,2026-09-05T13:09:45.302148,2026
1024286,96,Charbel Dabire,Charbel Dabire,Defensive_DefensiveLineman,ActiveNotPlayed,,,,,,,,,,,,,,,,,,,,,,,,1,0,0,0,0,0,0,,,,,,,,,,,,,,,,,,,,,,,13419677,83579,HAM,Hamilton Tiger-Cats,Regular Season,2026-09-05T13:09:45.302148,2026
1080994,3,Quavian White,Quavian White,Defensive_DefensiveBack,Started,,,,,,,,,,,,,,,,,,,,,,,,2,0,0,0,0,0,0,,,,,,,,,,,,,,,,,,,,,,,13419677,83579,HAM,Hamilton Tiger-Cats,Regular Season,2026-09-05T13:09:45.302148,2026
1290182,7,Myron Mitchell,Myron Mitchell,Offensive_WideReceiver,ActiveNotPlayed,,,,,,,,,,,,,,,5.0,5.0,50.0,6.0,0.0,14.0,10.0,10.0,1.0,,,,,,,,,,,,,,,,,,,,,,,,,,,,,,13419677,83579,HAM,Hamilton Tiger-Cats,Regular Season,2026-09-05T13:09:45.302148,2026
1345719,8,Keric Wheatfall,Keric Wheatfall,Offensive_WideReceiver,Started,,,,,,,,,,,,,,,5.0,3.0,102.0,9.0,0.0,47.0,34.0,20.4,0.6,,,,,,,,,,,,,,,,,,,,,,,,,,,,,,13419677,83579,HAM,Hamilton Tiger-Cats,Regular Season,2026-09-05T13:09:45.302148,2026
1349477,14,Kurleigh Gittens Jr.,Kurleigh Gittens Jr.,Offensive_WideReceiver,Started,,,,,,,,,,,,,,,2.0,1.0,17.0,4.0,0.0,17.0,17.0,8.5,0.5,,,,,,,,,,,,,,,,,,,,,,,,,,,,,,13419677,83579,HAM,Hamilton Tiger-Cats,Regular Season,2026-09-05T13:09:45.302148,2026
1349505,27,Johnny Augustine,Johnny Augustine,Offensive_RunningBack,ActiveNotPlayed,,,,,,,,,,,,,,,1.0,1.0,3.0,0.0,0.0,3.0,3.0,3.0,1.0,,,,,,,,,,,,,,,,,,,,,,,,,,,,,,13419677,83579,HAM,Hamilton Tiger-Cats,Regular Season,2026-09-05T13:09:45.302148,2026
1349542,33,Marc Liegghio,Marc Liegghio,Kicker,ActiveNotPlayed,,,,,,,,,,,,,,,,,,,,,,,,,,,,,,,3.0,3.0,1.0,53,4.0,0.0,6.0,377.0,72.0,,,,,,,,,,,,,,13419677,83579,HAM,Hamilton Tiger-Cats,Regular Season,2026-09-05T13:09:45.302148,2026
1349621,30,Stavros Katsantonis,Stavros Katsantonis,Defensive_DefensiveBack,Started,,,,,,,,,,,,,,,,,,,,,,,,1,0,0,1,0,0,0,,,,,,,,,,,,,,,,,,,,,,,13419677,83579,HAM,Hamilton Tiger-Cats,Regular Season,2026-09-05T13:09:45.302148,2026
1349633,85,Kiondre Smith,Kiondre Smith,Offensive_WideReceiver,Started,,,,,,,,,,,,,,,6.0,5.0,92.0,19.0,2.0,30.0,18.4,15.333,0.833,,,,,,,,,,,,,,,,,,,,,,,,,,,,,,13419677,83579,HAM,Hamilton Tiger-Cats,Regular Season,2026-09-05T13:09:45.302148,2026
1350454,83,Tyson Middlemost,Tyson Middlemost,Offensive_WideReceiver,ActiveNotPlayed,,,,,,,,,,,,,,,,,,,,,,,,0,0,0,0,0,0,1,,,,,,,,,,,,,,,,,,,,,,,13419677,83579,HAM,Hamilton Tiger-Cats,Regular Season,2026-09-05T13:09:45.302148,2026
1350457,19,Bo Levi Mitchell,Bo Levi Mitchell,Offensive_Quarterback,Started,19.0,24.0,0.792,287.0,3.0,0.0,47.0,11.958,14.458333333333334,1.0,15.0,0,15,15.0,,,,,,,,,,,,,,,,,,,,,,,,,,,,,,,,,,,,,,,13419677,83579,HAM,Hamilton Tiger-Cats,Regular Season,2026-09-05T13:09:45.302148,2026
1350470,5,Tre Ford,Tre Ford,Offensive_Quarterback,ActiveNotPlayed,,,,,,,,,,1.0,22.0,0,22,22.0,,,,,,,,,,,,,,,,,,,,,,,,,,,,,,,,,,,,,,,13419677,83579,HAM,Hamilton Tiger-Cats,Regular Season,2026-09-05T13:09:45.302148,2026
1350503,34,Ante Milanovic-Litre,Ante Milanovic-Litre,Offensive_Fullback,ActiveNotPlayed,,,,,,,,,,,,,,,,,,,,,,,,0,0,0,0,0,0,1,,,,,,,,,,,,,,,,,,,,,,,13419677,83579,HAM,Hamilton Tiger-Cats,Regular Season,2026-09-05T13:09:45.302148,2026
1357161,28,Gregory Junior,Gregory Junior,Defensive_DefensiveBack,Started,,,,,,,,,,,,,,,,,,,,,,,,2,0,0,0,0,0,1,,,,,,,,,,,,,,,,,,,,,,,13419677,83579,HAM,Hamilton Tiger-Cats,Regular Season,2026-09-05T13:09:45.302148,2026
1400232,1,Reggie Stubblefield,Reggie Stubblefield,Defensive_Linebacker,Started,,,,,,,,,,,,,,,,,,,,,,,,5,0,0,0,0,0,0,,,,,,,,,,,,,,,,,,,,,,,13419677,83579,HAM,Hamilton Tiger-Cats,Regular Season,2026-09-05T13:09:45.302148,2026
1401593,45,Mitchell Agude,Mitchell Agude,Defensive_DefensiveLineman,ActiveNotPlayed,,,,,,,,,,,,,,,,,,,,,,,,1,0,0,0,0,0,0,,,,,,,,,,,,,,,,,,,,,,,13419677,83579,HAM,Hamilton Tiger-Cats,Regular Season,2026-09-05T13:09:45.302148,2026
1405203,24,Robert Panabaker,Robert Panabaker,Defensive_DefensiveBack,ActiveNotPlayed,,,,,,,,,,,,,,,,,,,,,,,,1,0,0,0,0,0,1,,,,,,,,,,,,,,,,,,,,,,,13419677,83579,HAM,Hamilton Tiger-Cats,Regular Season,2026-09-05T13:09:45.302148,2026
1464500,11,Isaiah Wooden,Isaiah Wooden,Offensive_WideReceiver,ActiveNotPlayed,,,,,,,,,,,,,,,,,,,,,,,,,,,,,,,,,,,,,,,,,,,,,4.0,55.0,21.0,13.75,1.0,4.0,4.0,4.0,13419677,83579,HAM,Hamilton Tiger-Cats,Regular Season,2026-09-05T13:09:45.302148,2026
1468467,47,Owen Hubert,Owen Hubert,Defensive_DefensiveLineman,ActiveNotPlayed,,,,,,,,,,,,,,,,,,,,,,,,1,0,0,0,0,0,0,,,,,,,,,,,,,,,,,,,,,,,13419677,83579,HAM,Hamilton Tiger-Cats,Regular Season,2026-09-05T13:09:45.302148,2026
1470629,25,Destin Talbert,Destin Talbert,Defensive_DefensiveBack,Started,,,,,,,,,,,,,,,,,,,,,,,,4,0,0,0,0,0,0,,,,,,,,,,,,,,,,,,,,,,,13419677,83579,HAM,Hamilton Tiger-Cats,Regular Season,2026-09-05T13:09:45.302148,2026
1470649,36,Ryan Baker,Ryan Baker,Defensive_Linebacker,Started,,,,,,,,,,,,,,,,,,,,,,,,7,0,0,0,0,0,0,,,,,,,,,,,,,,,,,,,,,,,13419677,83579,HAM,Hamilton Tiger-Cats,Regular Season,2026-09-05T13:09:45.302148,2026
1486123,0,Isaiah Bagnah,Isaiah Bagnah,Defensive_DefensiveLineman,ActiveNotPlayed,,,,,,,,,,,,,,,,,,,,,,,,1,0,0,0,0,0,0,,,,,,,,,,,,,,,,,,,,,,,13419677,83579,HAM,Hamilton Tiger-Cats,Regular Season,2026-09-05T13:09:45.302148,2026
1487519,70,Mitch McCarthy,Mitch McCarthy,Punter,ActiveNotPlayed,,,,,,,,,,,,,,,,,,,,,,,,,,,,,,,,,,,,,,,,2.0,72.0,36.0,38.0,0.0,,,,,,,,,13419677,83579,HAM,Hamilton Tiger-Cats,Regular Season,2026-09-05T13:09:45.302148,2026
1502620,82,Maximilian Mang,Maximilian Mang,Offensive_Fullback,ActiveNotPlayed,,,,,,,,,,,,,,,1.0,1.0,4.0,3.0,1.0,4.0,4.0,4.0,1.0,,,,,,,,,,,,,,,,,,,,,,,,,,,,,,13419677,83579,HAM,Hamilton Tiger-Cats,Regular Season,2026-09-05T13:09:45.302148,2026
1602418,38,Braxton Hill,Braxton Hill,Defensive_Linebacker,Started,,,,,,,,,,,,,,,,,,,,,,,,8,0,0,0,0,0,1,,,,,,,,,,,,,,,,,,,,,,,13419677,83579,HAM,Hamilton Tiger-Cats,Regular Season,2026-09-05T13:09:45.302148,2026
941538,95,Julian Howsare,Julian Howsare,Defensive_DefensiveLineman,Started,,,,,,,,,,,,,,,,,,,,,,,,2,2,0,0,0,0,0,,,,,,,,,,,,,,,,,,,,,,,13419677,83579,HAM,Hamilton Tiger-Cats,Regular Season,2026-09-05T13:09:45.302148,2026
998924,89,Kenny Lawler,Kenny Lawler,Offensive_WideReceiver,Started,,,,,,,,,,,,,,,3.0,2.0,17.0,1.0,0.0,10.0,8.5,5.667,0.667,,,,,,,,,,,,,,,,,,,,,,,,,,,,,,13419677,83579,HAM,Hamilton Tiger-Cats,Regular Season,2026-09-05T13:09:45.302148,2026
1002690,10,Davis Alexander,Davis Alexander,Offensive_Quarterback,Started,30.0,42.0,0.714,441.0,2.0,0.0,56.0,10.5,11.452380952380953,1.0,1.0,0,1,1.0,,,,,,,,,,,,,,,,,,,,,,,,,,,,,,,,,,,,,,,13419678,86680,MTL,Montreal Alouettes,Regular Season,2026-09-05T13:09:45.302148,2026
1007370,16,Dustin Crum,Dustin Crum,Offensive_Quarterback,ActiveNotPlayed,,,,,,,,,,1.0,1.0,1,1,1.0,,,,,,,,,,,,,,,,,,,,,,,,,,,,,,,,,,,,,,,13419678,86680,MTL,Montreal Alouettes,Regular Season,2026-09-05T13:09:45.302148,2026
1012540,20,Lorenzo Burns,Lorenzo Burns,Defensive_DefensiveBack,Started,,,,,,,,,,,,,,,,,,,,,,,,3,0,0,0,0,0,0,,,,,,,,,,,,,,,,,,,,,,,13419678,86680,MTL,Montreal Alouettes,Regular Season,2026-09-05T13:09:45.302148,2026
1014914,95,Daniel Wise,Daniel Wise,Defensive_Tackle,ActiveNotPlayed,,,,,,,,,,,,,,,,,,,,,,,,1,0,0,0,0,0,0,,,,,,,,,,,,,,,,,,,,,,,13419678,86680,MTL,Montreal Alouettes,Regular Season,2026-09-05T13:09:45.302148,2026
1017226,48,Kabion Ento,Kabion Ento,Defensive_DefensiveBack,Started,,,,,,,,,,,,,,,,,,,,,,,,1,0,0,0,0,0,0,,,,,,,,,,,,,,,,,,,,,,,13419678,86680,MTL,Montreal Alouettes,Regular Season,2026-09-05T13:09:45.302148,2026
1067123,26,Tyrice Beverette,Tyrice Beverette,Defensive_Linebacker,Started,,,,,,,,,,,,,,,,,,,,,,,,1,0,0,0,0,0,0,,,,,,,,,,,,,,,,,,,,,,,13419678,86680,MTL,Montreal Alouettes,Regular Season,2026-09-05T13:09:45.302148,2026
1075914,94,Mustafa Johnson,Mustafa Johnson,Defensive_Tackle,Started,,,,,,,,,,,,,,,,,,,,,,,,2,1,0,0,0,0,0,,,,,,,,,,,,,,,,,,,,,,,13419678,86680,MTL,Montreal Alouettes,Regular Season,2026-09-05T13:09:45.302148,2026
1077936,0,Jonathan Sutherland,Jonathan Sutherland,Defensive_DefensiveBack,ActiveNotPlayed,,,,,,,,,,,,,,,,,,,,,,,,0,0,0,0,0,0,2,,,,,,,,,,,,,,,,,,,,,,,13419678,86680,MTL,Montreal Alouettes,Regular Season,2026-09-05T13:09:45.302148,2026
1078483,32,Bubba Bolden,Bubba Bolden,Defensive_Linebacker,ActiveNotPlayed,,,,,,,,,,,,,,,,,,,,,,,,2,0,0,1,0,0,0,,,,,,,,,,,,,,,,,,,,,,,13419678,86680,MTL,Montreal Alouettes,Regular Season,2026-09-05T13:09:45.302148,2026
1079000,15,Alexander Hollins,Alexander Hollins,Offensive_WideReceiver,Started,,,,,,,,,,,,,,,4.0,3.0,28.0,12.0,0.0,16.0,9.333,7.0,0.75,,,,,,,,,,,,,,,,,,,,,,,,,,,,,,13419678,86680,MTL,Montreal Alouettes,Regular Season,2026-09-05T13:09:45.302148,2026
1081310,85,Tyler Snead,Tyler Snead,Offensive_WideReceiver,Started,,,,,,,,,,,,,,,11.0,5.0,62.0,37.0,0.0,20.0,12.4,5.636,0.455,,,,,,,,,,,,,,,,,,,,,,,,,,,,,,13419678,86680,MTL,Montreal Alouettes,Regular Season,2026-09-05T13:09:45.302148,2026
1082447,83,Phillip Brooks III,Phillip Brooks III,Offensive_WideReceiver,ActiveNotPlayed,,,,,,,,,,,,,,,,,,,,,,,,,,,,,,,,,,,,,,,,,,,,,3.0,73.0,26.0,24.333,4.0,41.0,23.0,10.25,13419678,86680,MTL,Montreal Alouettes,Regular Season,2026-09-05T13:09:45.302148,2026
1084787,91,Isaac Adeyemi-Berglund,Isaac Adeyemi-Berglund,Defensive_End,Started,,,,,,,,,,,,,,,,,,,,,,,,1,0,0,0,0,0,0,,,,,,,,,,,,,,,,,,,,,,,13419678,86680,MTL,Montreal Alouettes,Regular Season,2026-09-05T13:09:45.302148,2026
1345622,89,Jerreth Sterns,Jerreth Sterns,Offensive_WideReceiver,Started,,,,,,,,,,,,,,,11.0,9.0,114.0,46.0,0.0,27.0,12.667,10.364,0.818,1,0,0,0,0,0,0,,,,,,,,,,,,,,,,,,,,,,,13419678,86680,MTL,Montreal Alouettes,Regular Season,2026-09-05T13:09:45.302148,2026
1349524,34,Alexandre Gagne,Alexandre Gagne,Defensive_Linebacker,ActiveNotPlayed,,,,,,,,,,,,,,,,,,,,,,,,0,0,0,0,0,0,1,,,,,,,,,,,,,,,,,,,,,,,13419678,86680,MTL,Montreal Alouettes,Regular Season,2026-09-05T13:09:45.302148,2026
1349552,36,Joseph Zema,Joseph Zema,Punter,ActiveNotPlayed,,,,,,,,,,,,,,,,,,,,,,,,,,,,,,,,,,,,,,,,6.0,309.0,51.5,64.0,0.0,,,,,,,,,13419678,86680,MTL,Montreal Alouettes,Regular Season,2026-09-05T13:09:45.302148,2026
1349566,6,Tyson Philpot,Tyson Philpot,Offensive_WideReceiver,Started,,,,,,,,,,,,,,,12.0,9.0,193.0,60.0,2.0,56.0,21.444,16.083,0.75,,,,,,,,,,,,,,,,,,,,,,1.0,2.0,2.0,2.0,,,,,13419678,86680,MTL,Montreal Alouettes,Regular Season,2026-09-05T13:09:45.302148,2026
1349569,37,Wesley Sutton,Wesley Sutton,Defensive_DefensiveBack,Started,,,,,,,,,,,,,,,,,,,,,,,,5,0,0,0,0,0,0,,,,,,,,,,,,,,,,,,,,,,,13419678,86680,MTL,Montreal Alouettes,Regular Season,2026-09-05T13:09:45.302148,2026
1349573,42,Tyrell Richards,Tyrell Richards,Defensive_Linebacker,ActiveNotPlayed,,,,,,,,,,,,,,,,,,,,,,,,1,0,0,0,0,0,1,,,,,,,,,,,,,,,,,,,,,,,13419678,86680,MTL,Montreal Alouettes,Regular Season,2026-09-05T13:09:45.302148,2026
1349583,88,Marco Dubois,Marco Dubois,Offensive_WideReceiver,Started,,,,,,,,,,,,,,,1.0,1.0,12.0,11.0,0.0,12.0,12.0,12.0,1.0,0,0,0,0,0,0,1,,,,,,,,,,,,,,,,,,,,,,,13419678,86680,MTL,Montreal Alouettes,Regular Season,2026-09-05T13:09:45.302148,2026
1349805,2,Micah Awe,Micah Awe,Defensive_Linebacker,ActiveNotPlayed,,,,,,,,,,,,,,,,,,,,,,,,0,0,0,0,0,0,1,,,,,,,,,,,,,,,,,,,,,,,13419678,86680,MTL,Montreal Alouettes,Regular Season,2026-09-05T13:09:45.302148,2026
1350957,19,Jose Maltos Diaz,Jose Maltos Diaz,Kicker,ActiveNotPlayed,,,,,,,,,,,,,,,,,,,,,,,,,,,,,,,3.0,3.0,1.0,40,3.0,0.0,5.0,378.0,80.0,,,,,,,,,,,,,,13419678,86680,MTL,Montreal Alouettes,Regular Season,2026-09-05T13:09:45.302148,2026
1403971,38,Jacob Mason,Jacob Mason,Offensive_Fullback,ActiveNotPlayed,,,,,,,,,,,,,,,,,,,,,,,,0,0,0,0,0,0,1,,,,,,,,,,,,,,,,,,,,,,,13419678,86680,MTL,Montreal Alouettes,Regular Season,2026-09-05T13:09:45.302148,2026
1405112,97,Joshua Archibald,Joshua Archibald,Defensive_End,Started,,,,,,,,,,,,,,,,,,,,,,,,1,0,0,0,0,0,0,,,,,,,,,,,,,,,,,,,,,,,13419678,86680,MTL,Montreal Alouettes,Regular Season,2026-09-05T13:09:45.302148,2026
1468029,33,Arthur Hamlin,Arthur Hamlin,Defensive_Linebacker,Started,,,,,,,,,,,,,,,,,,,,,,,,1,0,0,0,0,1,0,,,,,,,,,,,,,,,,,,,,,,,13419678,86680,MTL,Montreal Alouettes,Regular Season,2026-09-05T13:09:45.302148,2026
1468035,9,Geoffrey Cantin-Arku,Geoffrey Cantin-Arku,Defensive_Linebacker,Started,,,,,,,,,,,,,,,,,,,,,,,,6,0,0,0,0,0,0,,,,,,,,,,,,,,,,,,,,,,,13419678,86680,MTL,Montreal Alouettes,Regular Season,2026-09-05T13:09:45.302148,2026
1483380,1,Robert Kennedy,Robert Kennedy,Defensive_DefensiveBack,Started,,,,,,,,,,,,,,,,,,,,,,,,5,0,0,0,1,0,0,,,,,,,,,,,,,,,,,,,,,,,13419678,86680,MTL,Montreal Alouettes,Regular Season,2026-09-05T13:09:45.302148,2026
1484606,21,Don Callis,Don Callis,Defensive_DefensiveBack,ActiveNotPlayed,,,,,,,,,,,,,,,,,,,,,,,,4,0,0,0,0,0,2,,,,,,,,,,,,,,,,,,,,,,,13419678,86680,MTL,Montreal Alouettes,Regular Season,2026-09-05T13:09:45.302148,2026
1490240,35,Shomari Lawrence,Shomari Lawrence,Offensive_RunningBack,ActiveNotPlayed,,,,,,,,,,1.0,6.0,0,6,6.0,,,,,,,,,,,,,,,,,,,,,,,,,,,,,,,,,,,,,,,13419678,86680,MTL,Montreal Alouettes,Regular Season,2026-09-05T13:09:45.302148,2026
1490760,90,Decarius Hawthorne,Decarius Hawthorne,Defensive_Tackle,Started,,,,,,,,,,,,,,,,,,,,,,,,1,0,0,0,0,0,0,,,,,,,,,,,,,,,,,,,,,,,13419678,86680,MTL,Montreal Alouettes,Regular Season,2026-09-05T13:09:45.302148,2026
1520977,5,Travis Theis,Travis Theis,Offensive_RunningBack,Started,,,,,,,,,,8.0,43.0,0,13,5.375,3.0,3.0,32.0,31.0,0.0,22.0,10.667,10.667,1.0,,,,,,,,,,,,,,,,,,,,,,,,,,,,,,13419678,86680,MTL,Montreal Alouettes,Regular Season,2026-09-05T13:09:45.302148,2026
1602445,23,Nate Beauchemin,Nate Beauchemin,Defensive_DefensiveBack,Started,,,,,,,,,,,,,,,,,,,,,,,,2,0,0,0,0,0,0,,,,,,,,,,,,,,,,,,,,,,,13419678,86680,MTL,Montreal Alouettes,Regular Season,2026-09-05T13:09:45.302148,2026
1602448,41,Riley MacLeod,Riley MacLeod,Defensive_Linebacker,ActiveNotPlayed,,,,,,,,,,,,,,,,,,,,,,,,0,0,0,0,0,0,1,,,,,,,,,,,,,,,,,,,,,,,13419678,86680,MTL,Montreal Alouettes,Regular Season,2026-09-05T13:09:45.302148,2026
1005577,86,Damonte Coxie,Damonte Coxie,Offensive_WideReceiver,Started,,,,,,,,,,,,,,,7.0,2.0,19.0,1.0,0.0,19.0,9.5,2.714,0.286,,,,,,,,,,,,,,,,,,,,,,,,,,,,,,13419678,122345,TOR,Toronto Argonauts,Regular Season,2026-09-05T13:09:45.302148,2026
1006437,3,Janarion Grant,Janarion Grant,Offensive_WideReceiver,ActiveNotPlayed,,,,,,,,,,,,,,,,,,,,,,,,,,,,,,,,,,,,,,,,,,,,,5.0,129.0,31.0,25.8,5.0,104.0,56.0,20.8,13419678,122345,TOR,Toronto Argonauts,Regular Season,2026-09-05T13:09:45.302148,2026
1007054,11,Robert Priester,Robert Priester,Defensive_DefensiveBack,Started,,,,,,,,,,,,,,,,,,,,,,,,1,0,0,0,0,0,0,,,,,,,,,,,,,,,,,,,,,,,13419678,122345,TOR,Toronto Argonauts,Regular Season,2026-09-05T13:09:45.302148,2026
1011747,99,Ralph Holley,Ralph Holley,Defensive_DefensiveLineman,Started,,,,,,,,,,,,,,,,,,,,,,,,2,0,1,0,0,0,0,,,,,,,,,,,,,,,,,,,,,,,13419678,122345,TOR,Toronto Argonauts,Regular Season,2026-09-05T13:09:45.302148,2026
1015150,2,Tarvarus McFadden,Tarvarus McFadden,Defensive_DefensiveBack,Started,,,,,,,,,,,,,,,,,,,,,,,,3,0,0,0,0,0,0,,,,,,,,,,,,,,,,,,,,,,,13419678,122345,TOR,Toronto Argonauts,Regular Season,2026-09-05T13:09:45.302148,2026
1016260,95,Jonathan Kongbo,Jonathan Kongbo,Defensive_DefensiveLineman,Started,,,,,,,,,,,,,,,,,,,,,,,,2,0,0,0,0,0,0,,,,,,,,,,,,,,,,,,,,,,,13419678,122345,TOR,Toronto Argonauts,Regular Season,2026-09-05T13:09:45.302148,2026
1022794,83,David Ungerer III,David Ungerer III,Offensive_WideReceiver,Started,,,,,,,,,,,,,,,8.0,5.0,65.0,30.0,1.0,22.0,13.0,8.125,0.625,,,,,,,,,,,,,,,,,,,,,,,,,,,,,,13419678,122345,TOR,Toronto Argonauts,Regular Season,2026-09-05T13:09:45.302148,2026
1067150,64,Dakoda Shepley,Dakoda Shepley,Offensive_OffensiveLineman,Started,,,,,,,,,,,,,,,,,,,,,,,,0,0,0,0,0,0,1,,,,,,,,,,,,,,,,,,,,,,,13419678,122345,TOR,Toronto Argonauts,Regular Season,2026-09-05T13:09:45.302148,2026
1299931,70,Lirim Hajrullahu,Lirim Hajrullahu,Kicker,ActiveNotPlayed,,,,,,,,,,,,,,,,,,,,,,,,,,,,,,,3.0,5.0,0.6,31,3.0,0.0,4.0,223.0,71.0,,,,,,,,,,,,,,13419678,122345,TOR,Toronto Argonauts,Regular Season,2026-09-05T13:09:45.302148,2026
1344428,15,Makai Polk,Makai Polk,Offensive_WideReceiver,Started,,,,,,,,,,,,,,,12.0,4.0,82.0,12.0,0.0,30.0,20.5,6.833,0.333,,,,,,,,,,,,,,,,,,,,,,,,,,,,,,13419678,122345,TOR,Toronto Argonauts,Regular Season,2026-09-05T13:09:45.302148,2026
1349460,1,DaShaun Amos,DaShaun Amos,Defensive_DefensiveBack,Started,,,,,,,,,,,,,,,,,,,,,,,,3,0,0,0,0,0,0,,,,,,,,,,,,,,,,,,,,,,,13419678,122345,TOR,Toronto Argonauts,Regular Season,2026-09-05T13:09:45.302148,2026
1349479,29,John Haggerty,John Haggerty,Punter,ActiveNotPlayed,,,,,,,,,,,,,,,,,,,,,,,,,,,,,,,,,,,,,,,,4.0,168.0,42.0,43.0,0.0,,,,,,,,,13419678,122345,TOR,Toronto Argonauts,Regular Season,2026-09-05T13:09:45.302148,2026
1349532,26,Brian Harelimana,Brian Harelimana,Defensive_Linebacker,ActiveNotPlayed,,,,,,,,,,,,,,,,,,,,,,,,1,0,0,0,0,0,1,,,,,,,,,,,,,,,,,,,,,,,13419678,122345,TOR,Toronto Argonauts,Regular Season,2026-09-05T13:09:45.302148,2026
1349568,6,Adarius Pickett,Adarius Pickett,Defensive_Linebacker,Started,,,,,,,,,,,,,,,,,,,,,,,,3,1,0,0,0,0,2,,,,,,,,,,,,,,,,,,,,,,,13419678,122345,TOR,Toronto Argonauts,Regular Season,2026-09-05T13:09:45.302148,2026
1350444,8,Cameron Judge,Cameron Judge,Defensive_Linebacker,Started,,,,,,,,,,,,,,,,,,,,,,,,3,0,0,0,0,0,0,,,,,,,,,,,,,,,,,,,,,,,13419678,122345,TOR,Toronto Argonauts,Regular Season,2026-09-05T13:09:45.302148,2026
1357160,23,Benjie Franklin,Benjie Franklin,Defensive_DefensiveBack,Started,,,,,,,,,,,,,,,,,,,,,,,,5,0,0,0,0,0,0,,,,,,,,,,,,,,,,,,,,,,,13419678,122345,TOR,Toronto Argonauts,Regular Season,2026-09-05T13:09:45.302148,2026
1401657,35,Isaac Darkangelo,Isaac Darkangelo,Defensive_Linebacker,Started,,,,,,,,,,,,,,,,,,,,,,,,3,0,0,0,0,0,1,,,,,,,,,,,,,,,,,,,,,,,13419678,122345,TOR,Toronto Argonauts,Regular Season,2026-09-05T13:09:45.302148,2026
1468482,10,Kevin Mital,Kevin Mital,Offensive_WideReceiver,Started,,,,,,,,,,1.0,6.0,0,6,6.0,8.0,7.0,109.0,57.0,1.0,63.0,15.571,13.625,0.875,,,,,,,,,,,,,,,,,,,,,,,,,,,,,,13419678,122345,TOR,Toronto Argonauts,Regular Season,2026-09-05T13:09:45.302148,2026
1473233,20,Derek Slywka,Derek Slywka,Defensive_Linebacker,ActiveNotPlayed,,,,,,,,,,,,,,,,,,,,,,,,0,0,0,0,0,1,0,,,,,,,,,,,,,,,,,,,,,,,13419678,122345,TOR,Toronto Argonauts,Regular Season,2026-09-05T13:09:45.302148,2026
1485617,27,Owen Goss,Owen Goss,Defensive_Linebacker,ActiveNotPlayed,,,,,,,,,,,,,,,,,,,,,,,,0,0,0,0,1,0,0,,,,,,,,,,,,,,,,,,,,,,,13419678,122345,TOR,Toronto Argonauts,Regular Season,2026-09-05T13:09:45.302148,2026
1489868,40,Darius McKenzie,Darius McKenzie,Defensive_Linebacker,ActiveNotPlayed,,,,,,,,,,,,,,,,,,,,,,,,0,0,0,0,0,0,1,,,,,,,,,,,,,,,,,,,,,,,13419678,122345,TOR,Toronto Argonauts,Regular Season,2026-09-05T13:09:45.302148,2026
1502167,91,Soane Toia,Soane Toia,Defensive_DefensiveLineman,Started,,,,,,,,,,,,,,,,,,,,,,,,1,0,0,0,0,0,1,,,,,,,,,,,,,,,,,,,,,,,13419678,122345,TOR,Toronto Argonauts,Regular Season,2026-09-05T13:09:45.302148,2026
1546577,94,Andrew Chatfield Jr,Andrew Chatfield Jr,Defensive_DefensiveLineman,Started,,,,,,,,,,,,,,,,,,,,,,,,1,0,0,0,0,0,0,,,,,,,,,,,,,,,,,,,,,,,13419678,122345,TOR,Toronto Argonauts,Regular Season,2026-09-05T13:09:45.302148,2026
1598895,82,Tyler Kahmann,Tyler Kahmann,Offensive_WideReceiver,Started,,,,,,,,,,,,,,,7.0,6.0,106.0,21.0,1.0,43.0,17.667,15.143,0.857,,,,,,,,,,,,,,,,,,,,,,,,,,,,,,13419678,122345,TOR,Toronto Argonauts,Regular Season,2026-09-05T13:09:45.302148,2026
1602425,44,Jeremiah Ojo,Jeremiah Ojo,Defensive_DefensiveLineman,ActiveNotPlayed,,,,,,,,,,,,,,,,,,,,,,,,2,0,0,0,0,0,1,,,,,,,,,,,,,,,,,,,,,,,13419678,122345,TOR,Toronto Argonauts,Regular Season,2026-09-05T13:09:45.302148,2026
1602428,98,Da'Marcus Johnson,Da'Marcus Johnson,Defensive_DefensiveLineman,ActiveNotPlayed,,,,,,,,,,,,,,,,,,,,,,,,0,0,0,0,0,1,0,,,,,,,,,,,,,,,,,,,,,,,13419678,122345,TOR,Toronto Argonauts,Regular Season,2026-09-05T13:09:45.302148,2026
1722195,28,James Ceasar,James Ceasar,Defensive_DefensiveBack,Started,,,,,,,,,,,,,,,,,,,,,,,,6,0,0,0,1,0,0,,,,,,,,,,,,,,,,,,,,,,,13419678,122345,TOR,Toronto Argonauts,Regular Season,2026-09-05T13:09:45.302148,2026
1752323,25,Samuel Hicks,Samuel Hicks,Offensive_RunningBack,Started,,,,,,,,,,9.0,53.0,0,13,5.889,3.0,3.0,29.0,19.0,0.0,12.0,9.667,9.667,1.0,,,,,,,,,,,,,,,,,,,,,,,,,,,,,,13419678,122345,TOR,Toronto Argonauts,Regular Season,2026-09-05T13:09:45.302148,2026
1752362,21,Isaiah Smith,Isaiah Smith,Offensive_RunningBack,ActiveNotPlayed,,,,,,,,,,,,,,,1.0,1.0,35.0,35.0,0.0,35.0,35.0,35.0,1.0,,,,,,,,,,,,,,,,,,,,,,,,,,,,,,13419678,122345,TOR,Toronto Argonauts,Regular Season,2026-09-05T13:09:45.302148,2026
998710,12,Chad Kelly,Chad Kelly,Offensive_Quarterback,Started,28.0,46.0,0.609,445.0,3.0,1.0,63.0,9.674,10.0,1.0,12.0,0,12,12.0,,,,,,,,,,,,,,,,,,,,,,,,,,,,,,,,,,,,,,,13419678,122345,TOR,Toronto Argonauts,Regular Season,2026-09-05T13:09:45.302148,2026
1007936,17,Tommy Stevens,Tommy Stevens,Offensive_Quarterback,ActiveNotPlayed,,,,,,,,,,3.0,6.0,0,3,2.0,,,,,,,,,,,,,,,,,,,,,,,,,,,,,,,,,,,,,,,13419679,106752,SSK,Saskatchewan Roughriders,Regular Season,2026-09-05T13:09:45.302148,2026
1008130,5,Antoine Brooks Jr.,Antoine Brooks Jr.,Defensive_Linebacker,Started,,,,,,,,,,,,,,,,,,,,,,,,12,0,1,0,0,0,0,,,,,,,,,,,,,,,,,,,,,,,13419679,106752,SSK,Saskatchewan Roughriders,Regular Season,2026-09-05T13:09:45.302148,2026
1012862,2,Josh Woods,Josh Woods,Defensive_Linebacker,Started,,,,,,,,,,,,,,,,,,,,,,,,2,0,1,0,0,0,0,,,,,,,,,,,,,,,,,,,,,,,13419679,106752,SSK,Saskatchewan Roughriders,Regular Season,2026-09-05T13:09:45.302148,2026
1014314,22,Damarcus Fields,Damarcus Fields,Defensive_DefensiveBack,Started,,,,,,,,,,,,,,,,,,,,,,,,5,0,0,0,0,0,0,,,,,,,,,,,,,,,,,,,,,,,13419679,106752,SSK,Saskatchewan Roughriders,Regular Season,2026-09-05T13:09:45.302148,2026
1014484,47,Aubrey Miller Jr.,Aubrey Miller Jr.,Defensive_Linebacker,ActiveNotPlayed,,,,,,,,,,,,,,,,,,,,,,,,1,0,0,0,0,0,3,,,,,,,,,,,,,,,,,,,,,,,13419679,106752,SSK,Saskatchewan Roughriders,Regular Season,2026-09-05T13:09:45.302148,2026
1014683,95,Devin Adams,Devin Adams,Defensive_DefensiveLineman,ActiveNotPlayed,,,,,,,,,,,,,,,,,,,,,,,,1,0,0,0,0,0,0,,,,,,,,,,,,,,,,,,,,,,,13419679,106752,SSK,Saskatchewan Roughriders,Regular Season,2026-09-05T13:09:45.302148,2026
1020372,3,KeeSean Johnson,KeeSean Johnson,Offensive_WideReceiver,Started,,,,,,,,,,,,,,,12.0,9.0,131.0,38.0,0.0,37.0,14.556,10.917,0.75,,,,,,,,,,,,,,,,,,,,,,,,,,,,,,13419679,106752,SSK,Saskatchewan Roughriders,Regular Season,2026-09-05T13:09:45.302148,2026
1021683,45,A.J. Ouellette,A.J. Ouellette,Offensive_RunningBack,Started,,,,,,,,,,15.0,69.0,0,13,4.6,2.0,1.0,0.0,0.0,0.0,0.0,0.0,0.0,0.5,,,,,,,,,,,,,,,,,,,,,,,,,,,,,,13419679,106752,SSK,Saskatchewan Roughriders,Regular Season,2026-09-05T13:09:45.302148,2026
1077098,19,Samuel Emilus,Samuel Emilus,Offensive_WideReceiver,Started,,,,,,,,,,,,,,,6.0,6.0,91.0,14.0,3.0,38.0,15.167,15.167,1.0,,,,,,,,,,,,,,,,,,,,,,,,,,,,,,13419679,106752,SSK,Saskatchewan Roughriders,Regular Season,2026-09-05T13:09:45.302148,2026
1130108,6,Jameer Thurman,Jameer Thurman,Defensive_Linebacker,Started,,,,,,,,,,,,,,,,,,,,,,,,8,0,0,0,0,0,0,,,,,,,,,,,,,,,,,,,,,,,13419679,106752,SSK,Saskatchewan Roughriders,Regular Season,2026-09-05T13:09:45.302148,2026
1130112,9,James Vaughters,James Vaughters,Defensive_End,Started,,,,,,,,,,,,,,,,,,,,,,,,1,1,0,0,0,0,0,,,,,,,,,,,,,,,,,,,,,,,13419679,106752,SSK,Saskatchewan Roughriders,Regular Season,2026-09-05T13:09:45.302148,2026
1131432,26,Tevaughn Campbell,Tevaughn Campbell,Defensive_DefensiveBack,Started,,,,,,,,,,,,,,,,,,,,,,,,4,0,0,0,0,0,0,,,,,,,,,,,,,,,,,,,,,,,13419679,106752,SSK,Saskatchewan Roughriders,Regular Season,2026-09-05T13:09:45.302148,2026
1349520,20,Kerfalla Exume,Kerfalla Exume,Defensive_DefensiveBack,ActiveNotPlayed,,,,,,,,,,,,,,,,,,,,,,,,0,0,0,0,0,0,1,,,,,,,,,,,,,,,,,,,,,,,13419679,106752,SSK,Saskatchewan Roughriders,Regular Season,2026-09-05T13:09:45.302148,2026
1349536,7,Trevor Harris,Trevor Harris,Offensive_Quarterback,Started,30.0,36.0,0.833,417.0,3.0,0.0,52.0,11.583,13.25,,,,,,,,,,,,,,,,,,,,,,,,,,,,,,,,,,,,,,,,,,,,13419679,106752,SSK,Saskatchewan Roughriders,Regular Season,2026-09-05T13:09:45.302148,2026
1350586,25,Nelson Lokombo,Nelson Lokombo,Defensive_DefensiveBack,Started,,,,,,,,,,,,,,,,,,,,,,,,2,0,0,0,0,0,0,,,,,,,,,,,,,,,,,,,,,,,13419679,106752,SSK,Saskatchewan Roughriders,Regular Season,2026-09-05T13:09:45.302148,2026
1350617,89,Kian Schaffer-Baker,Kian Schaffer-Baker,Offensive_WideReceiver,Started,,,,,,,,,,,,,,,13.0,11.0,165.0,67.0,0.0,52.0,15.0,12.692,0.846,,,,,,,,,,,,,,,,,,,,,,,,,,,,,,13419679,106752,SSK,Saskatchewan Roughriders,Regular Season,2026-09-05T13:09:45.302148,2026
1403970,1,James Letcher Jr.,James Letcher Jr.,Offensive_WideReceiver,ActiveNotPlayed,,,,,,,,,,,,,,,,,,,,,,,,,,,,,,,,,,,,,,,,,,,,,4.0,121.0,37.0,30.25,2.0,32.0,26.0,16.0,13419679,106752,SSK,Saskatchewan Roughriders,Regular Season,2026-09-05T13:09:45.302148,2026
1404092,30,Thomas Bertrand-Hudon,Thomas Bertrand-Hudon,Offensive_RunningBack,ActiveNotPlayed,,,,,,,,,,1.0,2.0,0,2,2.0,,,,,,,,,,,,,,,,,,,,,,,,,,,,,,,,,,,,,,,13419679,106752,SSK,Saskatchewan Roughriders,Regular Season,2026-09-05T13:09:45.302148,2026
1468449,18,Dhel Duncan-Busby,Dhel Duncan-Busby,Offensive_WideReceiver,Started,,,,,,,,,,,,,,,1.0,1.0,11.0,2.0,0.0,11.0,11.0,11.0,1.0,,,,,,,,,,,,,,,,,,,,,,,,,,,,,,13419679,106752,SSK,Saskatchewan Roughriders,Regular Season,2026-09-05T13:09:45.302148,2026
1483376,82,Jaylen Johnson,Jaylen Johnson,Offensive_WideReceiver,Started,,,,,,,,,,,,,,,2.0,2.0,19.0,0.0,0.0,13.0,9.5,9.5,1.0,,,,,,,,,,,,,,,,,,,,,,,,,,,,,,13419679,106752,SSK,Saskatchewan Roughriders,Regular Season,2026-09-05T13:09:45.302148,2026
1499039,98,Desmond Evans,Desmond Evans,Defensive_DefensiveLineman,Started,,,,,,,,,,,,,,,,,,,,,,,,1,1,0,0,0,0,0,,,,,,,,,,,,,,,,,,,,,,,13419679,106752,SSK,Saskatchewan Roughriders,Regular Season,2026-09-05T13:09:45.302148,2026
1510443,11,Alex Hale,Alex Hale,Kicker,ActiveNotPlayed,,,,,,,,,,,,,,,,,,,,,,,,,,,,,,,3.0,4.0,0.75,35,3.0,1.0,4.0,273.0,71.0,,,,,,,,,,,,,,13419679,106752,SSK,Saskatchewan Roughriders,Regular Season,2026-09-05T13:09:45.302148,2026
1512298,91,Oscar Chapman,Oscar Chapman,Punter,ActiveNotPlayed,,,,,,,,,,,,,,,,,,,,,,,,,,,,,,,,,,,,,,,,2.0,92.0,46.0,48.0,0.0,,,,,,,,,13419679,106752,SSK,Saskatchewan Roughriders,Regular Season,2026-09-05T13:09:45.302148,2026
1514743,48,David Gbenda,David Gbenda,Defensive_Linebacker,ActiveNotPlayed,,,,,,,,,,,,,,,,,,,,,,,,0,0,0,0,0,0,1,,,,,,,,,,,,,,,,,,,,,,,13419679,106752,SSK,Saskatchewan Roughriders,Regular Season,2026-09-05T13:09:45.302148,2026
1602426,92,Liam Hoskins,Liam Hoskins,Defensive_End,ActiveNotPlayed,,,,,,,,,,,,,,,,,,,,,,,,0,0,0,0,0,0,1,,,,,,,,,,,,,,,,,,,,,,,13419679,106752,SSK,Saskatchewan Roughriders,Regular Season,2026-09-05T13:09:45.302148,2026
999126,8,Marcus Sayles,Marcus Sayles,Defensive_DefensiveBack,Started,,,,,,,,,,,,,,,,,,,,,,,,2,0,0,0,0,0,0,,,,,,,,,,,,,,,,,,,,,,,13419679,106752,SSK,Saskatchewan Roughriders,Regular Season,2026-09-05T13:09:45.302148,2026
999771,0,Rolan Milligan Jr.,Rolan Milligan Jr.,Defensive_DefensiveBack,Started,,,,,,,,,,,,,,,,,,,,,,,,1,0,0,0,0,0,0,,,,,,,,,,,,,,,,,,,,,,,13419679,106752,SSK,Saskatchewan Roughriders,Regular Season,2026-09-05T13:09:45.302148,2026
1007090,3,C.J. Coldon,C.J. Coldon,Defensive_DefensiveBack,Started,,,,,,,,,,,,,,,,,,,,,,,,8,0,0,0,0,0,0,,,,,,,,,,,,,,,,,,,,,,,13419679,93775,BC,BC Lions,Regular Season,2026-09-05T13:09:45.302148,2026
1012377,18,Justin McInnis,Justin McInnis,Offensive_WideReceiver,Started,,,,,,,,,,,,,,,10.0,8.0,129.0,16.0,0.0,40.0,16.125,12.9,0.8,,,,,,,,,,,,,,,,,,,,,,,,,,,,,,13419679,93775,BC,BC Lions,Regular Season,2026-09-05T13:09:45.302148,2026
1013402,83,Stanley Berryhill III,Stanley Berryhill III,Offensive_WideReceiver,Started,,,,,,,,,,,,,,,4.0,3.0,46.0,9.0,0.0,25.0,15.333,11.5,0.75,,,,,,,,,,,,,,,,,,,,,,3.0,63.0,26.0,21.0,2.0,17.0,9.0,8.5,13419679,93775,BC,BC Lions,Regular Season,2026-09-05T13:09:45.302148,2026
1021684,12,Nathan Rourke,Nathan Rourke,Offensive_Quarterback,Started,24.0,37.0,0.649,330.0,0.0,0.0,40.0,8.919,8.91891891891892,5.0,59.0,1,18,11.8,,,,,,,,,,,,,,,,,,,,,,,,,,,,,,,,,,,,,,,13419679,93775,BC,BC Lions,Regular Season,2026-09-05T13:09:45.302148,2026
1080752,9,Deontai Williams,Deontai Williams,Defensive_Linebacker,Started,,,,,,,,,,,,,,,,,,,,,,,,5,0,1,0,0,0,0,,,,,,,,,,,,,,,,,,,,,,,13419679,93775,BC,BC Lions,Regular Season,2026-09-05T13:09:45.302148,2026
1086308,21,Ronald Kent Jr.,Ronald Kent Jr.,Defensive_DefensiveBack,Started,,,,,,,,,,,,,,,,,,,,,,,,3,0,0,0,0,0,0,,,,,,,,,,,,,,,,,,,,,,,13419679,93775,BC,BC Lions,Regular Season,2026-09-05T13:09:45.302148,2026
1130072,90,Mathieu Betts,Mathieu Betts,Defensive_DefensiveLineman,Started,,,,,,,,,,,,,,,,,,,,,,,,3,1,0,0,1,0,0,,,,,,,,,,,,,,,,,,,,,,,13419679,93775,BC,BC Lions,Regular Season,2026-09-05T13:09:45.302148,2026
1349807,20,James Butler,James Butler,Offensive_RunningBack,Started,,,,,,,,,,9.0,35.0,2,15,3.889,5.0,2.0,10.0,2.0,0.0,8.0,5.0,2.0,0.4,,,,,,,,,,,,,,,,,,,,,,,,,,,,,,13419679,93775,BC,BC Lions,Regular Season,2026-09-05T13:09:45.302148,2026
1349808,91,Nathan Cherry,Nathan Cherry,Defensive_DefensiveLineman,ActiveNotPlayed,,,,,,,,,,,,,,,,,,,,,,,,1,0,0,0,0,0,0,,,,,,,,,,,,,,,,,,,,,,,13419679,93775,BC,BC Lions,Regular Season,2026-09-05T13:09:45.302148,2026
1349811,86,Jevon Cottoy,Jevon Cottoy,Offensive_WideReceiver,Started,,,,,,,,,,,,,,,4.0,4.0,51.0,22.0,0.0,17.0,12.75,12.75,1.0,,,,,,,,,,,,,,,,,,,,,,,,,,,,,,13419679,93775,BC,BC Lions,Regular Season,2026-09-05T13:09:45.302148,2026
1349817,46,Ben Hladik,Ben Hladik,Defensive_Linebacker,Started,,,,,,,,,,,,,,,,,,,,,,,,2,0,0,0,0,0,0,,,,,,,,,,,,,,,,,,,,,,,13419679,93775,BC,BC Lions,Regular Season,2026-09-05T13:09:45.302148,2026
1349819,6,T.J Lee,T.J Lee,Defensive_DefensiveBack,Started,,,,,,,,,,,,,,,,,,,,,,,,8,0,0,0,0,0,0,,,,,,,,,,,,,,,,,,,,,,,13419679,93775,BC,BC Lions,Regular Season,2026-09-05T13:09:45.302148,2026
1349833,45,Riley Pickett,Riley Pickett,Offensive_Fullback,ActiveNotPlayed,,,,,,,,,,,,,,,1.0,0.0,0.0,0.0,0.0,0.0,,,0.0,0,0,0,0,0,0,1,,,,,,,,,,,,,,,,,,,,,,,13419679,93775,BC,BC Lions,Regular Season,2026-09-05T13:09:45.302148,2026
1349844,10,Sean Whyte,Sean Whyte,Kicker,ActiveNotPlayed,,,,,,,,,,,,,,,,,,,,,,,,,,,,,,,2.0,2.0,1.0,25,3.0,0.0,,,,,,,,,,,,,,,,,13419679,93775,BC,BC Lions,Regular Season,2026-09-05T13:09:45.302148,2026
1357246,34,Zander Horvath,Zander Horvath,Offensive_RunningBack,ActiveNotPlayed,,,,,,,,,,3.0,5.0,0,3,1.667,3.0,1.0,8.0,7.0,0.0,8.0,8.0,2.667,0.333,,,,,,,,,,,,,,,,,,,,,,,,,,,,,,13419679,93775,BC,BC Lions,Regular Season,2026-09-05T13:09:45.302148,2026
1400561,98,Levi Bell,Levi Bell,Defensive_DefensiveLineman,Started,,,,,,,,,,,,,,,,,,,,,,,,1,0,0,0,0,0,0,,,,,,,,,,,,,,,,,,,,,,,13419679,93775,BC,BC Lions,Regular Season,2026-09-05T13:09:45.302148,2026
1404963,82,Kieran Poissant,Kieran Poissant,Offensive_WideReceiver,ActiveNotPlayed,,,,,,,,,,,,,,,3.0,2.0,22.0,0.0,0.0,12.0,11.0,7.333,0.667,0,0,0,0,0,0,1,,,,,,,,,,,,,,,,,,,,,,,13419679,93775,BC,BC Lions,Regular Season,2026-09-05T13:09:45.302148,2026
1408642,99,Jonah Tavai,Jonah Tavai,Defensive_DefensiveLineman,Started,,,,,,,,,,,,,,,,,,,,,,,,1,0,0,0,0,0,0,,,,,,,,,,,,,,,,,,,,,,,13419679,93775,BC,BC Lions,Regular Season,2026-09-05T13:09:45.302148,2026
1470674,17,Carl Meyer,Carl Meyer,Punter,ActiveNotPlayed,,,,,,,,,,,,,,,,,,,,,,,,,,,,,,,,,,,,,4.0,275.0,74.0,4.0,198.0,49.5,66.0,1.0,,,,,,,,,13419679,93775,BC,BC Lions,Regular Season,2026-09-05T13:09:45.302148,2026
1492699,8,Seven McGee,Seven McGee,Offensive_WideReceiver,Started,,,,,,,,,,,,,,,,,,,,,,,,,,,,,,,,,,,,,,,,,,,,,1.0,12.0,12.0,12.0,,,,,13419679,93775,BC,BC Lions,Regular Season,2026-09-05T13:09:45.302148,2026
1497134,48,Hayden Harris,Hayden Harris,Defensive_DefensiveLineman,ActiveNotPlayed,,,,,,,,,,,,,,,,,,,,,,,,1,0,0,0,0,0,0,,,,,,,,,,,,,,,,,,,,,,,13419679,93775,BC,BC Lions,Regular Season,2026-09-05T13:09:45.302148,2026
1506047,26,Tyson Russell,Tyson Russell,Defensive_DefensiveBack,Started,,,,,,,,,,,,,,,,,,,,,,,,3,0,0,0,0,0,0,,,,,,,,,,,,,,,,,,,,,,,13419679,93775,BC,BC Lions,Regular Season,2026-09-05T13:09:45.302148,2026
1521552,42,Parker McKenna,Parker McKenna,Defensive_Linebacker,ActiveNotPlayed,,,,,,,,,,,,,,,,,,,,,,,,1,0,0,0,0,0,1,,,,,,,,,,,,,,,,,,,,,,,13419679,93775,BC,BC Lions,Regular Season,2026-09-05T13:09:45.302148,2026
1601197,33,Jackson Findlay,Jackson Findlay,Defensive_DefensiveBack,Started,,,,,,,,,,,,,,,,,,,,,,,,5,0,0,0,0,0,1,,,,,,,,,,,,,,,,,,,,,,,13419679,93775,BC,BC Lions,Regular Season,2026-09-05T13:09:45.302148,2026
1601212,36,Jacob Bond,Jacob Bond,Offensive_Fullback,ActiveNotPlayed,,,,,,,,,,,,,,,2.0,0.0,0.0,0.0,0.0,0.0,,,0.0,0,0,0,0,0,0,2,,,,,,,,,,,,,,,,,,,,,,,13419679,93775,BC,BC Lions,Regular Season,2026-09-05T13:09:45.302148,2026
998538,4,Keon Hatcher,Keon Hatcher,Offensive_WideReceiver,Started,,,,,,,,,,,,,,,5.0,4.0,64.0,23.0,0.0,25.0,16.0,12.8,0.8,,,,,,,,,,,,,,,,,,,,,,,,,,,,,,13419679,93775,BC,BC Lions,Regular Season,2026-09-05T13:09:45.302148,2026
999245,53,Darnell Sankey,Darnell Sankey,Defensive_Linebacker,Started,,,,,,,,,,,,,,,,,,,,,,,,4,0,0,0,0,0,0,,,,,,,,,,,,,,,,,,,,,,,13419679,93775,BC,BC Lions,Regular Season,2026-09-05T13:09:45.302148,2026
999389,2,Casey Sayles,Casey Sayles,Defensive_DefensiveLineman,Started,,,,,,,,,,,,,,,,,,,,,,,,1,0,0,0,0,0,0,,,,,,,,,,,,,,,,,,,,,,,13419679,93775,BC,BC Lions,Regular Season,2026-09-05T13:09:45.302148,2026
1003124,12,Kaleb Hayes,Kaleb Hayes,Defensive_DefensiveBack,ActiveNotPlayed,,,,,,,,,,,,,,,,,,,,,,,,0,0,0,0,0,0,2,,,,,,,,,,,,,,,,,,,,,,,13419680,83579,HAM,Hamilton Tiger-Cats,Regular Season,2026-09-05T13:09:45.302148,2026
1014479,37,Larry Rountree III,Larry Rountree III,Offensive_RunningBack,Started,,,,,,,,,,18.0,62.0,0,12,3.444,1.0,1.0,11.0,11.0,0.0,11.0,11.0,11.0,1.0,,,,,,,,,,,,,,,,,,,,,,,,,,,,,,13419680,83579,HAM,Hamilton Tiger-Cats,Regular Season,2026-09-05T13:09:45.302148,2026
1018050,16,Jake Dolegala,Jake Dolegala,Offensive_Quarterback,ActiveNotPlayed,,,,,,,,,,2.0,1.0,1,1,0.5,,,,,,,,,,,,,,,,,,,,,,,,,,,,,,,,,,,,,,,13419680,83579,HAM,Hamilton Tiger-Cats,Regular Season,2026-09-05T13:09:45.302148,2026
1022381,91,Miles Fox,Miles Fox,Defensive_DefensiveLineman,Started,,,,,,,,,,,,,,,,,,,,,,,,3,0,1,0,0,0,0,,,,,,,,,,,,,,,,,,,,,,,13419680,83579,HAM,Hamilton Tiger-Cats,Regular Season,2026-09-05T13:09:45.302148,2026
1080994,3,Quavian White,Quavian White,Defensive_DefensiveBack,Started,,,,,,,,,,,,,,,,,,,,,,,,5,1,0,0,0,0,0,,,,,,,,,,,,,,,,,,,,,,,13419680,83579,HAM,Hamilton Tiger-Cats,Regular Season,2026-09-05T13:09:45.302148,2026
1290182,7,Myron Mitchell,Myron Mitchell,Offensive_WideReceiver,ActiveNotPlayed,,,,,,,,,,,,,,,2.0,1.0,56.0,7.0,0.0,56.0,56.0,28.0,0.5,,,,,,,,,,,,,,,,,,,,,,,,,,,,,,13419680,83579,HAM,Hamilton Tiger-Cats,Regular Season,2026-09-05T13:09:45.302148,2026
1345719,8,Keric Wheatfall,Keric Wheatfall,Offensive_WideReceiver,Started,,,,,,,,,,,,,,,1.0,0.0,0.0,0.0,0.0,0.0,,,0.0,,,,,,,,,,,,,,,,,,,,,,,,,,,,,,13419680,83579,HAM,Hamilton Tiger-Cats,Regular Season,2026-09-05T13:09:45.302148,2026
1349477,14,Kurleigh Gittens Jr.,Kurleigh Gittens Jr.,Offensive_WideReceiver,Started,,,,,,,,,,,,,,,4.0,4.0,43.0,2.0,1.0,23.0,10.75,10.75,1.0,,,,,,,,,,,,,,,,,,,,,,,,,,,,,,13419680,83579,HAM,Hamilton Tiger-Cats,Regular Season,2026-09-05T13:09:45.302148,2026
1349542,33,Marc Liegghio,Marc Liegghio,Kicker,ActiveNotPlayed,,,,,,,,,,,,,,,,,,,,,,,,,,,,,,,0.0,1.0,0.0,0,5.0,0.0,7.0,457.0,79.0,,,,,,,,,,,,,,13419680,83579,HAM,Hamilton Tiger-Cats,Regular Season,2026-09-05T13:09:45.302148,2026
1349621,30,Stavros Katsantonis,Stavros Katsantonis,Defensive_DefensiveBack,Started,,,,,,,,,,,,,,,,,,,,,,,,3,0,0,1,0,0,0,,,,,,,,,,,,,,,,,,,,,,,13419680,83579,HAM,Hamilton Tiger-Cats,Regular Season,2026-09-05T13:09:45.302148,2026
1349633,85,Kiondre Smith,Kiondre Smith,Offensive_WideReceiver,Started,,,,,,,,,,,,,,,2.0,2.0,72.0,23.0,1.0,56.0,36.0,36.0,1.0,,,,,,,,,,,,,,,,,,,,,,,,,,,,,,13419680,83579,HAM,Hamilton Tiger-Cats,Regular Season,2026-09-05T13:09:45.302148,2026
1350454,83,Tyson Middlemost,Tyson Middlemost,Offensive_WideReceiver,ActiveNotPlayed,,,,,,,,,,,,,,,,,,,,,,,,0,0,0,0,0,0,1,,,,,,,,,,,,,,,,,,,,,,,13419680,83579,HAM,Hamilton Tiger-Cats,Regular Season,2026-09-05T13:09:45.302148,2026
1350457,19,Bo Levi Mitchell,Bo Levi Mitchell,Offensive_Quarterback,Started,15.0,18.0,0.833,285.0,5.0,0.0,56.0,15.833,21.38888888888889,,,,,,,,,,,,,,,,,,,,,,,,,,,,,,,,,,,,,,,,,,,,13419680,83579,HAM,Hamilton Tiger-Cats,Regular Season,2026-09-05T13:09:45.302148,2026
1350503,34,Ante Milanovic-Litre,Ante Milanovic-Litre,Offensive_RunningBack,ActiveNotPlayed,,,,,,,,,,,,,,,,,,,,,,,,0,0,0,0,0,0,1,,,,,,,,,,,,,,,,,,,,,,,13419680,83579,HAM,Hamilton Tiger-Cats,Regular Season,2026-09-05T13:09:45.302148,2026
1350877,88,Tyler Ternowski,Tyler Ternowski,Offensive_WideReceiver,Started,,,,,,,,,,,,,,,,,,,,,,,,0,0,0,0,0,0,1,,,,,,,,,,,,,,,,,,,,,,,13419680,83579,HAM,Hamilton Tiger-Cats,Regular Season,2026-09-05T13:09:45.302148,2026
1400232,1,Reggie Stubblefield,Reggie Stubblefield,Defensive_Linebacker,Started,,,,,,,,,,,,,,,,,,,,,,,,7,0,0,0,0,0,0,,,,,,,,,,,,,,,,,,,,,,,13419680,83579,HAM,Hamilton Tiger-Cats,Regular Season,2026-09-05T13:09:45.302148,2026
1401593,45,Mitchell Agude,Mitchell Agude,Defensive_DefensiveLineman,ActiveNotPlayed,,,,,,,,,,,,,,,,,,,,,,,,0,0,0,0,0,0,1,,,,,,,,,,,,,,,,,,,,,,,13419680,83579,HAM,Hamilton Tiger-Cats,Regular Season,2026-09-05T13:09:45.302148,2026
1405203,24,Robert Panabaker,Robert Panabaker,Defensive_DefensiveBack,ActiveNotPlayed,,,,,,,,,,,,,,,,,,,,,,,,1,0,0,0,0,0,1,,,,,,,,,,,,,,,,,,,,,,,13419680,83579,HAM,Hamilton Tiger-Cats,Regular Season,2026-09-05T13:09:45.302148,2026
1464500,11,Isaiah Wooden,Isaiah Wooden,Offensive_WideReceiver,ActiveNotPlayed,,,,,,,,,,,,,,,,,,,,,,,,,,,,,,,,,,,,,,,,,,,,,3.0,69.0,33.0,23.0,1.0,4.0,4.0,4.0,13419680,83579,HAM,Hamilton Tiger-Cats,Regular Season,2026-09-05T13:09:45.302148,2026
1470629,25,Destin Talbert,Destin Talbert,Defensive_DefensiveBack,Started,,,,,,,,,,,,,,,,,,,,,,,,4,0,0,0,0,0,0,,,,,,,,,,,,,,,,,,,,,,,13419680,83579,HAM,Hamilton Tiger-Cats,Regular Season,2026-09-05T13:09:45.302148,2026
1470639,61,Nathaniel Dumoulin Duguay,Nathaniel Dumoulin Duguay,Offensive_OffensiveLineman,Started,,,,,,,,,,,,,,,,,,,,,,,,0,0,0,0,0,0,1,,,,,,,,,,,,,,,,,,,,,,,13419680,83579,HAM,Hamilton Tiger-Cats,Regular Season,2026-09-05T13:09:45.302148,2026
1470649,36,Ryan Baker,Ryan Baker,Defensive_Linebacker,Started,,,,,,,,,,,,,,,,,,,,,,,,8,0,0,0,0,0,0,,,,,,,,,,,,,,,,,,,,,,,13419680,83579,HAM,Hamilton Tiger-Cats,Regular Season,2026-09-05T13:09:45.302148,2026
1483388,6,Zamari Walton,Zamari Walton,Defensive_DefensiveBack,Started,,,,,,,,,,,,,,,,,,,,,,,,3,0,0,0,0,0,0,,,,,,,,,,,,,,,,,,,,,,,13419680,83579,HAM,Hamilton Tiger-Cats,Regular Season,2026-09-05T13:09:45.302148,2026
1483410,22,Mario Kendricks,Mario Kendricks,Defensive_DefensiveLineman,Started,,,,,,,,,,,,,,,,,,,,,,,,3,1,0,0,0,0,0,,,,,,,,,,,,,,,,,,,,,,,13419680,83579,HAM,Hamilton Tiger-Cats,Regular Season,2026-09-05T13:09:45.302148,2026
1487519,70,Mitch McCarthy,Mitch McCarthy,Punter,ActiveNotPlayed,,,,,,,,,,,,,,,,,,,,,,,,,,,,,,,,,,,,,,,,4.0,209.0,52.25,57.0,1.0,,,,,,,,,13419680,83579,HAM,Hamilton Tiger-Cats,Regular Season,2026-09-05T13:09:45.302148,2026
1502620,82,Maximilian Mang,Maximilian Mang,Offensive_TightEnd,ActiveNotPlayed,,,,,,,,,,,,,,,3.0,3.0,22.0,6.0,2.0,8.0,7.333,7.333,1.0,,,,,,,,,,,,,,,,,,,,,,,,,,,,,,13419680,83579,HAM,Hamilton Tiger-Cats,Regular Season,2026-09-05T13:09:45.302148,2026
1518663,32,Jordan Crook,Jordan Crook,Defensive_Linebacker,ActiveNotPlayed,,,,,,,,,,,,,,,,,,,,,,,,0,0,0,0,0,0,2,,,,,,,,,,,,,,,,,,,,,,,13419680,83579,HAM,Hamilton Tiger-Cats,Regular Season,2026-09-05T13:09:45.302148,2026
1602418,38,Braxton Hill,Braxton Hill,Defensive_Linebacker,Started,,,,,,,,,,,,,,,,,,,,,,,,10,0,0,0,0,0,0,,,,,,,,,,,,,,,,,,,,,,,13419680,83579,HAM,Hamilton Tiger-Cats,Regular Season,2026-09-05T13:09:45.302148,2026
1602441,46,Philip Ossai,Philip Ossai,Defensive_DefensiveLineman,Started,,,,,,,,,,,,,,,,,,,,,,,,1,1,0,0,0,0,0,,,,,,,,,,,,,,,,,,,,,,,13419680,83579,HAM,Hamilton Tiger-Cats,Regular Season,2026-09-05T13:09:45.302148,2026
941538,95,Julian Howsare,Julian Howsare,Defensive_DefensiveLineman,Started,,,,,,,,,,,,,,,,,,,,,,,,3,0,0,0,0,0,0,,,,,,,,,,,,,,,,,,,,,,,13419680,83579,HAM,Hamilton Tiger-Cats,Regular Season,2026-09-05T13:09:45.302148,2026
998924,89,Kenny Lawler,Kenny Lawler,Offensive_WideReceiver,Started,,,,,,,,,,,,,,,5.0,4.0,81.0,6.0,1.0,49.0,20.25,16.2,0.8,,,,,,,,,,,,,,,,,,,,,,,,,,,,,,13419680,83579,HAM,Hamilton Tiger-Cats,Regular Season,2026-09-05T13:09:45.302148,2026
1006663,7,Chase Brice,Chase Brice,Offensive_Quarterback,ActiveNotPlayed,6.0,7.0,0.857,87.0,1.0,0.0,27.0,12.429,15.285714285714286,,,,,,,,,,,,,,,,,,,,,,,,,,,,,,,,,,,,,,,,,,,,13419680,93775,BC,BC Lions,Regular Season,2026-09-05T13:09:45.302148,2026
1012377,18,Justin McInnis,Justin McInnis,Offensive_WideReceiver,Started,,,,,,,,,,,,,,,9.0,5.0,81.0,29.0,0.0,27.0,16.2,9.0,0.556,,,,,,,,,,,,,,,,,,,,,,,,,,,,,,13419680,93775,BC,BC Lions,Regular Season,2026-09-05T13:09:45.302148,2026
1019961,40,Tibo Debaillie,Tibo Debaillie,Defensive_DefensiveLineman,ActiveNotPlayed,,,,,,,,,,,,,,,,,,,,,,,,1,0,0,0,0,0,0,,,,,,,,,,,,,,,1.0,7.0,7.0,7.0,,,,,13419680,93775,BC,BC Lions,Regular Season,2026-09-05T13:09:45.302148,2026
1021684,12,Nathan Rourke,Nathan Rourke,Offensive_Quarterback,Started,24.0,35.0,0.686,291.0,1.0,1.0,28.0,8.314,7.6,1.0,6.0,0,6,6.0,,,,,,,,,,,,,,,,,,,,,,,,,,,,,,,,,,,,,,,13419680,93775,BC,BC Lions,Regular Season,2026-09-05T13:09:45.302148,2026
1080752,9,Deontai Williams,Deontai Williams,Defensive_Linebacker,Started,,,,,,,,,,,,,,,,,,,,,,,,6,0,0,0,0,0,0,,,,,,,,,,,,,,,,,,,,,,,13419680,93775,BC,BC Lions,Regular Season,2026-09-05T13:09:45.302148,2026
1130120,0,Sione Teuhema,Sione Teuhema,Defensive_DefensiveLineman,ActiveNotPlayed,,,,,,,,,,,,,,,,,,,,,,,,2,0,1,0,0,0,0,,,,,,,,,,,,,,,,,,,,,,,13419680,93775,BC,BC Lions,Regular Season,2026-09-05T13:09:45.302148,2026
1349807,20,James Butler,James Butler,Offensive_RunningBack,Started,,,,,,,,,,15.0,62.0,0,11,4.133,3.0,2.0,9.0,7.0,0.0,9.0,4.5,3.0,0.667,,,,,,,,,,,,,,,,,,,,,,,,,,,,,,13419680,93775,BC,BC Lions,Regular Season,2026-09-05T13:09:45.302148,2026
1349817,46,Ben Hladik,Ben Hladik,Defensive_Linebacker,Started,,,,,,,,,,,,,,,,,,,,,,,,2,0,0,0,0,0,0,,,,,,,,,,,,,,,,,,,,,,,13419680,93775,BC,BC Lions,Regular Season,2026-09-05T13:09:45.302148,2026
1349819,6,T.J Lee,T.J Lee,Defensive_DefensiveBack,Started,,,,,,,,,,,,,,,,,,,,,,,,3,0,0,0,0,0,0,,,,,,,,,,,,,,,,,,,,,,,13419680,93775,BC,BC Lions,Regular Season,2026-09-05T13:09:45.302148,2026
1349833,45,Riley Pickett,Riley Pickett,Offensive_Fullback,ActiveNotPlayed,,,,,,,,,,,,,,,1.0,1.0,5.0,0.0,0.0,5.0,5.0,5.0,1.0,,,,,,,,,,,,,,,,,,,,,,,,,,,,,,13419680,93775,BC,BC Lions,Regular Season,2026-09-05T13:09:45.302148,2026
1349844,10,Sean Whyte,Sean Whyte,Kicker,ActiveNotPlayed,,,,,,,,,,,,,,,,,,,,,,,,,,,,,,,4.0,4.0,1.0,43,2.0,0.0,,,,,,,,,,,,,,,,,13419680,93775,BC,BC Lions,Regular Season,2026-09-05T13:09:45.302148,2026
1357246,34,Zander Horvath,Zander Horvath,Offensive_RunningBack,ActiveNotPlayed,,,,,,,,,,4.0,11.0,0,4,2.75,1.0,1.0,2.0,1.0,0.0,2.0,2.0,2.0,1.0,,,,,,,,,,,,,,,,,,,,,,,,,,,,,,13419680,93775,BC,BC Lions,Regular Season,2026-09-05T13:09:45.302148,2026
1400561,98,Levi Bell,Levi Bell,Defensive_DefensiveLineman,Started,,,,,,,,,,,,,,,,,,,,,,,,2,0,1,0,0,0,0,,,,,,,,,,,,,,,,,,,,,,,13419680,93775,BC,BC Lions,Regular Season,2026-09-05T13:09:45.302148,2026
1404963,82,Kieran Poissant,Kieran Poissant,Offensive_WideReceiver,Started,,,,,,,,,,,,,,,5.0,3.0,47.0,9.0,0.0,18.0,15.667,9.4,0.6,,,,,,,,,,,,,,,,,,,,,,,,,,,,,,13419680,93775,BC,BC Lions,Regular Season,2026-09-05T13:09:45.302148,2026
1470674,17,Carl Meyer,Carl Meyer,Punter,ActiveNotPlayed,,,,,,,,,,,,,,,,,,,,,,,,0,0,0,0,0,0,2,,,,,,,3.0,179.0,67.0,3.0,138.0,46.0,51.0,1.0,,,,,,,,,13419680,93775,BC,BC Lions,Regular Season,2026-09-05T13:09:45.302148,2026
1483768,84,Jermaine Jackson,Jermaine Jackson,Offensive_WideReceiver,Started,,,,,,,,,,,,,,,5.0,3.0,37.0,9.0,0.0,15.0,12.333,7.4,0.6,,,,,,,,,,,,,,,,,,,,,,,,,,,,,,13419680,93775,BC,BC Lions,Regular Season,2026-09-05T13:09:45.302148,2026
1492402,85,Nick Cenacle,Nick Cenacle,Offensive_WideReceiver,Started,,,,,,,,,,,,,,,12.0,9.0,120.0,42.0,2.0,28.0,13.333,10.0,0.75,,,,,,,,,,,,,,,,,,,,,,,,,,,,,,13419680,93775,BC,BC Lions,Regular Season,2026-09-05T13:09:45.302148,2026
1500325,11,Silas Bolden,Silas Bolden,Offensive_WideReceiver,ActiveNotPlayed,,,,,,,,,,,,,,,3.0,3.0,25.0,10.0,0.0,12.0,8.333,8.333,1.0,,,,,,,,,,,,,,,,,,,,,,6.0,142.0,42.0,23.667,2.0,19.0,10.0,9.5,13419680,93775,BC,BC Lions,Regular Season,2026-09-05T13:09:45.302148,2026
1513942,13,Pierre Kemeni,Pierre Kemeni,Defensive_Linebacker,ActiveNotPlayed,,,,,,,,,,,,,,,,,,,,,,,,0,0,0,0,0,0,1,,,,,,,,,,,,,,,,,,,,,,,13419680,93775,BC,BC Lions,Regular Season,2026-09-05T13:09:45.302148,2026
1521552,42,Parker McKenna,Parker McKenna,Defensive_Linebacker,ActiveNotPlayed,,,,,,,,,,,,,,,,,,,,,,,,1,0,0,0,0,0,0,,,,,,,,,,,,,,,,,,,,,,,13419680,93775,BC,BC Lions,Regular Season,2026-09-05T13:09:45.302148,2026
1601197,33,Jackson Findlay,Jackson Findlay,Defensive_DefensiveBack,Started,,,,,,,,,,,,,,,,,,,,,,,,3,0,0,0,0,0,0,,,,,,,,,,,,,,,,,,,,,,,13419680,93775,BC,BC Lions,Regular Season,2026-09-05T13:09:45.302148,2026
1761491,80,Jaden Williams,Jaden Williams,Offensive_WideReceiver,Started,,,,,,,,,,,,,,,3.0,3.0,52.0,15.0,0.0,26.0,17.333,17.333,1.0,,,,,,,,,,,,,,,,,,,,,,,,,,,,,,13419680,93775,BC,BC Lions,Regular Season,2026-09-05T13:09:45.302148,2026
999245,53,Darnell Sankey,Darnell Sankey,Defensive_Linebacker,Started,,,,,,,,,,,,,,,,,,,,,,,,7,0,0,0,0,0,0,,,,,,,,,,,,,,,,,,,,,,,13419680,93775,BC,BC Lions,Regular Season,2026-09-05T13:09:45.302148,2026
999389,2,Casey Sayles,Casey Sayles,Defensive_DefensiveLineman,Started,,,,,,,,,,,,,,,,,,,,,,,,2,0,1,0,0,0,0,,,,,,,,,,,,,,,,,,,,,,,13419680,93775,BC,BC Lions,Regular Season,2026-09-05T13:09:45.302148,2026
1007078,7,Ayden Eberhardt,Ayden Eberhardt,Offensive_WideReceiver,Started,,,,,,,,,,,,,,,13.0,8.0,129.0,34.0,1.0,27.0,16.125,9.923,0.615,,,,,,,,,,,,,,,,,,,,,,,,,,,,,,13419681,88019,OTT,Ottawa RedBlacks,Regular Season,2026-09-05T13:09:45.302148,2026
1007314,9,Shakur Brown,Shakur Brown,Defensive_DefensiveBack,Started,,,,,,,,,,,,,,,,,,,,,,,,4,0,0,0,0,0,0,,,,,,,,,,,,,,,,,,,,,,,13419681,88019,OTT,Ottawa RedBlacks,Regular Season,2026-09-05T13:09:45.302148,2026
1007797,14,Bennett Williams,Bennett Williams,Defensive_DefensiveBack,Started,,,,,,,,,,,,,,,,,,,,,,,,3,0,0,0,0,0,2,,,,,,,,,,,,,,,,,,,,,,,13419681,88019,OTT,Ottawa RedBlacks,Regular Season,2026-09-05T13:09:45.302148,2026
1011917,8,C.J. Reavis,C.J. Reavis,Defensive_Linebacker,Started,,,,,,,,,,,,,,,,,,,,,,,,6,0,1,0,0,0,0,,,,,,,,,,,,,,,,,,,,,,,13419681,88019,OTT,Ottawa RedBlacks,Regular Season,2026-09-05T13:09:45.302148,2026
1015046,83,Kalil Pimpleton,Kalil Pimpleton,Offensive_WideReceiver,Started,,,,,,,,,,,,,,,6.0,3.0,43.0,6.0,0.0,30.0,14.333,7.167,0.5,,,,,,,,,,,,,,,,,,,,,,6.0,157.0,34.0,26.167,3.0,40.0,22.0,13.333,13419681,88019,OTT,Ottawa RedBlacks,Regular Season,2026-09-05T13:09:45.302148,2026
1019929,91,Bryce Carter,Bryce Carter,Defensive_DefensiveLineman,Started,,,,,,,,,,,,,,,,,,,,,,,,3,0,0,0,0,0,0,,,,,,,,,,,,,,,,,,,,,,,13419681,88019,OTT,Ottawa RedBlacks,Regular Season,2026-09-05T13:09:45.302148,2026
1022991,6,Demerio Houston,Demerio Houston,Defensive_DefensiveBack,Started,,,,,,,,,,,,,,,,,,,,,,,,1,0,0,0,0,0,1,,,,,,,,,,,,,,,,,,,,,,,13419681,88019,OTT,Ottawa RedBlacks,Regular Season,2026-09-05T13:09:45.302148,2026
1077845,95,Habakkuk Baldonado,Habakkuk Baldonado,Defensive_DefensiveLineman,Started,,,,,,,,,,,,,,,,,,,,,,,,1,0,0,0,0,0,0,,,,,,,,,,,,,,,,,,,,,,,13419681,88019,OTT,Ottawa RedBlacks,Regular Season,2026-09-05T13:09:45.302148,2026
1080706,5,Greg Bell,Greg Bell,Offensive_RunningBack,Started,,,,,,,,,,11.0,29.0,0,9,2.636,8.0,6.0,31.0,22.0,0.0,9.0,5.167,3.875,0.75,,,,,,,,,,,,,,,,,,,,,,,,,,,,,,13419681,88019,OTT,Ottawa RedBlacks,Regular Season,2026-09-05T13:09:45.302148,2026
1083949,13,Jake Maier,Jake Maier,Offensive_Quarterback,Started,25.0,40.0,0.625,281.0,1.0,2.0,30.0,7.025,5.275,2.0,14.0,0,13,7.0,,,,,,,,,,,,,,,,,,,,,,,,,,,,,,,,,,,,,,,13419681,88019,OTT,Ottawa RedBlacks,Regular Season,2026-09-05T13:09:45.302148,2026
1086231,31,Jeremy Lucien,Jeremy Lucien,Defensive_DefensiveBack,Started,,,,,,,,,,,,,,,,,,,,,,,,5,0,0,0,0,0,1,,,,,,,,,,,,,,,,,,,,,,,13419681,88019,OTT,Ottawa RedBlacks,Regular Season,2026-09-05T13:09:45.302148,2026
1092881,20,Alonzo Addae,Alonzo Addae,Defensive_DefensiveBack,Started,,,,,,,,,,,,,,,,,,,,,,,,3,0,0,1,0,0,0,,,,,,,,,,,,,,,,,,,,,,,13419681,88019,OTT,Ottawa RedBlacks,Regular Season,2026-09-05T13:09:45.302148,2026
1349458,25,Daniel Adeboboye,Daniel Adeboboye,Offensive_RunningBack,ActiveNotPlayed,,,,,,,,,,1.0,0.0,0,0,0.0,,,,,,,,,,,,,,,,,,,,,,,,,,,,,,,,,,,,,,,13419681,88019,OTT,Ottawa RedBlacks,Regular Season,2026-09-05T13:09:45.302148,2026
1349550,87,Eugene Lewis,Eugene Lewis,Offensive_WideReceiver,Started,,,,,,,,,,,,,,,7.0,4.0,48.0,12.0,0.0,29.0,12.0,6.857,0.571,1,0,0,0,0,0,0,,,,,,,,,,,,,,,,,,,,,,,13419681,88019,OTT,Ottawa RedBlacks,Regular Season,2026-09-05T13:09:45.302148,2026
1350478,23,Scott Hutter,Scott Hutter,Defensive_DefensiveBack,ActiveNotPlayed,,,,,,,,,,,,,,,,,,,,,,,,1,0,0,2,0,0,0,,,,,,,,,,,,,,,,,,,,,,,13419681,88019,OTT,Ottawa RedBlacks,Regular Season,2026-09-05T13:09:45.302148,2026
1350583,21,Brett Lauther,Brett Lauther,Kicker,ActiveNotPlayed,,,,,,,,,,,,,,,,,,,,,,,,,,,,,,,5.0,5.0,1.0,51,1.0,0.0,2.0,133.0,70.0,,,,,,,,,,,,,,13419681,88019,OTT,Ottawa RedBlacks,Regular Season,2026-09-05T13:09:45.302148,2026
1384790,0,A.J. Allen,A.J. Allen,Defensive_Linebacker,Started,,,,,,,,,,,,,,,,,,,,,,,,6,0,0,0,0,0,0,,,,,,,,,,,,,,,,,,,,,,,13419681,88019,OTT,Ottawa RedBlacks,Regular Season,2026-09-05T13:09:45.302148,2026
1397558,33,Noah Gettman,Noah Gettman,Punter,ActiveNotPlayed,,,,,,,,,,,,,,,,,,,,,,,,,,,,,,,,,,,,,,,,6.0,268.0,44.667,61.0,0.0,,,,,,,,,13419681,88019,OTT,Ottawa RedBlacks,Regular Season,2026-09-05T13:09:45.302148,2026
1397561,1,Nyles Morgan,Nyles Morgan,Defensive_Linebacker,Started,,,,,,,,,,,,,,,,,,,,,,,,10,0,2,0,0,0,0,,,,,,,,,,,,,,,,,,,,,,,13419681,88019,OTT,Ottawa RedBlacks,Regular Season,2026-09-05T13:09:45.302148,2026
1399279,16,Max Duggan,Max Duggan,Offensive_Quarterback,ActiveNotPlayed,0.0,2.0,0.0,0.0,0.0,0.0,0.0,0.0,0.0,1.0,2.0,0,2,2.0,,,,,,,,,,,,,,,,,,,,,,,,,,,,,,,,,,,,,,,13419681,88019,OTT,Ottawa RedBlacks,Regular Season,2026-09-05T13:09:45.302148,2026
1403950,19,Lucas Cormier,Lucas Cormier,Defensive_Linebacker,ActiveNotPlayed,,,,,,,,,,,,,,,,,,,,,,,,0,0,0,1,0,0,0,,,,,,,,,,,,,,,,,,,,,,,13419681,88019,OTT,Ottawa RedBlacks,Regular Season,2026-09-05T13:09:45.302148,2026
1403953,93,Aidan John,Aidan John,Defensive_DefensiveLineman,ActiveNotPlayed,,,,,,,,,,,,,,,,,,,,,,,,2,1,0,0,0,0,1,,,,,,,,,,,,,,,,,,,,,,,13419681,88019,OTT,Ottawa RedBlacks,Regular Season,2026-09-05T13:09:45.302148,2026
1495270,28,Shadwel Nkuba II,Shadwel Nkuba II,Defensive_DefensiveBack,ActiveNotPlayed,,,,,,,,,,,,,,,,,,,,,,,,2,0,0,0,0,0,0,,,,,,,,,,,,,,,,,,,,,,,13419681,88019,OTT,Ottawa RedBlacks,Regular Season,2026-09-05T13:09:45.302148,2026
1497161,81,Keelan White,Keelan White,Offensive_WideReceiver,Started,,,,,,,,,,,,,,,4.0,0.0,0.0,0.0,0.0,0.0,,,0.0,1,0,0,0,0,0,0,,,,,,,,,,,,,,,,,,,,,,,13419681,88019,OTT,Ottawa RedBlacks,Regular Season,2026-09-05T13:09:45.302148,2026
1520891,49,Jamie Pettway,Jamie Pettway,Defensive_Linebacker,ActiveNotPlayed,,,,,,,,,,,,,,,,,,,,,,,,0,0,0,0,0,0,1,,,,,,,,,,,,,,,,,,,,,,,13419681,88019,OTT,Ottawa RedBlacks,Regular Season,2026-09-05T13:09:45.302148,2026
1602466,75,Muftah Ageli,Muftah Ageli,Defensive_DefensiveLineman,Started,,,,,,,,,,,,,,,,,,,,,,,,1,0,0,0,0,0,0,,,,,,,,,,,,,,,,,,,,,,,13419681,88019,OTT,Ottawa RedBlacks,Regular Season,2026-09-05T13:09:45.302148,2026
1752418,47,Josh Connors,Josh Connors,Defensive_Linebacker,ActiveNotPlayed,,,,,,,,,,,,,,,,,,,,,,,,1,0,0,0,0,0,0,,,,,,,,,,,,,,,,,,,,,,,13419681,88019,OTT,Ottawa RedBlacks,Regular Season,2026-09-05T13:09:45.302148,2026
835400,2,Justin Hardy,Justin Hardy,Offensive_WideReceiver,Started,,,,,,,,,,,,,,,4.0,4.0,30.0,2.0,0.0,14.0,7.5,7.5,1.0,,,,,,,,,,,,,,,,,,,,,,,,,,,,,,13419681,88019,OTT,Ottawa RedBlacks,Regular Season,2026-09-05T13:09:45.302148,2026
1005577,86,Damonte Coxie,Damonte Coxie,Offensive_WideReceiver,Started,,,,,,,,,,,,,,,5.0,3.0,57.0,0.0,1.0,24.0,19.0,11.4,0.6,,,,,,,,,,,,,,,,,,,,,,,,,,,,,,13419681,122345,TOR,Toronto Argonauts,Regular Season,2026-09-05T13:09:45.302148,2026
1006437,3,Janarion Grant,Janarion Grant,Offensive_WideReceiver,ActiveNotPlayed,,,,,,,,,,,,,,,,,,,,,,,,,,,,,,,,,,,,,,,,,,,,,2.0,49.0,30.0,24.5,4.0,33.0,20.0,8.25,13419681,122345,TOR,Toronto Argonauts,Regular Season,2026-09-05T13:09:45.302148,2026
1015150,2,Tarvarus McFadden,Tarvarus McFadden,Defensive_DefensiveBack,Started,,,,,,,,,,,,,,,,,,,,,,,,2,0,0,0,0,0,0,,,,,,,,,,,,,,,,,,,,,,,13419681,122345,TOR,Toronto Argonauts,Regular Season,2026-09-05T13:09:45.302148,2026
1016260,95,Jonathan Kongbo,Jonathan Kongbo,Defensive_DefensiveLineman,Started,,,,,,,,,,,,,,,,,,,,,,,,2,1,0,0,0,0,0,,,,,,,,,,,,,,,,,,,,,,,13419681,122345,TOR,Toronto Argonauts,Regular Season,2026-09-05T13:09:45.302148,2026
1022794,83,David Ungerer III,David Ungerer III,Offensive_WideReceiver,Started,,,,,,,,,,,,,,,4.0,3.0,82.0,13.0,1.0,47.0,27.333,20.5,0.75,1,0,0,0,0,0,0,,,,,,,,,,,,,,,,,,,,,,,13419681,122345,TOR,Toronto Argonauts,Regular Season,2026-09-05T13:09:45.302148,2026
1067150,64,Dakoda Shepley,Dakoda Shepley,Offensive_OffensiveLineman,Started,,,,,,,,,,,,,,,,,,,,,,,,1,0,0,0,0,0,0,,,,,,,,,,,,,,,,,,,,,,,13419681,122345,TOR,Toronto Argonauts,Regular Season,2026-09-05T13:09:45.302148,2026
1299931,70,Lirim Hajrullahu,Lirim Hajrullahu,Kicker,ActiveNotPlayed,,,,,,,,,,,,,,,,,,,,,,,,,,,,,,,3.0,3.0,1.0,43,5.0,0.0,6.0,409.0,72.0,,,,,,,,,,,,,,13419681,122345,TOR,Toronto Argonauts,Regular Season,2026-09-05T13:09:45.302148,2026
1344428,15,Makai Polk,Makai Polk,Offensive_WideReceiver,Started,,,,,,,,,,,,,,,3.0,3.0,35.0,3.0,1.0,25.0,11.667,11.667,1.0,0,0,0,0,1,0,0,,,,,,,,,,,,,,,,,,,,,,,13419681,122345,TOR,Toronto Argonauts,Regular Season,2026-09-05T13:09:45.302148,2026
1349460,1,DaShaun Amos,DaShaun Amos,Defensive_DefensiveBack,Started,,,,,,,,,,,,,,,,,,,,,,,,1,0,0,0,0,0,0,,,,,,,,,,,,,,,,,,,,,,,13419681,122345,TOR,Toronto Argonauts,Regular Season,2026-09-05T13:09:45.302148,2026
1349471,45,Jack Cassar,Jack Cassar,Offensive_Fullback,ActiveNotPlayed,,,,,,,,,,,,,,,,,,,,,,,,0,0,0,0,0,1,0,,,,,,,,,,,,,,,,,,,,,,,13419681,122345,TOR,Toronto Argonauts,Regular Season,2026-09-05T13:09:45.302148,2026
1349479,29,John Haggerty,John Haggerty,Punter,ActiveNotPlayed,,,,,,,,,,,,,,,,,,,,,,,,,,,,,,,,,,,,,,,,4.0,227.0,56.75,75.0,1.0,,,,,,,,,13419681,122345,TOR,Toronto Argonauts,Regular Season,2026-09-05T13:09:45.302148,2026
1349532,26,Brian Harelimana,Brian Harelimana,Defensive_Linebacker,ActiveNotPlayed,,,,,,,,,,,,,,,,,,,,,,,,0,0,0,0,0,0,2,,,,,,,,,,,,,,,,,,,,,,,13419681,122345,TOR,Toronto Argonauts,Regular Season,2026-09-05T13:09:45.302148,2026
1349568,6,Adarius Pickett,Adarius Pickett,Defensive_Linebacker,Started,,,,,,,,,,,,,,,,,,,,,,,,5,0,0,0,0,0,1,,,,,,,,,,,,,,,,,,,,,,,13419681,122345,TOR,Toronto Argonauts,Regular Season,2026-09-05T13:09:45.302148,2026
1350444,8,Cameron Judge,Cameron Judge,Defensive_Linebacker,Started,,,,,,,,,,,,,,,,,,,,,,,,2,0,1,0,0,0,3,,,,,,,,,,,,,,,,,,,,,,,13419681,122345,TOR,Toronto Argonauts,Regular Season,2026-09-05T13:09:45.302148,2026
1357160,23,Benjie Franklin,Benjie Franklin,Defensive_DefensiveBack,Started,,,,,,,,,,,,,,,,,,,,,,,,3,0,0,1,0,0,0,,,,,,,,,,,,,,,,,,,,,,,13419681,122345,TOR,Toronto Argonauts,Regular Season,2026-09-05T13:09:45.302148,2026
1401657,35,Isaac Darkangelo,Isaac Darkangelo,Defensive_Linebacker,Started,,,,,,,,,,,,,,,,,,,,,,,,9,0,0,0,0,0,0,,,,,,,,,,,,,,,,,,,,,,,13419681,122345,TOR,Toronto Argonauts,Regular Season,2026-09-05T13:09:45.302148,2026
1468482,10,Kevin Mital,Kevin Mital,Offensive_WideReceiver,Started,,,,,,,,,,,,,,,11.0,8.0,178.0,50.0,0.0,56.0,22.25,16.182,0.727,2,0,0,0,0,0,0,,,,,,,,,,,,,,,,,,,,,,,13419681,122345,TOR,Toronto Argonauts,Regular Season,2026-09-05T13:09:45.302148,2026
1473233,20,Derek Slywka,Derek Slywka,Defensive_Linebacker,ActiveNotPlayed,,,,,,,,,,,,,,,,,,,,,,,,1,0,0,0,1,0,0,,,,,,,,,,,,,,,,,,,,,,,13419681,122345,TOR,Toronto Argonauts,Regular Season,2026-09-05T13:09:45.302148,2026
1494910,92,Paris Shand,Paris Shand,Defensive_DefensiveLineman,ActiveNotPlayed,,,,,,,,,,,,,,,,,,,,,,,,1,0,0,0,0,0,0,,,,,,,,,,,,,,,,,,,,,,,13419681,122345,TOR,Toronto Argonauts,Regular Season,2026-09-05T13:09:45.302148,2026
1502167,91,Soane Toia,Soane Toia,Defensive_DefensiveLineman,Started,,,,,,,,,,,,,,,,,,,,,,,,4,0,1,0,0,0,0,,,,,,,,,,,,,,,,,,,,,,,13419681,122345,TOR,Toronto Argonauts,Regular Season,2026-09-05T13:09:45.302148,2026
1514818,93,Jalen Bell,Jalen Bell,Defensive_DefensiveLineman,ActiveNotPlayed,,,,,,,,,,,,,,,,,,,,,,,,2,0,0,0,0,0,0,,,,,,,,,,,,,,,,,,,,,,,13419681,122345,TOR,Toronto Argonauts,Regular Season,2026-09-05T13:09:45.302148,2026
1598895,82,Tyler Kahmann,Tyler Kahmann,Offensive_WideReceiver,Started,,,,,,,,,,,,,,,4.0,4.0,42.0,6.0,1.0,21.0,10.5,10.5,1.0,,,,,,,,,,,,,,,,,,,,,,,,,,,,,,13419681,122345,TOR,Toronto Argonauts,Regular Season,2026-09-05T13:09:45.302148,2026
1602425,44,Jeremiah Ojo,Jeremiah Ojo,Defensive_DefensiveLineman,ActiveNotPlayed,,,,,,,,,,,,,,,,,,,,,,,,2,1,0,0,0,0,1,,,,,,,,,,,,,,,,,,,,,,,13419681,122345,TOR,Toronto Argonauts,Regular Season,2026-09-05T13:09:45.302148,2026
1651882,24,Ethan John,Ethan John,Defensive_DefensiveBack,ActiveNotPlayed,,,,,,,,,,,,,,,,,,,,,,,,2,0,0,0,0,0,0,,,,,,,,,,,,,,,,,,,,,,,13419681,122345,TOR,Toronto Argonauts,Regular Season,2026-09-05T13:09:45.302148,2026
1722195,28,James Ceasar,James Ceasar,Defensive_DefensiveBack,Started,,,,,,,,,,,,,,,,,,,,,,,,4,0,0,1,0,0,0,,,,,,,,,,,,,,,,,,,,,,,13419681,122345,TOR,Toronto Argonauts,Regular Season,2026-09-05T13:09:45.302148,2026
1752314,9,Louis Philippe Gauthier,Louis Philippe Gauthier,Defensive_DefensiveBack,ActiveNotPlayed,,,,,,,,,,,,,,,,,,,,,,,,1,0,0,0,0,0,1,,,,,,,,,,,,,,,,,,,,,,,13419681,122345,TOR,Toronto Argonauts,Regular Season,2026-09-05T13:09:45.302148,2026
1752323,25,Samuel Hicks,Samuel Hicks,Offensive_RunningBack,Started,,,,,,,,,,16.0,79.0,1,24,4.938,4.0,3.0,10.0,3.0,0.0,14.0,3.333,2.5,0.75,,,,,,,,,,,,,,,,,,,,,,,,,,,,,,13419681,122345,TOR,Toronto Argonauts,Regular Season,2026-09-05T13:09:45.302148,2026
1752362,21,Isaiah Smith,Isaiah Smith,Offensive_RunningBack,ActiveNotPlayed,,,,,,,,,,6.0,21.0,0,9,3.5,1.0,1.0,20.0,20.0,0.0,20.0,20.0,20.0,1.0,,,,,,,,,,,,,,,,,,,,,,,,,,,,,,13419681,122345,TOR,Toronto Argonauts,Regular Season,2026-09-05T13:09:45.302148,2026
998710,12,Chad Kelly,Chad Kelly,Offensive_Quarterback,Started,25.0,32.0,0.781,424.0,4.0,4.0,56.0,13.25,10.125,5.0,11.0,0,6,2.2,,,,,,,,,,,,,,,,,,,,,,,,,,,,,,,,,,,,,,,13419681,122345,TOR,Toronto Argonauts,Regular Season,2026-09-05T13:09:45.302148,2026
1005323,3,Austin Mack,Austin Mack,Offensive_WideReceiver,Started,,,,,,,,,,,,,,,8.0,4.0,48.0,13.0,1.0,25.0,12.0,6.0,0.5,,,,,,,,,,,,,,,,,,,,,,,,,,,,,,13419682,114347,EDM,Edmonton Elks,Regular Season,2026-09-05T13:09:45.302148,2026
1006559,10,Jake Julien,Jake Julien,Punter,ActiveNotPlayed,,,,,,,,,,,,,,,,,,,,,,,,,,,,,,,,,,,,,,,,7.0,361.0,51.571,62.0,0.0,,,,,,,,,13419682,114347,EDM,Edmonton Elks,Regular Season,2026-09-05T13:09:45.302148,2026
1007365,5,Justin Rankin,Justin Rankin,Offensive_RunningBack,Started,,,,,,,,,,18.0,179.0,2,47,9.944,5.0,5.0,51.0,51.0,0.0,21.0,10.2,10.2,1.0,,,,,,,,,,,,,,,,,,,,,,,,,,,,,,13419682,114347,EDM,Edmonton Elks,Regular Season,2026-09-05T13:09:45.302148,2026
1008706,92,Noah Curtis,Noah Curtis,Defensive_DefensiveLineman,ActiveNotPlayed,,,,,,,,,,,,,,,,,,,,,,,,1,0,0,0,0,0,0,,,,,,,,,,,,,,,,,,,,,,,13419682,114347,EDM,Edmonton Elks,Regular Season,2026-09-05T13:09:45.302148,2026
1009107,22,Javon Leake,Javon Leake,Offensive_RunningBack,ActiveNotPlayed,,,,,,,,,,,,,,,,,,,,,,,,,,,,,,,,,,,,,,,,,,,,,3.0,78.0,30.0,26.0,4.0,21.0,12.0,5.25,13419682,114347,EDM,Edmonton Elks,Regular Season,2026-09-05T13:09:45.302148,2026
1011445,50,Joel Dublanko,Joel Dublanko,Defensive_Linebacker,Started,,,,,,,,,,,,,,,,,,,,,,,,4,0,0,0,0,0,0,,,,,,,,,,,,,,,,,,,,,,,13419682,114347,EDM,Edmonton Elks,Regular Season,2026-09-05T13:09:45.302148,2026
1016182,2,Malik Carney,Malik Carney,Defensive_DefensiveLineman,Started,,,,,,,,,,,,,,,,,,,,,,,,2,0,0,0,0,0,0,,,,,,,,,,,,,,,,,,,,,,,13419682,114347,EDM,Edmonton Elks,Regular Season,2026-09-05T13:09:45.302148,2026
1079457,43,Brock Mogensen,Brock Mogensen,Defensive_Linebacker,ActiveNotPlayed,,,,,,,,,,,,,,,,,,,,,,,,0,0,0,0,0,0,1,,,,,,,,,,,,,,,,,,,,,,,13419682,114347,EDM,Edmonton Elks,Regular Season,2026-09-05T13:09:45.302148,2026
1084057,91,Jared Brinkman,Jared Brinkman,Defensive_DefensiveLineman,Started,,,,,,,,,,,,,,,,,,,,,,,,6,0,2,0,0,0,0,,,,,,,,,,,,,,,,,,,,,,,13419682,114347,EDM,Edmonton Elks,Regular Season,2026-09-05T13:09:45.302148,2026
1345658,90,Jordan Williams,Jordan Williams,Defensive_DefensiveLineman,Started,,,,,,,,,,,,,,,,,,,,,,,,1,0,0,0,0,0,0,,,,,,,,,,,,,,,,,,,,,,,13419682,114347,EDM,Edmonton Elks,Regular Season,2026-09-05T13:09:45.302148,2026
1349498,40,Robbie Smith,Robbie Smith,Defensive_DefensiveLineman,Started,,,,,,,,,,,,,,,,,,,,,,,,3,0,1,0,0,0,0,,,,,,,,,,,,,,,,,,,,,,,13419682,114347,EDM,Edmonton Elks,Regular Season,2026-09-05T13:09:45.302148,2026
1349527,30,Tyrell Ford,Tyrell Ford,Defensive_DefensiveBack,Started,,,,,,,,,,,,,,,,,,,,,,,,6,0,0,0,0,0,1,,,,,,,,,,,,,,,,,,,,,,,13419682,114347,EDM,Edmonton Elks,Regular Season,2026-09-05T13:09:45.302148,2026
1349549,11,Kaion Julien-Grant,Kaion Julien-Grant,Offensive_WideReceiver,Started,,,,,,,,,,,,,,,2.0,2.0,15.0,0.0,0.0,10.0,7.5,7.5,1.0,,,,,,,,,,,,,,,,,,,,,,,,,,,,,,13419682,114347,EDM,Edmonton Elks,Regular Season,2026-09-05T13:09:45.302148,2026
1349551,6,Brendan O'Leary-Orange,Brendan O'Leary-Orange,Offensive_WideReceiver,Started,,,,,,,,,,,,,,,2.0,2.0,34.0,3.0,0.0,25.0,17.0,17.0,1.0,,,,,,,,,,,,,,,,,,,,,,,,,,,,,,13419682,114347,EDM,Edmonton Elks,Regular Season,2026-09-05T13:09:45.302148,2026
1350461,57,David Beard,David Beard,Offensive_OffensiveLineman,Started,,,,,,,,,,,,,,,,,,,,,,,,1,0,0,0,0,0,0,,,,,,,,,,,,,,,,,,,,,,,13419682,114347,EDM,Edmonton Elks,Regular Season,2026-09-05T13:09:45.302148,2026
1350572,7,Cody Fajardo,Cody Fajardo,Offensive_Quarterback,Started,19.0,29.0,0.655,231.0,1.0,1.0,25.0,7.966,7.103448275862069,4.0,20.0,1,9,5.0,,,,,,,,,,,,,,,,,,,,,,,,,,,,,,,,,,,,,,,13419682,114347,EDM,Edmonton Elks,Regular Season,2026-09-05T13:09:45.302148,2026
1350922,46,Jacob Plamondon,Jacob Plamondon,Offensive_Fullback,ActiveNotPlayed,,,,,,,,,,,,,,,,,,,,,,,,0,0,0,0,0,0,1,,,,,,,,,,,,,,,,,,,,,,,13419682,114347,EDM,Edmonton Elks,Regular Season,2026-09-05T13:09:45.302148,2026
1399418,48,Nick Anderson,Nick Anderson,Defensive_Linebacker,Started,,,,,,,,,,,,,,,,,,,,,,,,7,0,0,0,0,0,0,,,,,,,,,,,,,,,,,,,,,,,13419682,114347,EDM,Edmonton Elks,Regular Season,2026-09-05T13:09:45.302148,2026
1408288,88,T.J. Luther,T.J. Luther,Offensive_WideReceiver,Started,,,,,,,,,,,,,,,6.0,4.0,50.0,29.0,0.0,19.0,12.5,8.333,0.667,,,,,,,,,,,,,,,,,,,,,,,,,,,,,,13419682,114347,EDM,Edmonton Elks,Regular Season,2026-09-05T13:09:45.302148,2026
1464749,20,Kenneth Logan Jr.,Kenneth Logan Jr.,Defensive_Linebacker,Started,,,,,,,,,,,,,,,,,,,,,,,,5,0,0,0,0,0,0,,,,,,,,,,,,,,,,,,,,,,,13419682,114347,EDM,Edmonton Elks,Regular Season,2026-09-05T13:09:45.302148,2026
1468042,26,Vincent Blanchard,Vincent Blanchard,Kicker,ActiveNotPlayed,,,,,,,,,,,,,,,,,,,,,,,,,,,,,,,2.0,2.0,1.0,36,2.0,0.0,4.0,288.0,77.0,,,,,,,,,,,,,,13419682,114347,EDM,Edmonton Elks,Regular Season,2026-09-05T13:09:45.302148,2026
1470612,23,Tyshon Blackburn,Tyshon Blackburn,Defensive_DefensiveBack,ActiveNotPlayed,,,,,,,,,,,,,,,,,,,,,,,,0,0,0,0,0,0,2,,,,,,,,,,,,,,,,,,,,,,,13419682,114347,EDM,Edmonton Elks,Regular Season,2026-09-05T13:09:45.302148,2026
1470656,13,Kordell Jackson,Kordell Jackson,Defensive_DefensiveBack,Started,,,,,,,,,,,,,,,,,,,,,,,,5,0,0,0,0,1,0,,,,,,,,,,,,,,,,,,,,,,,13419682,114347,EDM,Edmonton Elks,Regular Season,2026-09-05T13:09:45.302148,2026
1477087,81,Zach Mathis,Zach Mathis,Offensive_WideReceiver,ActiveNotPlayed,,,,,,,,,,,,,,,1.0,0.0,0.0,0.0,0.0,0.0,,,0.0,,,,,,,,,,,,,,,,,,,,,,,,,,,,,,13419682,114347,EDM,Edmonton Elks,Regular Season,2026-09-05T13:09:45.302148,2026
1482936,25,Chelen Garnes,Chelen Garnes,Defensive_DefensiveBack,Started,,,,,,,,,,,,,,,,,,,,,,,,6,0,0,0,0,1,0,,,,,,,,,,,,,,,,,,,,,,,13419682,114347,EDM,Edmonton Elks,Regular Season,2026-09-05T13:09:45.302148,2026
1483155,18,Joshua Cephus,Joshua Cephus,Offensive_WideReceiver,Started,,,,,,,,,,,,,,,2.0,1.0,23.0,1.0,0.0,23.0,23.0,11.5,0.5,,,,,,,,,,,,,,,,,,,,,,,,,,,,,,13419682,114347,EDM,Edmonton Elks,Regular Season,2026-09-05T13:09:45.302148,2026
1483633,42,Noah Taylor,Noah Taylor,Defensive_DefensiveLineman,ActiveNotPlayed,,,,,,,,,,,,,,,,,,,,,,,,2,0,0,0,0,0,0,,,,,,,,,,,,,,,,,,,,,,,13419682,114347,EDM,Edmonton Elks,Regular Season,2026-09-05T13:09:45.302148,2026
1488897,14,Cole Snyder,Cole Snyder,Offensive_Quarterback,ActiveNotPlayed,,,,,,,,,,1.0,2.0,0,2,2.0,,,,,,,,,,,,,,,,,,,,,,,,,,,,,,,,,,,,,,,13419682,114347,EDM,Edmonton Elks,Regular Season,2026-09-05T13:09:45.302148,2026
1501819,45,Dariel Djabome,Dariel Djabome,Defensive_Linebacker,ActiveNotPlayed,,,,,,,,,,,,,,,,,,,,,,,,0,0,0,0,0,0,1,,,,,,,,,,,,,,,,,,,,,,,13419682,114347,EDM,Edmonton Elks,Regular Season,2026-09-05T13:09:45.302148,2026
1518031,29,JJ Ross,JJ Ross,Defensive_DefensiveBack,Started,,,,,,,,,,,,,,,,,,,,,,,,5,0,0,0,1,0,0,,,,,,,,,,,,,,,,,,,,,,,13419682,114347,EDM,Edmonton Elks,Regular Season,2026-09-05T13:09:45.302148,2026
1604186,96,Richard Jibunor,Richard Jibunor,Defensive_DefensiveLineman,ActiveNotPlayed,,,,,,,,,,,,,,,,,,,,,,,,0,0,0,0,0,0,1,,,,,,,,,,,,,,,,,,,,,,,13419682,114347,EDM,Edmonton Elks,Regular Season,2026-09-05T13:09:45.302148,2026
1604187,44,Skyler Griffith,Skyler Griffith,Offensive_Fullback,ActiveNotPlayed,,,,,,,,,,,,,,,1.0,1.0,10.0,8.0,0.0,10.0,10.0,10.0,1.0,0,0,0,0,0,0,1,,,,,,,,,,,,,,,,,,,,,,,13419682,114347,EDM,Edmonton Elks,Regular Season,2026-09-05T13:09:45.302148,2026
1752327,49,Justin Pace,Justin Pace,Defensive_Linebacker,ActiveNotPlayed,,,,,,,,,,,,,,,,,,,,,,,,0,0,0,0,0,0,1,,,,,,,,,,,,,,,,,,,,,,,13419682,114347,EDM,Edmonton Elks,Regular Season,2026-09-05T13:09:45.302148,2026
1002690,10,Davis Alexander,Davis Alexander,Offensive_Quarterback,Started,29.0,44.0,0.659,356.0,1.0,0.0,34.0,8.091,8.545454545454545,2.0,20.0,0,11,10.0,,,,,,,,,,1,0,0,0,0,0,0,,,,,,,,,,,,,,,,,,,,,,,13419682,86680,MTL,Montreal Alouettes,Regular Season,2026-09-05T13:09:45.302148,2026
1007370,16,Dustin Crum,Dustin Crum,Offensive_Quarterback,ActiveNotPlayed,,,,,,,,,,3.0,3.0,0,2,1.0,,,,,,,,,,,,,,,,,,,,,,,,,,,,,,,,,,,,,,,13419682,86680,MTL,Montreal Alouettes,Regular Season,2026-09-05T13:09:45.302148,2026
1012540,20,Lorenzo Burns,Lorenzo Burns,Defensive_DefensiveBack,Started,,,,,,,,,,,,,,,,,,,,,,,,1,0,0,0,1,0,0,,,,,,,,,,,,,,,,,,,,,,,13419682,86680,MTL,Montreal Alouettes,Regular Season,2026-09-05T13:09:45.302148,2026
1014914,95,Daniel Wise,Daniel Wise,Defensive_Tackle,Started,,,,,,,,,,,,,,,,,,,,,,,,1,0,1,0,0,0,0,,,,,,,,,,,,,,,,,,,,,,,13419682,86680,MTL,Montreal Alouettes,Regular Season,2026-09-05T13:09:45.302148,2026
1017226,48,Kabion Ento,Kabion Ento,Defensive_DefensiveBack,Started,,,,,,,,,,,,,,,,,,,,,,,,1,0,0,0,0,0,0,,,,,,,,,,,,,,,,,,,,,,,13419682,86680,MTL,Montreal Alouettes,Regular Season,2026-09-05T13:09:45.302148,2026
1075914,94,Mustafa Johnson,Mustafa Johnson,Defensive_Tackle,Started,,,,,,,,,,,,,,,,,,,,,,,,2,0,0,0,0,0,0,,,,,,,,,,,,,,,,,,,,,,,13419682,86680,MTL,Montreal Alouettes,Regular Season,2026-09-05T13:09:45.302148,2026
1077936,0,Jonathan Sutherland,Jonathan Sutherland,Defensive_DefensiveBack,ActiveNotPlayed,,,,,,,,,,,,,,,,,,,,,,,,0,0,0,0,0,0,1,,,,,,,,,,,,,,,,,,,,,,,13419682,86680,MTL,Montreal Alouettes,Regular Season,2026-09-05T13:09:45.302148,2026
1079000,15,Alexander Hollins,Alexander Hollins,Offensive_WideReceiver,Started,,,,,,,,,,,,,,,5.0,3.0,54.0,10.0,0.0,23.0,18.0,10.8,0.6,,,,,,,,,,,,,,,,,,,,,,,,,,,,,,13419682,86680,MTL,Montreal Alouettes,Regular Season,2026-09-05T13:09:45.302148,2026
1081310,85,Tyler Snead,Tyler Snead,Offensive_WideReceiver,Started,,,,,,,,,,,,,,,9.0,5.0,80.0,22.0,1.0,34.0,16.0,8.889,0.556,,,,,,,,,,,,,,,,,,,,,,,,,,,,,,13419682,86680,MTL,Montreal Alouettes,Regular Season,2026-09-05T13:09:45.302148,2026
1084787,91,Isaac Adeyemi-Berglund,Isaac Adeyemi-Berglund,Defensive_End,Started,,,,,,,,,,,,,,,,,,,,,,,,1,0,0,0,0,0,0,,,,,,,,,,,,,,,,,,,,,,,13419682,86680,MTL,Montreal Alouettes,Regular Season,2026-09-05T13:09:45.302148,2026
1086247,96,Lwal Uguak,Lwal Uguak,Defensive_End,ActiveNotPlayed,,,,,,,,,,,,,,,,,,,,,,,,1,0,0,0,0,0,0,,,,,,,,,,,,,,,,,,,,,,,13419682,86680,MTL,Montreal Alouettes,Regular Season,2026-09-05T13:09:45.302148,2026
1349524,34,Alexandre Gagne,Alexandre Gagne,Defensive_Linebacker,ActiveNotPlayed,,,,,,,,,,,,,,,,,,,,,,,,0,0,0,0,0,0,1,,,,,,,,,,,,,,,,,,,,,,,13419682,86680,MTL,Montreal Alouettes,Regular Season,2026-09-05T13:09:45.302148,2026
1349552,36,Joseph Zema,Joseph Zema,Punter,ActiveNotPlayed,,,,,,,,,,,,,,,,,,,,,,,,,,,,,,,,,,,,,,,,5.0,227.0,45.4,51.0,1.0,,,,,,,,,13419682,86680,MTL,Montreal Alouettes,Regular Season,2026-09-05T13:09:45.302148,2026
1349560,12,Najee Murray,Najee Murray,Defensive_Linebacker,Started,,,,,,,,,,,,,,,,,,,,,,,,5,0,0,0,1,0,0,,,,,,,,,,,,,,,,,,,,,,,13419682,86680,MTL,Montreal Alouettes,Regular Season,2026-09-05T13:09:45.302148,2026
1349566,6,Tyson Philpot,Tyson Philpot,Offensive_WideReceiver,Started,,,,,,,,,,,,,,,10.0,8.0,120.0,40.0,0.0,18.0,15.0,12.0,0.8,,,,,,,,,,,,,,,,,,,,,,,,,,,,,,13419682,86680,MTL,Montreal Alouettes,Regular Season,2026-09-05T13:09:45.302148,2026
1349569,37,Wesley Sutton,Wesley Sutton,Defensive_DefensiveBack,Started,,,,,,,,,,,,,,,,,,,,,,,,4,1,0,0,0,0,0,,,,,,,,,,,,,,,,,,,,,,,13419682,86680,MTL,Montreal Alouettes,Regular Season,2026-09-05T13:09:45.302148,2026
1349573,42,Tyrell Richards,Tyrell Richards,Defensive_Linebacker,ActiveNotPlayed,,,,,,,,,,,,,,,,,,,,,,,,0,0,0,0,0,0,2,,,,,,,,,,,,,,,,,,,,,,,13419682,86680,MTL,Montreal Alouettes,Regular Season,2026-09-05T13:09:45.302148,2026
1349583,88,Marco Dubois,Marco Dubois,Offensive_WideReceiver,Started,,,,,,,,,,,,,,,2.0,0.0,0.0,0.0,0.0,0.0,,,0.0,,,,,,,,,,,,,,,,,,,,,,,,,,,,,,13419682,86680,MTL,Montreal Alouettes,Regular Season,2026-09-05T13:09:45.302148,2026
1349805,2,Micah Awe,Micah Awe,Defensive_Linebacker,Started,,,,,,,,,,,,,,,,,,,,,,,,5,0,1,0,0,0,0,,,,,,,,,,,,,,,,,,,,,,,13419682,86680,MTL,Montreal Alouettes,Regular Season,2026-09-05T13:09:45.302148,2026
1350957,19,Jose Maltos Diaz,Jose Maltos Diaz,Kicker,ActiveNotPlayed,,,,,,,,,,,,,,,,,,,,,,,,,,,,,,,5.0,5.0,1.0,50,2.0,0.0,3.0,199.0,73.0,,,,,,,,,,,,,,13419682,86680,MTL,Montreal Alouettes,Regular Season,2026-09-05T13:09:45.302148,2026
1403971,38,Jacob Mason,Jacob Mason,Offensive_Fullback,ActiveNotPlayed,,,,,,,,,,,,,,,1.0,0.0,0.0,0.0,0.0,0.0,,,0.0,,,,,,,,,,,,,,,,,,,,,,,,,,,,,,13419682,86680,MTL,Montreal Alouettes,Regular Season,2026-09-05T13:09:45.302148,2026
1405112,97,Joshua Archibald,Joshua Archibald,Defensive_End,Started,,,,,,,,,,,,,,,,,,,,,,,,1,0,1,0,0,0,0,,,,,,,,,,,,,,,,,,,,,,,13419682,86680,MTL,Montreal Alouettes,Regular Season,2026-09-05T13:09:45.302148,2026
1468029,33,Arthur Hamlin,Arthur Hamlin,Defensive_Linebacker,ActiveNotPlayed,,,,,,,,,,,,,,,,,,,,,,,,1,0,0,0,0,0,0,,,,,,,,,,,,,,,,,,,,,,,13419682,86680,MTL,Montreal Alouettes,Regular Season,2026-09-05T13:09:45.302148,2026
1468035,9,Geoffrey Cantin-Arku,Geoffrey Cantin-Arku,Defensive_Linebacker,Started,,,,,,,,,,,,,,,,,,,,,,,,4,0,1,0,0,0,1,,,,,,,,,,,,,,,,,,,,,,,13419682,86680,MTL,Montreal Alouettes,Regular Season,2026-09-05T13:09:45.302148,2026
1483380,1,Robert Kennedy,Robert Kennedy,Defensive_DefensiveBack,Started,,,,,,,,,,,,,,,,,,,,,,,,4,0,0,0,0,0,0,,,,,,,,,,,,,,,,,,,,,,,13419682,86680,MTL,Montreal Alouettes,Regular Season,2026-09-05T13:09:45.302148,2026
1490240,35,Shomari Lawrence,Shomari Lawrence,Offensive_RunningBack,ActiveNotPlayed,,,,,,,,,,3.0,12.0,0,15,4.0,,,,,,,,,,,,,,,,,,,,,,,,,,,,,,,,,,,,,,,13419682,86680,MTL,Montreal Alouettes,Regular Season,2026-09-05T13:09:45.302148,2026
1514701,93,Kori Roberson Jr.,Kori Roberson Jr.,Defensive_Tackle,ActiveNotPlayed,,,,,,,,,,,,,,,,,,,,,,,,1,0,0,0,0,0,0,,,,,,,,,,,,,,,,,,,,,,,13419682,86680,MTL,Montreal Alouettes,Regular Season,2026-09-05T13:09:45.302148,2026
1520977,5,Travis Theis,Travis Theis,Offensive_RunningBack,Started,,,,,,,,,,19.0,91.0,1,20,4.789,10.0,9.0,47.0,45.0,0.0,9.0,5.222,4.7,0.9,,,,,,,,,,,,,,,,,,,,,,1.0,30.0,30.0,30.0,,,,,13419682,86680,MTL,Montreal Alouettes,Regular Season,2026-09-05T13:09:45.302148,2026
1602296,82,Kaseem Ferdinand,Kaseem Ferdinand,Offensive_WideReceiver,Started,,,,,,,,,,,,,,,5.0,4.0,55.0,6.0,0.0,17.0,13.75,11.0,0.8,,,,,,,,,,,,,,,,,,,,,,,,,,,,,,13419682,86680,MTL,Montreal Alouettes,Regular Season,2026-09-05T13:09:45.302148,2026
1602445,23,Nate Beauchemin,Nate Beauchemin,Defensive_DefensiveBack,Started,,,,,,,,,,,,,,,,,,,,,,,,5,0,0,1,0,1,1,,,,,,,,,,,,,,,,,,,,,,,13419682,86680,MTL,Montreal Alouettes,Regular Season,2026-09-05T13:09:45.302148,2026
1726378,46,Donovan Manuel,Donovan Manuel,Defensive_Linebacker,ActiveNotPlayed,,,,,,,,,,,,,,,,,,,,,,,,1,0,0,0,0,0,0,,,,,,,,,,,,,,,,,,,,,,,13419682,86680,MTL,Montreal Alouettes,Regular Season,2026-09-05T13:09:45.302148,2026
835544,25,Mario Alford,Mario Alford,Offensive_WideReceiver,ActiveNotPlayed,,,,,,,,,,,,,,,,,,,,,,,,0,0,0,0,0,0,1,,,,,,,,,,,,,,,3.0,69.0,37.0,23.0,6.0,69.0,21.0,11.5,13419682,86680,MTL,Montreal Alouettes,Regular Season,2026-09-05T13:09:45.302148,2026
1003154,25,Jaydon Grant,Jaydon Grant,Defensive_DefensiveBack,Started,,,,,,,,,,,,,,,,,,,,,,,,5,0,0,0,0,0,0,,,,,,,,,,,,,,,,,,,,,,,13419683,112939,CGY,Calgary Stampeders,Regular Season,2026-09-05T13:09:45.302148,2026
1005315,9,Damon Webb,Damon Webb,Defensive_DefensiveBack,Started,,,,,,,,,,,,,,,,,,,,,,,,4,0,0,0,0,0,0,,,,,,,,,,,,,,,,,,,,,,,13419683,112939,CGY,Calgary Stampeders,Regular Season,2026-09-05T13:09:45.302148,2026
1012374,2,Kyle Wilson,Kyle Wilson,Defensive_Linebacker,Started,,,,,,,,,,,,,,,,,,,,,,,,4,0,0,0,0,0,0,,,,,,,,,,,,,,,,,,,,,,,13419683,112939,CGY,Calgary Stampeders,Regular Season,2026-09-05T13:09:45.302148,2026
1031686,90,Miles Brown,Miles Brown,Defensive_DefensiveLineman,Started,,,,,,,,,,,,,,,,,,,,,,,,1,0,0,0,0,0,0,,,,,,,,,,,,,,,,,,,,,,,13419683,112939,CGY,Calgary Stampeders,Regular Season,2026-09-05T13:09:45.302148,2026
1081744,87,Erik Brooks,Erik Brooks,Offensive_WideReceiver,Started,,,,,,,,,,,,,,,8.0,6.0,64.0,11.0,0.0,25.0,10.667,8.0,0.75,,,,,,,,,,,,,,,,,,,,,,,,,,1.0,14.0,14.0,14.0,13419683,112939,CGY,Calgary Stampeders,Regular Season,2026-09-05T13:09:45.302148,2026
1290033,26,Dedrick Mills,Dedrick Mills,Offensive_RunningBack,Started,,,,,,,,,,15.0,103.0,0,14,6.867,4.0,2.0,11.0,8.0,0.0,8.0,5.5,2.75,0.5,,,,,,,,,,,,,,,,,,,,,,,,,,,,,,13419683,112939,CGY,Calgary Stampeders,Regular Season,2026-09-05T13:09:45.302148,2026
1297989,6,Derrick Moncrief,Derrick Moncrief,Defensive_Linebacker,Started,,,,,,,,,,,,,,,,,,,,,,,,4,0,0,0,0,0,0,,,,,,,,,,,,,,,,,,,,,,,13419683,112939,CGY,Calgary Stampeders,Regular Season,2026-09-05T13:09:45.302148,2026
1345697,34,Tyreik McAllister,Tyreik McAllister,Offensive_RunningBack,ActiveNotPlayed,,,,,,,,,,1.0,14.0,0,14,14.0,,,,,,,,,,,,,,,,,,,,,,,,,,,,,,,4.0,39.0,17.0,9.75,4.0,34.0,12.0,8.5,13419683,112939,CGY,Calgary Stampeders,Regular Season,2026-09-05T13:09:45.302148,2026
1345703,1,Clarence Hicks,Clarence Hicks,Defensive_DefensiveLineman,Started,,,,,,,,,,,,,,,,,,,,,,,,2,2,0,0,1,0,0,,,,,,,,,,,,,,,,,,,,,,,13419683,112939,CGY,Calgary Stampeders,Regular Season,2026-09-05T13:09:45.302148,2026
1349467,17,Dejon Brissett,Dejon Brissett,Offensive_WideReceiver,Started,,,,,,,,,,,,,,,5.0,3.0,55.0,21.0,0.0,24.0,18.333,11.0,0.6,,,,,,,,,,,,,,,,,,,,,,,,,,,,,,13419683,112939,CGY,Calgary Stampeders,Regular Season,2026-09-05T13:09:45.302148,2026
1349494,3,Vernon Adams Jr.,Vernon Adams Jr.,Offensive_Quarterback,Started,20.0,30.0,0.667,254.0,1.0,0.0,29.0,8.467,9.133333333333333,3.0,9.0,0,7,3.0,,,,,,,,,,,,,,,,,,,,,,,,,,,,,,,,,,,,,,,13419683,112939,CGY,Calgary Stampeders,Regular Season,2026-09-05T13:09:45.302148,2026
1360678,85,Jalen Philpot,Jalen Philpot,Offensive_WideReceiver,Started,,,,,,,,,,1.0,-2.0,0,-2,-2.0,5.0,3.0,53.0,27.0,0.0,29.0,17.667,10.6,0.6,,,,,,,,,,,,,,,,,,,,,,,,,,,,,,13419683,112939,CGY,Calgary Stampeders,Regular Season,2026-09-05T13:09:45.302148,2026
1391228,27,Godfrey Onyeka,Godfrey Onyeka,Defensive_DefensiveBack,ActiveNotPlayed,,,,,,,,,,,,,,,,,,,,,,,,0,0,0,0,0,0,1,,,,,,,,,,,,,,,,,,,,,,,13419683,112939,CGY,Calgary Stampeders,Regular Season,2026-09-05T13:09:45.302148,2026
1397293,0,Adrian Greene,Adrian Greene,Defensive_DefensiveBack,Started,,,,,,,,,,,,,,,,,,,,,,,,4,0,0,0,0,0,0,,,,,,,,,,,,,,,,,,,,,,,13419683,112939,CGY,Calgary Stampeders,Regular Season,2026-09-05T13:09:45.302148,2026
1397525,77,Kelon Thomas,Kelon Thomas,Defensive_DefensiveLineman,ActiveNotPlayed,,,,,,,,,,,,,,,,,,,,,,,,0,0,0,0,0,0,4,,,,,,,,,,,,,,,,,,,,,,,13419683,112939,CGY,Calgary Stampeders,Regular Season,2026-09-05T13:09:45.302148,2026
1403599,14,Clark Barnes,Clark Barnes,Offensive_WideReceiver,ActiveNotPlayed,,,,,,,,,,,,,,,2.0,2.0,32.0,13.0,0.0,17.0,16.0,16.0,1.0,,,,,,,,,,,,,,,,,,,,,,,,,,,,,,13419683,112939,CGY,Calgary Stampeders,Regular Season,2026-09-05T13:09:45.302148,2026
1468040,29,Benjamin Labrosse,Benjamin Labrosse,Defensive_DefensiveBack,ActiveNotPlayed,,,,,,,,,,,,,,,,,,,,,,,,1,0,0,0,0,0,1,,,,,,,,,,,,,,,,,,,,,,,13419683,112939,CGY,Calgary Stampeders,Regular Season,2026-09-05T13:09:45.302148,2026
1470687,40,Jackson Sombach,Jackson Sombach,Defensive_DefensiveBack,Started,,,,,,,,,,,,,,,,,,,,,,,,3,0,0,0,0,0,0,,,,,,,,,,,,,,,,,,,,,,,13419683,112939,CGY,Calgary Stampeders,Regular Season,2026-09-05T13:09:45.302148,2026
1483383,91,Tre'Mon Morris-Brash,Tre'Mon Morris-Brash,Defensive_DefensiveLineman,ActiveNotPlayed,,,,,,,,,,,,,,,,,,,,,,,,1,0,0,0,0,0,0,,,,,,,,,,,,,,,,,,,,,,,13419683,112939,CGY,Calgary Stampeders,Regular Season,2026-09-05T13:09:45.302148,2026
1483424,37,Jude McAtamney,Jude McAtamney,Kicker,ActiveNotPlayed,,,,,,,,,,,,,,,,,,,,,,,,,,,,,,,3.0,3.0,1.0,24,4.0,0.0,4.0,254.0,71.0,,,,,,,,,,,,,,13419683,112939,CGY,Calgary Stampeders,Regular Season,2026-09-05T13:09:45.302148,2026
1484045,58,Shaun Peterson Jr.,Shaun Peterson Jr.,Defensive_DefensiveLineman,Started,,,,,,,,,,,,,,,,,,,,,,,,2,0,0,0,0,0,0,,,,,,,,,,,,,,,,,,,,,,,13419683,112939,CGY,Calgary Stampeders,Regular Season,2026-09-05T13:09:45.302148,2026
1489484,15,Mark Vassett,Mark Vassett,Punter,ActiveNotPlayed,,,,,,,,,,,,,,,,,,,,,,,,,,,,,,,,,,,,,,,,8.0,388.0,48.5,59.0,0.0,,,,,,,,,13419683,112939,CGY,Calgary Stampeders,Regular Season,2026-09-05T13:09:45.302148,2026
1510987,96,Jaylon Hutchings,Jaylon Hutchings,Defensive_DefensiveLineman,Started,,,,,,,,,,,,,,,,,,,,,,,,3,0,0,0,0,0,0,,,,,,,,,,,,,,,,,,,,,,,13419683,112939,CGY,Calgary Stampeders,Regular Season,2026-09-05T13:09:45.302148,2026
1513983,19,Quincy Vaughn,Quincy Vaughn,Offensive_Quarterback,ActiveNotPlayed,,,,,,,,,,4.0,5.0,2,2,1.25,,,,,,,,,,0,0,0,0,0,0,1,,,,,,,,,,,,,,,,,,,,,,,13419683,112939,CGY,Calgary Stampeders,Regular Season,2026-09-05T13:09:45.302148,2026
1601219,44,Anthony Jr Johnson,Anthony Jr Johnson,Defensive_DefensiveBack,Started,,,,,,,,,,,,,,,,,,,,,,,,4,0,0,0,0,0,0,,,,,,,,,,,,,,,,,,,,,,,13419683,112939,CGY,Calgary Stampeders,Regular Season,2026-09-05T13:09:45.302148,2026
1602298,81,Vyshonne Janusas,Vyshonne Janusas,Offensive_WideReceiver,Started,,,,,,,,,,,,,,,1.0,1.0,8.0,2.0,0.0,8.0,8.0,8.0,1.0,0,0,0,0,0,0,1,,,,,,,,,,,,,,,,,,,,,,,13419683,112939,CGY,Calgary Stampeders,Regular Season,2026-09-05T13:09:45.302148,2026
998543,8,Marquel Lee,Marquel Lee,Defensive_Linebacker,Started,,,,,,,,,,,,,,,,,,,,,,,,8,0,0,0,0,1,1,,,,,,,,,,,,,,,,,,,,,,,13419683,112939,CGY,Calgary Stampeders,Regular Season,2026-09-05T13:09:45.302148,2026
998863,4,Tevin Jones,Tevin Jones,Offensive_WideReceiver,Started,,,,,,,,,,,,,,,5.0,3.0,31.0,5.0,1.0,12.0,10.333,6.2,0.6,,,,,,,,,,,,,,,,,,,,,,,,,,,,,,13419683,112939,CGY,Calgary Stampeders,Regular Season,2026-09-05T13:09:45.302148,2026
1007936,17,Tommy Stevens,Tommy Stevens,Offensive_Quarterback,ActiveNotPlayed,,,,,,,,,,2.0,3.0,2,2,1.5,,,,,,,,,,,,,,,,,,,,,,,,,,,,,,,,,,,,,,,13419683,106752,SSK,Saskatchewan Roughriders,Regular Season,2026-09-05T13:09:45.302148,2026
1008130,5,Antoine Brooks Jr.,Antoine Brooks Jr.,Defensive_Linebacker,Started,,,,,,,,,,,,,,,,,,,,,,,,5,0,0,0,0,0,2,,,,,,,,,,,,,,,,,,,,,,,13419683,106752,SSK,Saskatchewan Roughriders,Regular Season,2026-09-05T13:09:45.302148,2026
1012862,2,Josh Woods,Josh Woods,Defensive_Linebacker,Started,,,,,,,,,,,,,,,,,,,,,,,,7,0,1,0,0,0,0,,,,,,,,,,,,,,,,,,,,,,,13419683,106752,SSK,Saskatchewan Roughriders,Regular Season,2026-09-05T13:09:45.302148,2026
1014314,22,Damarcus Fields,Damarcus Fields,Defensive_DefensiveBack,Started,,,,,,,,,,,,,,,,,,,,,,,,4,0,0,0,0,0,0,,,,,,,,,,,,,,,,,,,,,,,13419683,106752,SSK,Saskatchewan Roughriders,Regular Season,2026-09-05T13:09:45.302148,2026
1014484,47,Aubrey Miller Jr.,Aubrey Miller Jr.,Defensive_Linebacker,ActiveNotPlayed,,,,,,,,,,,,,,,,,,,,,,,,0,0,0,0,0,0,2,,,,,,,,,,,,,,,,,,,,,,,13419683,106752,SSK,Saskatchewan Roughriders,Regular Season,2026-09-05T13:09:45.302148,2026
1020364,16,Juju Hughes,Juju Hughes,Defensive_DefensiveBack,Started,,,,,,,,,,,,,,,,,,,,,,,,3,0,0,0,0,0,0,,,,,,,,,,,,,,,,,,,,,,,13419683,106752,SSK,Saskatchewan Roughriders,Regular Season,2026-09-05T13:09:45.302148,2026
1020372,3,KeeSean Johnson,KeeSean Johnson,Offensive_WideReceiver,Started,,,,,,,,,,,,,,,8.0,4.0,58.0,22.0,1.0,38.0,14.5,7.25,0.5,,,,,,,,,,,,,,,,,,,,,,,,,,,,,,13419683,106752,SSK,Saskatchewan Roughriders,Regular Season,2026-09-05T13:09:45.302148,2026
1021683,45,A.J. Ouellette,A.J. Ouellette,Offensive_RunningBack,Started,,,,,,,,,,18.0,84.0,0,13,4.667,2.0,2.0,18.0,10.0,0.0,13.0,9.0,9.0,1.0,,,,,,,,,,,,,,,,,,,,,,,,,,,,,,13419683,106752,SSK,Saskatchewan Roughriders,Regular Season,2026-09-05T13:09:45.302148,2026
1077098,19,Samuel Emilus,Samuel Emilus,Offensive_WideReceiver,Started,,,,,,,,,,,,,,,7.0,4.0,90.0,3.0,0.0,38.0,22.5,12.857,0.571,,,,,,,,,,,,,,,,,,,,,,,,,,,,,,13419683,106752,SSK,Saskatchewan Roughriders,Regular Season,2026-09-05T13:09:45.302148,2026
1080069,99,Caleb Sanders,Caleb Sanders,Defensive_DefensiveLineman,Started,,,,,,,,,,,,,,,,,,,,,,,,1,0,0,0,0,0,0,,,,,,,,,,,,,,,,,,,,,,,13419683,106752,SSK,Saskatchewan Roughriders,Regular Season,2026-09-05T13:09:45.302148,2026
1130108,6,Jameer Thurman,Jameer Thurman,Defensive_Linebacker,Started,,,,,,,,,,,,,,,,,,,,,,,,8,0,0,0,0,0,0,,,,,,,,,,,,,,,,,,,,,,,13419683,106752,SSK,Saskatchewan Roughriders,Regular Season,2026-09-05T13:09:45.302148,2026
1130112,9,James Vaughters,James Vaughters,Defensive_DefensiveLineman,Started,,,,,,,,,,,,,,,,,,,,,,,,2,1,0,0,0,0,0,,,,,,,,,,,,,,,,,,,,,,,13419683,106752,SSK,Saskatchewan Roughriders,Regular Season,2026-09-05T13:09:45.302148,2026
1131432,26,Tevaughn Campbell,Tevaughn Campbell,Defensive_DefensiveBack,Started,,,,,,,,,,,,,,,,,,,,,,,,2,0,0,0,0,0,0,,,,,,,,,,,,,,,,,,,,,,,13419683,106752,SSK,Saskatchewan Roughriders,Regular Season,2026-09-05T13:09:45.302148,2026
1349536,7,Trevor Harris,Trevor Harris,Offensive_Quarterback,Started,23.0,36.0,0.639,349.0,3.0,0.0,53.0,9.694,11.36111111111111,,,,,,,,,,,,,,,,,,,,,,,,,,,,,,,,,,,,,,,,,,,,13419683,106752,SSK,Saskatchewan Roughriders,Regular Season,2026-09-05T13:09:45.302148,2026
1349537,52,Jermarcus Hardrick,Jermarcus Hardrick,Offensive_OffensiveLineman,Started,,,,,,,,,,,,,,,,,,,,,,,,1,0,0,0,0,0,0,,,,,,,,,,,,,,,,,,,,,,,13419683,106752,SSK,Saskatchewan Roughriders,Regular Season,2026-09-05T13:09:45.302148,2026
1350617,89,Kian Schaffer-Baker,Kian Schaffer-Baker,Offensive_WideReceiver,Started,,,,,,,,,,,,,,,9.0,8.0,130.0,61.0,2.0,53.0,16.25,14.444,0.889,,,,,,,,,,,,,,,,,,,,,,,,,,,,,,13419683,106752,SSK,Saskatchewan Roughriders,Regular Season,2026-09-05T13:09:45.302148,2026
1403970,1,James Letcher Jr.,James Letcher Jr.,Offensive_WideReceiver,ActiveNotPlayed,,,,,,,,,,,,,,,,,,,,,,,,,,,,,,,,,,,,,,,,,,,,,4.0,74.0,27.0,18.5,5.0,65.0,29.0,13.0,13419683,106752,SSK,Saskatchewan Roughriders,Regular Season,2026-09-05T13:09:45.302148,2026
1404092,30,Thomas Bertrand-Hudon,Thomas Bertrand-Hudon,Offensive_RunningBack,ActiveNotPlayed,,,,,,,,,,7.0,30.0,0,7,4.286,,,,,,,,,,0,0,0,0,0,0,1,,,,,,,,,,,,,,,,,,,,,,,13419683,106752,SSK,Saskatchewan Roughriders,Regular Season,2026-09-05T13:09:45.302148,2026
1404980,21,Jaxon Ford,Jaxon Ford,Defensive_DefensiveBack,Started,,,,,,,,,,,,,,,,,,,,,,,,4,0,0,0,0,0,0,,,,,,,,,,,,,,,,,,,,,,,13419683,106752,SSK,Saskatchewan Roughriders,Regular Season,2026-09-05T13:09:45.302148,2026
1468449,18,Dhel Duncan-Busby,Dhel Duncan-Busby,Offensive_WideReceiver,Started,,,,,,,,,,,,,,,3.0,3.0,22.0,1.0,0.0,8.0,7.333,7.333,1.0,,,,,,,,,,,,,,,,,,,,,,,,,,,,,,13419683,106752,SSK,Saskatchewan Roughriders,Regular Season,2026-09-05T13:09:45.302148,2026
1468451,28,Melique Straker,Melique Straker,Defensive_Linebacker,ActiveNotPlayed,,,,,,,,,,,,,,,,,,,,,,,,0,0,0,0,0,0,2,,,,,,,,,,,,,,,,,,,,,,,13419683,106752,SSK,Saskatchewan Roughriders,Regular Season,2026-09-05T13:09:45.302148,2026
1483376,82,Jaylen Johnson,Jaylen Johnson,Offensive_WideReceiver,Started,,,,,,,,,,,,,,,7.0,2.0,31.0,1.0,0.0,18.0,15.5,4.429,0.286,,,,,,,,,,,,,,,,,,,,,,,,,,,,,,13419683,106752,SSK,Saskatchewan Roughriders,Regular Season,2026-09-05T13:09:45.302148,2026
1488508,12,Malcolm Bell,Malcolm Bell,Defensive_DefensiveBack,ActiveNotPlayed,,,,,,,,,,,,,,,,,,,,,,,,1,0,0,0,0,0,0,,,,,,,,,,,,,,,,,,,,,,,13419683,106752,SSK,Saskatchewan Roughriders,Regular Season,2026-09-05T13:09:45.302148,2026
1499039,98,Desmond Evans,Desmond Evans,Defensive_DefensiveLineman,Started,,,,,,,,,,,,,,,,,,,,,,,,2,0,0,0,0,0,0,,,,,,,,,,,,,,,,,,,,,,,13419683,106752,SSK,Saskatchewan Roughriders,Regular Season,2026-09-05T13:09:45.302148,2026
1510443,11,Alex Hale,Alex Hale,Kicker,ActiveNotPlayed,,,,,,,,,,,,,,,,,,,,,,,,,,,,,,,2.0,3.0,0.667,38,2.0,0.0,5.0,261.0,65.0,,,,,,,,,,,,,,13419683,106752,SSK,Saskatchewan Roughriders,Regular Season,2026-09-05T13:09:45.302148,2026
1512298,91,Oscar Chapman,Oscar Chapman,Punter,ActiveNotPlayed,,,,,,,,,,,,,,,,,,,,,,,,,,,,,,,,,,,,,,,,7.0,368.0,52.571,68.0,0.0,,,,,,,,,13419683,106752,SSK,Saskatchewan Roughriders,Regular Season,2026-09-05T13:09:45.302148,2026
1514743,48,David Gbenda,David Gbenda,Defensive_Linebacker,ActiveNotPlayed,,,,,,,,,,,,,,,,,,,,,,,,0,0,0,0,0,0,1,,,,,,,,,,,,,,,,,,,,,,,13419683,106752,SSK,Saskatchewan Roughriders,Regular Season,2026-09-05T13:09:45.302148,2026
1515774,43,Nick Wiebe,Nick Wiebe,Defensive_Linebacker,ActiveNotPlayed,,,,,,,,,,,,,,,,,,,,,,,,0,0,0,0,0,0,1,,,,,,,,,,,,,,,,,,,,,,,13419683,106752,SSK,Saskatchewan Roughriders,Regular Season,2026-09-05T13:09:45.302148,2026
999126,8,Marcus Sayles,Marcus Sayles,Defensive_DefensiveBack,Started,,,,,,,,,,,,,,,,,,,,,,,,3,0,0,0,0,0,0,,,,,,,,,,,,,,,,,,,,,,,13419683,106752,SSK,Saskatchewan Roughriders,Regular Season,2026-09-05T13:09:45.302148,2026
1003939,1,Deatrick Nichols,Deatrick Nichols,Defensive_DefensiveBack,Started,,,,,,,,,,,,,,,,,,,,,,,,3,0,0,0,0,1,0,,,,,,,,,,,,,,,,,,,,,,,13419684,110380,WPG,Winnipeg Blue Bombers,Regular Season,2026-09-05T13:09:45.302148,2026
1012104,39,Jaylen Smith,Jaylen Smith,Defensive_Linebacker,ActiveNotPlayed,,,,,,,,,,,,,,,,,,,,,,,,2,0,0,0,0,0,1,,,,,,,,,,,,,,,,,,,,,,,13419684,110380,WPG,Winnipeg Blue Bombers,Regular Season,2026-09-05T13:09:45.302148,2026
1014288,33,Tony Jones,Tony Jones,Defensive_Linebacker,Started,,,,,,,,,,,,,,,,,,,,,,,,6,0,0,0,0,0,0,,,,,,,,,,,,,,,,,,,,,,,13419684,110380,WPG,Winnipeg Blue Bombers,Regular Season,2026-09-05T13:09:45.302148,2026
1015193,80,Ontaria Wilson,Ontaria Wilson,Offensive_WideReceiver,Started,,,,,,,,,,,,,,,,,,,,,,,,1,0,0,0,0,0,0,,,,,,,,,,,,,,,,,,,,,,,13419684,110380,WPG,Winnipeg Blue Bombers,Regular Season,2026-09-05T13:09:45.302148,2026
1018781,12,Tim White,Tim White,Offensive_WideReceiver,Started,,,,,,,,,,,,,,,7.0,5.0,55.0,20.0,1.0,26.0,11.0,7.857,0.714,,,,,,,,,,,,,,,,,,,,,,,,,,,,,,13419684,110380,WPG,Winnipeg Blue Bombers,Regular Season,2026-09-05T13:09:45.302148,2026
1078857,9,Bryce Perkins,Bryce Perkins,Offensive_Quarterback,ActiveNotPlayed,,,,,,,,,,3.0,23.0,0,20,7.667,,,,,,,,,,,,,,,,,,,,,,,,,,,,,,,,,,,,,,,13419684,110380,WPG,Winnipeg Blue Bombers,Regular Season,2026-09-05T13:09:45.302148,2026
1082157,31,Evan Holm,Evan Holm,Defensive_DefensiveBack,Started,,,,,,,,,,,,,,,,,,,,,,,,8,0,0,0,0,0,1,,,,,,,,,,,,,,,,,,,,,,,13419684,110380,WPG,Winnipeg Blue Bombers,Regular Season,2026-09-05T13:09:45.302148,2026
1082183,20,Brady Oliveira,Brady Oliveira,Offensive_RunningBack,Started,,,,,,,,,,13.0,77.0,0,12,5.923,7.0,6.0,45.0,37.0,1.0,14.0,7.5,6.429,0.857,1,0,0,0,0,0,0,,,,,,,,,,,,,,,,,,,,,,,13419684,110380,WPG,Winnipeg Blue Bombers,Regular Season,2026-09-05T13:09:45.302148,2026
1085666,61,Gabe Wallace,Gabe Wallace,Offensive_OffensiveLineman,Started,,,,,,,,,,0.0,3.0,0,3,inf,,,,,,,,,,,,,,,,,,,,,,,,,,,,,,,,,,,,,,,13419684,110380,WPG,Winnipeg Blue Bombers,Regular Season,2026-09-05T13:09:45.302148,2026
1243886,14,Sergio Castillo,Sergio Castillo,Kicker,ActiveNotPlayed,,,,,,,,,,,,,,,,,,,,,,,,,,,,,,,1.0,3.0,0.333,53,2.0,0.0,3.0,226.0,90.0,,,,,,,,,,,,,,13419684,110380,WPG,Winnipeg Blue Bombers,Regular Season,2026-09-05T13:09:45.302148,2026
1349490,83,Tommy Nield,Tommy Nield,Offensive_WideReceiver,Started,,,,,,,,,,,,,,,3.0,2.0,12.0,5.0,0.0,10.0,6.0,4.0,0.667,,,,,,,,,,,,,,,,,,,,,,,,,,,,,,13419684,110380,WPG,Winnipeg Blue Bombers,Regular Season,2026-09-05T13:09:45.302148,2026
1349512,47,Tanner Cadwallader,Tanner Cadwallader,Defensive_Linebacker,ActiveNotPlayed,,,,,,,,,,,,,,,,,,,,,,,,0,0,0,0,0,0,1,,,,,,,,,,,,,,,,,,,,,,,13419684,110380,WPG,Winnipeg Blue Bombers,Regular Season,2026-09-05T13:09:45.302148,2026
1349515,8,Zach Collaros,Zach Collaros,Offensive_Quarterback,Started,24.0,33.0,0.727,290.0,2.0,0.0,29.0,8.788,10.0,3.0,3.0,0,2,1.0,,,,,,,,,,,,,,,,,,,,,,,,,,,,,,,,,,,,,,,13419684,110380,WPG,Winnipeg Blue Bombers,Regular Season,2026-09-05T13:09:45.302148,2026
1349519,10,Nic Demski,Nic Demski,Offensive_WideReceiver,Started,,,,,,,,,,,,,,,7.0,6.0,92.0,27.0,0.0,22.0,15.333,13.143,0.857,,,,,,,,,,,,,,,,,,,,,,,,,,,,,,13419684,110380,WPG,Winnipeg Blue Bombers,Regular Season,2026-09-05T13:09:45.302148,2026
1349540,6,Redha Kramdi,Redha Kramdi,Defensive_DefensiveBack,Started,,,,,,,,,,,,,,,,,,,,,,,,6,0,0,0,0,0,0,,,,,,,,,,,,,,,,,,,,,,,13419684,110380,WPG,Winnipeg Blue Bombers,Regular Season,2026-09-05T13:09:45.302148,2026
1349561,19,Kyrie Wilson,Kyrie Wilson,Defensive_Linebacker,Started,,,,,,,,,,,,,,,,,,,,,,,,2,0,1,0,0,0,0,,,,,,,,,,,,,,,,,,,,,,,13419684,110380,WPG,Winnipeg Blue Bombers,Regular Season,2026-09-05T13:09:45.302148,2026
1384562,82,Gavin Cobb,Gavin Cobb,Offensive_WideReceiver,Started,,,,,,,,,,,,,,,4.0,2.0,26.0,21.0,0.0,14.0,13.0,6.5,0.5,,,,,,,,,,,,,,,,,,,,,,,,,,,,,,13419684,110380,WPG,Winnipeg Blue Bombers,Regular Season,2026-09-05T13:09:45.302148,2026
1397520,32,Michael Griffin II,Michael Griffin II,Defensive_Linebacker,Started,,,,,,,,,,,,,,,,,,,,,,,,1,0,0,0,1,0,1,,,,,,,,,,,,,,,,,,,,,,,13419684,110380,WPG,Winnipeg Blue Bombers,Regular Season,2026-09-05T13:09:45.302148,2026
1401587,49,Michael Ayers,Michael Ayers,Defensive_Linebacker,ActiveNotPlayed,,,,,,,,,,,,,,,,,,,,,,,,1,0,1,0,0,0,1,,,,,,,,,,,,,,,,,,,,,,,13419684,110380,WPG,Winnipeg Blue Bombers,Regular Season,2026-09-05T13:09:45.302148,2026
1403880,16,Jake Kelly,Jake Kelly,Defensive_DefensiveBack,ActiveNotPlayed,,,,,,,,,,,,,,,,,,,,,,,,1,0,0,0,0,0,1,,,,,,,,,,,,,,,,,,,,,,,13419684,110380,WPG,Winnipeg Blue Bombers,Regular Season,2026-09-05T13:09:45.302148,2026
1403894,18,Jamieson Sheahan,Jamieson Sheahan,Punter,ActiveNotPlayed,,,,,,,,,,,,,,,,,,,,,,,,,,,,,,,,,,,,,,,,5.0,249.0,49.8,58.0,1.0,,,,,,,,,13419684,110380,WPG,Winnipeg Blue Bombers,Regular Season,2026-09-05T13:09:45.302148,2026
1464504,23,Trey Vaval,Trey Vaval,Defensive_DefensiveBack,ActiveNotPlayed,,,,,,,,,,,,,,,,,,,,,,,,,,,,,,,,,,,,,,,,,,,,,3.0,105.0,41.0,35.0,6.0,83.0,28.0,13.833,13419684,110380,WPG,Winnipeg Blue Bombers,Regular Season,2026-09-05T13:09:45.302148,2026
1468039,25,Michael Chris-Ike,Michael Chris-Ike,Offensive_RunningBack,ActiveNotPlayed,,,,,,,,,,,,,,,,,,,,,,,,,,,,,,,,,,,,,,,,,,,,,1.0,31.0,31.0,31.0,,,,,13419684,110380,WPG,Winnipeg Blue Bombers,Regular Season,2026-09-05T13:09:45.302148,2026
1468470,42,Ian Leroux,Ian Leroux,LongSnapper,ActiveNotPlayed,,,,,,,,,,,,,,,,,,,,,,,,0,0,0,0,0,0,1,,,,,,,,,,,,,,,,,,,,,,,13419684,110380,WPG,Winnipeg Blue Bombers,Regular Season,2026-09-05T13:09:45.302148,2026
1485301,93,Michael Fletcher,Michael Fletcher,Defensive_Tackle,ActiveNotPlayed,,,,,,,,,,,,,,,,,,,,,,,,1,0,0,0,0,0,0,,,,,,,,,,,,,,,,,,,,,,,13419684,110380,WPG,Winnipeg Blue Bombers,Regular Season,2026-09-05T13:09:45.302148,2026
1498158,81,Joey Corcoran,Joey Corcoran,Offensive_WideReceiver,ActiveNotPlayed,,,,,,,,,,,,,,,2.0,1.0,9.0,3.0,0.0,9.0,9.0,4.5,0.5,,,,,,,,,,,,,,,,,,,,,,,,,,,,,,13419684,110380,WPG,Winnipeg Blue Bombers,Regular Season,2026-09-05T13:09:45.302148,2026
1500766,44,Kydran Jenkins,Kydran Jenkins,Defensive_End,Started,,,,,,,,,,,,,,,,,,,,,,,,2,0,0,0,0,0,0,,,,,,,,,,,,,,,,,,,,,,,13419684,110380,WPG,Winnipeg Blue Bombers,Regular Season,2026-09-05T13:09:45.302148,2026
1636948,24,Major Williams,Major Williams,Defensive_DefensiveBack,Started,,,,,,,,,,,,,,,,,,,,,,,,6,0,0,0,0,0,0,,,,,,,,,,,,,,,,,,,,,,,13419684,110380,WPG,Winnipeg Blue Bombers,Regular Season,2026-09-05T13:09:45.302148,2026
1752357,87,Dante Daniels,Dante Daniels,Offensive_TightEnd,ActiveNotPlayed,,,,,,,,,,,,,,,2.0,2.0,51.0,47.0,0.0,29.0,25.5,25.5,1.0,1,0,0,0,0,0,0,,,,,,,,,,,,,,,,,,,,,,,13419684,110380,WPG,Winnipeg Blue Bombers,Regular Season,2026-09-05T13:09:45.302148,2026
757943,5,Willie Jefferson,Willie Jefferson,Defensive_End,Started,,,,,,,,,,,,,,,,,,,,,,,,1,0,0,0,0,0,0,,,,,,,,,,,,,,,,,,,,,,,13419684,110380,WPG,Winnipeg Blue Bombers,Regular Season,2026-09-05T13:09:45.302148,2026
999581,2,Jonathan Moxey,Jonathan Moxey,Defensive_DefensiveBack,Started,,,,,,,,,,,,,,,,,,,,,,,,2,0,1,0,0,0,0,,,,,,,,,,,,,,,,,,,,,,,13419684,110380,WPG,Winnipeg Blue Bombers,Regular Season,2026-09-05T13:09:45.302148,2026
1005323,3,Austin Mack,Austin Mack,Offensive_WideReceiver,Started,,,,,,,,,,,,,,,8.0,5.0,58.0,14.0,0.0,21.0,11.6,7.25,0.625,,,,,,,,,,,,,,,,,,,,,,,,,,,,,,13419684,114347,EDM,Edmonton Elks,Regular Season,2026-09-05T13:09:45.302148,2026
1005963,0,Kobe Williams,Kobe Williams,Defensive_DefensiveBack,Started,,,,,,,,,,,,,,,,,,,,,,,,3,0,0,0,0,0,1,,,,,,,,,,,,,,,,,,,,,,,13419684,114347,EDM,Edmonton Elks,Regular Season,2026-09-05T13:09:45.302148,2026
1006559,10,Jake Julien,Jake Julien,Punter,ActiveNotPlayed,,,,,,,,,,,,,,,,,,,,,,,,,,,,,,,,,,,,,,,,7.0,314.0,44.857,51.0,0.0,,,,,,,,,13419684,114347,EDM,Edmonton Elks,Regular Season,2026-09-05T13:09:45.302148,2026
1007365,5,Justin Rankin,Justin Rankin,Offensive_RunningBack,Started,,,,,,,,,,15.0,106.0,1,33,7.067,4.0,3.0,9.0,8.0,0.0,6.0,3.0,2.25,0.75,,,,,,,,,,,,,,,,,,,,,,,,,,,,,,13419684,114347,EDM,Edmonton Elks,Regular Season,2026-09-05T13:09:45.302148,2026
1009107,22,Javon Leake,Javon Leake,Offensive_RunningBack,ActiveNotPlayed,,,,,,,,,,,,,,,1.0,1.0,15.0,15.0,0.0,15.0,15.0,15.0,1.0,,,,,,,,,,,,,,,,,,,,,,1.0,23.0,23.0,23.0,5.0,62.0,21.0,12.4,13419684,114347,EDM,Edmonton Elks,Regular Season,2026-09-05T13:09:45.302148,2026
1011445,50,Joel Dublanko,Joel Dublanko,Defensive_Linebacker,Started,,,,,,,,,,,,,,,,,,,,,,,,6,1,0,0,0,1,0,,,,,,,,,,,,,,,,,,,,,,,13419684,114347,EDM,Edmonton Elks,Regular Season,2026-09-05T13:09:45.302148,2026
1014004,32,Leonard Johnson,Leonard Johnson,Defensive_DefensiveBack,ActiveNotPlayed,,,,,,,,,,,,,,,,,,,,,,,,0,0,0,0,0,0,1,,,,,,,,,,,,,,,,,,,,,,,13419684,114347,EDM,Edmonton Elks,Regular Season,2026-09-05T13:09:45.302148,2026
1016182,2,Malik Carney,Malik Carney,Defensive_DefensiveLineman,Started,,,,,,,,,,,,,,,,,,,,,,,,1,0,0,0,1,1,0,,,,,,,,,,,,,,,,,,,,,,,13419684,114347,EDM,Edmonton Elks,Regular Season,2026-09-05T13:09:45.302148,2026
1079457,43,Brock Mogensen,Brock Mogensen,Defensive_Linebacker,Started,,,,,,,,,,,,,,,,,,,,,,,,4,0,0,0,0,1,0,,,,,,,,,,,,,,,,,,,,,,,13419684,114347,EDM,Edmonton Elks,Regular Season,2026-09-05T13:09:45.302148,2026
1084057,91,Jared Brinkman,Jared Brinkman,Defensive_DefensiveLineman,Started,,,,,,,,,,,,,,,,,,,,,,,,2,0,0,0,0,0,0,,,,,,,,,,,,,,,,,,,,,,,13419684,114347,EDM,Edmonton Elks,Regular Season,2026-09-05T13:09:45.302148,2026
1345658,90,Jordan Williams,Jordan Williams,Defensive_DefensiveLineman,Started,,,,,,,,,,,,,,,,,,,,,,,,1,1,0,0,1,0,0,,,,,,,,,,,,,,,,,,,,,,,13419684,114347,EDM,Edmonton Elks,Regular Season,2026-09-05T13:09:45.302148,2026
1349498,40,Robbie Smith,Robbie Smith,Defensive_DefensiveLineman,Started,,,,,,,,,,,,,,,,,,,,,,,,1,0,0,0,0,0,0,,,,,,,,,,,,,,,,,,,,,,,13419684,114347,EDM,Edmonton Elks,Regular Season,2026-09-05T13:09:45.302148,2026
1349527,30,Tyrell Ford,Tyrell Ford,Defensive_DefensiveBack,Started,,,,,,,,,,,,,,,,,,,,,,,,3,0,0,0,0,0,0,,,,,,,,,,,,,,,,,,,,,,,13419684,114347,EDM,Edmonton Elks,Regular Season,2026-09-05T13:09:45.302148,2026
1349549,11,Kaion Julien-Grant,Kaion Julien-Grant,Offensive_WideReceiver,Started,,,,,,,,,,,,,,,7.0,6.0,84.0,5.0,0.0,32.0,14.0,12.0,0.857,,,,,,,,,,,,,,,,,,,,,,,,,,,,,,13419684,114347,EDM,Edmonton Elks,Regular Season,2026-09-05T13:09:45.302148,2026
1349551,6,Brendan O'Leary-Orange,Brendan O'Leary-Orange,Offensive_WideReceiver,Started,,,,,,,,,,,,,,,2.0,1.0,22.0,0.0,0.0,22.0,22.0,11.0,0.5,,,,,,,,,,,,,,,,,,,,,,,,,,,,,,13419684,114347,EDM,Edmonton Elks,Regular Season,2026-09-05T13:09:45.302148,2026
1350572,7,Cody Fajardo,Cody Fajardo,Offensive_Quarterback,Started,25.0,35.0,0.714,267.0,1.0,0.0,32.0,7.629,8.2,5.0,12.0,0,4,2.4,,,,,,,,,,,,,,,,,,,,,,,,,,,,,,,,,,,,,,,13419684,114347,EDM,Edmonton Elks,Regular Season,2026-09-05T13:09:45.302148,2026
1350922,46,Jacob Plamondon,Jacob Plamondon,Offensive_Fullback,ActiveNotPlayed,,,,,,,,,,,,,,,,,,,,,,,,0,0,0,0,0,0,1,,,,,,,,,,,,,,,,,,,,,,,13419684,114347,EDM,Edmonton Elks,Regular Season,2026-09-05T13:09:45.302148,2026
1408288,88,T.J. Luther,T.J. Luther,Offensive_WideReceiver,Started,,,,,,,,,,,,,,,4.0,3.0,28.0,0.0,1.0,18.0,9.333,7.0,0.75,1,0,0,0,0,0,0,,,,,,,,,,,,,,,,,,,,,,,13419684,114347,EDM,Edmonton Elks,Regular Season,2026-09-05T13:09:45.302148,2026
1464749,20,Kenneth Logan Jr.,Kenneth Logan Jr.,Defensive_Linebacker,Started,,,,,,,,,,,,,,,,,,,,,,,,3,0,0,0,0,0,0,,,,,,,,,,,,,,,,,,,,,,,13419684,114347,EDM,Edmonton Elks,Regular Season,2026-09-05T13:09:45.302148,2026
1468042,26,Vincent Blanchard,Vincent Blanchard,Kicker,ActiveNotPlayed,,,,,,,,,,,,,,,,,,,,,,,,,,,,,,,1.0,1.0,1.0,15,2.0,0.0,4.0,291.0,77.0,,,,,,,,,,,,,,13419684,114347,EDM,Edmonton Elks,Regular Season,2026-09-05T13:09:45.302148,2026
1470656,13,Kordell Jackson,Kordell Jackson,Defensive_DefensiveBack,Started,,,,,,,,,,,,,,,,,,,,,,,,3,0,0,0,1,0,1,,,,,,,,,,,,,,,,,,,,,,,13419684,114347,EDM,Edmonton Elks,Regular Season,2026-09-05T13:09:45.302148,2026
1470657,47,D.K. Bonhomme,D.K. Bonhomme,Defensive_DefensiveLineman,ActiveNotPlayed,,,,,,,,,,,,,,,,,,,,,,,,0,0,0,0,0,0,3,,,,,,,,,,,,,,,,,,,,,,,13419684,114347,EDM,Edmonton Elks,Regular Season,2026-09-05T13:09:45.302148,2026
1470739,35,Bradley Hladik,Bradley Hladik,LongSnapper,ActiveNotPlayed,,,,,,,,,,,,,,,,,,,,,,,,0,0,0,0,0,0,1,,,,,,,,,,,,,,,,,,,,,,,13419684,114347,EDM,Edmonton Elks,Regular Season,2026-09-05T13:09:45.302148,2026
1482936,25,Chelen Garnes,Chelen Garnes,Defensive_DefensiveBack,Started,,,,,,,,,,,,,,,,,,,,,,,,6,0,0,0,0,0,0,,,,,,,,,,,,,,,,,,,,,,,13419684,114347,EDM,Edmonton Elks,Regular Season,2026-09-05T13:09:45.302148,2026
1483150,95,Tomari Fox,Tomari Fox,Defensive_DefensiveLineman,ActiveNotPlayed,,,,,,,,,,,,,,,,,,,,,,,,2,0,0,0,0,0,0,,,,,,,,,,,,,,,,,,,,,,,13419684,114347,EDM,Edmonton Elks,Regular Season,2026-09-05T13:09:45.302148,2026
1483155,18,Joshua Cephus,Joshua Cephus,Offensive_WideReceiver,Started,,,,,,,,,,,,,,,9.0,6.0,51.0,8.0,0.0,12.0,8.5,5.667,0.667,,,,,,,,,,,,,,,,,,,,,,,,,,,,,,13419684,114347,EDM,Edmonton Elks,Regular Season,2026-09-05T13:09:45.302148,2026
1483633,42,Noah Taylor,Noah Taylor,Defensive_DefensiveLineman,ActiveNotPlayed,,,,,,,,,,,,,,,,,,,,,,,,2,1,0,0,1,0,0,,,,,,,,,,,,,,,,,,,,,,,13419684,114347,EDM,Edmonton Elks,Regular Season,2026-09-05T13:09:45.302148,2026
1488897,14,Cole Snyder,Cole Snyder,Offensive_Quarterback,ActiveNotPlayed,,,,,,,,,,2.0,3.0,1,2,1.5,,,,,,,,,,,,,,,,,,,,,,,,,,,,,,,,,,,,,,,13419684,114347,EDM,Edmonton Elks,Regular Season,2026-09-05T13:09:45.302148,2026
1518031,29,JJ Ross,JJ Ross,Defensive_DefensiveBack,Started,,,,,,,,,,,,,,,,,,,,,,,,4,0,0,0,0,0,0,,,,,,,,,,,,,,,,,,,,,,,13419684,114347,EDM,Edmonton Elks,Regular Season,2026-09-05T13:09:45.302148,2026
1602302,34,Isaiah Knight,Isaiah Knight,Offensive_RunningBack,ActiveNotPlayed,,,,,,,,,,,,,,,,,,,,,,,,,,,,,,,,,,,,,,,,,,,,,1.0,17.0,17.0,17.0,,,,,13419684,114347,EDM,Edmonton Elks,Regular Season,2026-09-05T13:09:45.302148,2026
1752327,49,Justin Pace,Justin Pace,Defensive_Linebacker,ActiveNotPlayed,,,,,,,,,,,,,,,,,,,,,,,,0,0,0,0,0,0,2,,,,,,,,,,,,,,,,,,,,,,,13419684,114347,EDM,Edmonton Elks,Regular Season,2026-09-05T13:09:45.302148,2026
1007936,17,Tommy Stevens,Tommy Stevens,Offensive_Quarterback,ActiveNotPlayed,,,,,,,,,,4.0,8.0,1,4,2.0,,,,,,,,,,,,,,,,,,,,,,,,,,,,,,,,,,,,,,,14038501,106752,SSK,Saskatchewan Roughriders,Regular Season,2026-09-05T13:09:45.302148,2026
1008130,5,Antoine Brooks Jr.,Antoine Brooks Jr.,Defensive_Linebacker,Started,,,,,,,,,,,,,,,,,,,,,,,,3,0,0,0,0,0,0,,,,,,,,,,,,,,,,,,,,,,,14038501,106752,SSK,Saskatchewan Roughriders,Regular Season,2026-09-05T13:09:45.302148,2026
1012862,2,Josh Woods,Josh Woods,Defensive_Linebacker,Started,,,,,,,,,,,,,,,,,,,,,,,,6,0,0,1,0,0,0,,,,,,,,,,,,,,,,,,,,,,,14038501,106752,SSK,Saskatchewan Roughriders,Regular Season,2026-09-05T13:09:45.302148,2026
1014314,22,Damarcus Fields,Damarcus Fields,Defensive_DefensiveBack,Started,,,,,,,,,,,,,,,,,,,,,,,,2,0,0,0,0,0,0,,,,,,,,,,,,,,,,,,,,,,,14038501,106752,SSK,Saskatchewan Roughriders,Regular Season,2026-09-05T13:09:45.302148,2026
1014484,47,Aubrey Miller Jr.,Aubrey Miller Jr.,Defensive_Linebacker,ActiveNotPlayed,,,,,,,,,,,,,,,,,,,,,,,,0,0,0,0,0,0,2,,,,,,,,,,,,,,,,,,,,,,,14038501,106752,SSK,Saskatchewan Roughriders,Regular Season,2026-09-05T13:09:45.302148,2026
1020372,3,KeeSean Johnson,KeeSean Johnson,Offensive_WideReceiver,Started,,,,,,,,,,,,,,,13.0,10.0,112.0,13.0,1.0,28.0,11.2,8.615,0.769,,,,,,,,,,,,,,,,,,,,,,,,,,,,,,14038501,106752,SSK,Saskatchewan Roughriders,Regular Season,2026-09-05T13:09:45.302148,2026
1077098,19,Samuel Emilus,Samuel Emilus,Offensive_WideReceiver,Started,,,,,,,,,,,,,,,5.0,4.0,65.0,17.0,0.0,31.0,16.25,13.0,0.8,1,0,0,0,0,0,0,,,,,,,,,,,,,,,,,,,2.0,34.0,20.0,17.0,14038501,106752,SSK,Saskatchewan Roughriders,Regular Season,2026-09-05T13:09:45.302148,2026
1080069,99,Caleb Sanders,Caleb Sanders,Defensive_DefensiveLineman,Started,,,,,,,,,,,,,,,,,,,,,,,,2,0,0,0,0,0,0,,,,,,,,,,,,,,,,,,,,,,,14038501,106752,SSK,Saskatchewan Roughriders,Regular Season,2026-09-05T13:09:45.302148,2026
1130108,6,Jameer Thurman,Jameer Thurman,Defensive_Linebacker,Started,,,,,,,,,,,,,,,,,,,,,,,,3,0,0,0,0,0,0,,,,,,,,,,,,,,,,,,,,,,,14038501,106752,SSK,Saskatchewan Roughriders,Regular Season,2026-09-05T13:09:45.302148,2026
1130112,9,James Vaughters,James Vaughters,Defensive_End,Started,,,,,,,,,,,,,,,,,,,,,,,,1,0,0,0,0,0,0,,,,,,,,,,,,,,,,,,,,,,,14038501,106752,SSK,Saskatchewan Roughriders,Regular Season,2026-09-05T13:09:45.302148,2026
1131432,26,Tevaughn Campbell,Tevaughn Campbell,Defensive_DefensiveBack,Started,,,,,,,,,,,,,,,,,,,,,,,,2,0,0,0,0,0,0,,,,,,,,,,,,,,,,,,,,,,,14038501,106752,SSK,Saskatchewan Roughriders,Regular Season,2026-09-05T13:09:45.302148,2026
1349536,7,Trevor Harris,Trevor Harris,Offensive_Quarterback,Started,34.0,43.0,0.791,409.0,2.0,1.0,31.0,9.512,9.395348837209303,,,,,,,,,,,,,,,,,,,,,,,,,,,,,,,,,,,,,,,,,,,,14038501,106752,SSK,Saskatchewan Roughriders,Regular Season,2026-09-05T13:09:45.302148,2026
1350465,42,Mike Rose,Mike Rose,Defensive_DefensiveLineman,Started,,,,,,,,,,,,,,,,,,,,,,,,2,2,0,0,0,0,0,,,,,,,,,,,,,,,,,,,,,,,14038501,106752,SSK,Saskatchewan Roughriders,Regular Season,2026-09-05T13:09:45.302148,2026
1350617,89,Kian Schaffer-Baker,Kian Schaffer-Baker,Offensive_WideReceiver,Started,,,,,,,,,,,,,,,10.0,8.0,89.0,46.0,0.0,24.0,11.125,8.9,0.8,,,,,,,,,,,,,,,,,,,,,,,,,,,,,,14038501,106752,SSK,Saskatchewan Roughriders,Regular Season,2026-09-05T13:09:45.302148,2026
1384818,31,Jonathan Edouard,Jonathan Edouard,Defensive_DefensiveBack,Started,,,,,,,,,,,,,,,,,,,,,,,,3,0,0,0,0,0,2,,,,,,,,,,,,,,,,,,,,,,,14038501,106752,SSK,Saskatchewan Roughriders,Regular Season,2026-09-05T13:09:45.302148,2026
1403970,1,James Letcher Jr.,James Letcher Jr.,Offensive_WideReceiver,ActiveNotPlayed,,,,,,,,,,,,,,,,,,,,,,,,,,,,,,,,,,,,,,,,,,,,,1.0,24.0,24.0,24.0,,,,,14038501,106752,SSK,Saskatchewan Roughriders,Regular Season,2026-09-05T13:09:45.302148,2026
1404092,30,Thomas Bertrand-Hudon,Thomas Bertrand-Hudon,Offensive_RunningBack,ActiveNotPlayed,,,,,,,,,,4.0,22.0,0,16,5.5,2.0,2.0,6.0,5.0,0.0,6.0,3.0,3.0,1.0,,,,,,,,,,,,,,,,,,,,,,,,,,,,,,14038501,106752,SSK,Saskatchewan Roughriders,Regular Season,2026-09-05T13:09:45.302148,2026
1404980,21,Jaxon Ford,Jaxon Ford,Defensive_DefensiveBack,Started,,,,,,,,,,,,,,,,,,,,,,,,5,0,0,0,0,0,0,,,,,,,,,,,,,,,,,,,,,,,14038501,106752,SSK,Saskatchewan Roughriders,Regular Season,2026-09-05T13:09:45.302148,2026
1468451,28,Melique Straker,Melique Straker,Defensive_Linebacker,ActiveNotPlayed,,,,,,,,,,,,,,,,,,,,,,,,0,0,0,0,0,0,1,,,,,,,,,,,,,,,,,,,,,,,14038501,106752,SSK,Saskatchewan Roughriders,Regular Season,2026-09-05T13:09:45.302148,2026
1483376,82,Jaylen Johnson,Jaylen Johnson,Offensive_WideReceiver,Started,,,,,,,,,,,,,,,6.0,5.0,67.0,21.0,0.0,23.0,13.4,11.167,0.833,,,,,,,,,,,,,,,,,,,,,,2.0,47.0,24.0,23.5,,,,,14038501,106752,SSK,Saskatchewan Roughriders,Regular Season,2026-09-05T13:09:45.302148,2026
1485313,24,Quali Conley,Quali Conley,Offensive_RunningBack,Started,,,,,,,,,,8.0,50.0,1,18,6.25,2.0,1.0,9.0,6.0,0.0,9.0,9.0,4.5,0.5,,,,,,,,,,,,,,,,,,,,,,,,,,,,,,14038501,106752,SSK,Saskatchewan Roughriders,Regular Season,2026-09-05T13:09:45.302148,2026
1487114,96,Ali Saad,Ali Saad,Defensive_DefensiveLineman,ActiveNotPlayed,,,,,,,,,,,,,,,,,,,,,,,,4,1,1,0,0,0,0,,,,,,,,,,,,,,,,,,,,,,,14038501,106752,SSK,Saskatchewan Roughriders,Regular Season,2026-09-05T13:09:45.302148,2026
1487216,35,Seyi Oladipo,Seyi Oladipo,Defensive_Linebacker,ActiveNotPlayed,,,,,,,,,,,,,,,,,,,,,,,,0,0,0,0,0,0,1,,,,,,,,,,,,,,,,,,,,,,,14038501,106752,SSK,Saskatchewan Roughriders,Regular Season,2026-09-05T13:09:45.302148,2026
1510443,11,Alex Hale,Alex Hale,Kicker,ActiveNotPlayed,,,,,,,,,,,,,,,,,,,,,,,,,,,,,,,2.0,2.0,1.0,36,4.0,0.0,7.0,437.0,79.0,,,,,,,,,,,,,,14038501,106752,SSK,Saskatchewan Roughriders,Regular Season,2026-09-05T13:09:45.302148,2026
1512298,91,Oscar Chapman,Oscar Chapman,Punter,ActiveNotPlayed,,,,,,,,,,,,,,,,,,,,,,,,0,0,0,0,0,0,1,,,,,,,,,,5.0,222.0,44.4,55.0,0.0,,,,,,,,,14038501,106752,SSK,Saskatchewan Roughriders,Regular Season,2026-09-05T13:09:45.302148,2026
1514743,48,David Gbenda,David Gbenda,Defensive_Linebacker,ActiveNotPlayed,,,,,,,,,,,,,,,,,,,,,,,,0,0,0,0,0,0,1,,,,,,,,,,,,,,,,,,,,,,,14038501,106752,SSK,Saskatchewan Roughriders,Regular Season,2026-09-05T13:09:45.302148,2026
1520557,90,Jaylen Pate,Jaylen Pate,Defensive_DefensiveLineman,ActiveNotPlayed,,,,,,,,,,,,,,,,,,,,,,,,2,1,0,0,0,0,0,,,,,,,,,,,,,,,,,,,,,,,14038501,106752,SSK,Saskatchewan Roughriders,Regular Season,2026-09-05T13:09:45.302148,2026
1600404,85,D'Sean Mimbs,D'Sean Mimbs,Offensive_WideReceiver,Started,,,,,,,,,,,,,,,2.0,2.0,13.0,3.0,0.0,9.0,6.5,6.5,1.0,,,,,,,,,,,,,,,,,,,,,,,,,,,,,,14038501,106752,SSK,Saskatchewan Roughriders,Regular Season,2026-09-05T13:09:45.302148,2026
1602300,87,Daniel Wiebe,Daniel Wiebe,Offensive_WideReceiver,ActiveNotPlayed,,,,,,,,,,,,,,,3.0,2.0,48.0,30.0,1.0,31.0,24.0,16.0,0.667,1,0,0,0,0,0,1,,,,,,,,,,,,,,,,,,,2.0,19.0,17.0,9.5,14038501,106752,SSK,Saskatchewan Roughriders,Regular Season,2026-09-05T13:09:45.302148,2026
999126,8,Marcus Sayles,Marcus Sayles,Defensive_DefensiveBack,Started,,,,,,,,,,,,,,,,,,,,,,,,5,0,0,0,0,0,0,,,,,,,,,,,,,,,,,,,,,,,14038501,106752,SSK,Saskatchewan Roughriders,Regular Season,2026-09-05T13:09:45.302148,2026
1005577,86,Damonte Coxie,Damonte Coxie,Offensive_WideReceiver,Started,,,,,,,,,,,,,,,5.0,4.0,70.0,36.0,0.0,37.0,17.5,14.0,0.8,,,,,,,,,,,,,,,,,,,,,,,,,,,,,,14038501,122345,TOR,Toronto Argonauts,Regular Season,2026-09-05T13:09:45.302148,2026
1006437,3,Janarion Grant,Janarion Grant,Offensive_WideReceiver,ActiveNotPlayed,,,,,,,,,,,,,,,,,,,,,,,,,,,,,,,,,,,,,,,,,,,,,3.0,63.0,35.0,21.0,4.0,91.0,68.0,22.75,14038501,122345,TOR,Toronto Argonauts,Regular Season,2026-09-05T13:09:45.302148,2026
1011747,99,Ralph Holley,Ralph Holley,Defensive_DefensiveLineman,Started,,,,,,,,,,,,,,,,,,,,,,,,2,0,0,0,0,0,0,,,,,,,,,,,,,,,,,,,,,,,14038501,122345,TOR,Toronto Argonauts,Regular Season,2026-09-05T13:09:45.302148,2026
1015150,2,Tarvarus McFadden,Tarvarus McFadden,Defensive_DefensiveBack,Started,,,,,,,,,,,,,,,,,,,,,,,,2,0,0,1,0,0,0,,,,,,,,,,,,,,,,,,,,,,,14038501,122345,TOR,Toronto Argonauts,Regular Season,2026-09-05T13:09:45.302148,2026
1016260,95,Jonathan Kongbo,Jonathan Kongbo,Defensive_DefensiveLineman,Started,,,,,,,,,,,,,,,,,,,,,,,,1,1,0,0,0,0,0,,,,,,,,,,,,,,,,,,,,,,,14038501,122345,TOR,Toronto Argonauts,Regular Season,2026-09-05T13:09:45.302148,2026
1022794,83,David Ungerer III,David Ungerer III,Offensive_WideReceiver,Started,,,,,,,,,,,,,,,4.0,4.0,40.0,8.0,0.0,16.0,10.0,10.0,1.0,,,,,,,,,,,,,,,,,,,,,,,,,,,,,,14038501,122345,TOR,Toronto Argonauts,Regular Season,2026-09-05T13:09:45.302148,2026
1299931,70,Lirim Hajrullahu,Lirim Hajrullahu,Kicker,ActiveNotPlayed,,,,,,,,,,,,,,,,,,,,,,,,,,,,,,,4.0,4.0,1.0,51,4.0,0.0,3.0,216.0,76.0,,,,,,,,,,,,,,14038501,122345,TOR,Toronto Argonauts,Regular Season,2026-09-05T13:09:45.302148,2026
1344428,15,Makai Polk,Makai Polk,Offensive_WideReceiver,Started,,,,,,,,,,,,,,,7.0,6.0,65.0,3.0,0.0,19.0,10.833,9.286,0.857,,,,,,,,,,,,,,,,,,,,,,,,,,,,,,14038501,122345,TOR,Toronto Argonauts,Regular Season,2026-09-05T13:09:45.302148,2026
1349460,1,DaShaun Amos,DaShaun Amos,Defensive_DefensiveBack,Started,,,,,,,,,,,,,,,,,,,,,,,,2,0,0,0,0,0,0,,,,,,,,,,,,,,,,,,,,,,,14038501,122345,TOR,Toronto Argonauts,Regular Season,2026-09-05T13:09:45.302148,2026
1349479,29,John Haggerty,John Haggerty,Punter,ActiveNotPlayed,,,,,,,,,,,,,,,,,,,,,,,,,,,,,,,,,,,,,,,,5.0,240.0,48.0,57.0,1.0,,,,,,,,,14038501,122345,TOR,Toronto Argonauts,Regular Season,2026-09-05T13:09:45.302148,2026
1349488,52,Peter Nicastro,Peter Nicastro,Offensive_OffensiveLineman,Started,,,,,,,,,,,,,,,,,,,,,,,,1,0,0,0,0,0,0,,,,,,,,,,,,,,,,,,,,,,,14038501,122345,TOR,Toronto Argonauts,Regular Season,2026-09-05T13:09:45.302148,2026
1349532,26,Brian Harelimana,Brian Harelimana,Defensive_Linebacker,ActiveNotPlayed,,,,,,,,,,,,,,,,,,,,,,,,0,0,0,0,0,0,1,,,,,,,,,,,,,,,1.0,0.0,0.0,0.0,,,,,14038501,122345,TOR,Toronto Argonauts,Regular Season,2026-09-05T13:09:45.302148,2026
1349568,6,Adarius Pickett,Adarius Pickett,Defensive_Linebacker,Started,,,,,,,,,,,,,,,,,,,,,,,,6,0,1,0,1,1,1,,,,,,,,,,,,,,,,,,,,,,,14038501,122345,TOR,Toronto Argonauts,Regular Season,2026-09-05T13:09:45.302148,2026
1350444,8,Cameron Judge,Cameron Judge,Defensive_Linebacker,Started,,,,,,,,,,,,,,,,,,,,,,,,5,0,0,0,0,0,0,,,,,,,,,,,,,,,,,,,,,,,14038501,122345,TOR,Toronto Argonauts,Regular Season,2026-09-05T13:09:45.302148,2026
1357160,23,Benjie Franklin,Benjie Franklin,Defensive_DefensiveBack,Started,,,,,,,,,,,,,,,,,,,,,,,,7,0,0,0,0,0,0,,,,,,,,,,,,,,,,,,,,,,,14038501,122345,TOR,Toronto Argonauts,Regular Season,2026-09-05T13:09:45.302148,2026
1401657,35,Isaac Darkangelo,Isaac Darkangelo,Defensive_Linebacker,Started,,,,,,,,,,,,,,,,,,,,,,,,4,0,0,0,0,0,1,,,,,,,,,,,,,,,,,,,,,,,14038501,122345,TOR,Toronto Argonauts,Regular Season,2026-09-05T13:09:45.302148,2026
1468482,10,Kevin Mital,Kevin Mital,Offensive_WideReceiver,Started,,,,,,,,,,,,,,,2.0,2.0,38.0,21.0,0.0,26.0,19.0,19.0,1.0,,,,,,,,,,,,,,,,,,,,,,,,,,,,,,14038501,122345,TOR,Toronto Argonauts,Regular Season,2026-09-05T13:09:45.302148,2026
1473233,20,Derek Slywka,Derek Slywka,Defensive_Linebacker,ActiveNotPlayed,,,,,,,,,,,,,,,,,,,,,,,,0,0,0,0,0,0,1,,,,,,,,,,,,,,,,,,,,,,,14038501,122345,TOR,Toronto Argonauts,Regular Season,2026-09-05T13:09:45.302148,2026
1489868,40,Darius McKenzie,Darius McKenzie,Defensive_Linebacker,ActiveNotPlayed,,,,,,,,,,,,,,,,,,,,,,,,0,0,0,0,0,0,1,,,,,,,,,,,,,,,,,,,,,,,14038501,122345,TOR,Toronto Argonauts,Regular Season,2026-09-05T13:09:45.302148,2026
1502167,91,Soane Toia,Soane Toia,Defensive_DefensiveLineman,Started,,,,,,,,,,,,,,,,,,,,,,,,1,0,1,0,0,0,0,,,,,,,,,,,,,,,,,,,,,,,14038501,122345,TOR,Toronto Argonauts,Regular Season,2026-09-05T13:09:45.302148,2026
1507586,18,Anthony Wilson,Anthony Wilson,Defensive_DefensiveBack,Started,,,,,,,,,,,,,,,,,,,,,,,,5,0,0,0,0,0,0,,,,,,,,,,,,,,,,,,,,,,,14038501,122345,TOR,Toronto Argonauts,Regular Season,2026-09-05T13:09:45.302148,2026
1518855,33,Alexander Teubner,Alexander Teubner,Defensive_DefensiveBack,ActiveNotPlayed,,,,,,,,,,,,,,,,,,,,,,,,0,0,0,0,0,0,1,,,,,,,,,,,,,,,,,,,,,,,14038501,122345,TOR,Toronto Argonauts,Regular Season,2026-09-05T13:09:45.302148,2026
1546577,94,Andrew Chatfield Jr,Andrew Chatfield Jr,Defensive_DefensiveLineman,Started,,,,,,,,,,,,,,,,,,,,,,,,4,1,0,0,0,0,0,,,,,,,,,,,,,,,,,,,,,,,14038501,122345,TOR,Toronto Argonauts,Regular Season,2026-09-05T13:09:45.302148,2026
1598895,82,Tyler Kahmann,Tyler Kahmann,Offensive_WideReceiver,Started,,,,,,,,,,,,,,,10.0,5.0,89.0,10.0,2.0,27.0,17.8,8.9,0.5,,,,,,,,,,,,,,,,,,,,,,,,,,,,,,14038501,122345,TOR,Toronto Argonauts,Regular Season,2026-09-05T13:09:45.302148,2026
1602425,44,Jeremiah Ojo,Jeremiah Ojo,Defensive_DefensiveLineman,ActiveNotPlayed,,,,,,,,,,,,,,,,,,,,,,,,1,0,0,0,0,0,0,,,,,,,,,,,,,,,,,,,,,,,14038501,122345,TOR,Toronto Argonauts,Regular Season,2026-09-05T13:09:45.302148,2026
1722195,28,James Ceasar,James Ceasar,Defensive_DefensiveBack,Started,,,,,,,,,,,,,,,,,,,,,,,,6,0,0,0,0,0,0,,,,,,,,,,,,,,,,,,,,,,,14038501,122345,TOR,Toronto Argonauts,Regular Season,2026-09-05T13:09:45.302148,2026
1752323,25,Samuel Hicks,Samuel Hicks,Offensive_RunningBack,Started,,,,,,,,,,7.0,77.0,0,61,11.0,2.0,2.0,19.0,11.0,0.0,16.0,9.5,9.5,1.0,,,,,,,,,,,,,,,,,,,,,,,,,,,,,,14038501,122345,TOR,Toronto Argonauts,Regular Season,2026-09-05T13:09:45.302148,2026
1752362,21,Isaiah Smith,Isaiah Smith,Offensive_RunningBack,ActiveNotPlayed,,,,,,,,,,5.0,10.0,0,8,2.0,,,,,,,,,,,,,,,,,,,,,,,,,,,,,,,3.0,56.0,24.0,18.667,,,,,14038501,122345,TOR,Toronto Argonauts,Regular Season,2026-09-05T13:09:45.302148,2026
998710,12,Chad Kelly,Chad Kelly,Offensive_Quarterback,Started,23.0,30.0,0.767,321.0,2.0,1.0,37.0,10.7,10.533333333333333,4.0,15.0,1,8,3.75,,,,,,,,,,,,,,,,,,,,,,,,,,,,,,,,,,,,,,,14038501,122345,TOR,Toronto Argonauts,Regular Season,2026-09-05T13:09:45.302148,2026
1007090,3,C.J. Coldon,C.J. Coldon,Defensive_DefensiveBack,Started,,,,,,,,,,,,,,,,,,,,,,,,3,0,0,0,0,0,0,,,,,,,,,,,,,,,,,,,,,,,13419686,93775,BC,BC Lions,Regular Season,2026-09-05T13:09:45.302148,2026
1012377,18,Justin McInnis,Justin McInnis,Offensive_WideReceiver,Started,,,,,,,,,,,,,,,5.0,3.0,37.0,14.0,0.0,13.0,12.333,7.4,0.6,,,,,,,,,,,,,,,,,,,,,,,,,,,,,,13419686,93775,BC,BC Lions,Regular Season,2026-09-05T13:09:45.302148,2026
1017940,88,Hergy Mayala,Hergy Mayala,Offensive_WideReceiver,Started,,,,,,,,,,,,,,,5.0,3.0,42.0,6.0,1.0,18.0,14.0,8.4,0.6,,,,,,,,,,,,,,,,,,,,,,,,,,,,,,13419686,93775,BC,BC Lions,Regular Season,2026-09-05T13:09:45.302148,2026
1021684,12,Nathan Rourke,Nathan Rourke,Offensive_Quarterback,Started,32.0,42.0,0.762,462.0,3.0,1.0,51.0,11.0,11.357142857142858,1.0,6.0,0,6,6.0,1.0,1.0,21.0,21.0,0.0,21.0,21.0,21.0,1.0,,,,,,,,,,,,,,,,,,,,,,,,,,,,,,13419686,93775,BC,BC Lions,Regular Season,2026-09-05T13:09:45.302148,2026
1080752,9,Deontai Williams,Deontai Williams,Defensive_Linebacker,Started,,,,,,,,,,,,,,,,,,,,,,,,1,0,0,0,0,0,0,,,,,,,,,,,,,,,,,,,,,,,13419686,93775,BC,BC Lions,Regular Season,2026-09-05T13:09:45.302148,2026
1086308,21,Ronald Kent Jr.,Ronald Kent Jr.,Defensive_DefensiveBack,Started,,,,,,,,,,,,,,,,,,,,,,,,3,0,1,0,0,0,0,,,,,,,,,,,,,,,,,,,,,,,13419686,93775,BC,BC Lions,Regular Season,2026-09-05T13:09:45.302148,2026
1130072,90,Mathieu Betts,Mathieu Betts,Defensive_DefensiveLineman,Started,,,,,,,,,,,,,,,,,,,,,,,,4,1,0,0,0,0,0,,,,,,,,,,,,,,,,,,,,,,,13419686,93775,BC,BC Lions,Regular Season,2026-09-05T13:09:45.302148,2026
1349478,27,Josh Hagerty,Josh Hagerty,Defensive_DefensiveBack,ActiveNotPlayed,,,,,,,,,,,,,,,,,,,,,,,,2,0,0,0,0,0,0,,,,,,,,,,,,,,,,,,,,,,,13419686,93775,BC,BC Lions,Regular Season,2026-09-05T13:09:45.302148,2026
1349807,20,James Butler,James Butler,Offensive_RunningBack,Started,,,,,,,,,,6.0,20.0,0,8,3.333,5.0,4.0,32.0,28.0,0.0,19.0,8.0,6.4,0.8,,,,,,,,,,,,,,,,,,,,,,,,,,,,,,13419686,93775,BC,BC Lions,Regular Season,2026-09-05T13:09:45.302148,2026
1349817,46,Ben Hladik,Ben Hladik,Defensive_Linebacker,Started,,,,,,,,,,,,,,,,,,,,,,,,5,0,0,0,0,0,0,,,,,,,,,,,,,,,,,,,,,,,13419686,93775,BC,BC Lions,Regular Season,2026-09-05T13:09:45.302148,2026
1349833,45,Riley Pickett,Riley Pickett,Offensive_Fullback,ActiveNotPlayed,,,,,,,,,,,,,,,,,,,,,,,,0,0,0,0,0,0,3,,,,,,,,,,,,,,,,,,,,,,,13419686,93775,BC,BC Lions,Regular Season,2026-09-05T13:09:45.302148,2026
1349844,10,Sean Whyte,Sean Whyte,Kicker,ActiveNotPlayed,,,,,,,,,,,,,,,,,,,,,,,,,,,,,,,1.0,1.0,1.0,36,2.0,0.0,2.0,24.0,13.0,,,,,,,,,,,,,,13419686,93775,BC,BC Lions,Regular Season,2026-09-05T13:09:45.302148,2026
1357246,34,Zander Horvath,Zander Horvath,Offensive_RunningBack,ActiveNotPlayed,,,,,,,,,,3.0,6.0,1,3,2.0,4.0,4.0,19.0,14.0,1.0,14.0,4.75,4.75,1.0,,,,,,,,,,,,,,,,,,,,,,,,,,,,,,13419686,93775,BC,BC Lions,Regular Season,2026-09-05T13:09:45.302148,2026
1400561,98,Levi Bell,Levi Bell,Defensive_DefensiveLineman,Started,,,,,,,,,,,,,,,,,,,,,,,,2,1,0,0,0,0,0,,,,,,,,,,,,,,,,,,,,,,,13419686,93775,BC,BC Lions,Regular Season,2026-09-05T13:09:45.302148,2026
1408642,99,Jonah Tavai,Jonah Tavai,Defensive_DefensiveLineman,Started,,,,,,,,,,,,,,,,,,,,,,,,1,0,0,0,0,0,0,,,,,,,,,,,,,,,,,,,,,,,13419686,93775,BC,BC Lions,Regular Season,2026-09-05T13:09:45.302148,2026
1470674,17,Carl Meyer,Carl Meyer,Punter,ActiveNotPlayed,,,,,,,,,,,,,,,,,,,,,,,,0,0,0,0,0,0,1,,,,,,,3.0,180.0,64.0,7.0,322.0,46.0,65.0,0.0,,,,,,,,,13419686,93775,BC,BC Lions,Regular Season,2026-09-05T13:09:45.302148,2026
1483768,84,Jermaine Jackson,Jermaine Jackson,Offensive_WideReceiver,Started,,,,,,,,,,,,,,,7.0,6.0,149.0,46.0,1.0,51.0,24.833,21.286,0.857,1,0,0,0,0,0,0,,,,,,,,,,,,,,,,,,,,,,,13419686,93775,BC,BC Lions,Regular Season,2026-09-05T13:09:45.302148,2026
1492402,85,Nick Cenacle,Nick Cenacle,Offensive_WideReceiver,Started,,,,,,,,,,,,,,,3.0,3.0,21.0,13.0,0.0,10.0,7.0,7.0,1.0,,,,,,,,,,,,,,,,,,,,,,,,,,,,,,13419686,93775,BC,BC Lions,Regular Season,2026-09-05T13:09:45.302148,2026
1497134,48,Hayden Harris,Hayden Harris,Defensive_DefensiveLineman,ActiveNotPlayed,,,,,,,,,,,,,,,,,,,,,,,,1,0,1,0,0,0,0,,,,,,,,,,,,,,,,,,,,,,,13419686,93775,BC,BC Lions,Regular Season,2026-09-05T13:09:45.302148,2026
1500325,11,Silas Bolden,Silas Bolden,Offensive_WideReceiver,ActiveNotPlayed,,,,,,,,,,,,,,,,,,,,,,,,0,0,0,0,0,0,2,,,,,,,,,,,,,,,7.0,81.0,21.0,11.571,6.0,59.0,14.0,9.833,13419686,93775,BC,BC Lions,Regular Season,2026-09-05T13:09:45.302148,2026
1506047,26,Tyson Russell,Tyson Russell,Defensive_DefensiveBack,Started,,,,,,,,,,,,,,,,,,,,,,,,3,0,0,0,0,0,0,,,,,,,,,,,,,,,,,,,,,,,13419686,93775,BC,BC Lions,Regular Season,2026-09-05T13:09:45.302148,2026
1513942,13,Pierre Kemeni,Pierre Kemeni,Defensive_DefensiveBack,ActiveNotPlayed,,,,,,,,,,,,,,,,,,,,,,,,0,0,0,0,0,0,1,,,,,,,,,,,,,,,,,,,,,,,13419686,93775,BC,BC Lions,Regular Season,2026-09-05T13:09:45.302148,2026
1601197,33,Jackson Findlay,Jackson Findlay,Defensive_DefensiveBack,Started,,,,,,,,,,,,,,,,,,,,,,,,5,0,1,0,0,0,0,,,,,,,,,,,,,,,,,,,,,,,13419686,93775,BC,BC Lions,Regular Season,2026-09-05T13:09:45.302148,2026
1601212,36,Jacob Bond,Jacob Bond,Offensive_Fullback,ActiveNotPlayed,,,,,,,,,,,,,,,,,,,,,,,,0,0,0,0,0,0,3,,,,,,,,,,,,,,,,,,,,,,,13419686,93775,BC,BC Lions,Regular Season,2026-09-05T13:09:45.302148,2026
998538,4,Keon Hatcher,Keon Hatcher,Offensive_WideReceiver,Started,1.0,1.0,1.0,21.0,0.0,0.0,21.0,21.0,21.0,,,,,,13.0,9.0,162.0,36.0,0.0,39.0,18.0,12.462,0.692,,,,,,,,,,,,,,,,,,,,,,,,,,,,,,13419686,93775,BC,BC Lions,Regular Season,2026-09-05T13:09:45.302148,2026
999245,53,Darnell Sankey,Darnell Sankey,Defensive_Linebacker,Started,,,,,,,,,,,,,,,,,,,,,,,,6,0,0,0,0,0,0,,,,,,,,,,,,,,,,,,,,,,,13419686,93775,BC,BC Lions,Regular Season,2026-09-05T13:09:45.302148,2026
999389,2,Casey Sayles,Casey Sayles,Defensive_DefensiveLineman,Started,,,,,,,,,,,,,,,,,,,,,,,,1,0,0,0,0,0,0,,,,,,,,,,,,,,,,,,,,,,,13419686,93775,BC,BC Lions,Regular Season,2026-09-05T13:09:45.302148,2026
1003154,25,Jaydon Grant,Jaydon Grant,Defensive_DefensiveBack,Started,,,,,,,,,,,,,,,,,,,,,,,,2,0,0,0,0,0,0,,,,,,,,,,,,,,,,,,,,,,,13419686,112939,CGY,Calgary Stampeders,Regular Season,2026-09-05T13:09:45.302148,2026
1005315,9,Damon Webb,Damon Webb,Defensive_DefensiveBack,Started,,,,,,,,,,,,,,,,,,,,,,,,1,0,0,0,0,0,0,,,,,,,,,,,,,,,,,,,,,,,13419686,112939,CGY,Calgary Stampeders,Regular Season,2026-09-05T13:09:45.302148,2026
1012374,2,Kyle Wilson,Kyle Wilson,Defensive_Linebacker,Started,,,,,,,,,,,,,,,,,,,,,,,,4,0,0,0,0,0,0,,,,,,,,,,,,,,,,,,,,,,,13419686,112939,CGY,Calgary Stampeders,Regular Season,2026-09-05T13:09:45.302148,2026
1014170,93,Charles Wiley,Charles Wiley,Defensive_DefensiveLineman,ActiveNotPlayed,,,,,,,,,,,,,,,,,,,,,,,,1,1,0,0,0,0,0,,,,,,,,,,,,,,,,,,,,,,,13419686,112939,CGY,Calgary Stampeders,Regular Season,2026-09-05T13:09:45.302148,2026
1031686,90,Miles Brown,Miles Brown,Defensive_DefensiveLineman,Started,,,,,,,,,,,,,,,,,,,,,,,,2,1,0,0,0,0,0,,,,,,,,,,,,,,,,,,,,,,,13419686,112939,CGY,Calgary Stampeders,Regular Season,2026-09-05T13:09:45.302148,2026
1081744,87,Erik Brooks,Erik Brooks,Offensive_WideReceiver,Started,,,,,,,,,,,,,,,8.0,6.0,58.0,20.0,0.0,21.0,9.667,7.25,0.75,,,,,,,,,,,,,,,,,,,,,,1.0,1.0,1.0,1.0,,,,,13419686,112939,CGY,Calgary Stampeders,Regular Season,2026-09-05T13:09:45.302148,2026
1084560,51,Kelechi Anyalebechi,Kelechi Anyalebechi,Defensive_Linebacker,ActiveNotPlayed,,,,,,,,,,,,,,,,,,,,,,,,0,0,0,0,0,0,1,,,,,,,,,,,,,,,,,,,,,,,13419686,112939,CGY,Calgary Stampeders,Regular Season,2026-09-05T13:09:45.302148,2026
1290033,26,Dedrick Mills,Dedrick Mills,Offensive_RunningBack,Started,,,,,,,,,,14.0,58.0,0,10,4.143,5.0,4.0,46.0,40.0,1.0,20.0,11.5,9.2,0.8,,,,,,,,,,,,,,,,,,,,,,,,,,,,,,13419686,112939,CGY,Calgary Stampeders,Regular Season,2026-09-05T13:09:45.302148,2026
1297989,6,Derrick Moncrief,Derrick Moncrief,Defensive_Linebacker,Started,,,,,,,,,,,,,,,,,,,,,,,,2,0,0,0,0,0,0,,,,,,,,,,,,,,,,,,,,,,,13419686,112939,CGY,Calgary Stampeders,Regular Season,2026-09-05T13:09:45.302148,2026
1345697,34,Tyreik McAllister,Tyreik McAllister,Offensive_RunningBack,ActiveNotPlayed,,,,,,,,,,,,,,,1.0,0.0,0.0,0.0,0.0,0.0,,,0.0,,,,,,,,,,,,,,,,,,,,,,3.0,71.0,34.0,23.667,5.0,139.0,90.0,27.8,13419686,112939,CGY,Calgary Stampeders,Regular Season,2026-09-05T13:09:45.302148,2026
1349467,17,Dejon Brissett,Dejon Brissett,Offensive_WideReceiver,Started,,,,,,,,,,,,,,,1.0,0.0,0.0,0.0,0.0,0.0,,,0.0,,,,,,,,,,,,,,,,,,,,,,,,,,,,,,13419686,112939,CGY,Calgary Stampeders,Regular Season,2026-09-05T13:09:45.302148,2026
1349494,3,Vernon Adams Jr.,Vernon Adams Jr.,Offensive_Quarterback,Started,19.0,27.0,0.704,229.0,3.0,0.0,56.0,8.481,10.703703703703704,2.0,12.0,0,9,6.0,,,,,,,,,,,,,,,,,,,,,,,,,,,,,,,,,,,,,,,13419686,112939,CGY,Calgary Stampeders,Regular Season,2026-09-05T13:09:45.302148,2026
1360678,85,Jalen Philpot,Jalen Philpot,Offensive_WideReceiver,Started,,,,,,,,,,1.0,-1.0,0,-1,-1.0,5.0,3.0,13.0,0.0,1.0,14.0,4.333,2.6,0.6,,,,,,,,,,,,,,,,,,,,,,1.0,3.0,3.0,3.0,,,,,13419686,112939,CGY,Calgary Stampeders,Regular Season,2026-09-05T13:09:45.302148,2026
1384845,42,Micah Teitz,Micah Teitz,Defensive_Linebacker,ActiveNotPlayed,,,,,,,,,,,,,,,,,,,,,,,,0,0,0,0,0,0,2,,,,,,,,,,,,,,,,,,,,,,,13419686,112939,CGY,Calgary Stampeders,Regular Season,2026-09-05T13:09:45.302148,2026
1397525,77,Kelon Thomas,Kelon Thomas,Defensive_DefensiveLineman,ActiveNotPlayed,,,,,,,,,,,,,,,,,,,,,,,,0,0,0,0,0,0,1,,,,,,,,,,,,,,,,,,,,,,,13419686,112939,CGY,Calgary Stampeders,Regular Season,2026-09-05T13:09:45.302148,2026
1403599,14,Clark Barnes,Clark Barnes,Offensive_WideReceiver,Started,,,,,,,,,,,,,,,4.0,3.0,41.0,20.0,0.0,17.0,13.667,10.25,0.75,,,,,,,,,,,,,,,,,,,,,,,,,,,,,,13419686,112939,CGY,Calgary Stampeders,Regular Season,2026-09-05T13:09:45.302148,2026
1468040,29,Benjamin Labrosse,Benjamin Labrosse,Defensive_DefensiveBack,ActiveNotPlayed,,,,,,,,,,,,,,,,,,,,,,,,0,0,0,0,0,1,0,,,,,,,,,,,,,,,,,,,,,,,13419686,112939,CGY,Calgary Stampeders,Regular Season,2026-09-05T13:09:45.302148,2026
1470687,40,Jackson Sombach,Jackson Sombach,Defensive_DefensiveBack,ActiveNotPlayed,,,,,,,,,,,,,,,,,,,,,,,,0,0,0,0,1,0,0,,,,,,,,,,,,,,,,,,,,,,,13419686,112939,CGY,Calgary Stampeders,Regular Season,2026-09-05T13:09:45.302148,2026
1483424,37,Jude McAtamney,Jude McAtamney,Kicker,ActiveNotPlayed,,,,,,,,,,,,,,,,,,,,,,,,,,,,,,,2.0,2.0,1.0,57,5.0,0.0,7.0,414.0,69.0,,,,,,,,,,,,,,13419686,112939,CGY,Calgary Stampeders,Regular Season,2026-09-05T13:09:45.302148,2026
1484045,58,Shaun Peterson Jr.,Shaun Peterson Jr.,Defensive_DefensiveLineman,ActiveNotPlayed,,,,,,,,,,,,,,,,,,,,,,,,1,0,0,0,0,0,0,,,,,,,,,,,,,,,,,,,,,,,13419686,112939,CGY,Calgary Stampeders,Regular Season,2026-09-05T13:09:45.302148,2026
1489484,15,Mark Vassett,Mark Vassett,Punter,ActiveNotPlayed,,,,,,,,,,,,,,,,,,,,,,,,,,,,,,,,,,,,,,,,7.0,347.0,49.571,60.0,0.0,,,,,,,,,13419686,112939,CGY,Calgary Stampeders,Regular Season,2026-09-05T13:09:45.302148,2026
1494922,33,Zy Alexander,Zy Alexander,Defensive_DefensiveBack,Started,,,,,,,,,,,,,,,,,,,,,,,,2,0,0,1,0,0,0,,,,,,,,,,,,,,,,,,,,,,,13419686,112939,CGY,Calgary Stampeders,Regular Season,2026-09-05T13:09:45.302148,2026
1510987,96,Jaylon Hutchings,Jaylon Hutchings,Defensive_DefensiveLineman,Started,,,,,,,,,,,,,,,,,,,,,,,,3,1,0,0,0,0,0,,,,,,,,,,,,,,,,,,,,,,,13419686,112939,CGY,Calgary Stampeders,Regular Season,2026-09-05T13:09:45.302148,2026
1513983,19,Quincy Vaughn,Quincy Vaughn,Offensive_Quarterback,ActiveNotPlayed,,,,,,,,,,3.0,6.0,1,3,2.0,,,,,,,,,,0,0,0,0,0,0,1,,,,,,,,,,,,,,,,,,,,,,,13419686,112939,CGY,Calgary Stampeders,Regular Season,2026-09-05T13:09:45.302148,2026
1520021,28,Ludovick Choquette,Ludovick Choquette,Offensive_RunningBack,ActiveNotPlayed,,,,,,,,,,,,,,,,,,,,,,,,0,0,0,0,0,0,1,,,,,,,,,,,,,,,,,,,,,,,13419686,112939,CGY,Calgary Stampeders,Regular Season,2026-09-05T13:09:45.302148,2026
1601214,24,Ashton Miller-Melancon,Ashton Miller-Melancon,Defensive_DefensiveBack,ActiveNotPlayed,,,,,,,,,,,,,,,,,,,,,,,,2,0,0,0,0,0,0,,,,,,,,,,,,,,,,,,,,,,,13419686,112939,CGY,Calgary Stampeders,Regular Season,2026-09-05T13:09:45.302148,2026
1601216,35,Dolani Robinson,Dolani Robinson,Defensive_DefensiveBack,Started,,,,,,,,,,,,,,,,,,,,,,,,6,0,0,0,0,0,0,,,,,,,,,,,,,,,,,,,,,,,13419686,112939,CGY,Calgary Stampeders,Regular Season,2026-09-05T13:09:45.302148,2026
1601219,44,Anthony Jr Johnson,Anthony Jr Johnson,Defensive_DefensiveBack,Started,,,,,,,,,,,,,,,,,,,,,,,,3,0,0,0,0,0,0,,,,,,,,,,,,,,,,,,,,,,,13419686,112939,CGY,Calgary Stampeders,Regular Season,2026-09-05T13:09:45.302148,2026
1751888,31,Anton Haie,Anton Haie,Defensive_DefensiveBack,ActiveNotPlayed,,,,,,,,,,,,,,,,,,,,,,,,1,0,0,0,0,0,1,,,,,,,,,,,,,,,,,,,,,,,13419686,112939,CGY,Calgary Stampeders,Regular Season,2026-09-05T13:09:45.302148,2026
1756863,82,Jesulayomi Ojutalayo,Jesulayomi Ojutalayo,Offensive_WideReceiver,ActiveNotPlayed,,,,,,,,,,,,,,,,,,,,,,,,0,0,0,0,0,0,4,,,,,,,,,,,,,,,,,,,,,,,13419686,112939,CGY,Calgary Stampeders,Regular Season,2026-09-05T13:09:45.302148,2026
998543,8,Marquel Lee,Marquel Lee,Defensive_Linebacker,Started,,,,,,,,,,,,,,,,,,,,,,,,6,0,0,0,0,0,0,,,,,,,,,,,,,,,,,,,,,,,13419686,112939,CGY,Calgary Stampeders,Regular Season,2026-09-05T13:09:45.302148,2026
998863,4,Tevin Jones,Tevin Jones,Offensive_WideReceiver,Started,,,,,,,,,,,,,,,3.0,3.0,71.0,34.0,1.0,56.0,23.667,23.667,1.0,,,,,,,,,,,,,,,,,,,,,,,,,,,,,,13419686,112939,CGY,Calgary Stampeders,Regular Season,2026-09-05T13:09:45.302148,2026
999377,7,Folarin Orimolade,Folarin Orimolade,Defensive_DefensiveLineman,Started,,,,,,,,,,,,,,,,,,,,,,,,4,1,0,0,0,0,0,,,,,,,,,,,,,,,,,,,,,,,13419686,112939,CGY,Calgary Stampeders,Regular Season,2026-09-05T13:09:45.302148,2026
1002690,10,Davis Alexander,Davis Alexander,Offensive_Quarterback,Started,22.0,30.0,0.733,345.0,2.0,0.0,53.0,11.5,12.833333333333334,4.0,11.0,0,7,2.75,,,,,,,,,,,,,,,,,,,,,,,,,,,,,,,,,,,,,,,13419687,86680,MTL,Montreal Alouettes,Regular Season,2026-09-05T13:09:45.302148,2026
1007370,16,Dustin Crum,Dustin Crum,Offensive_Quarterback,ActiveNotPlayed,,,,,,,,,,4.0,3.0,2,1,0.75,,,,,,,,,,,,,,,,,,,,,,,,,,,,,,,,,,,,,,,13419687,86680,MTL,Montreal Alouettes,Regular Season,2026-09-05T13:09:45.302148,2026
1014914,95,Daniel Wise,Daniel Wise,Defensive_Tackle,Started,,,,,,,,,,,,,,,,,,,,,,,,3,1,0,0,0,0,0,,,,,,,,,,,,,,,,,,,,,,,13419687,86680,MTL,Montreal Alouettes,Regular Season,2026-09-05T13:09:45.302148,2026
1017444,31,Faion Hicks,Faion Hicks,Defensive_DefensiveBack,Started,,,,,,,,,,,,,,,,,,,,,,,,1,0,0,0,0,0,0,,,,,,,,,,,,,,,,,,,,,,,13419687,86680,MTL,Montreal Alouettes,Regular Season,2026-09-05T13:09:45.302148,2026
1067123,26,Tyrice Beverette,Tyrice Beverette,Defensive_Linebacker,Started,,,,,,,,,,,,,,,,,,,,,,,,3,0,0,0,0,0,0,,,,,,,,,,,,,,,,,,,,,,,13419687,86680,MTL,Montreal Alouettes,Regular Season,2026-09-05T13:09:45.302148,2026
1075914,94,Mustafa Johnson,Mustafa Johnson,Defensive_Tackle,Started,,,,,,,,,,,,,,,,,,,,,,,,2,1,0,0,0,0,0,,,,,,,,,,,,,,,,,,,,,,,13419687,86680,MTL,Montreal Alouettes,Regular Season,2026-09-05T13:09:45.302148,2026
1077936,0,Jonathan Sutherland,Jonathan Sutherland,Defensive_DefensiveBack,ActiveNotPlayed,,,,,,,,,,,,,,,,,,,,,,,,0,0,0,0,0,0,1,,,,,,,,,,,,,,,,,,,,,,,13419687,86680,MTL,Montreal Alouettes,Regular Season,2026-09-05T13:09:45.302148,2026
1079000,15,Alexander Hollins,Alexander Hollins,Offensive_WideReceiver,Started,,,,,,,,,,,,,,,4.0,1.0,53.0,0.0,1.0,53.0,53.0,13.25,0.25,,,,,,,,,,,,,,,,,,,,,,,,,,,,,,13419687,86680,MTL,Montreal Alouettes,Regular Season,2026-09-05T13:09:45.302148,2026
1079382,8,Stevie Scott III,Stevie Scott III,Offensive_RunningBack,Started,,,,,,,,,,10.0,65.0,0,31,6.5,3.0,2.0,10.0,10.0,0.0,7.0,5.0,3.333,0.667,,,,,,,,,,,,,,,,,,,,,,,,,,,,,,13419687,86680,MTL,Montreal Alouettes,Regular Season,2026-09-05T13:09:45.302148,2026
1080618,43,Gemon Green,Gemon Green,Defensive_DefensiveBack,ActiveNotPlayed,,,,,,,,,,,,,,,,,,,,,,,,0,0,0,0,0,0,1,,,,,,,,,,,,,,,,,,,,,,,13419687,86680,MTL,Montreal Alouettes,Regular Season,2026-09-05T13:09:45.302148,2026
1081310,85,Tyler Snead,Tyler Snead,Offensive_WideReceiver,Started,,,,,,,,,,1.0,22.0,0,22,22.0,7.0,6.0,79.0,28.0,1.0,46.0,13.167,11.286,0.857,,,,,,,,,,,,,,,,,,,,,,,,,,,,,,13419687,86680,MTL,Montreal Alouettes,Regular Season,2026-09-05T13:09:45.302148,2026
1084787,91,Isaac Adeyemi-Berglund,Isaac Adeyemi-Berglund,Defensive_End,Started,,,,,,,,,,,,,,,,,,,,,,,,3,1,1,0,0,0,0,,,,,,,,,,,,,,,,,,,,,,,13419687,86680,MTL,Montreal Alouettes,Regular Season,2026-09-05T13:09:45.302148,2026
1349552,36,Joseph Zema,Joseph Zema,Punter,ActiveNotPlayed,,,,,,,,,,,,,,,,,,,,,,,,,,,,,,,,,,,,,,,,5.0,223.0,44.6,48.0,0.0,,,,,,,,,13419687,86680,MTL,Montreal Alouettes,Regular Season,2026-09-05T13:09:45.302148,2026
1349560,12,Najee Murray,Najee Murray,Defensive_Linebacker,Started,,,,,,,,,,,,,,,,,,,,,,,,3,0,0,0,0,0,0,,,,,,,,,,,,,,,,,,,,,,,13419687,86680,MTL,Montreal Alouettes,Regular Season,2026-09-05T13:09:45.302148,2026
1349566,6,Tyson Philpot,Tyson Philpot,Offensive_WideReceiver,Started,,,,,,,,,,,,,,,13.0,12.0,198.0,74.0,0.0,37.0,16.5,15.231,0.923,,,,,,,,,,,,,,,,,,,,,,,,,,,,,,13419687,86680,MTL,Montreal Alouettes,Regular Season,2026-09-05T13:09:45.302148,2026
1349569,37,Wesley Sutton,Wesley Sutton,Defensive_DefensiveBack,Started,,,,,,,,,,,,,,,,,,,,,,,,4,0,0,1,0,0,0,,,,,,,,,,,,,,,,,,,,,,,13419687,86680,MTL,Montreal Alouettes,Regular Season,2026-09-05T13:09:45.302148,2026
1349573,42,Tyrell Richards,Tyrell Richards,Defensive_Linebacker,ActiveNotPlayed,,,,,,,,,,,,,,,,,,,,,,,,0,0,0,0,0,0,1,,,,,,,,,,,,,,,,,,,,,,,13419687,86680,MTL,Montreal Alouettes,Regular Season,2026-09-05T13:09:45.302148,2026
1349805,2,Micah Awe,Micah Awe,Defensive_Linebacker,ActiveNotPlayed,,,,,,,,,,,,,,,,,,,,,,,,2,0,0,0,0,0,0,,,,,,,,,,,,,,,,,,,,,,,13419687,86680,MTL,Montreal Alouettes,Regular Season,2026-09-05T13:09:45.302148,2026
1350957,19,Jose Maltos Diaz,Jose Maltos Diaz,Kicker,ActiveNotPlayed,,,,,,,,,,,,,,,,,,,,,,,,0,0,0,0,0,0,1,1.0,2.0,0.5,25,4.0,0.0,7.0,478.0,73.0,,,,,,,,,,,,,,13419687,86680,MTL,Montreal Alouettes,Regular Season,2026-09-05T13:09:45.302148,2026
1403971,38,Jacob Mason,Jacob Mason,Offensive_Fullback,ActiveNotPlayed,,,,,,,,,,,,,,,,,,,,,,,,0,0,0,0,0,0,1,,,,,,,,,,,,,,,,,,,,,,,13419687,86680,MTL,Montreal Alouettes,Regular Season,2026-09-05T13:09:45.302148,2026
1405112,97,Joshua Archibald,Joshua Archibald,Defensive_End,Started,,,,,,,,,,,,,,,,,,,,,,,,2,0,0,0,0,0,0,,,,,,,,,,,,,,,,,,,,,,,13419687,86680,MTL,Montreal Alouettes,Regular Season,2026-09-05T13:09:45.302148,2026
1468029,33,Arthur Hamlin,Arthur Hamlin,Defensive_Linebacker,ActiveNotPlayed,,,,,,,,,,,,,,,,,,,,,,,,0,0,0,0,0,0,4,,,,,,,,,,,,,,,,,,,,,,,13419687,86680,MTL,Montreal Alouettes,Regular Season,2026-09-05T13:09:45.302148,2026
1468035,9,Geoffrey Cantin-Arku,Geoffrey Cantin-Arku,Defensive_Linebacker,Started,,,,,,,,,,,,,,,,,,,,,,,,4,0,0,0,0,0,0,,,,,,,,,,,,,,,,,,,,,,,13419687,86680,MTL,Montreal Alouettes,Regular Season,2026-09-05T13:09:45.302148,2026
1483380,1,Robert Kennedy,Robert Kennedy,Defensive_DefensiveBack,Started,,,,,,,,,,,,,,,,,,,,,,,,4,0,0,0,0,0,0,,,,,,,,,,,,,,,,,,,,,,,13419687,86680,MTL,Montreal Alouettes,Regular Season,2026-09-05T13:09:45.302148,2026
1484606,21,Don Callis,Don Callis,Defensive_DefensiveBack,Started,,,,,,,,,,,,,,,,,,,,,,,,3,0,0,0,0,0,0,,,,,,,,,,,,,,,,,,,,,,,13419687,86680,MTL,Montreal Alouettes,Regular Season,2026-09-05T13:09:45.302148,2026
1520977,5,Travis Theis,Travis Theis,Offensive_RunningBack,ActiveNotPlayed,,,,,,,,,,5.0,23.0,1,8,4.6,2.0,1.0,5.0,2.0,0.0,5.0,5.0,2.5,0.5,,,,,,,,,,,,,,,,,,,,,,,,,,,,,,13419687,86680,MTL,Montreal Alouettes,Regular Season,2026-09-05T13:09:45.302148,2026
1602296,82,Kaseem Ferdinand,Kaseem Ferdinand,Offensive_WideReceiver,Started,,,,,,,,,,,,,,,1.0,0.0,0.0,0.0,0.0,0.0,,,0.0,,,,,,,,,,,,,,,,,,,,,,,,,,,,,,13419687,86680,MTL,Montreal Alouettes,Regular Season,2026-09-05T13:09:45.302148,2026
1602445,23,Nate Beauchemin,Nate Beauchemin,Defensive_DefensiveBack,Started,,,,,,,,,,,,,,,,,,,,,,,,4,0,0,0,0,0,0,,,,,,,,,,,,,,,,,,,,,,,13419687,86680,MTL,Montreal Alouettes,Regular Season,2026-09-05T13:09:45.302148,2026
835544,25,Mario Alford,Mario Alford,Offensive_WideReceiver,ActiveNotPlayed,,,,,,,,,,,,,,,,,,,,,,,,,,,,,,,,,,,,,,,,,,,,,5.0,135.0,31.0,27.0,5.0,77.0,34.0,15.4,13419687,86680,MTL,Montreal Alouettes,Regular Season,2026-09-05T13:09:45.302148,2026
1005319,80,Binjimen Victor,Binjimen Victor,Offensive_WideReceiver,Started,,,,,,,,,,,,,,,3.0,2.0,32.0,9.0,0.0,19.0,16.0,10.667,0.667,,,,,,,,,,,,,,,,,,,,,,,,,,,,,,13419687,88019,OTT,Ottawa RedBlacks,Regular Season,2026-09-05T13:09:45.302148,2026
1007078,7,Ayden Eberhardt,Ayden Eberhardt,Offensive_WideReceiver,Started,,,,,,,,,,,,,,,5.0,3.0,25.0,10.0,0.0,15.0,8.333,5.0,0.6,,,,,,,,,,,,,,,,,,,,,,,,,,,,,,13419687,88019,OTT,Ottawa RedBlacks,Regular Season,2026-09-05T13:09:45.302148,2026
1007273,4,Amari Henderson,Amari Henderson,Defensive_DefensiveBack,Started,,,,,,,,,,,,,,,,,,,,,,,,3,0,0,0,0,0,0,,,,,,,,,,,,,,,,,,,,,,,13419687,88019,OTT,Ottawa RedBlacks,Regular Season,2026-09-05T13:09:45.302148,2026
1007314,9,Shakur Brown,Shakur Brown,Defensive_DefensiveBack,Started,,,,,,,,,,,,,,,,,,,,,,,,2,0,0,0,0,0,0,,,,,,,,,,,,,,,,,,,,,,,13419687,88019,OTT,Ottawa RedBlacks,Regular Season,2026-09-05T13:09:45.302148,2026
1007797,14,Bennett Williams,Bennett Williams,Defensive_DefensiveBack,Started,,,,,,,,,,,,,,,,,,,,,,,,5,0,0,0,0,0,2,,,,,,,,,,,,,,,,,,,,,,,13419687,88019,OTT,Ottawa RedBlacks,Regular Season,2026-09-05T13:09:45.302148,2026
1011917,8,C.J. Reavis,C.J. Reavis,Defensive_Linebacker,Started,,,,,,,,,,,,,,,,,,,,,,,,3,0,0,0,0,0,0,,,,,,,,,,,,,,,,,,,,,,,13419687,88019,OTT,Ottawa RedBlacks,Regular Season,2026-09-05T13:09:45.302148,2026
1015046,83,Kalil Pimpleton,Kalil Pimpleton,Offensive_WideReceiver,Started,,,,,,,,,,,,,,,4.0,3.0,52.0,31.0,0.0,22.0,17.333,13.0,0.75,1,0,0,0,0,0,0,,,,,,,,,,,,,,,5.0,243.0,94.0,48.6,4.0,43.0,21.0,10.75,13419687,88019,OTT,Ottawa RedBlacks,Regular Season,2026-09-05T13:09:45.302148,2026
1019929,91,Bryce Carter,Bryce Carter,Defensive_DefensiveLineman,Started,,,,,,,,,,,,,,,,,,,,,,,,3,0,1,0,0,0,0,,,,,,,,,,,,,,,,,,,,,,,13419687,88019,OTT,Ottawa RedBlacks,Regular Season,2026-09-05T13:09:45.302148,2026
1022991,6,Demerio Houston,Demerio Houston,Defensive_DefensiveBack,Started,,,,,,,,,,,,,,,,,,,,,,,,4,0,0,0,0,0,0,,,,,,,,,,,,,,,,,,,,,,,13419687,88019,OTT,Ottawa RedBlacks,Regular Season,2026-09-05T13:09:45.302148,2026
1080661,44,Luiji Vilain,Luiji Vilain,Defensive_DefensiveLineman,ActiveNotPlayed,,,,,,,,,,,,,,,,,,,,,,,,0,0,0,0,0,0,1,,,,,,,,,,,,,,,,,,,,,,,13419687,88019,OTT,Ottawa RedBlacks,Regular Season,2026-09-05T13:09:45.302148,2026
1080706,5,Greg Bell,Greg Bell,Offensive_RunningBack,Started,,,,,,,,,,9.0,40.0,0,8,4.444,7.0,3.0,24.0,24.0,0.0,12.0,8.0,3.429,0.429,,,,,,,,,,,,,,,,,,,,,,,,,,,,,,13419687,88019,OTT,Ottawa RedBlacks,Regular Season,2026-09-05T13:09:45.302148,2026
1083949,13,Jake Maier,Jake Maier,Offensive_Quarterback,Started,27.0,38.0,0.711,336.0,3.0,1.0,29.0,8.842,9.236842105263158,,,,,,,,,,,,,,,,,,,,,,,,,,,,,,,,,,,,,,,,,,,,13419687,88019,OTT,Ottawa RedBlacks,Regular Season,2026-09-05T13:09:45.302148,2026
1086231,31,Jeremy Lucien,Jeremy Lucien,Defensive_DefensiveBack,ActiveNotPlayed,,,,,,,,,,,,,,,,,,,,,,,,2,0,0,0,0,0,1,,,,,,,,,,,,,,,,,,,,,,,13419687,88019,OTT,Ottawa RedBlacks,Regular Season,2026-09-05T13:09:45.302148,2026
1349458,25,Daniel Adeboboye,Daniel Adeboboye,Offensive_RunningBack,ActiveNotPlayed,,,,,,,,,,2.0,-2.0,0,2,-1.0,2.0,2.0,22.0,22.0,0.0,14.0,11.0,11.0,1.0,,,,,,,,,,,,,,,,,,,,,,2.0,64.0,33.0,32.0,,,,,13419687,88019,OTT,Ottawa RedBlacks,Regular Season,2026-09-05T13:09:45.302148,2026
1349596,90,Cleyon Laing,Cleyon Laing,Defensive_DefensiveLineman,ActiveNotPlayed,,,,,,,,,,,,,,,,,,,,,,,,1,1,0,0,0,0,0,,,,,,,,,,,,,,,,,,,,,,,13419687,88019,OTT,Ottawa RedBlacks,Regular Season,2026-09-05T13:09:45.302148,2026
1350478,23,Scott Hutter,Scott Hutter,Defensive_DefensiveBack,Started,,,,,,,,,,,,,,,,,,,,,,,,3,0,0,0,0,0,0,,,,,,,,,,,,,,,,,,,,,,,13419687,88019,OTT,Ottawa RedBlacks,Regular Season,2026-09-05T13:09:45.302148,2026
1350583,21,Brett Lauther,Brett Lauther,Kicker,ActiveNotPlayed,,,,,,,,,,,,,,,,,,,,,,,,,,,,,,,3.0,3.0,1.0,37,2.0,0.0,6.0,352.0,72.0,,,,,,,,,,,,,,13419687,88019,OTT,Ottawa RedBlacks,Regular Season,2026-09-05T13:09:45.302148,2026
1384790,0,A.J. Allen,A.J. Allen,Defensive_Linebacker,Started,,,,,,,,,,,,,,,,,,,,,,,,4,0,0,0,0,0,0,,,,,,,,,,,,,,,,,,,,,,,13419687,88019,OTT,Ottawa RedBlacks,Regular Season,2026-09-05T13:09:45.302148,2026
1397558,33,Noah Gettman,Noah Gettman,Punter,ActiveNotPlayed,,,,,,,,,,,,,,,,,,,,,,,,,,,,,,,,,,,,,,,,5.0,251.0,50.2,62.0,0.0,,,,,,,,,13419687,88019,OTT,Ottawa RedBlacks,Regular Season,2026-09-05T13:09:45.302148,2026
1397561,1,Nyles Morgan,Nyles Morgan,Defensive_Linebacker,Started,,,,,,,,,,,,,,,,,,,,,,,,9,0,0,0,0,0,0,,,,,,,,,,,,,,,,,,,,,,,13419687,88019,OTT,Ottawa RedBlacks,Regular Season,2026-09-05T13:09:45.302148,2026
1403600,43,Michael Brodrique,Michael Brodrique,Defensive_Linebacker,ActiveNotPlayed,,,,,,,,,,,,,,,,,,,,,,,,0,0,0,0,0,0,1,,,,,,,,,,,,,,,,,,,,,,,13419687,88019,OTT,Ottawa RedBlacks,Regular Season,2026-09-05T13:09:45.302148,2026
1497161,81,Keelan White,Keelan White,Offensive_WideReceiver,Started,,,,,,,,,,,,,,,7.0,6.0,62.0,28.0,2.0,24.0,10.333,8.857,0.857,,,,,,,,,,,,,,,,,,,,,,,,,,,,,,13419687,88019,OTT,Ottawa RedBlacks,Regular Season,2026-09-05T13:09:45.302148,2026
1507770,37,Marcus Barnes,Marcus Barnes,Defensive_Linebacker,ActiveNotPlayed,,,,,,,,,,,,,,,,,,,,,,,,1,0,0,0,0,0,4,,,,,,,,,,,,,,,,,,,,,,,13419687,88019,OTT,Ottawa RedBlacks,Regular Season,2026-09-05T13:09:45.302148,2026
1516637,85,Cade McDonald,Cade McDonald,Offensive_WideReceiver,ActiveNotPlayed,,,,,,,,,,,,,,,1.0,1.0,0.0,-1.0,0.0,0.0,0.0,0.0,1.0,,,,,,,,,,,,,,,,,,,,,,,,,,,,,,13419687,88019,OTT,Ottawa RedBlacks,Regular Season,2026-09-05T13:09:45.302148,2026
1602466,75,Muftah Ageli,Muftah Ageli,Defensive_DefensiveLineman,Started,,,,,,,,,,,,,,,,,,,,,,,,1,0,0,0,0,0,0,,,,,,,,,,,,,,,,,,,,,,,13419687,88019,OTT,Ottawa RedBlacks,Regular Season,2026-09-05T13:09:45.302148,2026
1753018,94,Charlie Parks,Charlie Parks,Defensive_End,ActiveNotPlayed,,,,,,,,,,,,,,,,,,,,,,,,0,0,0,0,0,0,1,,,,,,,,,,,,,,,,,,,,,,,13419687,88019,OTT,Ottawa RedBlacks,Regular Season,2026-09-05T13:09:45.302148,2026
835400,2,Justin Hardy,Justin Hardy,Offensive_WideReceiver,Started,,,,,,,,,,,,,,,9.0,7.0,119.0,33.0,1.0,29.0,17.0,13.222,0.778,,,,,,,,,,,,,,,,,,,,,,,,,,,,,,13419687,88019,OTT,Ottawa RedBlacks,Regular Season,2026-09-05T13:09:45.302148,2026
1005315,9,Damon Webb,Damon Webb,Defensive_DefensiveBack,Started,,,,,,,,,,,,,,,,,,,,,,,,3,0,0,0,0,0,0,,,,,,,,,,,,,,,,,,,,,,,13419688,112939,CGY,Calgary Stampeders,Regular Season,2026-09-05T13:09:45.302148,2026
1012374,2,Kyle Wilson,Kyle Wilson,Defensive_Linebacker,Started,,,,,,,,,,,,,,,,,,,,,,,,4,0,0,0,0,0,0,,,,,,,,,,,,,,,,,,,,,,,13419688,112939,CGY,Calgary Stampeders,Regular Season,2026-09-05T13:09:45.302148,2026
1073969,45,Benny Sapp III,Benny Sapp III,Defensive_DefensiveBack,Started,,,,,,,,,,,,,,,,,,,,,,,,1,0,0,0,0,0,0,,,,,,,,,,,,,,,,,,,,,,,13419688,112939,CGY,Calgary Stampeders,Regular Season,2026-09-05T13:09:45.302148,2026
1081744,87,Erik Brooks,Erik Brooks,Offensive_WideReceiver,Started,,,,,,,,,,,,,,,3.0,2.0,32.0,20.0,0.0,24.0,16.0,10.667,0.667,,,,,,,,,,,,,,,,,,,,,,,,,,,,,,13419688,112939,CGY,Calgary Stampeders,Regular Season,2026-09-05T13:09:45.302148,2026
1084560,51,Kelechi Anyalebechi,Kelechi Anyalebechi,Defensive_Linebacker,ActiveNotPlayed,,,,,,,,,,,,,,,,,,,,,,,,4,0,0,0,0,0,0,,,,,,,,,,,,,,,,,,,,,,,13419688,112939,CGY,Calgary Stampeders,Regular Season,2026-09-05T13:09:45.302148,2026
1290033,26,Dedrick Mills,Dedrick Mills,Offensive_RunningBack,Started,,,,,,,,,,15.0,66.0,0,13,4.4,2.0,2.0,18.0,16.0,0.0,11.0,9.0,9.0,1.0,,,,,,,,,,,,,,,,,,,,,,,,,,,,,,13419688,112939,CGY,Calgary Stampeders,Regular Season,2026-09-05T13:09:45.302148,2026
1297989,6,Derrick Moncrief,Derrick Moncrief,Defensive_Linebacker,Started,,,,,,,,,,,,,,,,,,,,,,,,3,0,0,0,0,0,0,,,,,,,,,,,,,,,,,,,,,,,13419688,112939,CGY,Calgary Stampeders,Regular Season,2026-09-05T13:09:45.302148,2026
1345697,34,Tyreik McAllister,Tyreik McAllister,Offensive_RunningBack,ActiveNotPlayed,,,,,,,,,,,,,,,,,,,,,,,,,,,,,,,,,,,,,,,,,,,,,4.0,93.0,27.0,23.25,4.0,68.0,44.0,17.0,13419688,112939,CGY,Calgary Stampeders,Regular Season,2026-09-05T13:09:45.302148,2026
1345703,1,Clarence Hicks,Clarence Hicks,Defensive_DefensiveLineman,Started,,,,,,,,,,,,,,,,,,,,,,,,1,0,0,0,0,0,0,,,,,,,,,,,,,,,,,,,,,,,13419688,112939,CGY,Calgary Stampeders,Regular Season,2026-09-05T13:09:45.302148,2026
1349467,17,Dejon Brissett,Dejon Brissett,Offensive_WideReceiver,Started,,,,,,,,,,,,,,,3.0,3.0,70.0,55.0,2.0,39.0,23.333,23.333,1.0,,,,,,,,,,,,,,,,,,,,,,,,,,,,,,13419688,112939,CGY,Calgary Stampeders,Regular Season,2026-09-05T13:09:45.302148,2026
1349494,3,Vernon Adams Jr.,Vernon Adams Jr.,Offensive_Quarterback,Started,20.0,25.0,0.8,405.0,6.0,0.0,73.0,16.2,21.0,1.0,22.0,1,22,22.0,,,,,,,,,,,,,,,,,,,,,,,,,,,,,,,,,,,,,,,13419688,112939,CGY,Calgary Stampeders,Regular Season,2026-09-05T13:09:45.302148,2026
1360678,85,Jalen Philpot,Jalen Philpot,Offensive_WideReceiver,Started,,,,,,,,,,1.0,3.0,0,3,3.0,8.0,7.0,83.0,27.0,2.0,31.0,11.857,10.375,0.875,,,,,,,,,,,,,,,,,,,,,,,,,,,,,,13419688,112939,CGY,Calgary Stampeders,Regular Season,2026-09-05T13:09:45.302148,2026
1384845,42,Micah Teitz,Micah Teitz,Defensive_Linebacker,ActiveNotPlayed,,,,,,,,,,,,,,,,,,,,,,,,1,0,0,0,0,0,0,,,,,,,,,,,,,,,,,,,,,,,13419688,112939,CGY,Calgary Stampeders,Regular Season,2026-09-05T13:09:45.302148,2026
1391228,27,Godfrey Onyeka,Godfrey Onyeka,Defensive_DefensiveBack,ActiveNotPlayed,,,,,,,,,,,,,,,,,,,,,,,,0,0,0,0,0,0,2,,,,,,,,,,,,,,,,,,,,,,,13419688,112939,CGY,Calgary Stampeders,Regular Season,2026-09-05T13:09:45.302148,2026
1397525,77,Kelon Thomas,Kelon Thomas,Defensive_DefensiveLineman,ActiveNotPlayed,,,,,,,,,,,,,,,,,,,,,,,,1,0,0,0,0,0,3,,,,,,,,,,,,,,,,,,,,,,,13419688,112939,CGY,Calgary Stampeders,Regular Season,2026-09-05T13:09:45.302148,2026
1403599,14,Clark Barnes,Clark Barnes,Offensive_WideReceiver,Started,,,,,,,,,,,,,,,3.0,2.0,63.0,10.0,1.0,45.0,31.5,21.0,0.667,,,,,,,,,,,,,,,,,,,,,,,,,,,,,,13419688,112939,CGY,Calgary Stampeders,Regular Season,2026-09-05T13:09:45.302148,2026
1483424,37,Jude McAtamney,Jude McAtamney,Kicker,ActiveNotPlayed,,,,,,,,,,,,,,,,,,,,,,,,,,,,,,,0.0,0.0,,0,7.0,0.0,9.0,645.0,89.0,,,,,,,,,,,,,,13419688,112939,CGY,Calgary Stampeders,Regular Season,2026-09-05T13:09:45.302148,2026
1484045,58,Shaun Peterson Jr.,Shaun Peterson Jr.,Defensive_DefensiveLineman,ActiveNotPlayed,,,,,,,,,,,,,,,,,,,,,,,,1,1,0,0,0,0,0,,,,,,,,,,,,,,,,,,,,,,,13419688,112939,CGY,Calgary Stampeders,Regular Season,2026-09-05T13:09:45.302148,2026
1489484,15,Mark Vassett,Mark Vassett,Punter,ActiveNotPlayed,,,,,,,,,,,,,,,,,,,,,,,,,,,,,,,,,,,,,,,,4.0,205.0,51.25,59.0,0.0,,,,,,,,,13419688,112939,CGY,Calgary Stampeders,Regular Season,2026-09-05T13:09:45.302148,2026
1489492,98,Tristan Marois,Tristan Marois,Defensive_DefensiveLineman,ActiveNotPlayed,,,,,,,,,,,,,,,,,,,,,,,,0,0,0,0,0,0,1,,,,,,,,,,,,,,,,,,,,,,,13419688,112939,CGY,Calgary Stampeders,Regular Season,2026-09-05T13:09:45.302148,2026
1494922,33,Zy Alexander,Zy Alexander,Defensive_DefensiveBack,Started,,,,,,,,,,,,,,,,,,,,,,,,2,0,0,2,0,0,0,,,,,,,,,,,,,,,,,,,,,,,13419688,112939,CGY,Calgary Stampeders,Regular Season,2026-09-05T13:09:45.302148,2026
1513983,19,Quincy Vaughn,Quincy Vaughn,Offensive_Quarterback,ActiveNotPlayed,,,,,,,,,,5.0,10.0,1,3,2.0,,,,,,,,,,,,,,,,,,,,,,,,,,,,,,,,,,,,,,,13419688,112939,CGY,Calgary Stampeders,Regular Season,2026-09-05T13:09:45.302148,2026
1601216,35,Dolani Robinson,Dolani Robinson,Defensive_DefensiveBack,Started,,,,,,,,,,,,,,,,,,,,,,,,7,0,0,0,0,0,0,,,,,,,,,,,,,,,,,,,,,,,13419688,112939,CGY,Calgary Stampeders,Regular Season,2026-09-05T13:09:45.302148,2026
1601219,44,Anthony Jr Johnson,Anthony Jr Johnson,Defensive_DefensiveBack,Started,,,,,,,,,,,,,,,,,,,,,,,,6,0,0,0,0,0,0,,,,,,,,,,,,,,,,,,,,,,,13419688,112939,CGY,Calgary Stampeders,Regular Season,2026-09-05T13:09:45.302148,2026
1751888,31,Anton Haie,Anton Haie,Defensive_DefensiveBack,ActiveNotPlayed,,,,,,,,,,,,,,,,,,,,,,,,1,0,0,0,0,0,0,,,,,,,,,,,,,,,,,,,,,,,13419688,112939,CGY,Calgary Stampeders,Regular Season,2026-09-05T13:09:45.302148,2026
1756863,82,Jesulayomi Ojutalayo,Jesulayomi Ojutalayo,Offensive_WideReceiver,ActiveNotPlayed,,,,,,,,,,,,,,,,,,,,,,,,0,0,0,0,0,0,3,,,,,,,,,,,,,,,,,,,,,,,13419688,112939,CGY,Calgary Stampeders,Regular Season,2026-09-05T13:09:45.302148,2026
998543,8,Marquel Lee,Marquel Lee,Defensive_Linebacker,Started,,,,,,,,,,,,,,,,,,,,,,,,7,0,1,0,0,0,2,,,,,,,,,,,,,,,,,,,,,,,13419688,112939,CGY,Calgary Stampeders,Regular Season,2026-09-05T13:09:45.302148,2026
998863,4,Tevin Jones,Tevin Jones,Offensive_WideReceiver,Started,,,,,,,,,,,,,,,6.0,4.0,139.0,90.0,1.0,73.0,34.75,23.167,0.667,,,,,,,,,,,,,,,,,,,,,,,,,,,,,,13419688,112939,CGY,Calgary Stampeders,Regular Season,2026-09-05T13:09:45.302148,2026
1005577,86,Damonte Coxie,Damonte Coxie,Offensive_WideReceiver,Started,,,,,,,,,,,,,,,13.0,8.0,148.0,69.0,1.0,39.0,18.5,11.385,0.615,,,,,,,,,,,,,,,,,,,,,,,,,,,,,,13419688,122345,TOR,Toronto Argonauts,Regular Season,2026-09-05T13:09:45.302148,2026
1006437,3,Janarion Grant,Janarion Grant,Offensive_WideReceiver,ActiveNotPlayed,,,,,,,,,,,,,,,,,,,,,,,,,,,,,,,,,,,,,,,,,,,,,3.0,55.0,24.0,18.333,3.0,11.0,10.0,3.667,13419688,122345,TOR,Toronto Argonauts,Regular Season,2026-09-05T13:09:45.302148,2026
1011747,99,Ralph Holley,Ralph Holley,Defensive_DefensiveLineman,Started,,,,,,,,,,,,,,,,,,,,,,,,2,0,1,0,0,0,0,,,,,,,,,,,,,,,,,,,,,,,13419688,122345,TOR,Toronto Argonauts,Regular Season,2026-09-05T13:09:45.302148,2026
1015150,2,Tarvarus McFadden,Tarvarus McFadden,Defensive_DefensiveBack,Started,,,,,,,,,,,,,,,,,,,,,,,,1,0,0,0,0,0,0,,,,,,,,,,,,,,,,,,,,,,,13419688,122345,TOR,Toronto Argonauts,Regular Season,2026-09-05T13:09:45.302148,2026
1016260,95,Jonathan Kongbo,Jonathan Kongbo,Defensive_DefensiveLineman,Started,,,,,,,,,,,,,,,,,,,,,,,,1,0,0,0,0,0,0,,,,,,,,,,,,,,,,,,,,,,,13419688,122345,TOR,Toronto Argonauts,Regular Season,2026-09-05T13:09:45.302148,2026
1022794,83,David Ungerer III,David Ungerer III,Offensive_WideReceiver,Started,,,,,,,,,,1.0,6.0,0,6,6.0,11.0,9.0,88.0,9.0,1.0,16.0,9.778,8.0,0.818,,,,,,,,,,,,,,,,,,,,,,,,,,,,,,13419688,122345,TOR,Toronto Argonauts,Regular Season,2026-09-05T13:09:45.302148,2026
1299931,70,Lirim Hajrullahu,Lirim Hajrullahu,Kicker,ActiveNotPlayed,,,,,,,,,,,,,,,,,,,,,,,,,,,,,,,1.0,1.0,1.0,52,1.0,0.0,6.0,367.0,75.0,,,,,,,,,,,,,,13419688,122345,TOR,Toronto Argonauts,Regular Season,2026-09-05T13:09:45.302148,2026
1344428,15,Makai Polk,Makai Polk,Offensive_WideReceiver,Started,,,,,,,,,,,,,,,9.0,6.0,71.0,26.0,2.0,28.0,11.833,7.889,0.667,,,,,,,,,,,,,,,,,,,,,,,,,,,,,,13419688,122345,TOR,Toronto Argonauts,Regular Season,2026-09-05T13:09:45.302148,2026
1349460,1,DaShaun Amos,DaShaun Amos,Defensive_DefensiveBack,Started,,,,,,,,,,,,,,,,,,,,,,,,1,0,0,0,0,0,0,,,,,,,,,,,,,,,,,,,,,,,13419688,122345,TOR,Toronto Argonauts,Regular Season,2026-09-05T13:09:45.302148,2026
1349471,45,Jack Cassar,Jack Cassar,Offensive_Fullback,ActiveNotPlayed,,,,,,,,,,,,,,,,,,,,,,,,1,0,0,0,0,0,1,,,,,,,,,,,,,,,,,,,,,,,13419688,122345,TOR,Toronto Argonauts,Regular Season,2026-09-05T13:09:45.302148,2026
1349479,29,John Haggerty,John Haggerty,Punter,ActiveNotPlayed,,,,,,,,,,,,,,,,,,,,,,,,,,,,,,,,,,,,,,,,5.0,323.0,64.6,79.0,1.0,,,,,,,,,13419688,122345,TOR,Toronto Argonauts,Regular Season,2026-09-05T13:09:45.302148,2026
1349532,26,Brian Harelimana,Brian Harelimana,Defensive_Linebacker,ActiveNotPlayed,,,,,,,,,,,,,,,,,,,,,,,,0,0,0,0,0,0,1,,,,,,,,,,,,,,,,,,,,,,,13419688,122345,TOR,Toronto Argonauts,Regular Season,2026-09-05T13:09:45.302148,2026
1349568,6,Adarius Pickett,Adarius Pickett,Defensive_Linebacker,Started,,,,,,,,,,,,,,,,,,,,,,,,8,0,0,0,0,0,0,,,,,,,,,,,,,,,,,,,,,,,13419688,122345,TOR,Toronto Argonauts,Regular Season,2026-09-05T13:09:45.302148,2026
1350444,8,Cameron Judge,Cameron Judge,Defensive_Linebacker,Started,,,,,,,,,,,,,,,,,,,,,,,,1,0,0,0,0,0,1,,,,,,,,,,,,,,,,,,,,,,,13419688,122345,TOR,Toronto Argonauts,Regular Season,2026-09-05T13:09:45.302148,2026
1350456,4,Nick Arbuckle,Nick Arbuckle,Offensive_Quarterback,ActiveNotPlayed,9.0,13.0,0.692,99.0,1.0,0.0,17.0,7.615,9.153846153846153,4.0,7.0,0,3,1.75,,,,,,,,,,,,,,,,,,,,,,,,,,,,,,,,,,,,,,,13419688,122345,TOR,Toronto Argonauts,Regular Season,2026-09-05T13:09:45.302148,2026
1357160,23,Benjie Franklin,Benjie Franklin,Defensive_DefensiveBack,Started,,,,,,,,,,,,,,,,,,,,,,,,3,0,0,0,0,0,0,,,,,,,,,,,,,,,,,,,,,,,13419688,122345,TOR,Toronto Argonauts,Regular Season,2026-09-05T13:09:45.302148,2026
1401657,35,Isaac Darkangelo,Isaac Darkangelo,Defensive_Linebacker,Started,,,,,,,,,,,,,,,,,,,,,,,,4,0,0,0,0,0,1,,,,,,,,,,,,,,,,,,,,,,,13419688,122345,TOR,Toronto Argonauts,Regular Season,2026-09-05T13:09:45.302148,2026
1468482,10,Kevin Mital,Kevin Mital,Offensive_WideReceiver,Started,,,,,,,,,,,,,,,3.0,2.0,24.0,24.0,0.0,25.0,12.0,8.0,0.667,1,0,0,0,0,0,0,,,,,,,,,,,,,,,,,,,,,,,13419688,122345,TOR,Toronto Argonauts,Regular Season,2026-09-05T13:09:45.302148,2026
1473233,20,Derek Slywka,Derek Slywka,Defensive_Linebacker,ActiveNotPlayed,,,,,,,,,,,,,,,,,,,,,,,,0,0,0,0,0,0,1,,,,,,,,,,,,,,,,,,,,,,,13419688,122345,TOR,Toronto Argonauts,Regular Season,2026-09-05T13:09:45.302148,2026
1485617,27,Owen Goss,Owen Goss,Defensive_Linebacker,ActiveNotPlayed,,,,,,,,,,,,,,,,,,,,,,,,2,0,0,0,0,0,1,,,,,,,,,,,,,,,,,,,,,,,13419688,122345,TOR,Toronto Argonauts,Regular Season,2026-09-05T13:09:45.302148,2026
1494910,92,Paris Shand,Paris Shand,Defensive_DefensiveLineman,ActiveNotPlayed,,,,,,,,,,,,,,,,,,,,,,,,1,0,0,0,0,0,0,,,,,,,,,,,,,,,,,,,,,,,13419688,122345,TOR,Toronto Argonauts,Regular Season,2026-09-05T13:09:45.302148,2026
1507586,18,Anthony Wilson,Anthony Wilson,Defensive_DefensiveBack,Started,,,,,,,,,,,,,,,,,,,,,,,,5,0,0,0,0,0,0,,,,,,,,,,,,,,,,,,,,,,,13419688,122345,TOR,Toronto Argonauts,Regular Season,2026-09-05T13:09:45.302148,2026
1546577,94,Andrew Chatfield Jr,Andrew Chatfield Jr,Defensive_DefensiveLineman,Started,,,,,,,,,,,,,,,,,,,,,,,,2,1,0,0,0,0,0,,,,,,,,,,,,,,,,,,,,,,,13419688,122345,TOR,Toronto Argonauts,Regular Season,2026-09-05T13:09:45.302148,2026
1598895,82,Tyler Kahmann,Tyler Kahmann,Offensive_WideReceiver,Started,,,,,,,,,,,,,,,4.0,1.0,3.0,0.0,0.0,3.0,3.0,0.75,0.25,,,,,,,,,,,,,,,,,,,,,,,,,,,,,,13419688,122345,TOR,Toronto Argonauts,Regular Season,2026-09-05T13:09:45.302148,2026
1602425,44,Jeremiah Ojo,Jeremiah Ojo,Defensive_DefensiveLineman,ActiveNotPlayed,,,,,,,,,,,,,,,,,,,,,,,,0,0,0,0,0,0,2,,,,,,,,,,,,,,,,,,,,,,,13419688,122345,TOR,Toronto Argonauts,Regular Season,2026-09-05T13:09:45.302148,2026
1722195,28,James Ceasar,James Ceasar,Defensive_DefensiveBack,Started,,,,,,,,,,,,,,,,,,,,,,,,3,0,0,0,0,0,0,,,,,,,,,,,,,,,,,,,,,,,13419688,122345,TOR,Toronto Argonauts,Regular Season,2026-09-05T13:09:45.302148,2026
1752323,25,Samuel Hicks,Samuel Hicks,Offensive_RunningBack,Started,,,,,,,,,,7.0,28.0,0,10,4.0,6.0,5.0,59.0,47.0,0.0,31.0,11.8,9.833,0.833,,,,,,,,,,,,,,,,,,,,,,,,,,,,,,13419688,122345,TOR,Toronto Argonauts,Regular Season,2026-09-05T13:09:45.302148,2026
1752348,41,Sebastian Parsalidis,Sebastian Parsalidis,Offensive_Fullback,ActiveNotPlayed,,,,,,,,,,,,,,,,,,,,,,,,,,,,,,,,,,,,,,,,,,,,,1.0,13.0,13.0,13.0,,,,,13419688,122345,TOR,Toronto Argonauts,Regular Season,2026-09-05T13:09:45.302148,2026
1752362,21,Isaiah Smith,Isaiah Smith,Offensive_RunningBack,ActiveNotPlayed,,,,,,,,,,,,,,,,,,,,,,,,,,,,,,,,,,,,,,,,,,,,,4.0,70.0,21.0,17.5,,,,,13419688,122345,TOR,Toronto Argonauts,Regular Season,2026-09-05T13:09:45.302148,2026
998710,12,Chad Kelly,Chad Kelly,Offensive_Quarterback,Started,22.0,33.0,0.667,294.0,3.0,2.0,39.0,8.909,8.0,4.0,37.0,1,17,9.25,,,,,,,,,,,,,,,,,,,,,,,,,,,,,,,,,,,,,,,13419688,122345,TOR,Toronto Argonauts,Regular Season,2026-09-05T13:09:45.302148,2026
1007078,7,Ayden Eberhardt,Ayden Eberhardt,Offensive_WideReceiver,Started,,,,,,,,,,,,,,,2.0,2.0,19.0,4.0,0.0,10.0,9.5,9.5,1.0,,,,,,,,,,,,,,,,,,,,,,,,,,,,,,13419689,88019,OTT,Ottawa RedBlacks,Regular Season,2026-09-05T13:09:45.302148,2026
1007273,4,Amari Henderson,Amari Henderson,Defensive_DefensiveBack,Started,,,,,,,,,,,,,,,,,,,,,,,,5,0,0,0,0,0,0,,,,,,,,,,,,,,,,,,,,,,,13419689,88019,OTT,Ottawa RedBlacks,Regular Season,2026-09-05T13:09:45.302148,2026
1011917,8,C.J. Reavis,C.J. Reavis,Defensive_Linebacker,Started,,,,,,,,,,,,,,,,,,,,,,,,3,0,0,0,0,0,0,,,,,,,,,,,,,,,,,,,,,,,13419689,88019,OTT,Ottawa RedBlacks,Regular Season,2026-09-05T13:09:45.302148,2026
1012789,41,Brian Cole,Brian Cole,Defensive_Linebacker,ActiveNotPlayed,,,,,,,,,,,,,,,,,,,,,,,,0,0,0,0,0,1,0,,,,,,,,,,,,,,,,,,,,,,,13419689,88019,OTT,Ottawa RedBlacks,Regular Season,2026-09-05T13:09:45.302148,2026
1014308,22,Adrian Frye,Adrian Frye,Defensive_DefensiveBack,Started,,,,,,,,,,,,,,,,,,,,,,,,1,0,0,0,0,0,1,,,,,,,,,,,,,,,,,,,,,,,13419689,88019,OTT,Ottawa RedBlacks,Regular Season,2026-09-05T13:09:45.302148,2026
1015046,83,Kalil Pimpleton,Kalil Pimpleton,Offensive_WideReceiver,Started,,,,,,,,,,,,,,,1.0,1.0,16.0,3.0,0.0,16.0,16.0,16.0,1.0,0,0,0,0,0,0,1,,,,,,,,,,,,,,,2.0,49.0,27.0,24.5,3.0,33.0,13.0,11.0,13419689,88019,OTT,Ottawa RedBlacks,Regular Season,2026-09-05T13:09:45.302148,2026
1019929,91,Bryce Carter,Bryce Carter,Defensive_DefensiveLineman,Started,,,,,,,,,,,,,,,,,,,,,,,,3,0,0,0,0,0,0,,,,,,,,,,,,,,,,,,,,,,,13419689,88019,OTT,Ottawa RedBlacks,Regular Season,2026-09-05T13:09:45.302148,2026
1022991,6,Demerio Houston,Demerio Houston,Defensive_DefensiveBack,Started,,,,,,,,,,,,,,,,,,,,,,,,4,0,0,0,0,0,0,,,,,,,,,,,,,,,,,,,,,,,13419689,88019,OTT,Ottawa RedBlacks,Regular Season,2026-09-05T13:09:45.302148,2026
1080706,5,Greg Bell,Greg Bell,Offensive_RunningBack,Started,,,,,,,,,,9.0,45.0,0,21,5.0,4.0,4.0,31.0,26.0,0.0,10.0,7.75,7.75,1.0,,,,,,,,,,,,,,,,,,,,,,,,,,,,,,13419689,88019,OTT,Ottawa RedBlacks,Regular Season,2026-09-05T13:09:45.302148,2026
1083949,13,Jake Maier,Jake Maier,Offensive_Quarterback,Started,23.0,30.0,0.767,259.0,1.0,0.0,34.0,8.633,9.3,,,,,,,,,,,,,,,,,,,,,,,,,,,,,,,,,,,,,,,,,,,,13419689,88019,OTT,Ottawa RedBlacks,Regular Season,2026-09-05T13:09:45.302148,2026
1092881,20,Alonzo Addae,Alonzo Addae,Defensive_DefensiveBack,Started,,,,,,,,,,,,,,,,,,,,,,,,5,0,0,0,0,0,0,,,,,,,,,,,,,,,,,,,,,,,13419689,88019,OTT,Ottawa RedBlacks,Regular Season,2026-09-05T13:09:45.302148,2026
1349458,25,Daniel Adeboboye,Daniel Adeboboye,Offensive_RunningBack,ActiveNotPlayed,,,,,,,,,,2.0,15.0,0,15,7.5,1.0,1.0,-3.0,-3.0,0.0,-3.0,-3.0,-3.0,1.0,0,0,0,0,0,0,1,,,,,,,,,,,,,,,,,,,,,,,13419689,88019,OTT,Ottawa RedBlacks,Regular Season,2026-09-05T13:09:45.302148,2026
1349550,87,Eugene Lewis,Eugene Lewis,Offensive_WideReceiver,Started,,,,,,,,,,,,,,,7.0,5.0,65.0,16.0,0.0,34.0,13.0,9.286,0.714,,,,,,,,,,,,,,,,,,,,,,,,,,,,,,13419689,88019,OTT,Ottawa RedBlacks,Regular Season,2026-09-05T13:09:45.302148,2026
1349565,96,Michael Wakefield,Michael Wakefield,Defensive_DefensiveLineman,Started,,,,,,,,,,,,,,,,,,,,,,,,2,1,0,0,0,0,0,,,,,,,,,,,,,,,,,,,,,,,13419689,88019,OTT,Ottawa RedBlacks,Regular Season,2026-09-05T13:09:45.302148,2026
1349587,45,Anthony Gosselin,Anthony Gosselin,Offensive_Fullback,ActiveNotPlayed,,,,,,,,,,,,,,,1.0,1.0,9.0,2.0,0.0,9.0,9.0,9.0,1.0,,,,,,,,,,,,,,,,,,,,,,,,,,,,,,13419689,88019,OTT,Ottawa RedBlacks,Regular Season,2026-09-05T13:09:45.302148,2026
1350478,23,Scott Hutter,Scott Hutter,Defensive_DefensiveBack,ActiveNotPlayed,,,,,,,,,,,,,,,,,,,,,,,,0,0,0,0,0,0,2,,,,,,,,,,,,,,,,,,,,,,,13419689,88019,OTT,Ottawa RedBlacks,Regular Season,2026-09-05T13:09:45.302148,2026
1350583,21,Brett Lauther,Brett Lauther,Kicker,ActiveNotPlayed,,,,,,,,,,,,,,,,,,,,,,,,,,,,,,,3.0,3.0,1.0,40,1.0,0.0,3.0,202.0,69.0,,,,,,,,,,,,,,13419689,88019,OTT,Ottawa RedBlacks,Regular Season,2026-09-05T13:09:45.302148,2026
1384790,0,A.J. Allen,A.J. Allen,Defensive_Linebacker,ActiveNotPlayed,,,,,,,,,,,,,,,,,,,,,,,,3,0,0,1,0,0,0,,,,,,,,,,,,,,,,,,,,,,,13419689,88019,OTT,Ottawa RedBlacks,Regular Season,2026-09-05T13:09:45.302148,2026
1397558,33,Noah Gettman,Noah Gettman,Kicker,ActiveNotPlayed,,,,,,,,,,,,,,,,,,,,,,,,,,,,,,,,,,,,,,,,5.0,287.0,57.4,62.0,1.0,,,,,,,,,13419689,88019,OTT,Ottawa RedBlacks,Regular Season,2026-09-05T13:09:45.302148,2026
1397561,1,Nyles Morgan,Nyles Morgan,Defensive_Linebacker,Started,,,,,,,,,,,,,,,,,,,,,,,,5,0,0,0,0,0,0,,,,,,,,,,,,,,,,,,,,,,,13419689,88019,OTT,Ottawa RedBlacks,Regular Season,2026-09-05T13:09:45.302148,2026
1403600,43,Michael Brodrique,Michael Brodrique,Defensive_Linebacker,ActiveNotPlayed,,,,,,,,,,,,,,,,,,,,,,,,0,0,0,0,0,0,1,,,,,,,,,,,,,,,,,,,,,,,13419689,88019,OTT,Ottawa RedBlacks,Regular Season,2026-09-05T13:09:45.302148,2026
1403950,19,Lucas Cormier,Lucas Cormier,Defensive_Linebacker,Started,,,,,,,,,,,,,,,,,,,,,,,,1,0,0,0,0,0,0,,,,,,,,,,,,,,,,,,,,,,,13419689,88019,OTT,Ottawa RedBlacks,Regular Season,2026-09-05T13:09:45.302148,2026
1507770,37,Marcus Barnes,Marcus Barnes,Defensive_Linebacker,ActiveNotPlayed,,,,,,,,,,,,,,,,,,,,,,,,4,0,0,0,0,0,1,,,,,,,,,,,,,,,,,,,,,,,13419689,88019,OTT,Ottawa RedBlacks,Regular Season,2026-09-05T13:09:45.302148,2026
1515021,17,Bryson Barnes,Bryson Barnes,Offensive_Quarterback,ActiveNotPlayed,,,,,,,,,,6.0,19.0,1,12,3.167,,,,,,,,,,,,,,,,,,,,,,,,,,,,,,,,,,,,,,,13419689,88019,OTT,Ottawa RedBlacks,Regular Season,2026-09-05T13:09:45.302148,2026
1516637,85,Cade McDonald,Cade McDonald,Offensive_WideReceiver,Started,,,,,,,,,,,,,,,6.0,4.0,30.0,16.0,1.0,15.0,7.5,5.0,0.667,,,,,,,,,,,,,,,,,,,,,,2.0,43.0,23.0,21.5,1.0,10.0,10.0,10.0,13419689,88019,OTT,Ottawa RedBlacks,Regular Season,2026-09-05T13:09:45.302148,2026
1602466,75,Muftah Ageli,Muftah Ageli,Defensive_DefensiveLineman,ActiveNotPlayed,,,,,,,,,,,,,,,,,,,,,,,,2,0,0,0,0,0,0,,,,,,,,,,,,,,,,,,,,,,,13419689,88019,OTT,Ottawa RedBlacks,Regular Season,2026-09-05T13:09:45.302148,2026
835400,2,Justin Hardy,Justin Hardy,Offensive_WideReceiver,Started,,,,,,,,,,,,,,,8.0,5.0,92.0,21.0,0.0,29.0,18.4,11.5,0.625,,,,,,,,,,,,,,,,,,,,,,,,,,,,,,13419689,88019,OTT,Ottawa RedBlacks,Regular Season,2026-09-05T13:09:45.302148,2026
1006824,86,Mathew Sexton,Mathew Sexton,Offensive_WideReceiver,ActiveNotPlayed,,,,,,,,,,,,,,,,,,,,,,,,,,,,,,,,,,,,,,,,,,,,,2.0,49.0,25.0,24.5,4.0,140.0,101.0,35.0,13419689,106752,SSK,Saskatchewan Roughriders,Regular Season,2026-09-05T13:09:45.302148,2026
1007936,17,Tommy Stevens,Tommy Stevens,Offensive_Quarterback,ActiveNotPlayed,,,,,,,,,,8.0,38.0,0,10,4.75,,,,,,,,,,,,,,,,,,,,,,,,,,,,,,,,,,,,,,,13419689,106752,SSK,Saskatchewan Roughriders,Regular Season,2026-09-05T13:09:45.302148,2026
1008130,5,Antoine Brooks Jr.,Antoine Brooks Jr.,Defensive_Linebacker,Started,,,,,,,,,,,,,,,,,,,,,,,,7,0,1,0,0,0,0,,,,,,,,,,,,,,,,,,,,,,,13419689,106752,SSK,Saskatchewan Roughriders,Regular Season,2026-09-05T13:09:45.302148,2026
1012862,2,Josh Woods,Josh Woods,Defensive_Linebacker,Started,,,,,,,,,,,,,,,,,,,,,,,,7,0,0,0,0,0,0,,,,,,,,,,,,,,,,,,,,,,,13419689,106752,SSK,Saskatchewan Roughriders,Regular Season,2026-09-05T13:09:45.302148,2026
1014314,22,Damarcus Fields,Damarcus Fields,Defensive_DefensiveBack,Started,,,,,,,,,,,,,,,,,,,,,,,,5,0,0,0,0,0,0,,,,,,,,,,,,,,,,,,,,,,,13419689,106752,SSK,Saskatchewan Roughriders,Regular Season,2026-09-05T13:09:45.302148,2026
1014484,47,Aubrey Miller Jr.,Aubrey Miller Jr.,Defensive_Linebacker,ActiveNotPlayed,,,,,,,,,,,,,,,,,,,,,,,,0,0,0,0,0,0,1,,,,,,,,,,,,,,,,,,,,,,,13419689,106752,SSK,Saskatchewan Roughriders,Regular Season,2026-09-05T13:09:45.302148,2026
1014683,95,Devin Adams,Devin Adams,Defensive_DefensiveLineman,ActiveNotPlayed,,,,,,,,,,,,,,,,,,,,,,,,1,0,1,0,0,0,0,,,,,,,,,,,,,,,,,,,,,,,13419689,106752,SSK,Saskatchewan Roughriders,Regular Season,2026-09-05T13:09:45.302148,2026
1020372,3,KeeSean Johnson,KeeSean Johnson,Offensive_WideReceiver,Started,,,,,,,,,,,,,,,10.0,9.0,137.0,33.0,1.0,25.0,15.222,13.7,0.9,,,,,,,,,,,,,,,,,,,,,,,,,,,,,,13419689,106752,SSK,Saskatchewan Roughriders,Regular Season,2026-09-05T13:09:45.302148,2026
1077098,19,Samuel Emilus,Samuel Emilus,Offensive_WideReceiver,Started,,,,,,,,,,,,,,,6.0,3.0,46.0,5.0,0.0,27.0,15.333,7.667,0.5,,,,,,,,,,,,,,,,,,,,,,,,,,,,,,13419689,106752,SSK,Saskatchewan Roughriders,Regular Season,2026-09-05T13:09:45.302148,2026
1130108,6,Jameer Thurman,Jameer Thurman,Defensive_Linebacker,Started,,,,,,,,,,,,,,,,,,,,,,,,5,1,0,0,0,0,0,,,,,,,,,,,,,,,,,,,,,,,13419689,106752,SSK,Saskatchewan Roughriders,Regular Season,2026-09-05T13:09:45.302148,2026
1131432,26,Tevaughn Campbell,Tevaughn Campbell,Defensive_DefensiveBack,Started,,,,,,,,,,,,,,,,,,,,,,,,1,0,0,0,0,0,0,,,,,,,,,,,,,,,,,,,,,,,13419689,106752,SSK,Saskatchewan Roughriders,Regular Season,2026-09-05T13:09:45.302148,2026
1349520,20,Kerfalla Exume,Kerfalla Exume,Defensive_DefensiveBack,ActiveNotPlayed,,,,,,,,,,,,,,,,,,,,,,,,0,0,0,0,0,0,1,,,,,,,,,,,,,,,,,,,,,,,13419689,106752,SSK,Saskatchewan Roughriders,Regular Season,2026-09-05T13:09:45.302148,2026
1349536,7,Trevor Harris,Trevor Harris,Offensive_Quarterback,Started,18.0,31.0,0.581,243.0,2.0,1.0,27.0,7.839,7.67741935483871,1.0,9.0,0,9,9.0,,,,,,,,,,,,,,,,,,,,,,,,,,,,,,,,,,,,,,,13419689,106752,SSK,Saskatchewan Roughriders,Regular Season,2026-09-05T13:09:45.302148,2026
1350465,42,Mike Rose,Mike Rose,Defensive_DefensiveLineman,Started,,,,,,,,,,,,,,,,,,,,,,,,1,0,0,0,0,0,0,,,,,,,,,,,,,,,,,,,,,,,13419689,106752,SSK,Saskatchewan Roughriders,Regular Season,2026-09-05T13:09:45.302148,2026
1350573,63,Logan Ferland,Logan Ferland,Offensive_OffensiveLineman,Started,,,,,,,,,,,,,,,,,,,,,,,,1,0,0,0,0,0,0,,,,,,,,,,,,,,,,,,,,,,,13419689,106752,SSK,Saskatchewan Roughriders,Regular Season,2026-09-05T13:09:45.302148,2026
1350586,25,Nelson Lokombo,Nelson Lokombo,Defensive_DefensiveBack,Started,,,,,,,,,,,,,,,,,,,,,,,,3,0,0,0,0,0,0,,,,,,,,,,,,,,,,,,,,,,,13419689,106752,SSK,Saskatchewan Roughriders,Regular Season,2026-09-05T13:09:45.302148,2026
1350617,89,Kian Schaffer-Baker,Kian Schaffer-Baker,Offensive_WideReceiver,Started,,,,,,,,,,,,,,,5.0,1.0,9.0,0.0,0.0,9.0,9.0,1.8,0.2,,,,,,,,,,,,,,,,,,,,,,,,,,,,,,13419689,106752,SSK,Saskatchewan Roughriders,Regular Season,2026-09-05T13:09:45.302148,2026
1384818,31,Jonathan Edouard,Jonathan Edouard,Defensive_DefensiveBack,ActiveNotPlayed,,,,,,,,,,,,,,,,,,,,,,,,1,0,0,0,0,0,2,,,,,,,,,,,,,,,,,,,,,,,13419689,106752,SSK,Saskatchewan Roughriders,Regular Season,2026-09-05T13:09:45.302148,2026
1404092,30,Thomas Bertrand-Hudon,Thomas Bertrand-Hudon,Offensive_RunningBack,ActiveNotPlayed,,,,,,,,,,1.0,3.0,0,3,3.0,,,,,,,,,,0,0,0,0,0,0,1,,,,,,,,,,,,,,,1.0,21.0,21.0,21.0,,,,,13419689,106752,SSK,Saskatchewan Roughriders,Regular Season,2026-09-05T13:09:45.302148,2026
1404980,21,Jaxon Ford,Jaxon Ford,Defensive_DefensiveBack,Started,,,,,,,,,,,,,,,,,,,,,,,,4,0,0,0,0,0,0,,,,,,,,,,,,,,,,,,,,,,,13419689,106752,SSK,Saskatchewan Roughriders,Regular Season,2026-09-05T13:09:45.302148,2026
1468449,18,Dhel Duncan-Busby,Dhel Duncan-Busby,Offensive_WideReceiver,Started,,,,,,,,,,,,,,,4.0,2.0,20.0,0.0,1.0,13.0,10.0,5.0,0.5,,,,,,,,,,,,,,,,,,,,,,,,,,,,,,13419689,106752,SSK,Saskatchewan Roughriders,Regular Season,2026-09-05T13:09:45.302148,2026
1468451,28,Melique Straker,Melique Straker,Defensive_Linebacker,ActiveNotPlayed,,,,,,,,,,,,,,,,,,,,,,,,0,0,0,0,0,0,1,,,,,,,,,,,,,,,,,,,,,,,13419689,106752,SSK,Saskatchewan Roughriders,Regular Season,2026-09-05T13:09:45.302148,2026
1485313,24,Quali Conley,Quali Conley,Offensive_RunningBack,Started,,,,,,,,,,12.0,57.0,0,12,4.75,3.0,2.0,8.0,8.0,0.0,7.0,4.0,2.667,0.667,,,,,,,,,,,,,,,,,,,,,,,,,,,,,,13419689,106752,SSK,Saskatchewan Roughriders,Regular Season,2026-09-05T13:09:45.302148,2026
1499039,98,Desmond Evans,Desmond Evans,Defensive_DefensiveLineman,Started,,,,,,,,,,,,,,,,,,,,,,,,2,0,0,0,0,0,0,,,,,,,,,,,,,,,,,,,,,,,13419689,106752,SSK,Saskatchewan Roughriders,Regular Season,2026-09-05T13:09:45.302148,2026
1510443,11,Alex Hale,Alex Hale,Kicker,ActiveNotPlayed,,,,,,,,,,,,,,,,,,,,,,,,,,,,,,,2.0,2.0,1.0,36,3.0,0.0,4.0,275.0,73.0,,,,,,,,,,,,,,13419689,106752,SSK,Saskatchewan Roughriders,Regular Season,2026-09-05T13:09:45.302148,2026
1512298,91,Oscar Chapman,Oscar Chapman,Punter,ActiveNotPlayed,,,,,,,,,,,,,,,,,,,,,,,,,,,,,,,,,,,,,,,,5.0,221.0,44.2,47.0,1.0,,,,,,,,,13419689,106752,SSK,Saskatchewan Roughriders,Regular Season,2026-09-05T13:09:45.302148,2026
1514403,88,Johnny Johnson III,Johnny Johnson III,Offensive_WideReceiver,Started,,,,,,,,,,,,,,,3.0,1.0,23.0,1.0,0.0,23.0,23.0,7.667,0.333,,,,,,,,,,,,,,,,,,,,,,,,,,,,,,13419689,106752,SSK,Saskatchewan Roughriders,Regular Season,2026-09-05T13:09:45.302148,2026
1515774,43,Nick Wiebe,Nick Wiebe,Defensive_Linebacker,ActiveNotPlayed,,,,,,,,,,,,,,,,,,,,,,,,0,0,0,0,1,1,1,,,,,,,,,,,,,,,,,,,,,,,13419689,106752,SSK,Saskatchewan Roughriders,Regular Season,2026-09-05T13:09:45.302148,2026
999126,8,Marcus Sayles,Marcus Sayles,Defensive_DefensiveBack,Started,,,,,,,,,,,,,,,,,,,,,,,,2,0,0,0,0,0,0,,,,,,,,,,,,,,,,,,,,,,,13419689,106752,SSK,Saskatchewan Roughriders,Regular Season,2026-09-05T13:09:45.302148,2026
1007090,3,C.J. Coldon,C.J. Coldon,Defensive_DefensiveBack,Started,,,,,,,,,,,,,,,,,,,,,,,,3,0,0,0,0,0,0,,,,,,,,,,,,,,,,,,,,,,,13419690,93775,BC,BC Lions,Regular Season,2026-09-05T13:09:45.302148,2026
1008481,23,Stantley Thomas-Oliver III,Stantley Thomas-Oliver III,Defensive_DefensiveBack,Started,,,,,,,,,,,,,,,,,,,,,,,,2,0,0,0,0,0,0,,,,,,,,,,,,,,,,,,,,,,,13419690,93775,BC,BC Lions,Regular Season,2026-09-05T13:09:45.302148,2026
1012377,18,Justin McInnis,Justin McInnis,Offensive_WideReceiver,Started,,,,,,,,,,,,,,,7.0,4.0,32.0,0.0,0.0,13.0,8.0,4.571,0.571,,,,,,,,,,,,,,,,,,,,,,,,,,,,,,13419690,93775,BC,BC Lions,Regular Season,2026-09-05T13:09:45.302148,2026
1017940,88,Hergy Mayala,Hergy Mayala,Offensive_WideReceiver,Started,,,,,,,,,,,,,,,5.0,3.0,29.0,4.0,0.0,26.0,9.667,5.8,0.6,,,,,,,,,,,,,,,,,,,,,,,,,,,,,,13419690,93775,BC,BC Lions,Regular Season,2026-09-05T13:09:45.302148,2026
1021684,12,Nathan Rourke,Nathan Rourke,Offensive_Quarterback,Started,27.0,36.0,0.75,320.0,1.0,2.0,38.0,8.889,6.944444444444445,,,,,,,,,,,,,,,,,,,,,,,,,,,,,,,,,,,,,,,,,,,,13419690,93775,BC,BC Lions,Regular Season,2026-09-05T13:09:45.302148,2026
1032005,57,Chris Schleuger,Chris Schleuger,Offensive_OffensiveLineman,Started,,,,,,,,,,,,,,,,,,,,,,,,1,0,0,0,0,0,0,,,,,,,,,,,,,,,,,,,,,,,13419690,93775,BC,BC Lions,Regular Season,2026-09-05T13:09:45.302148,2026
1080752,9,Deontai Williams,Deontai Williams,Defensive_DefensiveBack,Started,,,,,,,,,,,,,,,,,,,,,,,,7,0,0,0,0,0,1,,,,,,,,,,,,,,,,,,,,,,,13419690,93775,BC,BC Lions,Regular Season,2026-09-05T13:09:45.302148,2026
1086308,21,Ronald Kent Jr.,Ronald Kent Jr.,Defensive_DefensiveBack,Started,,,,,,,,,,,,,,,,,,,,,,,,1,0,0,1,0,0,0,,,,,,,,,,,,,,,,,,,,,,,13419690,93775,BC,BC Lions,Regular Season,2026-09-05T13:09:45.302148,2026
1130072,90,Mathieu Betts,Mathieu Betts,Defensive_DefensiveLineman,Started,,,,,,,,,,,,,,,,,,,,,,,,1,0,0,0,0,0,0,,,,,,,,,,,,,,,,,,,,,,,13419690,93775,BC,BC Lions,Regular Season,2026-09-05T13:09:45.302148,2026
1349478,27,Josh Hagerty,Josh Hagerty,Defensive_DefensiveBack,Started,,,,,,,,,,,,,,,,,,,,,,,,2,0,0,0,0,0,0,,,,,,,,,,,,,,,,,,,,,,,13419690,93775,BC,BC Lions,Regular Season,2026-09-05T13:09:45.302148,2026
1349807,20,James Butler,James Butler,Offensive_RunningBack,Started,,,,,,,,,,15.0,135.0,2,54,9.0,4.0,3.0,27.0,16.0,0.0,14.0,9.0,6.75,0.75,1,0,0,0,0,0,0,,,,,,,,,,,,,,,,,,,,,,,13419690,93775,BC,BC Lions,Regular Season,2026-09-05T13:09:45.302148,2026
1349833,45,Riley Pickett,Riley Pickett,Offensive_Fullback,ActiveNotPlayed,,,,,,,,,,,,,,,1.0,1.0,38.0,20.0,0.0,38.0,38.0,38.0,1.0,0,0,0,0,0,0,1,,,,,,,,,,,,,,,,,,,,,,,13419690,93775,BC,BC Lions,Regular Season,2026-09-05T13:09:45.302148,2026
1349844,10,Sean Whyte,Sean Whyte,Kicker,ActiveNotPlayed,,,,,,,,,,,,,,,,,,,,,,,,,,,,,,,3.0,4.0,0.75,40,3.0,0.0,,,,,,,,,,,,,,,,,13419690,93775,BC,BC Lions,Regular Season,2026-09-05T13:09:45.302148,2026
1357246,34,Zander Horvath,Zander Horvath,Offensive_RunningBack,ActiveNotPlayed,,,,,,,,,,6.0,27.0,1,11,4.5,3.0,3.0,18.0,7.0,1.0,9.0,6.0,6.0,1.0,,,,,,,,,,,,,,,,,,,,,,,,,,,,,,13419690,93775,BC,BC Lions,Regular Season,2026-09-05T13:09:45.302148,2026
1408642,99,Jonah Tavai,Jonah Tavai,Defensive_DefensiveLineman,Started,,,,,,,,,,,,,,,,,,,,,,,,1,0,0,0,0,0,0,,,,,,,,,,,,,,,,,,,,,,,13419690,93775,BC,BC Lions,Regular Season,2026-09-05T13:09:45.302148,2026
1470626,28,Dawson Pierre,Dawson Pierre,Defensive_Linebacker,ActiveNotPlayed,,,,,,,,,,,,,,,,,,,,,,,,0,0,0,0,0,0,3,,,,,,,,,,,,,,,,,,,,,,,13419690,93775,BC,BC Lions,Regular Season,2026-09-05T13:09:45.302148,2026
1470673,64,Kory Woodruff,Kory Woodruff,Offensive_OffensiveLineman,Started,,,,,,,,,,,,,,,,,,,,,,,,0,0,0,0,0,0,1,,,,,,,,,,,,,,,,,,,,,,,13419690,93775,BC,BC Lions,Regular Season,2026-09-05T13:09:45.302148,2026
1470674,17,Carl Meyer,Carl Meyer,Punter,ActiveNotPlayed,,,,,,,,,,,,,,,,,,,,,,,,0,0,0,0,0,0,1,,,,,,,5.0,312.0,71.0,4.0,202.0,50.5,55.0,0.0,,,,,,,,,13419690,93775,BC,BC Lions,Regular Season,2026-09-05T13:09:45.302148,2026
1483768,84,Jermaine Jackson,Jermaine Jackson,Offensive_WideReceiver,Started,,,,,,,,,,,,,,,8.0,6.0,50.0,27.0,0.0,11.0,8.333,6.25,0.75,,,,,,,,,,,,,,,,,,,,,,,,,,,,,,13419690,93775,BC,BC Lions,Regular Season,2026-09-05T13:09:45.302148,2026
1492402,85,Nick Cenacle,Nick Cenacle,Offensive_WideReceiver,Started,,,,,,,,,,,,,,,2.0,2.0,32.0,5.0,0.0,18.0,16.0,16.0,1.0,,,,,,,,,,,,,,,,,,,,,,,,,,,,,,13419690,93775,BC,BC Lions,Regular Season,2026-09-05T13:09:45.302148,2026
1497134,48,Hayden Harris,Hayden Harris,Defensive_DefensiveLineman,ActiveNotPlayed,,,,,,,,,,,,,,,,,,,,,,,,2,1,0,0,0,0,0,,,,,,,,,,,,,,,,,,,,,,,13419690,93775,BC,BC Lions,Regular Season,2026-09-05T13:09:45.302148,2026
1506047,26,Tyson Russell,Tyson Russell,Defensive_DefensiveBack,ActiveNotPlayed,,,,,,,,,,,,,,,,,,,,,,,,1,0,0,0,0,0,1,,,,,,,,,,,,,,,,,,,,,,,13419690,93775,BC,BC Lions,Regular Season,2026-09-05T13:09:45.302148,2026
1513942,13,Pierre Kemeni,Pierre Kemeni,Defensive_Linebacker,ActiveNotPlayed,,,,,,,,,,,,,,,,,,,,,,,,0,0,0,0,0,0,1,,,,,,,,,,,,,,,,,,,,,,,13419690,93775,BC,BC Lions,Regular Season,2026-09-05T13:09:45.302148,2026
1521552,42,Parker McKenna,Parker McKenna,Defensive_Linebacker,Started,,,,,,,,,,,,,,,,,,,,,,,,6,0,0,0,2,0,0,,,,,,,,,,,,,,,,,,,,,,,13419690,93775,BC,BC Lions,Regular Season,2026-09-05T13:09:45.302148,2026
1601197,33,Jackson Findlay,Jackson Findlay,Defensive_Linebacker,Started,,,,,,,,,,,,,,,,,,,,,,,,6,0,0,1,0,0,0,,,,,,,,,,,,,,,,,,,,,,,13419690,93775,BC,BC Lions,Regular Season,2026-09-05T13:09:45.302148,2026
1601212,36,Jacob Bond,Jacob Bond,Offensive_Fullback,ActiveNotPlayed,,,,,,,,,,,,,,,,,,,,,,,,0,0,0,0,0,0,1,,,,,,,,,,,,,,,,,,,,,,,13419690,93775,BC,BC Lions,Regular Season,2026-09-05T13:09:45.302148,2026
1761491,80,Jaden Williams,Jaden Williams,Offensive_WideReceiver,ActiveNotPlayed,,,,,,,,,,,,,,,,,,,,,,,,,,,,,,,,,,,,,,,,,,,,,4.0,92.0,30.0,23.0,4.0,64.0,37.0,16.0,13419690,93775,BC,BC Lions,Regular Season,2026-09-05T13:09:45.302148,2026
998538,4,Keon Hatcher,Keon Hatcher,Offensive_WideReceiver,Started,,,,,,,,,,,,,,,6.0,5.0,94.0,48.0,0.0,33.0,18.8,15.667,0.833,,,,,,,,,,,,,,,,,,,,,,,,,,,,,,13419690,93775,BC,BC Lions,Regular Season,2026-09-05T13:09:45.302148,2026
999245,53,Darnell Sankey,Darnell Sankey,Defensive_Linebacker,Started,,,,,,,,,,,,,,,,,,,,,,,,6,0,2,1,0,0,0,,,,,,,,,,,,,,,,,,,,,,,13419690,93775,BC,BC Lions,Regular Season,2026-09-05T13:09:45.302148,2026
999389,2,Casey Sayles,Casey Sayles,Defensive_DefensiveLineman,Started,,,,,,,,,,,,,,,,,,,,,,,,1,0,0,0,0,1,0,,,,,,,,,,,,,,,,,,,,,,,13419690,93775,BC,BC Lions,Regular Season,2026-09-05T13:09:45.302148,2026
1005323,3,Austin Mack,Austin Mack,Offensive_WideReceiver,Started,,,,,,,,,,,,,,,14.0,8.0,141.0,46.0,1.0,35.0,17.625,10.071,0.571,,,,,,,,,,,,,,,,,,,,,,,,,,,,,,13419690,114347,EDM,Edmonton Elks,Regular Season,2026-09-05T13:09:45.302148,2026
1005963,0,Kobe Williams,Kobe Williams,Defensive_DefensiveBack,Started,,,,,,,,,,,,,,,,,,,,,,,,3,0,0,0,0,0,0,,,,,,,,,,,,,,,,,,,,,,,13419690,114347,EDM,Edmonton Elks,Regular Season,2026-09-05T13:09:45.302148,2026
1006559,10,Jake Julien,Jake Julien,Punter,ActiveNotPlayed,,,,,,,,,,,,,,,,,,,,,,,,,,,,,,,,,,,,,,,,5.0,207.0,41.4,56.0,0.0,,,,,,,,,13419690,114347,EDM,Edmonton Elks,Regular Season,2026-09-05T13:09:45.302148,2026
1007365,5,Justin Rankin,Justin Rankin,Offensive_RunningBack,Started,,,,,,,,,,7.0,19.0,0,15,2.714,13.0,10.0,100.0,93.0,0.0,25.0,10.0,7.692,0.769,,,,,,,,,,,,,,,,,,,,,,,,,,,,,,13419690,114347,EDM,Edmonton Elks,Regular Season,2026-09-05T13:09:45.302148,2026
1009107,22,Javon Leake,Javon Leake,Offensive_RunningBack,ActiveNotPlayed,,,,,,,,,,,,,,,1.0,1.0,16.0,16.0,0.0,16.0,16.0,16.0,1.0,,,,,,,,,,,,,,,,,,,,,,5.0,99.0,54.0,19.8,3.0,38.0,19.0,12.667,13419690,114347,EDM,Edmonton Elks,Regular Season,2026-09-05T13:09:45.302148,2026
1011445,50,Joel Dublanko,Joel Dublanko,Defensive_Linebacker,Started,,,,,,,,,,,,,,,,,,,,,,,,7,0,0,1,0,0,1,,,,,,,,,,,,,,,,,,,,,,,13419690,114347,EDM,Edmonton Elks,Regular Season,2026-09-05T13:09:45.302148,2026
1013556,6,Brendan O'Leary-Orange,Brendan O'Leary-Orange,Offensive_WideReceiver,Started,,,,,,,,,,,,,,,4.0,3.0,37.0,27.0,0.0,19.0,12.333,9.25,0.75,1,0,0,0,0,0,0,,,,,,,,,,,,,,,,,,,,,,,13419690,114347,EDM,Edmonton Elks,Regular Season,2026-09-05T13:09:45.302148,2026
1014004,32,Leonard Johnson,Leonard Johnson,Defensive_DefensiveBack,ActiveNotPlayed,,,,,,,,,,,,,,,,,,,,,,,,0,0,0,0,0,0,1,,,,,,,,,,,,,,,,,,,,,,,13419690,114347,EDM,Edmonton Elks,Regular Season,2026-09-05T13:09:45.302148,2026
1016182,2,Malik Carney,Malik Carney,Defensive_DefensiveLineman,Started,,,,,,,,,,,,,,,,,,,,,,,,1,0,0,0,0,0,0,,,,,,,,,,,,,,,,,,,,,,,13419690,114347,EDM,Edmonton Elks,Regular Season,2026-09-05T13:09:45.302148,2026
1084057,91,Jared Brinkman,Jared Brinkman,Defensive_DefensiveLineman,Started,,,,,,,,,,,,,,,,,,,,,,,,2,0,0,0,0,0,0,,,,,,,,,,,,,,,,,,,,,,,13419690,114347,EDM,Edmonton Elks,Regular Season,2026-09-05T13:09:45.302148,2026
1345658,90,Jordan Williams,Jordan Williams,Defensive_DefensiveLineman,Started,,,,,,,,,,,,,,,,,,,,,,,,2,0,1,0,0,0,0,,,,,,,,,,,,,,,,,,,,,,,13419690,114347,EDM,Edmonton Elks,Regular Season,2026-09-05T13:09:45.302148,2026
1349527,30,Tyrell Ford,Tyrell Ford,Defensive_DefensiveBack,Started,,,,,,,,,,,,,,,,,,,,,,,,7,0,0,0,0,0,0,,,,,,,,,,,,,,,,,,,,,,,13419690,114347,EDM,Edmonton Elks,Regular Season,2026-09-05T13:09:45.302148,2026
1349549,11,Kaion Julien-Grant,Kaion Julien-Grant,Offensive_WideReceiver,Started,,,,,,,,,,,,,,,7.0,4.0,32.0,13.0,2.0,11.0,8.0,4.571,0.571,1,0,0,0,0,0,0,,,,,,,,,,,,,,,,,,,,,,,13419690,114347,EDM,Edmonton Elks,Regular Season,2026-09-05T13:09:45.302148,2026
1350572,7,Cody Fajardo,Cody Fajardo,Offensive_Quarterback,Started,34.0,51.0,0.667,395.0,3.0,3.0,35.0,7.745,6.2745098039215685,1.0,3.0,0,3,3.0,,,,,,,,,,,,,,,,,,,,,,,,,,,,,,,,,,,,,,,13419690,114347,EDM,Edmonton Elks,Regular Season,2026-09-05T13:09:45.302148,2026
1408288,88,T.J. Luther,T.J. Luther,Offensive_WideReceiver,Started,,,,,,,,,,,,,,,7.0,5.0,43.0,20.0,0.0,15.0,8.6,6.143,0.714,,,,,,,,,,,,,,,,,,,,,,,,,,,,,,13419690,114347,EDM,Edmonton Elks,Regular Season,2026-09-05T13:09:45.302148,2026
1464749,20,Kenneth Logan Jr.,Kenneth Logan Jr.,Defensive_Linebacker,Started,,,,,,,,,,,,,,,,,,,,,,,,2,0,0,0,0,0,0,,,,,,,,,,,,,,,,,,,,,,,13419690,114347,EDM,Edmonton Elks,Regular Season,2026-09-05T13:09:45.302148,2026
1468042,26,Vincent Blanchard,Vincent Blanchard,Kicker,ActiveNotPlayed,,,,,,,,,,,,,,,,,,,,,,,,,,,,,,,1.0,1.0,1.0,45,1.0,0.0,4.0,304.0,82.0,,,,,,,,,,,,,,13419690,114347,EDM,Edmonton Elks,Regular Season,2026-09-05T13:09:45.302148,2026
1470612,23,Tyshon Blackburn,Tyshon Blackburn,Defensive_DefensiveBack,ActiveNotPlayed,,,,,,,,,,,,,,,,,,,,,,,,0,0,0,0,0,0,1,,,,,,,,,,,,,,,,,,,,,,,13419690,114347,EDM,Edmonton Elks,Regular Season,2026-09-05T13:09:45.302148,2026
1470656,13,Kordell Jackson,Kordell Jackson,Defensive_DefensiveBack,Started,,,,,,,,,,,,,,,,,,,,,,,,4,0,0,0,0,0,0,,,,,,,,,,,,,,,,,,,,,,,13419690,114347,EDM,Edmonton Elks,Regular Season,2026-09-05T13:09:45.302148,2026
1470657,47,D.K. Bonhomme,D.K. Bonhomme,Defensive_End,ActiveNotPlayed,,,,,,,,,,,,,,,,,,,,,,,,0,0,0,0,0,0,2,,,,,,,,,,,,,,,,,,,,,,,13419690,114347,EDM,Edmonton Elks,Regular Season,2026-09-05T13:09:45.302148,2026
1482936,25,Chelen Garnes,Chelen Garnes,Defensive_DefensiveBack,Started,,,,,,,,,,,,,,,,,,,,,,,,2,0,0,0,0,0,0,,,,,,,,,,,,,,,,,,,,,,,13419690,114347,EDM,Edmonton Elks,Regular Season,2026-09-05T13:09:45.302148,2026
1483155,18,Joshua Cephus,Joshua Cephus,Offensive_WideReceiver,Started,,,,,,,,,,,,,,,3.0,1.0,8.0,0.0,0.0,8.0,8.0,2.667,0.333,,,,,,,,,,,,,,,,,,,,,,,,,,,,,,13419690,114347,EDM,Edmonton Elks,Regular Season,2026-09-05T13:09:45.302148,2026
1483633,42,Noah Taylor,Noah Taylor,Defensive_DefensiveLineman,ActiveNotPlayed,,,,,,,,,,,,,,,,,,,,,,,,3,1,0,0,0,0,1,,,,,,,,,,,,,,,,,,,,,,,13419690,114347,EDM,Edmonton Elks,Regular Season,2026-09-05T13:09:45.302148,2026
1501819,45,Dariel Djabome,Dariel Djabome,Defensive_Linebacker,Started,,,,,,,,,,,,,,,,,,,,,,,,7,0,1,1,0,0,0,,,,,,,,,,,,,,,,,,,,,,,13419690,114347,EDM,Edmonton Elks,Regular Season,2026-09-05T13:09:45.302148,2026
1518031,29,JJ Ross,JJ Ross,Defensive_DefensiveBack,Started,,,,,,,,,,,,,,,,,,,,,,,,5,0,0,0,0,0,0,,,,,,,,,,,,,,,,,,,,,,,13419690,114347,EDM,Edmonton Elks,Regular Season,2026-09-05T13:09:45.302148,2026
1521937,14,Cole Snyder,Cole Snyder,Offensive_Quarterback,ActiveNotPlayed,,,,,,,,,,1.0,2.0,0,2,2.0,,,,,,,,,,,,,,,,,,,,,,,,,,,,,,,,,,,,,,,13419690,114347,EDM,Edmonton Elks,Regular Season,2026-09-05T13:09:45.302148,2026
1602302,34,Isaiah Knight,Isaiah Knight,Offensive_RunningBack,ActiveNotPlayed,,,,,,,,,,,,,,,,,,,,,,,,0,0,0,0,0,0,2,,,,,,,,,,,,,,,,,,,,,,,13419690,114347,EDM,Edmonton Elks,Regular Season,2026-09-05T13:09:45.302148,2026
1604186,96,Richard Jibunor,Richard Jibunor,Defensive_DefensiveLineman,ActiveNotPlayed,,,,,,,,,,,,,,,,,,,,,,,,0,0,0,0,1,0,0,,,,,,,,,,,,,,,,,,,,,,,13419690,114347,EDM,Edmonton Elks,Regular Season,2026-09-05T13:09:45.302148,2026
1604187,44,Skyler Griffith,Skyler Griffith,Offensive_Fullback,ActiveNotPlayed,,,,,,,,,,,,,,,2.0,2.0,18.0,7.0,0.0,11.0,9.0,9.0,1.0,,,,,,,,,,,,,,,,,,,,,,,,,,,,,,13419690,114347,EDM,Edmonton Elks,Regular Season,2026-09-05T13:09:45.302148,2026
1752318,62,Cameron Carter,Cameron Carter,Offensive_OffensiveLineman,Started,,,,,,,,,,,,,,,,,,,,,,,,1,0,0,0,0,0,0,,,,,,,,,,,,,,,,,,,,,,,13419690,114347,EDM,Edmonton Elks,Regular Season,2026-09-05T13:09:45.302148,2026
1003124,12,Kaleb Hayes,Kaleb Hayes,Defensive_DefensiveBack,ActiveNotPlayed,,,,,,,,,,,,,,,,,,,,,,,,,,,,,,,,,,,,,,,,,,,,,0.0,2.0,2.0,,,,,,13419691,83579,HAM,Hamilton Tiger-Cats,Regular Season,2026-09-05T13:09:45.302148,2026
1012742,2,Jamal Peters,Jamal Peters,Defensive_DefensiveBack,Started,,,,,,,,,,,,,,,,,,,,,,,,1,0,0,0,0,0,0,,,,,,,,,,,,,,,,,,,,,,,13419691,83579,HAM,Hamilton Tiger-Cats,Regular Season,2026-09-05T13:09:45.302148,2026
1014479,37,Larry Rountree III,Larry Rountree III,Offensive_RunningBack,Started,,,,,,,,,,9.0,45.0,0,17,5.0,4.0,2.0,10.0,10.0,0.0,11.0,5.0,2.5,0.5,,,,,,,,,,,,,,,,,,,,,,,,,,,,,,13419691,83579,HAM,Hamilton Tiger-Cats,Regular Season,2026-09-05T13:09:45.302148,2026
1018050,16,Jake Dolegala,Jake Dolegala,Offensive_Quarterback,ActiveNotPlayed,0.0,2.0,0.0,0.0,0.0,0.0,0.0,0.0,0.0,2.0,5.0,0,3,2.5,,,,,,,,,,,,,,,,,,,,,,,,,,,,,,,,,,,,,,,13419691,83579,HAM,Hamilton Tiger-Cats,Regular Season,2026-09-05T13:09:45.302148,2026
1022381,91,Miles Fox,Miles Fox,Defensive_DefensiveLineman,Started,,,,,,,,,,,,,,,,,,,,,,,,1,0,0,0,0,0,0,,,,,,,,,,,,,,,,,,,,,,,13419691,83579,HAM,Hamilton Tiger-Cats,Regular Season,2026-09-05T13:09:45.302148,2026
1080994,3,Quavian White,Quavian White,Defensive_DefensiveBack,Started,,,,,,,,,,,,,,,,,,,,,,,,4,0,0,0,0,0,0,,,,,,,,,,,,,,,,,,,,,,,13419691,83579,HAM,Hamilton Tiger-Cats,Regular Season,2026-09-05T13:09:45.302148,2026
1082505,44,Daniel Bell,Daniel Bell,Offensive_Fullback,ActiveNotPlayed,,,,,,,,,,,,,,,,,,,,,,,,0,0,0,0,0,0,2,,,,,,,,,,,,,,,,,,,,,,,13419691,83579,HAM,Hamilton Tiger-Cats,Regular Season,2026-09-05T13:09:45.302148,2026
1290182,7,Myron Mitchell,Myron Mitchell,Offensive_WideReceiver,ActiveNotPlayed,,,,,,,,,,,,,,,2.0,0.0,0.0,0.0,0.0,0.0,,,0.0,,,,,,,,,,,,,,,,,,,,,,,,,,1.0,10.0,10.0,10.0,13419691,83579,HAM,Hamilton Tiger-Cats,Regular Season,2026-09-05T13:09:45.302148,2026
1297961,48,Wynton McManis,Wynton McManis,Defensive_Linebacker,Started,,,,,,,,,,,,,,,,,,,,,,,,5,0,0,0,0,0,0,,,,,,,,,,,,,,,,,,,,,,,13419691,83579,HAM,Hamilton Tiger-Cats,Regular Season,2026-09-05T13:09:45.302148,2026
1345719,8,Keric Wheatfall,Keric Wheatfall,Offensive_WideReceiver,Started,,,,,,,,,,1.0,10.0,0,10,10.0,4.0,2.0,31.0,11.0,0.0,22.0,15.5,7.75,0.5,,,,,,,,,,,,,,,,,,,,,,,,,,,,,,13419691,83579,HAM,Hamilton Tiger-Cats,Regular Season,2026-09-05T13:09:45.302148,2026
1349477,14,Kurleigh Gittens Jr.,Kurleigh Gittens Jr.,Offensive_WideReceiver,Started,,,,,,,,,,,,,,,3.0,2.0,30.0,5.0,0.0,22.0,15.0,10.0,0.667,,,,,,,,,,,,,,,,,,,,,,,,,,,,,,13419691,83579,HAM,Hamilton Tiger-Cats,Regular Season,2026-09-05T13:09:45.302148,2026
1349542,33,Marc Liegghio,Marc Liegghio,Kicker,ActiveNotPlayed,,,,,,,,,,,,,,,,,,,,,,,,,,,,,,,2.0,2.0,1.0,20,1.0,0.0,3.0,196.0,68.0,,,,,,,,,,,,,,13419691,83579,HAM,Hamilton Tiger-Cats,Regular Season,2026-09-05T13:09:45.302148,2026
1349621,30,Stavros Katsantonis,Stavros Katsantonis,Defensive_DefensiveBack,Started,,,,,,,,,,,,,,,,,,,,,,,,3,0,0,0,0,0,1,,,,,,,,,,,,,,,,,,,,,,,13419691,83579,HAM,Hamilton Tiger-Cats,Regular Season,2026-09-05T13:09:45.302148,2026
1349630,57,Brandon Revenberg,Brandon Revenberg,Offensive_OffensiveLineman,Started,,,,,,,,,,,,,,,,,,,,,,,,1,0,0,0,0,0,0,,,,,,,,,,,,,,,,,,,,,,,13419691,83579,HAM,Hamilton Tiger-Cats,Regular Season,2026-09-05T13:09:45.302148,2026
1349633,85,Kiondre Smith,Kiondre Smith,Offensive_WideReceiver,Started,,,,,,,,,,,,,,,9.0,7.0,90.0,25.0,0.0,25.0,12.857,10.0,0.778,,,,,,,,,,,,,,,,,,,,,,,,,,,,,,13419691,83579,HAM,Hamilton Tiger-Cats,Regular Season,2026-09-05T13:09:45.302148,2026
1350454,83,Tyson Middlemost,Tyson Middlemost,Offensive_WideReceiver,ActiveNotPlayed,,,,,,,,,,,,,,,1.0,1.0,7.0,1.0,0.0,7.0,7.0,7.0,1.0,,,,,,,,,,,,,,,,,,,,,,,,,,,,,,13419691,83579,HAM,Hamilton Tiger-Cats,Regular Season,2026-09-05T13:09:45.302148,2026
1350457,19,Bo Levi Mitchell,Bo Levi Mitchell,Offensive_Quarterback,Started,18.0,29.0,0.621,228.0,1.0,0.0,25.0,7.862,8.551724137931034,,,,,,,,,,,,,,,,,,,,,,,,,,,,,,,,,,,,,,,,,,,,13419691,83579,HAM,Hamilton Tiger-Cats,Regular Season,2026-09-05T13:09:45.302148,2026
1350470,5,Tre Ford,Tre Ford,Offensive_Quarterback,ActiveNotPlayed,3.0,7.0,0.429,12.0,0.0,1.0,9.0,1.714,-4.714285714285714,1.0,1.0,0,1,1.0,,,,,,,,,,,,,,,,,,,,,,,,,,,,,,,,,,,,,,,13419691,83579,HAM,Hamilton Tiger-Cats,Regular Season,2026-09-05T13:09:45.302148,2026
1350503,34,Ante Milanovic-Litre,Ante Milanovic-Litre,Offensive_RunningBack,ActiveNotPlayed,,,,,,,,,,,,,,,,,,,,,,,,0,0,0,0,0,0,2,,,,,,,,,,,,,,,,,,,,,,,13419691,83579,HAM,Hamilton Tiger-Cats,Regular Season,2026-09-05T13:09:45.302148,2026
1400232,1,Reggie Stubblefield,Reggie Stubblefield,Defensive_Linebacker,Started,,,,,,,,,,,,,,,,,,,,,,,,6,1,1,0,1,0,0,,,,,,,,,,,,,,,,,,,,,,,13419691,83579,HAM,Hamilton Tiger-Cats,Regular Season,2026-09-05T13:09:45.302148,2026
1464500,11,Isaiah Wooden,Isaiah Wooden,Offensive_WideReceiver,ActiveNotPlayed,,,,,,,,,,,,,,,2.0,1.0,5.0,1.0,0.0,5.0,5.0,2.5,0.5,,,,,,,,,,,,,,,,,,,,,,3.0,36.0,16.0,12.0,5.0,66.0,20.0,13.2,13419691,83579,HAM,Hamilton Tiger-Cats,Regular Season,2026-09-05T13:09:45.302148,2026
1468467,47,Owen Hubert,Owen Hubert,Defensive_DefensiveLineman,ActiveNotPlayed,,,,,,,,,,,,,,,,,,,,,,,,0,0,0,0,0,0,3,,,,,,,,,,,,,,,,,,,,,,,13419691,83579,HAM,Hamilton Tiger-Cats,Regular Season,2026-09-05T13:09:45.302148,2026
1470629,25,Destin Talbert,Destin Talbert,Defensive_DefensiveBack,Started,,,,,,,,,,,,,,,,,,,,,,,,3,0,0,1,0,0,0,,,,,,,,,,,,,,,,,,,,,,,13419691,83579,HAM,Hamilton Tiger-Cats,Regular Season,2026-09-05T13:09:45.302148,2026
1483388,6,Zamari Walton,Zamari Walton,Defensive_DefensiveBack,Started,,,,,,,,,,,,,,,,,,,,,,,,4,0,0,0,0,0,0,,,,,,,,,,,,,,,,,,,,,,,13419691,83579,HAM,Hamilton Tiger-Cats,Regular Season,2026-09-05T13:09:45.302148,2026
1483410,22,Mario Kendricks,Mario Kendricks,Defensive_DefensiveLineman,Started,,,,,,,,,,,,,,,,,,,,,,,,2,0,0,0,0,0,0,,,,,,,,,,,,,,,,,,,,,,,13419691,83579,HAM,Hamilton Tiger-Cats,Regular Season,2026-09-05T13:09:45.302148,2026
1487519,70,Mitch McCarthy,Mitch McCarthy,Punter,ActiveNotPlayed,,,,,,,,,,,,,,,,,,,,,,,,,,,,,,,,,,,,,,,,9.0,440.0,48.889,59.0,1.0,,,,,,,,,13419691,83579,HAM,Hamilton Tiger-Cats,Regular Season,2026-09-05T13:09:45.302148,2026
1493140,93,Aamarii Notice,Aamarii Notice,Defensive_DefensiveLineman,ActiveNotPlayed,,,,,,,,,,,,,,,,,,,,,,,,1,0,1,0,0,0,0,,,,,,,,,,,,,,,,,,,,,,,13419691,83579,HAM,Hamilton Tiger-Cats,Regular Season,2026-09-05T13:09:45.302148,2026
1502620,82,Maximilian Mang,Maximilian Mang,Offensive_TightEnd,ActiveNotPlayed,,,,,,,,,,,,,,,1.0,1.0,3.0,2.0,0.0,3.0,3.0,3.0,1.0,,,,,,,,,,,,,,,,,,,,,,,,,,,,,,13419691,83579,HAM,Hamilton Tiger-Cats,Regular Season,2026-09-05T13:09:45.302148,2026
1602418,38,Braxton Hill,Braxton Hill,Defensive_Linebacker,Started,,,,,,,,,,,,,,,,,,,,,,,,6,0,0,0,0,0,1,,,,,,,,,,,,,,,,,,,,,,,13419691,83579,HAM,Hamilton Tiger-Cats,Regular Season,2026-09-05T13:09:45.302148,2026
1602441,46,Philip Ossai,Philip Ossai,Defensive_DefensiveLineman,ActiveNotPlayed,,,,,,,,,,,,,,,,,,,,,,,,2,1,0,0,0,0,0,,,,,,,,,,,,,,,,,,,,,,,13419691,83579,HAM,Hamilton Tiger-Cats,Regular Season,2026-09-05T13:09:45.302148,2026
941538,95,Julian Howsare,Julian Howsare,Defensive_DefensiveLineman,Started,,,,,,,,,,,,,,,,,,,,,,,,1,1,0,0,0,0,0,,,,,,,,,,,,,,,,,,,,,,,13419691,83579,HAM,Hamilton Tiger-Cats,Regular Season,2026-09-05T13:09:45.302148,2026
998924,89,Kenny Lawler,Kenny Lawler,Offensive_WideReceiver,Started,,,,,,,,,,,,,,,11.0,5.0,64.0,2.0,1.0,25.0,12.8,5.818,0.455,,,,,,,,,,,,,,,,,,,,,,,,,,,,,,13419691,83579,HAM,Hamilton Tiger-Cats,Regular Season,2026-09-05T13:09:45.302148,2026
1003939,1,Deatrick Nichols,Deatrick Nichols,Defensive_DefensiveBack,Started,,,,,,,,,,,,,,,,,,,,,,,,3,0,0,0,0,0,0,,,,,,,,,,,,,,,,,,,,,,,13419691,110380,WPG,Winnipeg Blue Bombers,Regular Season,2026-09-05T13:09:45.302148,2026
1012104,39,Jaylen Smith,Jaylen Smith,Defensive_Linebacker,ActiveNotPlayed,,,,,,,,,,,,,,,,,,,,,,,,2,0,0,0,0,0,1,,,,,,,,,,,,,,,,,,,,,,,13419691,110380,WPG,Winnipeg Blue Bombers,Regular Season,2026-09-05T13:09:45.302148,2026
1014288,33,Tony Jones,Tony Jones,Defensive_Linebacker,Started,,,,,,,,,,,,,,,,,,,,,,,,5,0,0,0,0,0,1,,,,,,,,,,,,,,,,,,,,,,,13419691,110380,WPG,Winnipeg Blue Bombers,Regular Season,2026-09-05T13:09:45.302148,2026
1015193,80,Ontaria Wilson,Ontaria Wilson,Offensive_WideReceiver,Started,,,,,,,,,,,,,,,2.0,2.0,39.0,31.0,1.0,31.0,19.5,19.5,1.0,,,,,,,,,,,,,,,,,,,,,,,,,,,,,,13419691,110380,WPG,Winnipeg Blue Bombers,Regular Season,2026-09-05T13:09:45.302148,2026
1018781,12,Tim White,Tim White,Offensive_WideReceiver,Started,,,,,,,,,,,,,,,8.0,5.0,27.0,19.0,0.0,11.0,5.4,3.375,0.625,,,,,,,,,,,,,,,,,,,,,,,,,,,,,,13419691,110380,WPG,Winnipeg Blue Bombers,Regular Season,2026-09-05T13:09:45.302148,2026
1078857,9,Bryce Perkins,Bryce Perkins,Offensive_Quarterback,ActiveNotPlayed,,,,,,,,,,1.0,4.0,0,4,4.0,,,,,,,,,,,,,,,,,,,,,,,,,,,,,,,,,,,,,,,13419691,110380,WPG,Winnipeg Blue Bombers,Regular Season,2026-09-05T13:09:45.302148,2026
1082157,31,Evan Holm,Evan Holm,Defensive_DefensiveBack,Started,,,,,,,,,,,,,,,,,,,,,,,,5,0,0,0,0,0,0,,,,,,,,,,,,,,,,,,,,,,,13419691,110380,WPG,Winnipeg Blue Bombers,Regular Season,2026-09-05T13:09:45.302148,2026
1082183,20,Brady Oliveira,Brady Oliveira,Offensive_RunningBack,Started,,,,,,,,,,17.0,84.0,0,11,4.941,2.0,1.0,8.0,8.0,0.0,8.0,8.0,4.0,0.5,1,0,0,0,0,0,0,,,,,,,,,,,,,,,,,,,,,,,13419691,110380,WPG,Winnipeg Blue Bombers,Regular Season,2026-09-05T13:09:45.302148,2026
1131290,94,Jake Ceresna,Jake Ceresna,Defensive_DefensiveLineman,Started,,,,,,,,,,,,,,,,,,,,,,,,2,1,0,0,0,0,0,,,,,,,,,,,,,,,,,,,,,,,13419691,110380,WPG,Winnipeg Blue Bombers,Regular Season,2026-09-05T13:09:45.302148,2026
1243886,14,Sergio Castillo,Sergio Castillo,Kicker,ActiveNotPlayed,,,,,,,,,,,,,,,,,,,,,,,,,,,,,,,2.0,3.0,0.667,46,1.0,1.0,3.0,212.0,78.0,,,,,,,,,,,,,,13419691,110380,WPG,Winnipeg Blue Bombers,Regular Season,2026-09-05T13:09:45.302148,2026
1349512,47,Tanner Cadwallader,Tanner Cadwallader,Defensive_Linebacker,ActiveNotPlayed,,,,,,,,,,,,,,,,,,,,,,,,0,0,0,0,0,0,1,,,,,,,,,,,,,,,,,,,,,,,13419691,110380,WPG,Winnipeg Blue Bombers,Regular Season,2026-09-05T13:09:45.302148,2026
1349515,8,Zach Collaros,Zach Collaros,Offensive_Quarterback,Started,5.0,7.0,0.714,41.0,0.0,1.0,19.0,5.857,-0.5714285714285714,,,,,,,,,,,,,,,,,,,,,,,,,,,,,,,,,,,,,,,,,,,,13419691,110380,WPG,Winnipeg Blue Bombers,Regular Season,2026-09-05T13:09:45.302148,2026
1349519,10,Nic Demski,Nic Demski,Offensive_WideReceiver,Started,,,,,,,,,,1.0,6.0,0,6,6.0,6.0,4.0,29.0,5.0,0.0,19.0,7.25,4.833,0.667,,,,,,,,,,,,,,,,,,,,,,,,,,,,,,13419691,110380,WPG,Winnipeg Blue Bombers,Regular Season,2026-09-05T13:09:45.302148,2026
1349534,21,Nick Hallett,Nick Hallett,Defensive_DefensiveBack,ActiveNotPlayed,,,,,,,,,,,,,,,,,,,,,,,,0,0,0,0,0,0,2,,,,,,,,,,,,,,,,,,,,,,,13419691,110380,WPG,Winnipeg Blue Bombers,Regular Season,2026-09-05T13:09:45.302148,2026
1349540,6,Redha Kramdi,Redha Kramdi,Defensive_DefensiveBack,Started,,,,,,,,,,,,,,,,,,,,,,,,1,0,0,0,1,0,0,,,,,,,,,,,,,,,,,,,,,,,13419691,110380,WPG,Winnipeg Blue Bombers,Regular Season,2026-09-05T13:09:45.302148,2026
1349541,99,Cameron Lawson,Cameron Lawson,Defensive_DefensiveLineman,Started,,,,,,,,,,,,,,,,,,,,,,,,1,0,0,0,0,0,0,,,,,,,,,,,,,,,,,,,,,,,13419691,110380,WPG,Winnipeg Blue Bombers,Regular Season,2026-09-05T13:09:45.302148,2026
1349561,19,Kyrie Wilson,Kyrie Wilson,Defensive_Linebacker,Started,,,,,,,,,,,,,,,,,,,,,,,,2,0,1,0,0,0,0,,,,,,,,,,,,,,,,,,,,,,,13419691,110380,WPG,Winnipeg Blue Bombers,Regular Season,2026-09-05T13:09:45.302148,2026
1384562,82,Gavin Cobb,Gavin Cobb,Offensive_WideReceiver,Started,,,,,,,,,,,,,,,3.0,3.0,20.0,3.0,0.0,8.0,6.667,6.667,1.0,,,,,,,,,,,,,,,,,,,,,,,,,,,,,,13419691,110380,WPG,Winnipeg Blue Bombers,Regular Season,2026-09-05T13:09:45.302148,2026
1397520,32,Michael Griffin II,Michael Griffin II,Defensive_Linebacker,Started,,,,,,,,,,,,,,,,,,,,,,,,4,0,0,0,0,0,0,,,,,,,,,,,,,,,,,,,,,,,13419691,110380,WPG,Winnipeg Blue Bombers,Regular Season,2026-09-05T13:09:45.302148,2026
1401587,49,Michael Ayers,Michael Ayers,Defensive_Linebacker,ActiveNotPlayed,,,,,,,,,,,,,,,,,,,,,,,,0,0,0,0,0,0,2,,,,,,,,,,,,,,,,,,,,,,,13419691,110380,WPG,Winnipeg Blue Bombers,Regular Season,2026-09-05T13:09:45.302148,2026
1403880,16,Jake Kelly,Jake Kelly,Defensive_DefensiveBack,ActiveNotPlayed,,,,,,,,,,,,,,,,,,,,,,,,3,0,0,0,0,0,1,,,,,,,,,,,,,,,,,,,,,,,13419691,110380,WPG,Winnipeg Blue Bombers,Regular Season,2026-09-05T13:09:45.302148,2026
1403894,18,Jamieson Sheahan,Jamieson Sheahan,Punter,ActiveNotPlayed,,,,,,,,,,,,,,,,,,,,,,,,,,,,,,,,,,,,,,,,8.0,396.0,49.5,58.0,0.0,,,,,,,,,13419691,110380,WPG,Winnipeg Blue Bombers,Regular Season,2026-09-05T13:09:45.302148,2026
1464504,23,Trey Vaval,Trey Vaval,Defensive_DefensiveBack,ActiveNotPlayed,,,,,,,,,,,,,,,,,,,,,,,,,,,,,,,,,,,,,,,,,,,,,3.0,67.0,27.0,22.333,8.0,114.0,46.0,14.25,13419691,110380,WPG,Winnipeg Blue Bombers,Regular Season,2026-09-05T13:09:45.302148,2026
1468039,25,Michael Chris-Ike,Michael Chris-Ike,Offensive_RunningBack,ActiveNotPlayed,,,,,,,,,,,,,,,1.0,1.0,4.0,4.0,0.0,4.0,4.0,4.0,1.0,,,,,,,,,,,,,,,,,,,,,,,,,,,,,,13419691,110380,WPG,Winnipeg Blue Bombers,Regular Season,2026-09-05T13:09:45.302148,2026
1487645,45,David Reese,David Reese,Defensive_End,Started,,,,,,,,,,,,,,,,,,,,,,,,2,1,0,0,0,0,0,,,,,,,,,,,,,,,,,,,,,,,13419691,110380,WPG,Winnipeg Blue Bombers,Regular Season,2026-09-05T13:09:45.302148,2026
1636935,13,Taylor Elgersma,Taylor Elgersma,Offensive_Quarterback,ActiveNotPlayed,11.0,15.0,0.733,86.0,1.0,0.0,31.0,5.733,7.066666666666666,1.0,3.0,0,3,3.0,,,,,,,,,,,,,,,,,,,,,,,,,,,,,,,,,,,,,,,13419691,110380,WPG,Winnipeg Blue Bombers,Regular Season,2026-09-05T13:09:45.302148,2026
1636948,24,Major Williams,Major Williams,Defensive_DefensiveBack,Started,,,,,,,,,,,,,,,,,,,,,,,,3,0,0,1,0,0,0,,,,,,,,,,,,,,,,,,,,,,,13419691,110380,WPG,Winnipeg Blue Bombers,Regular Season,2026-09-05T13:09:45.302148,2026
1752350,7,Ethan Stuart,Ethan Stuart,Defensive_DefensiveBack,ActiveNotPlayed,,,,,,,,,,,,,,,,,,,,,,,,0,0,0,0,0,0,1,,,,,,,,,,,,,,,,,,,,,,,13419691,110380,WPG,Winnipeg Blue Bombers,Regular Season,2026-09-05T13:09:45.302148,2026
757943,5,Willie Jefferson,Willie Jefferson,Defensive_End,Started,,,,,,,,,,,,,,,,,,,,,,,,1,0,0,0,0,0,0,,,,,,,,,,,,,,,,,,,,,,,13419691,110380,WPG,Winnipeg Blue Bombers,Regular Season,2026-09-05T13:09:45.302148,2026
999581,2,Jonathan Moxey,Jonathan Moxey,Defensive_DefensiveBack,Started,,,,,,,,,,,,,,,,,,,,,,,,1,0,0,0,0,0,0,,,,,,,,,,,,,,,,,,,,,,,13419691,110380,WPG,Winnipeg Blue Bombers,Regular Season,2026-09-05T13:09:45.302148,2026
1005323,3,Austin Mack,Austin Mack,Offensive_WideReceiver,Started,,,,,,,,,,,,,,,7.0,6.0,94.0,31.0,0.0,38.0,15.667,13.429,0.857,,,,,,,,,,,,,,,,,,,,,,,,,,,,,,13419692,114347,EDM,Edmonton Elks,Regular Season,2026-09-05T13:09:45.302148,2026
1005963,0,Kobe Williams,Kobe Williams,Defensive_DefensiveBack,Started,,,,,,,,,,,,,,,,,,,,,,,,4,0,1,0,0,0,0,,,,,,,,,,,,,,,,,,,,,,,13419692,114347,EDM,Edmonton Elks,Regular Season,2026-09-05T13:09:45.302148,2026
1006559,10,Jake Julien,Jake Julien,Punter,ActiveNotPlayed,,,,,,,,,,,,,,,,,,,,,,,,,,,,,,,,,,,,,,,,5.0,255.0,51.0,60.0,0.0,,,,,,,,,13419692,114347,EDM,Edmonton Elks,Regular Season,2026-09-05T13:09:45.302148,2026
1007365,5,Justin Rankin,Justin Rankin,Offensive_RunningBack,Started,,,,,,,,,,14.0,107.0,2,31,7.643,4.0,3.0,43.0,43.0,1.0,33.0,14.333,10.75,0.75,,,,,,,,,,,,,,,,,,,,,,,,,,,,,,13419692,114347,EDM,Edmonton Elks,Regular Season,2026-09-05T13:09:45.302148,2026
1009107,22,Javon Leake,Javon Leake,Offensive_RunningBack,ActiveNotPlayed,,,,,,,,,,10.0,85.0,0,22,8.5,1.0,1.0,13.0,13.0,0.0,13.0,13.0,13.0,1.0,,,,,,,,,,,,,,,,,,,,,,2.0,46.0,23.0,23.0,4.0,48.0,19.0,12.0,13419692,114347,EDM,Edmonton Elks,Regular Season,2026-09-05T13:09:45.302148,2026
1011445,50,Joel Dublanko,Joel Dublanko,Defensive_Linebacker,Started,,,,,,,,,,,,,,,,,,,,,,,,6,0,0,0,0,0,0,,,,,,,,,,,,,,,,,,,,,,,13419692,114347,EDM,Edmonton Elks,Regular Season,2026-09-05T13:09:45.302148,2026
1013556,6,Brendan O'Leary-Orange,Brendan O'Leary-Orange,Offensive_WideReceiver,Started,,,,,,,,,,,,,,,2.0,1.0,90.0,90.0,0.0,90.0,90.0,45.0,0.5,,,,,,,,,,,,,,,,,,,,,,,,,,,,,,13419692,114347,EDM,Edmonton Elks,Regular Season,2026-09-05T13:09:45.302148,2026
1014004,32,Leonard Johnson,Leonard Johnson,Defensive_DefensiveBack,ActiveNotPlayed,,,,,,,,,,,,,,,,,,,,,,,,1,0,0,0,0,0,1,,,,,,,,,,,,,,,,,,,,,,,13419692,114347,EDM,Edmonton Elks,Regular Season,2026-09-05T13:09:45.302148,2026
1016182,2,Malik Carney,Malik Carney,Defensive_DefensiveLineman,Started,,,,,,,,,,,,,,,,,,,,,,,,1,0,0,0,0,0,0,,,,,,,,,,,,,,,,,,,,,,,13419692,114347,EDM,Edmonton Elks,Regular Season,2026-09-05T13:09:45.302148,2026
1082217,54,Tyron Vrede,Tyron Vrede,Defensive_Linebacker,ActiveNotPlayed,,,,,,,,,,,,,,,,,,,,,,,,0,0,0,0,0,0,2,,,,,,,,,,,,,,,,,,,,,,,13419692,114347,EDM,Edmonton Elks,Regular Season,2026-09-05T13:09:45.302148,2026
1084057,91,Jared Brinkman,Jared Brinkman,Defensive_DefensiveLineman,Started,,,,,,,,,,,,,,,,,,,,,,,,4,1,0,0,0,0,0,,,,,,,,,,,,,,,,,,,,,,,13419692,114347,EDM,Edmonton Elks,Regular Season,2026-09-05T13:09:45.302148,2026
1349498,40,Robbie Smith,Robbie Smith,Defensive_DefensiveLineman,Started,,,,,,,,,,,,,,,,,,,,,,,,1,1,0,0,0,0,0,,,,,,,,,,,,,,,,,,,,,,,13419692,114347,EDM,Edmonton Elks,Regular Season,2026-09-05T13:09:45.302148,2026
1349527,30,Tyrell Ford,Tyrell Ford,Defensive_DefensiveBack,Started,,,,,,,,,,,,,,,,,,,,,,,,2,0,0,1,0,0,1,,,,,,,,,,,,,,,,,,,,,,,13419692,114347,EDM,Edmonton Elks,Regular Season,2026-09-05T13:09:45.302148,2026
1349549,11,Kaion Julien-Grant,Kaion Julien-Grant,Offensive_WideReceiver,Started,,,,,,,,,,,,,,,4.0,3.0,24.0,6.0,1.0,14.0,8.0,6.0,0.75,,,,,,,,,,,,,,,,,,,,,,,,,,,,,,13419692,114347,EDM,Edmonton Elks,Regular Season,2026-09-05T13:09:45.302148,2026
1350572,7,Cody Fajardo,Cody Fajardo,Offensive_Quarterback,Started,19.0,24.0,0.792,340.0,2.0,0.0,90.0,14.167,15.833333333333334,6.0,20.0,0,11,3.333,,,,,,,,,,,,,,,,,,,,,,,,,,,,,,,,,,,,,,,13419692,114347,EDM,Edmonton Elks,Regular Season,2026-09-05T13:09:45.302148,2026
1408288,88,T.J. Luther,T.J. Luther,Offensive_WideReceiver,Started,,,,,,,,,,,,,,,4.0,4.0,67.0,39.0,0.0,26.0,16.75,16.75,1.0,,,,,,,,,,,,,,,,,,,,,,,,,,,,,,13419692,114347,EDM,Edmonton Elks,Regular Season,2026-09-05T13:09:45.302148,2026
1464749,20,Kenneth Logan Jr.,Kenneth Logan Jr.,Defensive_Linebacker,Started,,,,,,,,,,,,,,,,,,,,,,,,4,0,0,0,0,0,0,,,,,,,,,,,,,,,,,,,,,,,13419692,114347,EDM,Edmonton Elks,Regular Season,2026-09-05T13:09:45.302148,2026
1468042,26,Vincent Blanchard,Vincent Blanchard,Kicker,ActiveNotPlayed,,,,,,,,,,,,,,,,,,,,,,,,,,,,,,,4.0,4.0,1.0,50,4.0,0.0,6.0,434.0,78.0,,,,,,,,,,,,,,13419692,114347,EDM,Edmonton Elks,Regular Season,2026-09-05T13:09:45.302148,2026
1470656,13,Kordell Jackson,Kordell Jackson,Defensive_DefensiveBack,Started,,,,,,,,,,,,,,,,,,,,,,,,3,0,0,2,0,0,0,,,,,,,,,,,,,,,,,,,,,,,13419692,114347,EDM,Edmonton Elks,Regular Season,2026-09-05T13:09:45.302148,2026
1482936,25,Chelen Garnes,Chelen Garnes,Defensive_DefensiveBack,Started,,,,,,,,,,,,,,,,,,,,,,,,1,0,0,1,0,0,0,,,,,,,,,,,,,,,,,,,,,,,13419692,114347,EDM,Edmonton Elks,Regular Season,2026-09-05T13:09:45.302148,2026
1483150,95,Tomari Fox,Tomari Fox,Defensive_DefensiveLineman,ActiveNotPlayed,,,,,,,,,,,,,,,,,,,,,,,,1,0,0,0,0,0,0,,,,,,,,,,,,,,,,,,,,,,,13419692,114347,EDM,Edmonton Elks,Regular Season,2026-09-05T13:09:45.302148,2026
1483155,18,Joshua Cephus,Joshua Cephus,Offensive_WideReceiver,Started,,,,,,,,,,,,,,,1.0,0.0,0.0,0.0,0.0,0.0,,,0.0,,,,,,,,,,,,,,,,,,,,,,,,,,,,,,13419692,114347,EDM,Edmonton Elks,Regular Season,2026-09-05T13:09:45.302148,2026
1483633,42,Noah Taylor,Noah Taylor,Defensive_DefensiveLineman,ActiveNotPlayed,,,,,,,,,,,,,,,,,,,,,,,,1,0,0,0,0,0,0,,,,,,,,,,,,,,,,,,,,,,,13419692,114347,EDM,Edmonton Elks,Regular Season,2026-09-05T13:09:45.302148,2026
1501819,45,Dariel Djabome,Dariel Djabome,Defensive_Linebacker,Started,,,,,,,,,,,,,,,,,,,,,,,,7,0,0,0,0,0,1,,,,,,,,,,,,,,,,,,,,,,,13419692,114347,EDM,Edmonton Elks,Regular Season,2026-09-05T13:09:45.302148,2026
1518031,29,JJ Ross,JJ Ross,Defensive_DefensiveBack,Started,,,,,,,,,,,,,,,,,,,,,,,,2,0,0,0,0,0,0,,,,,,,,,,,,,,,,,,,,,,,13419692,114347,EDM,Edmonton Elks,Regular Season,2026-09-05T13:09:45.302148,2026
1521937,14,Cole Snyder,Cole Snyder,Offensive_Quarterback,ActiveNotPlayed,,,,,,,,,,3.0,3.0,0,1,1.0,,,,,,,,,,,,,,,,,,,,,,,,,,,,,,,,,,,,,,,13419692,114347,EDM,Edmonton Elks,Regular Season,2026-09-05T13:09:45.302148,2026
1602462,99,Silas Hubert,Silas Hubert,Defensive_DefensiveLineman,ActiveNotPlayed,,,,,,,,,,,,,,,,,,,,,,,,0,0,0,0,0,0,2,,,,,,,,,,,,,,,,,,,,,,,13419692,114347,EDM,Edmonton Elks,Regular Season,2026-09-05T13:09:45.302148,2026
1604186,96,Richard Jibunor,Richard Jibunor,Defensive_DefensiveLineman,ActiveNotPlayed,,,,,,,,,,,,,,,,,,,,,,,,0,0,0,0,0,0,1,,,,,,,,,,,,,,,,,,,,,,,13419692,114347,EDM,Edmonton Elks,Regular Season,2026-09-05T13:09:45.302148,2026
1604187,44,Skyler Griffith,Skyler Griffith,Offensive_Fullback,ActiveNotPlayed,,,,,,,,,,,,,,,1.0,1.0,9.0,6.0,0.0,9.0,9.0,9.0,1.0,,,,,,,,,,,,,,,,,,,,,,,,,,,,,,13419692,114347,EDM,Edmonton Elks,Regular Season,2026-09-05T13:09:45.302148,2026
1752321,80,Carter Kettyle,Carter Kettyle,Offensive_WideReceiver,ActiveNotPlayed,,,,,,,,,,,,,,,,,,,,,,,,0,0,0,0,0,0,1,,,,,,,,,,,,,,,1.0,30.0,30.0,30.0,,,,,13419692,114347,EDM,Edmonton Elks,Regular Season,2026-09-05T13:09:45.302148,2026
1005319,80,Binjimen Victor,Binjimen Victor,Offensive_WideReceiver,Started,,,,,,,,,,,,,,,2.0,0.0,0.0,0.0,0.0,0.0,,,0.0,,,,,,,,,,,,,,,,,,,,,,,,,,,,,,13419692,88019,OTT,Ottawa RedBlacks,Regular Season,2026-09-05T13:09:45.302148,2026
1007078,7,Ayden Eberhardt,Ayden Eberhardt,Offensive_WideReceiver,Started,,,,,,,,,,,,,,,14.0,11.0,155.0,36.0,1.0,49.0,14.091,11.071,0.786,2,0,0,0,0,0,0,,,,,,,,,,,,,,,,,,,,,,,13419692,88019,OTT,Ottawa RedBlacks,Regular Season,2026-09-05T13:09:45.302148,2026
1007273,4,Amari Henderson,Amari Henderson,Defensive_DefensiveBack,Started,,,,,,,,,,,,,,,,,,,,,,,,3,0,0,0,0,0,0,,,,,,,,,,,,,,,,,,,,,,,13419692,88019,OTT,Ottawa RedBlacks,Regular Season,2026-09-05T13:09:45.302148,2026
1011917,8,C.J. Reavis,C.J. Reavis,Defensive_Linebacker,Started,,,,,,,,,,,,,,,,,,,,,,,,5,0,0,0,0,0,0,,,,,,,,,,,,,,,,,,,,,,,13419692,88019,OTT,Ottawa RedBlacks,Regular Season,2026-09-05T13:09:45.302148,2026
1012789,41,Brian Cole,Brian Cole,Defensive_Linebacker,ActiveNotPlayed,,,,,,,,,,,,,,,,,,,,,,,,0,0,0,0,0,0,1,,,,,,,,,,,,,,,,,,,,,,,13419692,88019,OTT,Ottawa RedBlacks,Regular Season,2026-09-05T13:09:45.302148,2026
1014308,22,Adrian Frye,Adrian Frye,Defensive_DefensiveBack,Started,,,,,,,,,,,,,,,,,,,,,,,,4,0,0,0,0,0,0,,,,,,,,,,,,,,,,,,,,,,,13419692,88019,OTT,Ottawa RedBlacks,Regular Season,2026-09-05T13:09:45.302148,2026
1015046,83,Kalil Pimpleton,Kalil Pimpleton,Offensive_WideReceiver,ActiveNotPlayed,,,,,,,,,,,,,,,,,,,,,,,,,,,,,,,,,,,,,,,,,,,,,5.0,127.0,45.0,25.4,4.0,45.0,21.0,11.25,13419692,88019,OTT,Ottawa RedBlacks,Regular Season,2026-09-05T13:09:45.302148,2026
1019929,91,Bryce Carter,Bryce Carter,Defensive_DefensiveLineman,Started,,,,,,,,,,,,,,,,,,,,,,,,3,0,0,0,0,0,0,,,,,,,,,,,,,,,,,,,,,,,13419692,88019,OTT,Ottawa RedBlacks,Regular Season,2026-09-05T13:09:45.302148,2026
1077845,95,Habakkuk Baldonado,Habakkuk Baldonado,Defensive_DefensiveLineman,Started,,,,,,,,,,,,,,,,,,,,,,,,2,1,1,0,0,0,0,,,,,,,,,,,,,,,,,,,,,,,13419692,88019,OTT,Ottawa RedBlacks,Regular Season,2026-09-05T13:09:45.302148,2026
1080661,44,Luiji Vilain,Luiji Vilain,Defensive_DefensiveLineman,ActiveNotPlayed,,,,,,,,,,,,,,,,,,,,,,,,2,0,0,0,0,0,0,,,,,,,,,,,,,,,,,,,,,,,13419692,88019,OTT,Ottawa RedBlacks,Regular Season,2026-09-05T13:09:45.302148,2026
1080706,5,Greg Bell,Greg Bell,Offensive_RunningBack,Started,,,,,,,,,,7.0,19.0,0,6,2.714,4.0,3.0,17.0,10.0,0.0,7.0,5.667,4.25,0.75,,,,,,,,,,,,,,,,,,,,,,,,,,,,,,13419692,88019,OTT,Ottawa RedBlacks,Regular Season,2026-09-05T13:09:45.302148,2026
1083949,13,Jake Maier,Jake Maier,Offensive_Quarterback,Started,26.0,39.0,0.667,293.0,1.0,4.0,49.0,7.513,3.41025641025641,1.0,3.0,0,3,3.0,,,,,,,,,,,,,,,,,,,,,,,,,,,,,,,,,,,,,,,13419692,88019,OTT,Ottawa RedBlacks,Regular Season,2026-09-05T13:09:45.302148,2026
1086231,31,Jeremy Lucien,Jeremy Lucien,Defensive_DefensiveBack,Started,,,,,,,,,,,,,,,,,,,,,,,,6,0,0,0,0,0,0,,,,,,,,,,,,,,,,,,,,,,,13419692,88019,OTT,Ottawa RedBlacks,Regular Season,2026-09-05T13:09:45.302148,2026
1092881,20,Alonzo Addae,Alonzo Addae,Defensive_DefensiveBack,Started,,,,,,,,,,,,,,,,,,,,,,,,4,0,0,0,0,0,0,,,,,,,,,,,,,,,,,,,,,,,13419692,88019,OTT,Ottawa RedBlacks,Regular Season,2026-09-05T13:09:45.302148,2026
1349458,25,Daniel Adeboboye,Daniel Adeboboye,Offensive_RunningBack,ActiveNotPlayed,,,,,,,,,,,,,,,1.0,1.0,-2.0,-2.0,0.0,-2.0,-2.0,-2.0,1.0,,,,,,,,,,,,,,,,,,,,,,1.0,37.0,37.0,37.0,,,,,13419692,88019,OTT,Ottawa RedBlacks,Regular Season,2026-09-05T13:09:45.302148,2026
1349550,87,Eugene Lewis,Eugene Lewis,Offensive_WideReceiver,Started,,,,,,,,,,,,,,,2.0,1.0,14.0,8.0,0.0,14.0,14.0,7.0,0.5,,,,,,,,,,,,,,,,,,,,,,,,,,,,,,13419692,88019,OTT,Ottawa RedBlacks,Regular Season,2026-09-05T13:09:45.302148,2026
1349565,96,Michael Wakefield,Michael Wakefield,Defensive_DefensiveLineman,Started,,,,,,,,,,,,,,,,,,,,,,,,3,0,1,0,0,0,0,,,,,,,,,,,,,,,,,,,,,,,13419692,88019,OTT,Ottawa RedBlacks,Regular Season,2026-09-05T13:09:45.302148,2026
1349596,90,Cleyon Laing,Cleyon Laing,Defensive_DefensiveLineman,ActiveNotPlayed,,,,,,,,,,,,,,,,,,,,,,,,1,0,0,0,0,0,0,,,,,,,,,,,,,,,,,,,,,,,13419692,88019,OTT,Ottawa RedBlacks,Regular Season,2026-09-05T13:09:45.302148,2026
1350450,53,Peter Adjey,Peter Adjey,LongSnapper,ActiveNotPlayed,,,,,,,,,,,,,,,,,,,,,,,,0,0,0,0,0,0,1,,,,,,,,,,,,,,,,,,,,,,,13419692,88019,OTT,Ottawa RedBlacks,Regular Season,2026-09-05T13:09:45.302148,2026
1350583,21,Brett Lauther,Brett Lauther,Kicker,ActiveNotPlayed,,,,,,,,,,,,,,,,,,,,,,,,,,,,,,,1.0,1.0,1.0,27,2.0,0.0,3.0,205.0,73.0,,,,,,,,,,,,,,13419692,88019,OTT,Ottawa RedBlacks,Regular Season,2026-09-05T13:09:45.302148,2026
1384790,0,A.J. Allen,A.J. Allen,Defensive_Linebacker,ActiveNotPlayed,,,,,,,,,,,,,,,,,,,,,,,,5,0,0,0,0,0,0,,,,,,,,,,,,,,,,,,,,,,,13419692,88019,OTT,Ottawa RedBlacks,Regular Season,2026-09-05T13:09:45.302148,2026
1397558,33,Noah Gettman,Noah Gettman,Punter,ActiveNotPlayed,,,,,,,,,,,,,,,,,,,,,,,,,,,,,,,,,,,,,,,,6.0,263.0,43.833,62.0,0.0,,,,,,,,,13419692,88019,OTT,Ottawa RedBlacks,Regular Season,2026-09-05T13:09:45.302148,2026
1397561,1,Nyles Morgan,Nyles Morgan,Defensive_Linebacker,Started,,,,,,,,,,,,,,,,,,,,,,,,7,1,0,0,0,0,0,,,,,,,,,,,,,,,,,,,,,,,13419692,88019,OTT,Ottawa RedBlacks,Regular Season,2026-09-05T13:09:45.302148,2026
1403950,19,Lucas Cormier,Lucas Cormier,Defensive_Linebacker,Started,,,,,,,,,,,,,,,,,,,,,,,,1,0,0,0,0,0,0,,,,,,,,,,,,,,,,,,,,,,,13419692,88019,OTT,Ottawa RedBlacks,Regular Season,2026-09-05T13:09:45.302148,2026
1403953,93,Aidan John,Aidan John,Defensive_DefensiveLineman,ActiveNotPlayed,,,,,,,,,,,,,,,,,,,,,,,,1,1,0,0,0,0,0,,,,,,,,,,,,,,,,,,,,,,,13419692,88019,OTT,Ottawa RedBlacks,Regular Season,2026-09-05T13:09:45.302148,2026
1487071,98,Kemari Munier-Bailey,Kemari Munier-Bailey,Defensive_DefensiveLineman,ActiveNotPlayed,,,,,,,,,,,,,,,,,,,,,,,,0,0,0,0,0,0,1,,,,,,,,,,,,,,,,,,,,,,,13419692,88019,OTT,Ottawa RedBlacks,Regular Season,2026-09-05T13:09:45.302148,2026
1507770,37,Marcus Barnes,Marcus Barnes,Defensive_Linebacker,ActiveNotPlayed,,,,,,,,,,,,,,,,,,,,,,,,1,0,0,0,0,0,1,,,,,,,,,,,,,,,,,,,,,,,13419692,88019,OTT,Ottawa RedBlacks,Regular Season,2026-09-05T13:09:45.302148,2026
1515021,17,Bryson Barnes,Bryson Barnes,Offensive_Quarterback,ActiveNotPlayed,,,,,,,,,,2.0,3.0,1,2,1.5,,,,,,,,,,,,,,,,,,,,,,,,,,,,,,,,,,,,,,,13419692,88019,OTT,Ottawa RedBlacks,Regular Season,2026-09-05T13:09:45.302148,2026
1516637,85,Cade McDonald,Cade McDonald,Offensive_WideReceiver,Started,,,,,,,,,,,,,,,3.0,3.0,25.0,5.0,0.0,12.0,8.333,8.333,1.0,,,,,,,,,,,,,,,,,,,,,,,,,,,,,,13419692,88019,OTT,Ottawa RedBlacks,Regular Season,2026-09-05T13:09:45.302148,2026
1602466,75,Muftah Ageli,Muftah Ageli,Defensive_DefensiveLineman,ActiveNotPlayed,,,,,,,,,,,,,,,,,,,,,,,,1,0,0,0,0,0,0,,,,,,,,,,,,,,,,,,,,,,,13419692,88019,OTT,Ottawa RedBlacks,Regular Season,2026-09-05T13:09:45.302148,2026
1752418,47,Josh Connors,Josh Connors,Defensive_Linebacker,ActiveNotPlayed,,,,,,,,,,,,,,,,,,,,,,,,0,0,0,0,0,0,1,,,,,,,,,,,,,,,,,,,,,,,13419692,88019,OTT,Ottawa RedBlacks,Regular Season,2026-09-05T13:09:45.302148,2026
1753018,94,Charlie Parks,Charlie Parks,Defensive_DefensiveLineman,ActiveNotPlayed,,,,,,,,,,,,,,,,,,,,,,,,0,0,0,0,0,0,2,,,,,,,,,,,,,,,,,,,,,,,13419692,88019,OTT,Ottawa RedBlacks,Regular Season,2026-09-05T13:09:45.302148,2026
719463,10,McLeod Bethel-Thompson,McLeod Bethel-Thompson,Offensive_Quarterback,ActiveNotPlayed,3.0,4.0,0.75,30.0,0.0,0.0,14.0,7.5,7.5,,,,,,,,,,,,,,,,,,,,,,,,,,,,,,,,,,,,,,,,,,,,13419692,88019,OTT,Ottawa RedBlacks,Regular Season,2026-09-05T13:09:45.302148,2026
835400,2,Justin Hardy,Justin Hardy,Offensive_WideReceiver,Started,,,,,,,,,,,,,,,17.0,10.0,114.0,16.0,0.0,20.0,11.4,6.706,0.588,2,0,0,0,0,0,0,,,,,,,,,,,,,,,,,,,,,,,13419692,88019,OTT,Ottawa RedBlacks,Regular Season,2026-09-05T13:09:45.302148,2026
1003413,4,Dru Brown,Dru Brown,Offensive_Quarterback,Started,25.0,31.0,0.806,339.0,1.0,1.0,49.0,10.935,10.129032258064516,,,,,,,,,,,,,,,,,,,,,,,,,,,,,,,,,,,,,,,,,,,,14038504,110380,WPG,Winnipeg Blue Bombers,Regular Season,2026-09-05T13:09:45.302148,2026
1003939,1,Deatrick Nichols,Deatrick Nichols,Defensive_DefensiveBack,Started,,,,,,,,,,,,,,,,,,,,,,,,4,0,1,0,0,0,0,,,,,,,,,,,,,,,,,,,,,,,14038504,110380,WPG,Winnipeg Blue Bombers,Regular Season,2026-09-05T13:09:45.302148,2026
1012104,39,Jaylen Smith,Jaylen Smith,Defensive_Linebacker,ActiveNotPlayed,,,,,,,,,,,,,,,,,,,,,,,,3,0,0,0,0,0,0,,,,,,,,,,,,,,,,,,,,,,,14038504,110380,WPG,Winnipeg Blue Bombers,Regular Season,2026-09-05T13:09:45.302148,2026
1014288,33,Tony Jones,Tony Jones,Defensive_Linebacker,Started,,,,,,,,,,,,,,,,,,,,,,,,4,0,0,0,0,1,0,,,,,,,,,,,,,,,,,,,,,,,14038504,110380,WPG,Winnipeg Blue Bombers,Regular Season,2026-09-05T13:09:45.302148,2026
1015193,80,Ontaria Wilson,Ontaria Wilson,Offensive_WideReceiver,Started,,,,,,,,,,,,,,,14.0,10.0,133.0,82.0,0.0,49.0,13.3,9.5,0.714,1,0,0,0,0,0,0,,,,,,,,,,,,,,,,,,,,,,,14038504,110380,WPG,Winnipeg Blue Bombers,Regular Season,2026-09-05T13:09:45.302148,2026
1018781,12,Tim White,Tim White,Offensive_WideReceiver,Started,,,,,,,,,,,,,,,3.0,3.0,60.0,33.0,1.0,35.0,20.0,20.0,1.0,,,,,,,,,,,,,,,,,,,,,,,,,,,,,,14038504,110380,WPG,Winnipeg Blue Bombers,Regular Season,2026-09-05T13:09:45.302148,2026
1078857,9,Bryce Perkins,Bryce Perkins,Offensive_Quarterback,ActiveNotPlayed,,,,,,,,,,6.0,8.0,0,2,1.333,,,,,,,,,,,,,,,,,,,,,,,,,,,,,,,,,,,,,,,14038504,110380,WPG,Winnipeg Blue Bombers,Regular Season,2026-09-05T13:09:45.302148,2026
1082157,31,Evan Holm,Evan Holm,Defensive_DefensiveBack,Started,,,,,,,,,,,,,,,,,,,,,,,,0,0,0,0,0,0,1,,,,,,,,,,,,,,,,,,,,,,,14038504,110380,WPG,Winnipeg Blue Bombers,Regular Season,2026-09-05T13:09:45.302148,2026
1082183,20,Brady Oliveira,Brady Oliveira,Offensive_RunningBack,Started,,,,,,,,,,16.0,69.0,0,11,4.312,1.0,1.0,-5.0,-5.0,0.0,-5.0,-5.0,-5.0,1.0,,,,,,,,,,,,,,,,,,,,,,,,,,,,,,14038504,110380,WPG,Winnipeg Blue Bombers,Regular Season,2026-09-05T13:09:45.302148,2026
1243886,14,Sergio Castillo,Sergio Castillo,Kicker,ActiveNotPlayed,,,,,,,,,,,,,,,,,,,,,,,,,,,,,,,5.0,6.0,0.833,56,2.0,1.0,3.0,217.0,76.0,,,,,,,,,,,,,,14038504,110380,WPG,Winnipeg Blue Bombers,Regular Season,2026-09-05T13:09:45.302148,2026
1349490,83,Tommy Nield,Tommy Nield,Offensive_WideReceiver,Started,,,,,,,,,,,,,,,4.0,4.0,58.0,21.0,0.0,19.0,14.5,14.5,1.0,,,,,,,,,,,,,,,,,,,,,,,,,,,,,,14038504,110380,WPG,Winnipeg Blue Bombers,Regular Season,2026-09-05T13:09:45.302148,2026
1349512,47,Tanner Cadwallader,Tanner Cadwallader,Defensive_Linebacker,ActiveNotPlayed,,,,,,,,,,,,,,,,,,,,,,,,0,0,0,0,0,0,2,,,,,,,,,,,,,,,,,,,,,,,14038504,110380,WPG,Winnipeg Blue Bombers,Regular Season,2026-09-05T13:09:45.302148,2026
1349519,10,Nic Demski,Nic Demski,Offensive_WideReceiver,Started,,,,,,,,,,,,,,,8.0,6.0,82.0,7.0,0.0,20.0,13.667,10.25,0.75,1,0,0,0,0,0,0,,,,,,,,,,,,,,,,,,,,,,,14038504,110380,WPG,Winnipeg Blue Bombers,Regular Season,2026-09-05T13:09:45.302148,2026
1349540,6,Redha Kramdi,Redha Kramdi,Defensive_DefensiveBack,Started,,,,,,,,,,,,,,,,,,,,,,,,2,1,0,0,1,0,0,,,,,,,,,,,,,,,,,,,,,,,14038504,110380,WPG,Winnipeg Blue Bombers,Regular Season,2026-09-05T13:09:45.302148,2026
1349541,99,Cameron Lawson,Cameron Lawson,Defensive_Tackle,Started,,,,,,,,,,,,,,,,,,,,,,,,1,0,1,0,0,0,0,,,,,,,,,,,,,,,,,,,,,,,14038504,110380,WPG,Winnipeg Blue Bombers,Regular Season,2026-09-05T13:09:45.302148,2026
1349561,19,Kyrie Wilson,Kyrie Wilson,Defensive_Linebacker,Started,,,,,,,,,,,,,,,,,,,,,,,,1,0,0,0,0,0,0,,,,,,,,,,,,,,,,,,,,,,,14038504,110380,WPG,Winnipeg Blue Bombers,Regular Season,2026-09-05T13:09:45.302148,2026
1397520,32,Michael Griffin II,Michael Griffin II,Defensive_Linebacker,Started,,,,,,,,,,,,,,,,,,,,,,,,5,0,0,0,0,0,0,,,,,,,,,,,,,,,,,,,,,,,14038504,110380,WPG,Winnipeg Blue Bombers,Regular Season,2026-09-05T13:09:45.302148,2026
1401587,49,Michael Ayers,Michael Ayers,Defensive_Linebacker,ActiveNotPlayed,,,,,,,,,,,,,,,,,,,,,,,,0,0,0,0,0,0,2,,,,,,,,,,,,,,,,,,,,,,,14038504,110380,WPG,Winnipeg Blue Bombers,Regular Season,2026-09-05T13:09:45.302148,2026
1403880,16,Jake Kelly,Jake Kelly,Defensive_DefensiveBack,ActiveNotPlayed,,,,,,,,,,,,,,,,,,,,,,,,1,0,0,0,0,0,0,,,,,,,,,,,,,,,,,,,,,,,14038504,110380,WPG,Winnipeg Blue Bombers,Regular Season,2026-09-05T13:09:45.302148,2026
1403894,18,Jamieson Sheahan,Jamieson Sheahan,Punter,ActiveNotPlayed,,,,,,,,,,,,,,,,,,,,,,,,,,,,,,,,,,,,,,,,2.0,101.0,50.5,55.0,0.0,,,,,,,,,14038504,110380,WPG,Winnipeg Blue Bombers,Regular Season,2026-09-05T13:09:45.302148,2026
1464504,23,Trey Vaval,Trey Vaval,Defensive_DefensiveBack,ActiveNotPlayed,,,,,,,,,,,,,,,,,,,,,,,,,,,,,,,,,,,,,,,,,,,,,3.0,101.0,56.0,33.667,6.0,79.0,24.0,13.167,14038504,110380,WPG,Winnipeg Blue Bombers,Regular Season,2026-09-05T13:09:45.302148,2026
1468039,25,Michael Chris-Ike,Michael Chris-Ike,Offensive_RunningBack,ActiveNotPlayed,,,,,,,,,,1.0,3.0,0,3,3.0,,,,,,,,,,,,,,,,,,,,,,,,,,,,,,,1.0,24.0,24.0,24.0,,,,,14038504,110380,WPG,Winnipeg Blue Bombers,Regular Season,2026-09-05T13:09:45.302148,2026
1487645,45,David Reese,David Reese,Defensive_End,Started,,,,,,,,,,,,,,,,,,,,,,,,2,0,1,0,0,0,0,,,,,,,,,,,,,,,,,,,,,,,14038504,110380,WPG,Winnipeg Blue Bombers,Regular Season,2026-09-05T13:09:45.302148,2026
1489480,40,Nuer Gatkuoth,Nuer Gatkuoth,Defensive_End,ActiveNotPlayed,,,,,,,,,,,,,,,,,,,,,,,,1,0,0,0,0,0,0,,,,,,,,,,,,,,,,,,,,,,,14038504,110380,WPG,Winnipeg Blue Bombers,Regular Season,2026-09-05T13:09:45.302148,2026
1498158,81,Joey Corcoran,Joey Corcoran,Offensive_WideReceiver,ActiveNotPlayed,,,,,,,,,,,,,,,1.0,1.0,11.0,8.0,0.0,11.0,11.0,11.0,1.0,,,,,,,,,,,,,,,,,,,,,,,,,,,,,,14038504,110380,WPG,Winnipeg Blue Bombers,Regular Season,2026-09-05T13:09:45.302148,2026
1636948,24,Major Williams,Major Williams,Defensive_DefensiveBack,Started,,,,,,,,,,,,,,,,,,,,,,,,7,0,1,0,0,0,0,,,,,,,,,,,,,,,,,,,,,,,14038504,110380,WPG,Winnipeg Blue Bombers,Regular Season,2026-09-05T13:09:45.302148,2026
1752350,7,Ethan Stuart,Ethan Stuart,Defensive_DefensiveBack,ActiveNotPlayed,,,,,,,,,,,,,,,,,,,,,,,,0,0,0,0,0,0,1,,,,,,,,,,,,,,,,,,,,,,,14038504,110380,WPG,Winnipeg Blue Bombers,Regular Season,2026-09-05T13:09:45.302148,2026
757943,5,Willie Jefferson,Willie Jefferson,Defensive_End,Started,,,,,,,,,,,,,,,,,,,,,,,,2,2,0,0,0,0,0,,,,,,,,,,,,,,,,,,,,,,,14038504,110380,WPG,Winnipeg Blue Bombers,Regular Season,2026-09-05T13:09:45.302148,2026
1005577,86,Damonte Coxie,Damonte Coxie,Offensive_WideReceiver,Started,,,,,,,,,,,,,,,8.0,6.0,78.0,22.0,0.0,26.0,13.0,9.75,0.75,,,,,,,,,,,,,,,,,,,,,,,,,,,,,,14038504,122345,TOR,Toronto Argonauts,Regular Season,2026-09-05T13:09:45.302148,2026
1006437,3,Janarion Grant,Janarion Grant,Offensive_WideReceiver,ActiveNotPlayed,,,,,,,,,,,,,,,1.0,0.0,0.0,0.0,0.0,0.0,,,0.0,,,,,,,,,,,,,,,,,,,,,,2.0,52.0,38.0,26.0,2.0,32.0,17.0,16.0,14038504,122345,TOR,Toronto Argonauts,Regular Season,2026-09-05T13:09:45.302148,2026
1011747,99,Ralph Holley,Ralph Holley,Defensive_DefensiveLineman,Started,,,,,,,,,,,,,,,,,,,,,,,,1,0,0,0,0,0,0,,,,,,,,,,,,,,,,,,,,,,,14038504,122345,TOR,Toronto Argonauts,Regular Season,2026-09-05T13:09:45.302148,2026
1015150,2,Tarvarus McFadden,Tarvarus McFadden,Defensive_DefensiveBack,Started,,,,,,,,,,,,,,,,,,,,,,,,3,0,0,0,0,1,0,,,,,,,,,,,,,,,,,,,,,,,14038504,122345,TOR,Toronto Argonauts,Regular Season,2026-09-05T13:09:45.302148,2026
1016260,95,Jonathan Kongbo,Jonathan Kongbo,Defensive_DefensiveLineman,Started,,,,,,,,,,,,,,,,,,,,,,,,2,0,0,0,0,0,0,,,,,,,,,,,,,,,,,,,,,,,14038504,122345,TOR,Toronto Argonauts,Regular Season,2026-09-05T13:09:45.302148,2026
1022794,83,David Ungerer III,David Ungerer III,Offensive_WideReceiver,Started,,,,,,,,,,,,,,,8.0,4.0,55.0,11.0,0.0,20.0,13.75,6.875,0.5,,,,,,,,,,,,,,,,,,,,,,,,,,,,,,14038504,122345,TOR,Toronto Argonauts,Regular Season,2026-09-05T13:09:45.302148,2026
1290362,61,Brandon Kemp,Brandon Kemp,Offensive_OffensiveLineman,Started,,,,,,,,,,,,,,,,,,,,,,,,1,0,0,0,0,0,0,,,,,,,,,,,,,,,,,,,,,,,14038504,122345,TOR,Toronto Argonauts,Regular Season,2026-09-05T13:09:45.302148,2026
1299931,70,Lirim Hajrullahu,Lirim Hajrullahu,Kicker,ActiveNotPlayed,,,,,,,,,,,,,,,,,,,,,,,,,,,,,,,0.0,2.0,0.0,0,3.0,0.0,4.0,275.0,72.0,,,,,,,,,,,,,,14038504,122345,TOR,Toronto Argonauts,Regular Season,2026-09-05T13:09:45.302148,2026
1344428,15,Makai Polk,Makai Polk,Offensive_WideReceiver,Started,,,,,,,,,,,,,,,5.0,4.0,125.0,22.0,1.0,55.0,31.25,25.0,0.8,,,,,,,,,,,,,,,,,,,,,,,,,,,,,,14038504,122345,TOR,Toronto Argonauts,Regular Season,2026-09-05T13:09:45.302148,2026
1349460,1,DaShaun Amos,DaShaun Amos,Defensive_DefensiveBack,Started,,,,,,,,,,,,,,,,,,,,,,,,5,0,0,1,0,0,0,,,,,,,,,,,,,,,,,,,,,,,14038504,122345,TOR,Toronto Argonauts,Regular Season,2026-09-05T13:09:45.302148,2026
1349471,45,Jack Cassar,Jack Cassar,Offensive_Fullback,ActiveNotPlayed,,,,,,,,,,,,,,,,,,,,,,,,0,0,0,0,0,1,0,,,,,,,,,,,,,,,,,,,,,,,14038504,122345,TOR,Toronto Argonauts,Regular Season,2026-09-05T13:09:45.302148,2026
1349479,29,John Haggerty,John Haggerty,Punter,ActiveNotPlayed,,,,,,,,,,,,,,,,,,,,,,,,,,,,,,,,,,,,,,,,7.0,342.0,48.857,60.0,0.0,,,,,,,,,14038504,122345,TOR,Toronto Argonauts,Regular Season,2026-09-05T13:09:45.302148,2026
1349568,6,Adarius Pickett,Adarius Pickett,Defensive_Linebacker,Started,,,,,,,,,,,,,,,,,,,,,,,,2,0,1,0,0,0,2,,,,,,,,,,,,,,,,,,,,,,,14038504,122345,TOR,Toronto Argonauts,Regular Season,2026-09-05T13:09:45.302148,2026
1357160,23,Benjie Franklin,Benjie Franklin,Defensive_DefensiveBack,Started,,,,,,,,,,,,,,,,,,,,,,,,5,0,0,0,1,0,0,,,,,,,,,,,,,,,,,,,,,,,14038504,122345,TOR,Toronto Argonauts,Regular Season,2026-09-05T13:09:45.302148,2026
1401657,35,Isaac Darkangelo,Isaac Darkangelo,Defensive_Linebacker,Started,,,,,,,,,,,,,,,,,,,,,,,,6,0,0,0,0,0,0,,,,,,,,,,,,,,,,,,,,,,,14038504,122345,TOR,Toronto Argonauts,Regular Season,2026-09-05T13:09:45.302148,2026
1404077,47,Adam Guillemette,Adam Guillemette,LongSnapper,ActiveNotPlayed,,,,,,,,,,,,,,,,,,,,,,,,0,0,0,0,0,0,1,,,,,,,,,,,,,,,,,,,,,,,14038504,122345,TOR,Toronto Argonauts,Regular Season,2026-09-05T13:09:45.302148,2026
1468482,10,Kevin Mital,Kevin Mital,Offensive_WideReceiver,Started,,,,,,,,,,1.0,12.0,0,12,12.0,6.0,5.0,43.0,20.0,0.0,15.0,8.6,7.167,0.833,,,,,,,,,,,,,,,,,,,,,,,,,,,,,,14038504,122345,TOR,Toronto Argonauts,Regular Season,2026-09-05T13:09:45.302148,2026
1473233,20,Derek Slywka,Derek Slywka,Defensive_Linebacker,ActiveNotPlayed,,,,,,,,,,,,,,,,,,,,,,,,10,0,0,0,0,0,2,,,,,,,,,,,,,,,,,,,,,,,14038504,122345,TOR,Toronto Argonauts,Regular Season,2026-09-05T13:09:45.302148,2026
1485617,27,Owen Goss,Owen Goss,Defensive_Linebacker,Started,,,,,,,,,,,,,,,,,,,,,,,,4,1,1,0,0,0,0,,,,,,,,,,,,,,,,,,,,,,,14038504,122345,TOR,Toronto Argonauts,Regular Season,2026-09-05T13:09:45.302148,2026
1502167,91,Soane Toia,Soane Toia,Defensive_DefensiveLineman,Started,,,,,,,,,,,,,,,,,,,,,,,,2,0,0,0,0,0,0,,,,,,,,,,,,,,,,,,,,,,,14038504,122345,TOR,Toronto Argonauts,Regular Season,2026-09-05T13:09:45.302148,2026
1546577,94,Andrew Chatfield Jr,Andrew Chatfield Jr,Defensive_DefensiveLineman,Started,,,,,,,,,,,,,,,,,,,,,,,,2,0,0,0,0,0,0,,,,,,,,,,,,,,,,,,,,,,,14038504,122345,TOR,Toronto Argonauts,Regular Season,2026-09-05T13:09:45.302148,2026
1598895,82,Tyler Kahmann,Tyler Kahmann,Offensive_WideReceiver,Started,,,,,,,,,,,,,,,3.0,2.0,13.0,5.0,1.0,8.0,6.5,4.333,0.667,,,,,,,,,,,,,,,,,,,,,,,,,,,,,,14038504,122345,TOR,Toronto Argonauts,Regular Season,2026-09-05T13:09:45.302148,2026
1602428,98,Da'Marcus Johnson,Da'Marcus Johnson,Defensive_DefensiveLineman,ActiveNotPlayed,,,,,,,,,,,,,,,,,,,,,,,,0,0,0,0,0,0,2,,,,,,,,,,,,,,,,,,,,,,,14038504,122345,TOR,Toronto Argonauts,Regular Season,2026-09-05T13:09:45.302148,2026
1651882,24,Ethan John,Ethan John,Defensive_DefensiveBack,Started,,,,,,,,,,,,,,,,,,,,,,,,3,0,0,0,0,0,0,,,,,,,,,,,,,,,,,,,,,,,14038504,122345,TOR,Toronto Argonauts,Regular Season,2026-09-05T13:09:45.302148,2026
1722195,28,James Ceasar,James Ceasar,Defensive_DefensiveBack,Started,,,,,,,,,,,,,,,,,,,,,,,,2,0,0,0,0,0,0,,,,,,,,,,,,,,,,,,,,,,,14038504,122345,TOR,Toronto Argonauts,Regular Season,2026-09-05T13:09:45.302148,2026
1752314,9,Louis Philippe Gauthier,Louis Philippe Gauthier,Defensive_DefensiveBack,ActiveNotPlayed,,,,,,,,,,,,,,,,,,,,,,,,0,0,0,0,0,0,2,,,,,,,,,,,,,,,,,,,,,,,14038504,122345,TOR,Toronto Argonauts,Regular Season,2026-09-05T13:09:45.302148,2026
1752323,25,Samuel Hicks,Samuel Hicks,Offensive_RunningBack,Started,,,,,,,,,,6.0,30.0,1,26,5.0,5.0,3.0,6.0,5.0,0.0,5.0,2.0,1.2,0.6,,,,,,,,,,,,,,,,,,,,,,1.0,15.0,15.0,15.0,,,,,14038504,122345,TOR,Toronto Argonauts,Regular Season,2026-09-05T13:09:45.302148,2026
1752362,21,Isaiah Smith,Isaiah Smith,Offensive_RunningBack,ActiveNotPlayed,,,,,,,,,,1.0,2.0,0,2,2.0,,,,,,,,,,,,,,,,,,,,,,,,,,,,,,,,,,,,,,,14038504,122345,TOR,Toronto Argonauts,Regular Season,2026-09-05T13:09:45.302148,2026
998710,12,Chad Kelly,Chad Kelly,Offensive_Quarterback,Started,24.0,36.0,0.667,320.0,2.0,0.0,55.0,8.889,10.0,1.0,3.0,0,3,3.0,,,,,,,,,,,,,,,,,,,,,,,,,,,,,,,,,,,,,,,14038504,122345,TOR,Toronto Argonauts,Regular Season,2026-09-05T13:09:45.302148,2026
1002690,10,Davis Alexander,Davis Alexander,Offensive_Quarterback,Started,22.0,30.0,0.733,301.0,1.0,0.0,34.0,10.033,10.7,,,,,,,,,,,,,,,,,,,,,,,,,,,,,,,,,,,,,,,,,,,,13419694,86680,MTL,Montreal Alouettes,Regular Season,2026-09-05T13:09:45.302148,2026
1007370,16,Dustin Crum,Dustin Crum,Offensive_Quarterback,ActiveNotPlayed,,,,,,,,,,2.0,2.0,1,1,1.0,,,,,,,,,,,,,,,,,,,,,,,,,,,,,,,,,,,,,,,13419694,86680,MTL,Montreal Alouettes,Regular Season,2026-09-05T13:09:45.302148,2026
1012540,20,Lorenzo Burns,Lorenzo Burns,Defensive_DefensiveBack,Started,,,,,,,,,,,,,,,,,,,,,,,,5,0,0,0,0,0,0,,,,,,,,,,,,,,,,,,,,,,,13419694,86680,MTL,Montreal Alouettes,Regular Season,2026-09-05T13:09:45.302148,2026
1014914,95,Daniel Wise,Daniel Wise,Defensive_Tackle,Started,,,,,,,,,,,,,,,,,,,,,,,,1,0,0,0,0,0,0,,,,,,,,,,,,,,,,,,,,,,,13419694,86680,MTL,Montreal Alouettes,Regular Season,2026-09-05T13:09:45.302148,2026
1067123,26,Tyrice Beverette,Tyrice Beverette,Defensive_Linebacker,Started,,,,,,,,,,,,,,,,,,,,,,,,4,0,0,0,1,1,0,,,,,,,,,,,,,,,,,,,,,,,13419694,86680,MTL,Montreal Alouettes,Regular Season,2026-09-05T13:09:45.302148,2026
1075914,94,Mustafa Johnson,Mustafa Johnson,Defensive_Tackle,Started,,,,,,,,,,,,,,,,,,,,,,,,3,1,1,0,0,0,0,,,,,,,,,,,,,,,,,,,,,,,13419694,86680,MTL,Montreal Alouettes,Regular Season,2026-09-05T13:09:45.302148,2026
1079000,15,Alexander Hollins,Alexander Hollins,Offensive_WideReceiver,Started,,,,,,,,,,,,,,,1.0,1.0,34.0,11.0,1.0,34.0,34.0,34.0,1.0,,,,,,,,,,,,,,,,,,,,,,,,,,,,,,13419694,86680,MTL,Montreal Alouettes,Regular Season,2026-09-05T13:09:45.302148,2026
1081310,85,Tyler Snead,Tyler Snead,Offensive_WideReceiver,Started,1.0,1.0,1.0,7.0,1.0,0.0,7.0,7.0,27.0,,,,,,9.0,6.0,86.0,33.0,0.0,25.0,14.333,9.556,0.667,,,,,,,,,,,,,,,,,,,,,,,,,,,,,,13419694,86680,MTL,Montreal Alouettes,Regular Season,2026-09-05T13:09:45.302148,2026
1349504,3,Regis Cibasu,Regis Cibasu,Offensive_Fullback,ActiveNotPlayed,,,,,,,,,,,,,,,,,,,,,,,,0,0,0,0,0,0,1,,,,,,,,,,,,,,,,,,,,,,,13419694,86680,MTL,Montreal Alouettes,Regular Season,2026-09-05T13:09:45.302148,2026
1349524,34,Alexandre Gagne,Alexandre Gagne,Defensive_Linebacker,ActiveNotPlayed,,,,,,,,,,,,,,,,,,,,,,,,0,0,0,0,0,0,4,,,,,,,,,,,,,,,,,,,,,,,13419694,86680,MTL,Montreal Alouettes,Regular Season,2026-09-05T13:09:45.302148,2026
1349552,36,Joseph Zema,Joseph Zema,Punter,ActiveNotPlayed,,,,,,,,,,,,,,,,,,,,,,,,0,0,0,0,0,0,1,,,,,,,,,,7.0,318.0,45.429,50.0,0.0,,,,,,,,,13419694,86680,MTL,Montreal Alouettes,Regular Season,2026-09-05T13:09:45.302148,2026
1349560,12,Najee Murray,Najee Murray,Defensive_Linebacker,Started,,,,,,,,,,,,,,,,,,,,,,,,4,1,0,0,1,0,0,,,,,,,,,,,,,,,,,,,,,,,13419694,86680,MTL,Montreal Alouettes,Regular Season,2026-09-05T13:09:45.302148,2026
1349566,6,Tyson Philpot,Tyson Philpot,Offensive_WideReceiver,Started,,,,,,,,,,1.0,16.0,0,16,16.0,10.0,9.0,132.0,49.0,1.0,30.0,14.667,13.2,0.9,,,,,,,,,,,,,,,,,,,,,,,,,,,,,,13419694,86680,MTL,Montreal Alouettes,Regular Season,2026-09-05T13:09:45.302148,2026
1349569,37,Wesley Sutton,Wesley Sutton,Defensive_DefensiveBack,Started,,,,,,,,,,,,,,,,,,,,,,,,3,0,0,0,0,0,0,,,,,,,,,,,,,,,,,,,,,,,13419694,86680,MTL,Montreal Alouettes,Regular Season,2026-09-05T13:09:45.302148,2026
1349573,42,Tyrell Richards,Tyrell Richards,Defensive_Linebacker,ActiveNotPlayed,,,,,,,,,,,,,,,,,,,,,,,,0,0,0,0,0,0,1,,,,,,,,,,,,,,,,,,,,,,,13419694,86680,MTL,Montreal Alouettes,Regular Season,2026-09-05T13:09:45.302148,2026
1349583,88,Marco Dubois,Marco Dubois,Offensive_WideReceiver,Started,,,,,,,,,,,,,,,3.0,2.0,16.0,4.0,0.0,13.0,8.0,5.333,0.667,,,,,,,,,,,,,,,,,,,,,,,,,,,,,,13419694,86680,MTL,Montreal Alouettes,Regular Season,2026-09-05T13:09:45.302148,2026
1349805,2,Micah Awe,Micah Awe,Defensive_Linebacker,ActiveNotPlayed,,,,,,,,,,,,,,,,,,,,,,,,3,0,0,0,0,0,0,,,,,,,,,,,,,,,,,,,,,,,13419694,86680,MTL,Montreal Alouettes,Regular Season,2026-09-05T13:09:45.302148,2026
1350957,19,Jose Maltos Diaz,Jose Maltos Diaz,Kicker,ActiveNotPlayed,,,,,,,,,,,,,,,,,,,,,,,,,,,,,,,3.0,3.0,1.0,43,4.0,0.0,5.0,307.0,72.0,,,,,,,,,,,,,,13419694,86680,MTL,Montreal Alouettes,Regular Season,2026-09-05T13:09:45.302148,2026
1399407,99,David Perales,David Perales,Defensive_End,Started,,,,,,,,,,,,,,,,,,,,,,,,1,1,0,0,0,0,0,,,,,,,,,,,,,,,,,,,,,,,13419694,86680,MTL,Montreal Alouettes,Regular Season,2026-09-05T13:09:45.302148,2026
1468035,9,Geoffrey Cantin-Arku,Geoffrey Cantin-Arku,Defensive_Linebacker,Started,,,,,,,,,,,,,,,,,,,,,,,,5,0,0,0,0,0,1,,,,,,,,,,,,,,,,,,,,,,,13419694,86680,MTL,Montreal Alouettes,Regular Season,2026-09-05T13:09:45.302148,2026
1483380,1,Robert Kennedy,Robert Kennedy,Defensive_DefensiveBack,Started,,,,,,,,,,,,,,,,,,,,,,,,3,0,0,0,0,0,0,,,,,,,,,,,,,,,,,,,,,,,13419694,86680,MTL,Montreal Alouettes,Regular Season,2026-09-05T13:09:45.302148,2026
1520977,5,Travis Theis,Travis Theis,Offensive_RunningBack,Started,,,,,,,,,,13.0,94.0,1,46,7.231,3.0,2.0,6.0,6.0,0.0,7.0,3.0,2.0,0.667,,,,,,,,,,,,,,,,,,,,,,,,,,,,,,13419694,86680,MTL,Montreal Alouettes,Regular Season,2026-09-05T13:09:45.302148,2026
1602296,82,Kaseem Ferdinand,Kaseem Ferdinand,Offensive_WideReceiver,Started,,,,,,,,,,,,,,,5.0,3.0,34.0,18.0,0.0,18.0,11.333,6.8,0.6,,,,,,,,,,,,,,,,,,,,,,,,,,,,,,13419694,86680,MTL,Montreal Alouettes,Regular Season,2026-09-05T13:09:45.302148,2026
1602445,23,Nate Beauchemin,Nate Beauchemin,Defensive_DefensiveBack,Started,,,,,,,,,,,,,,,,,,,,,,,,4,0,0,0,0,0,2,,,,,,,,,,,,,,,,,,,,,,,13419694,86680,MTL,Montreal Alouettes,Regular Season,2026-09-05T13:09:45.302148,2026
835544,25,Mario Alford,Mario Alford,Offensive_WideReceiver,ActiveNotPlayed,,,,,,,,,,,,,,,,,,,,,,,,,,,,,,,,,,,,,,,,,,,,,4.0,71.0,22.0,17.75,5.0,42.0,13.0,8.4,13419694,86680,MTL,Montreal Alouettes,Regular Season,2026-09-05T13:09:45.302148,2026
1005315,9,Damon Webb,Damon Webb,Defensive_DefensiveBack,Started,,,,,,,,,,,,,,,,,,,,,,,,6,0,0,0,0,0,0,,,,,,,,,,,,,,,,,,,,,,,13419694,112939,CGY,Calgary Stampeders,Regular Season,2026-09-05T13:09:45.302148,2026
1012374,2,Kyle Wilson,Kyle Wilson,Defensive_Linebacker,Started,,,,,,,,,,,,,,,,,,,,,,,,1,0,0,0,0,0,1,,,,,,,,,,,,,,,,,,,,,,,13419694,112939,CGY,Calgary Stampeders,Regular Season,2026-09-05T13:09:45.302148,2026
1073969,45,Benny Sapp III,Benny Sapp III,Defensive_DefensiveBack,Started,,,,,,,,,,,,,,,,,,,,,,,,3,0,0,0,0,0,0,,,,,,,,,,,,,,,,,,,,,,,13419694,112939,CGY,Calgary Stampeders,Regular Season,2026-09-05T13:09:45.302148,2026
1081744,87,Erik Brooks,Erik Brooks,Offensive_WideReceiver,Started,,,,,,,,,,,,,,,6.0,5.0,43.0,11.0,0.0,14.0,8.6,7.167,0.833,,,,,,,,,,,,,,,,,,,,,,,,,,,,,,13419694,112939,CGY,Calgary Stampeders,Regular Season,2026-09-05T13:09:45.302148,2026
1290033,26,Dedrick Mills,Dedrick Mills,Offensive_RunningBack,Started,,,,,,,,,,10.0,55.0,0,17,5.5,3.0,2.0,12.0,12.0,0.0,12.0,6.0,4.0,0.667,,,,,,,,,,,,,,,,,,,,,,,,,,,,,,13419694,112939,CGY,Calgary Stampeders,Regular Season,2026-09-05T13:09:45.302148,2026
1297989,6,Derrick Moncrief,Derrick Moncrief,Defensive_Linebacker,Started,,,,,,,,,,,,,,,,,,,,,,,,2,0,0,0,0,0,0,,,,,,,,,,,,,,,,,,,,,,,13419694,112939,CGY,Calgary Stampeders,Regular Season,2026-09-05T13:09:45.302148,2026
1345697,34,Tyreik McAllister,Tyreik McAllister,Offensive_RunningBack,ActiveNotPlayed,,,,,,,,,,,,,,,,,,,,,,,,,,,,,,,,,,,,,,,,,,,,,4.0,103.0,28.0,25.75,6.0,76.0,42.0,12.667,13419694,112939,CGY,Calgary Stampeders,Regular Season,2026-09-05T13:09:45.302148,2026
1345703,1,Clarence Hicks,Clarence Hicks,Defensive_DefensiveLineman,Started,,,,,,,,,,,,,,,,,,,,,,,,1,0,0,0,0,0,0,,,,,,,,,,,,,,,,,,,,,,,13419694,112939,CGY,Calgary Stampeders,Regular Season,2026-09-05T13:09:45.302148,2026
1349467,17,Dejon Brissett,Dejon Brissett,Offensive_WideReceiver,Started,,,,,,,,,,,,,,,8.0,5.0,86.0,24.0,2.0,31.0,17.2,10.75,0.625,,,,,,,,,,,,,,,,,,,,,,,,,,,,,,13419694,112939,CGY,Calgary Stampeders,Regular Season,2026-09-05T13:09:45.302148,2026
1349494,3,Vernon Adams Jr.,Vernon Adams Jr.,Offensive_Quarterback,Started,20.0,36.0,0.556,272.0,3.0,0.0,38.0,7.556,9.222222222222221,5.0,43.0,0,14,8.6,,,,,,,,,,,,,,,,,,,,,,,,,,,,,,,,,,,,,,,13419694,112939,CGY,Calgary Stampeders,Regular Season,2026-09-05T13:09:45.302148,2026
1360678,85,Jalen Philpot,Jalen Philpot,Offensive_WideReceiver,Started,,,,,,,,,,,,,,,7.0,3.0,66.0,14.0,0.0,38.0,22.0,9.429,0.429,,,,,,,,,,,,,,,,,,,,,,,,,,,,,,13419694,112939,CGY,Calgary Stampeders,Regular Season,2026-09-05T13:09:45.302148,2026
1397293,0,Adrian Greene,Adrian Greene,Defensive_DefensiveBack,Started,,,,,,,,,,,,,,,,,,,,,,,,3,0,0,0,0,0,0,,,,,,,,,,,,,,,,,,,,,,,13419694,112939,CGY,Calgary Stampeders,Regular Season,2026-09-05T13:09:45.302148,2026
1403599,14,Clark Barnes,Clark Barnes,Offensive_WideReceiver,Started,,,,,,,,,,,,,,,9.0,4.0,46.0,15.0,1.0,19.0,11.5,5.111,0.444,,,,,,,,,,,,,,,,,,,,,,,,,,,,,,13419694,112939,CGY,Calgary Stampeders,Regular Season,2026-09-05T13:09:45.302148,2026
1470696,47,George Idoko,George Idoko,Defensive_DefensiveLineman,ActiveNotPlayed,,,,,,,,,,,,,,,,,,,,,,,,0,0,0,0,0,0,2,,,,,,,,,,,,,,,,,,,,,,,13419694,112939,CGY,Calgary Stampeders,Regular Season,2026-09-05T13:09:45.302148,2026
1483424,37,Jude McAtamney,Jude McAtamney,Kicker,ActiveNotPlayed,,,,,,,,,,,,,,,,,,,,,,,,,,,,,,,3.0,3.0,1.0,54,2.0,0.0,4.0,252.0,75.0,,,,,,,,,,,,,,13419694,112939,CGY,Calgary Stampeders,Regular Season,2026-09-05T13:09:45.302148,2026
1484045,58,Shaun Peterson Jr.,Shaun Peterson Jr.,Defensive_DefensiveLineman,ActiveNotPlayed,,,,,,,,,,,,,,,,,,,,,,,,1,0,1,0,0,0,0,,,,,,,,,,,,,,,1.0,8.0,8.0,8.0,,,,,13419694,112939,CGY,Calgary Stampeders,Regular Season,2026-09-05T13:09:45.302148,2026
1489484,15,Mark Vassett,Mark Vassett,Punter,ActiveNotPlayed,,,,,,,,,,,,,,,,,,,,,,,,,,,,,,,,,,,,,,,,7.0,339.0,48.429,55.0,0.0,,,,,,,,,13419694,112939,CGY,Calgary Stampeders,Regular Season,2026-09-05T13:09:45.302148,2026
1490845,48,R.J. Moten,R.J. Moten,Defensive_Linebacker,ActiveNotPlayed,,,,,,,,,,,,,,,,,,,,,,,,2,0,1,0,0,0,1,,,,,,,,,,,,,,,,,,,,,,,13419694,112939,CGY,Calgary Stampeders,Regular Season,2026-09-05T13:09:45.302148,2026
1494922,33,Zy Alexander,Zy Alexander,Defensive_DefensiveBack,Started,,,,,,,,,,,,,,,,,,,,,,,,4,0,1,0,0,0,0,,,,,,,,,,,,,,,,,,,,,,,13419694,112939,CGY,Calgary Stampeders,Regular Season,2026-09-05T13:09:45.302148,2026
1501024,54,Bakyne Coly,Bakyne Coly,Offensive_OffensiveLineman,Started,,,,,,,,,,,,,,,,,,,,,,,,1,0,0,0,0,0,0,,,,,,,,,,,,,,,,,,,,,,,13419694,112939,CGY,Calgary Stampeders,Regular Season,2026-09-05T13:09:45.302148,2026
1510987,96,Jaylon Hutchings,Jaylon Hutchings,Defensive_DefensiveLineman,Started,,,,,,,,,,,,,,,,,,,,,,,,2,1,1,0,0,0,0,,,,,,,,,,,,,,,,,,,,,,,13419694,112939,CGY,Calgary Stampeders,Regular Season,2026-09-05T13:09:45.302148,2026
1513983,19,Quincy Vaughn,Quincy Vaughn,Offensive_Quarterback,ActiveNotPlayed,,,,,,,,,,,,,,,,,,,,,,,,0,0,0,0,0,0,2,,,,,,,,,,,,,,,,,,,,,,,13419694,112939,CGY,Calgary Stampeders,Regular Season,2026-09-05T13:09:45.302148,2026
1520021,28,Ludovick Choquette,Ludovick Choquette,Offensive_RunningBack,ActiveNotPlayed,,,,,,,,,,2.0,9.0,0,7,4.5,,,,,,,,,,,,,,,,,,,,,,,,,,,,,,,,,,,,,,,13419694,112939,CGY,Calgary Stampeders,Regular Season,2026-09-05T13:09:45.302148,2026
1601219,44,Anthony Jr Johnson,Anthony Jr Johnson,Defensive_DefensiveBack,Started,,,,,,,,,,,,,,,,,,,,,,,,2,0,0,0,0,0,0,,,,,,,,,,,,,,,,,,,,,,,13419694,112939,CGY,Calgary Stampeders,Regular Season,2026-09-05T13:09:45.302148,2026
1756863,82,Jesulayomi Ojutalayo,Jesulayomi Ojutalayo,Offensive_WideReceiver,ActiveNotPlayed,,,,,,,,,,,,,,,,,,,,,,,,0,0,0,0,0,0,2,,,,,,,,,,,,,,,,,,,,,,,13419694,112939,CGY,Calgary Stampeders,Regular Season,2026-09-05T13:09:45.302148,2026
998543,8,Marquel Lee,Marquel Lee,Defensive_Linebacker,Started,,,,,,,,,,,,,,,,,,,,,,,,8,0,0,0,0,0,0,,,,,,,,,,,,,,,,,,,,,,,13419694,112939,CGY,Calgary Stampeders,Regular Season,2026-09-05T13:09:45.302148,2026
998863,4,Tevin Jones,Tevin Jones,Offensive_WideReceiver,Started,,,,,,,,,,1.0,17.0,0,17,17.0,3.0,1.0,19.0,13.0,0.0,19.0,19.0,6.333,0.333,,,,,,,,,,,,,,,,,,,,,,,,,,,,,,13419694,112939,CGY,Calgary Stampeders,Regular Season,2026-09-05T13:09:45.302148,2026
999377,7,Folarin Orimolade,Folarin Orimolade,Defensive_DefensiveLineman,Started,,,,,,,,,,,,,,,,,,,,,,,,1,0,0,0,0,0,0,,,,,,,,,,,,,,,,,,,,,,,13419694,112939,CGY,Calgary Stampeders,Regular Season,2026-09-05T13:09:45.302148,2026
1006824,86,Mathew Sexton,Mathew Sexton,Offensive_WideReceiver,ActiveNotPlayed,,,,,,,,,,,,,,,,,,,,,,,,,,,,,,,,,,,,,,,,,,,,,1.0,38.0,38.0,38.0,3.0,77.0,32.0,25.667,13419695,106752,SSK,Saskatchewan Roughriders,Regular Season,2026-09-05T13:09:45.302148,2026
1007936,17,Tommy Stevens,Tommy Stevens,Offensive_Quarterback,ActiveNotPlayed,,,,,,,,,,8.0,54.0,2,26,6.75,,,,,,,,,,,,,,,,,,,,,,,,,,,,,,,,,,,,,,,13419695,106752,SSK,Saskatchewan Roughriders,Regular Season,2026-09-05T13:09:45.302148,2026
1008130,5,Antoine Brooks Jr.,Antoine Brooks Jr.,Defensive_Linebacker,Started,,,,,,,,,,,,,,,,,,,,,,,,2,0,0,0,1,0,0,,,,,,,,,,,,,,,,,,,,,,,13419695,106752,SSK,Saskatchewan Roughriders,Regular Season,2026-09-05T13:09:45.302148,2026
1012862,2,Josh Woods,Josh Woods,Defensive_Linebacker,Started,,,,,,,,,,,,,,,,,,,,,,,,5,0,0,1,0,0,0,,,,,,,,,,,,,,,,,,,,,,,13419695,106752,SSK,Saskatchewan Roughriders,Regular Season,2026-09-05T13:09:45.302148,2026
1014314,22,Damarcus Fields,Damarcus Fields,Defensive_DefensiveBack,Started,,,,,,,,,,,,,,,,,,,,,,,,1,0,0,0,1,0,0,,,,,,,,,,,,,,,,,,,,,,,13419695,106752,SSK,Saskatchewan Roughriders,Regular Season,2026-09-05T13:09:45.302148,2026
1014484,47,Aubrey Miller Jr.,Aubrey Miller Jr.,Defensive_Linebacker,ActiveNotPlayed,,,,,,,,,,,,,,,,,,,,,,,,1,0,0,0,1,0,2,,,,,,,,,,,,,,,,,,,,,,,13419695,106752,SSK,Saskatchewan Roughriders,Regular Season,2026-09-05T13:09:45.302148,2026
1020372,3,KeeSean Johnson,KeeSean Johnson,Offensive_WideReceiver,Started,,,,,,,,,,,,,,,7.0,4.0,41.0,4.0,0.0,13.0,10.25,5.857,0.571,1,0,0,0,0,0,0,,,,,,,,,,,,,,,,,,,,,,,13419695,106752,SSK,Saskatchewan Roughriders,Regular Season,2026-09-05T13:09:45.302148,2026
1021683,45,A.J. Ouellette,A.J. Ouellette,Offensive_RunningBack,Started,,,,,,,,,,18.0,83.0,0,18,4.611,,,,,,,,,,,,,,,,,,,,,,,,,,,,,,,,,,,,,,,13419695,106752,SSK,Saskatchewan Roughriders,Regular Season,2026-09-05T13:09:45.302148,2026
1077098,19,Samuel Emilus,Samuel Emilus,Offensive_WideReceiver,Started,,,,,,,,,,,,,,,7.0,6.0,72.0,12.0,1.0,20.0,12.0,10.286,0.857,,,,,,,,,,,,,,,,,,,,,,,,,,,,,,13419695,106752,SSK,Saskatchewan Roughriders,Regular Season,2026-09-05T13:09:45.302148,2026
1080069,99,Caleb Sanders,Caleb Sanders,Defensive_DefensiveLineman,Started,,,,,,,,,,,,,,,,,,,,,,,,2,1,0,0,0,0,0,,,,,,,,,,,,,,,,,,,,,,,13419695,106752,SSK,Saskatchewan Roughriders,Regular Season,2026-09-05T13:09:45.302148,2026
1130108,6,Jameer Thurman,Jameer Thurman,Defensive_Linebacker,Started,,,,,,,,,,,,,,,,,,,,,,,,8,0,0,0,0,0,0,,,,,,,,,,,,,,,,,,,,,,,13419695,106752,SSK,Saskatchewan Roughriders,Regular Season,2026-09-05T13:09:45.302148,2026
1130112,9,James Vaughters,James Vaughters,Defensive_DefensiveLineman,Started,,,,,,,,,,,,,,,,,,,,,,,,3,2,0,0,0,0,0,,,,,,,,,,,,,,,,,,,,,,,13419695,106752,SSK,Saskatchewan Roughriders,Regular Season,2026-09-05T13:09:45.302148,2026
1131432,26,Tevaughn Campbell,Tevaughn Campbell,Defensive_DefensiveBack,Started,,,,,,,,,,,,,,,,,,,,,,,,3,0,0,0,0,0,0,,,,,,,,,,,,,,,,,,,,,,,13419695,106752,SSK,Saskatchewan Roughriders,Regular Season,2026-09-05T13:09:45.302148,2026
1349536,7,Trevor Harris,Trevor Harris,Offensive_Quarterback,Started,18.0,25.0,0.72,211.0,2.0,2.0,20.0,8.44,6.44,,,,,,,,,,,,,,,,,,,,,,,,,,,,,,,,,,,,,,,,,,,,13419695,106752,SSK,Saskatchewan Roughriders,Regular Season,2026-09-05T13:09:45.302148,2026
1350465,42,Mike Rose,Mike Rose,Defensive_DefensiveLineman,Started,,,,,,,,,,,,,,,,,,,,,,,,1,0,0,0,0,0,0,,,,,,,,,,,,,,,,,,,,,,,13419695,106752,SSK,Saskatchewan Roughriders,Regular Season,2026-09-05T13:09:45.302148,2026
1350617,89,Kian Schaffer-Baker,Kian Schaffer-Baker,Offensive_WideReceiver,Started,,,,,,,,,,,,,,,7.0,6.0,78.0,22.0,1.0,18.0,13.0,11.143,0.857,1,0,0,0,0,0,0,,,,,,,,,,,,,,,,,,,,,,,13419695,106752,SSK,Saskatchewan Roughriders,Regular Season,2026-09-05T13:09:45.302148,2026
1384818,31,Jonathan Edouard,Jonathan Edouard,Defensive_DefensiveBack,Started,,,,,,,,,,,,,,,,,,,,,,,,2,0,0,0,0,0,0,,,,,,,,,,,,,,,,,,,,,,,13419695,106752,SSK,Saskatchewan Roughriders,Regular Season,2026-09-05T13:09:45.302148,2026
1404980,21,Jaxon Ford,Jaxon Ford,Defensive_DefensiveBack,Started,,,,,,,,,,,,,,,,,,,,,,,,4,0,1,0,0,0,0,,,,,,,,,,,,,,,,,,,,,,,13419695,106752,SSK,Saskatchewan Roughriders,Regular Season,2026-09-05T13:09:45.302148,2026
1468449,18,Dhel Duncan-Busby,Dhel Duncan-Busby,Offensive_WideReceiver,Started,,,,,,,,,,,,,,,1.0,1.0,13.0,5.0,0.0,13.0,13.0,13.0,1.0,,,,,,,,,,,,,,,,,,,,,,,,,,,,,,13419695,106752,SSK,Saskatchewan Roughriders,Regular Season,2026-09-05T13:09:45.302148,2026
1499039,98,Desmond Evans,Desmond Evans,Defensive_DefensiveLineman,Started,,,,,,,,,,,,,,,,,,,,,,,,1,0,0,0,0,0,0,,,,,,,,,,,,,,,,,,,,,,,13419695,106752,SSK,Saskatchewan Roughriders,Regular Season,2026-09-05T13:09:45.302148,2026
1510443,11,Alex Hale,Alex Hale,Kicker,ActiveNotPlayed,,,,,,,,,,,,,,,,,,,,,,,,0,0,0,0,0,0,1,1.0,2.0,0.5,32,4.0,1.0,6.0,402.0,73.0,,,,,,,,,,,,,,13419695,106752,SSK,Saskatchewan Roughriders,Regular Season,2026-09-05T13:09:45.302148,2026
1512298,91,Oscar Chapman,Oscar Chapman,Punter,ActiveNotPlayed,,,,,,,,,,,,,,,,,,,,,,,,,,,,,,,,,,,,,,,,3.0,131.0,43.667,60.0,1.0,,,,,,,,,13419695,106752,SSK,Saskatchewan Roughriders,Regular Season,2026-09-05T13:09:45.302148,2026
1514403,88,Johnny Johnson III,Johnny Johnson III,Offensive_WideReceiver,Started,,,,,,,,,,,,,,,3.0,1.0,7.0,6.0,0.0,7.0,7.0,2.333,0.333,,,,,,,,,,,,,,,,,,,,,,,,,,,,,,13419695,106752,SSK,Saskatchewan Roughriders,Regular Season,2026-09-05T13:09:45.302148,2026
1514743,48,David Gbenda,David Gbenda,Defensive_Linebacker,ActiveNotPlayed,,,,,,,,,,,,,,,,,,,,,,,,2,0,0,0,0,0,2,,,,,,,,,,,,,,,,,,,,,,,13419695,106752,SSK,Saskatchewan Roughriders,Regular Season,2026-09-05T13:09:45.302148,2026
1520557,90,Jaylen Pate,Jaylen Pate,Defensive_DefensiveLineman,ActiveNotPlayed,,,,,,,,,,,,,,,,,,,,,,,,3,0,0,0,0,0,0,,,,,,,,,,,,,,,,,,,,,,,13419695,106752,SSK,Saskatchewan Roughriders,Regular Season,2026-09-05T13:09:45.302148,2026
1602300,87,Daniel Wiebe,Daniel Wiebe,Offensive_WideReceiver,ActiveNotPlayed,,,,,,,,,,,,,,,,,,,,,,,,,,,,,,,,,,,,,,,,,,,,,,,,,1.0,15.0,15.0,15.0,13419695,106752,SSK,Saskatchewan Roughriders,Regular Season,2026-09-05T13:09:45.302148,2026
1602426,92,Liam Hoskins,Liam Hoskins,Defensive_DefensiveLineman,ActiveNotPlayed,,,,,,,,,,,,,,,,,,,,,,,,1,0,0,0,0,0,0,,,,,,,,,,,,,,,,,,,,,,,13419695,106752,SSK,Saskatchewan Roughriders,Regular Season,2026-09-05T13:09:45.302148,2026
999126,8,Marcus Sayles,Marcus Sayles,Defensive_DefensiveBack,Started,,,,,,,,,,,,,,,,,,,,,,,,4,0,0,0,0,1,0,,,,,,,,,,,,,,,,,,,,,,,13419695,106752,SSK,Saskatchewan Roughriders,Regular Season,2026-09-05T13:09:45.302148,2026
1003124,12,Kaleb Hayes,Kaleb Hayes,Defensive_DefensiveBack,Started,,,,,,,,,,,,,,,,,,,,,,,,5,0,0,0,0,0,0,,,,,,,,,,,,,,,,,,,,,,,13419695,83579,HAM,Hamilton Tiger-Cats,Regular Season,2026-09-05T13:09:45.302148,2026
1012742,2,Jamal Peters,Jamal Peters,Defensive_DefensiveBack,Started,,,,,,,,,,,,,,,,,,,,,,,,3,0,0,0,0,0,0,,,,,,,,,,,,,,,,,,,,,,,13419695,83579,HAM,Hamilton Tiger-Cats,Regular Season,2026-09-05T13:09:45.302148,2026
1014479,37,Larry Rountree III,Larry Rountree III,Offensive_RunningBack,Started,,,,,,,,,,9.0,36.0,0,8,4.0,8.0,6.0,31.0,28.0,0.0,17.0,5.167,3.875,0.75,,,,,,,,,,,,,,,,,,,,,,,,,,,,,,13419695,83579,HAM,Hamilton Tiger-Cats,Regular Season,2026-09-05T13:09:45.302148,2026
1018050,16,Jake Dolegala,Jake Dolegala,Offensive_Quarterback,Started,17.0,30.0,0.567,122.0,0.0,1.0,17.0,4.067,2.566666666666667,8.0,33.0,0,23,4.125,,,,,,,,,,1,0,0,0,0,0,0,,,,,,,,,,,,,,,,,,,,,,,13419695,83579,HAM,Hamilton Tiger-Cats,Regular Season,2026-09-05T13:09:45.302148,2026
1290182,7,Myron Mitchell,Myron Mitchell,Offensive_WideReceiver,ActiveNotPlayed,,,,,,,,,,,,,,,3.0,2.0,21.0,11.0,0.0,11.0,10.5,7.0,0.667,,,,,,,,,,,,,,,,,,,,,,1.0,69.0,69.0,69.0,1.0,1.0,1.0,1.0,13419695,83579,HAM,Hamilton Tiger-Cats,Regular Season,2026-09-05T13:09:45.302148,2026
1297961,48,Wynton McManis,Wynton McManis,Defensive_Linebacker,Started,,,,,,,,,,,,,,,,,,,,,,,,5,0,0,1,0,0,0,,,,,,,,,,,,,,,,,,,,,,,13419695,83579,HAM,Hamilton Tiger-Cats,Regular Season,2026-09-05T13:09:45.302148,2026
1345719,8,Keric Wheatfall,Keric Wheatfall,Offensive_WideReceiver,Started,,,,,,,,,,,,,,,2.0,1.0,9.0,0.0,0.0,9.0,9.0,4.5,0.5,,,,,,,,,,,,,,,,,,,,,,,,,,,,,,13419695,83579,HAM,Hamilton Tiger-Cats,Regular Season,2026-09-05T13:09:45.302148,2026
1349477,14,Kurleigh Gittens Jr.,Kurleigh Gittens Jr.,Offensive_WideReceiver,Started,,,,,,,,,,,,,,,1.0,1.0,10.0,9.0,0.0,10.0,10.0,10.0,1.0,,,,,,,,,,,,,,,,,,,,,,,,,,,,,,13419695,83579,HAM,Hamilton Tiger-Cats,Regular Season,2026-09-05T13:09:45.302148,2026
1349505,27,Johnny Augustine,Johnny Augustine,Offensive_RunningBack,ActiveNotPlayed,,,,,,,,,,2.0,7.0,0,4,3.5,1.0,1.0,3.0,0.0,0.0,3.0,3.0,3.0,1.0,,,,,,,,,,,,,,,,,,,,,,,,,,,,,,13419695,83579,HAM,Hamilton Tiger-Cats,Regular Season,2026-09-05T13:09:45.302148,2026
1349542,33,Marc Liegghio,Marc Liegghio,Kicker,ActiveNotPlayed,,,,,,,,,,,,,,,,,,,,,,,,,,,,,,,2.0,2.0,1.0,42,0.0,0.0,1.0,68.0,68.0,,,,,,,,,,,,,,13419695,83579,HAM,Hamilton Tiger-Cats,Regular Season,2026-09-05T13:09:45.302148,2026
1349621,30,Stavros Katsantonis,Stavros Katsantonis,Defensive_DefensiveBack,Started,,,,,,,,,,,,,,,,,,,,,,,,3,0,0,1,0,0,1,,,,,,,,,,,,,,,,,,,,,,,13419695,83579,HAM,Hamilton Tiger-Cats,Regular Season,2026-09-05T13:09:45.302148,2026
1349633,85,Kiondre Smith,Kiondre Smith,Offensive_WideReceiver,Started,,,,,,,,,,,,,,,11.0,5.0,56.0,15.0,0.0,22.0,11.2,5.091,0.455,,,,,,,,,,,,,,,,,,,,,,,,,,,,,,13419695,83579,HAM,Hamilton Tiger-Cats,Regular Season,2026-09-05T13:09:45.302148,2026
1350454,83,Tyson Middlemost,Tyson Middlemost,Offensive_WideReceiver,ActiveNotPlayed,,,,,,,,,,,,,,,,,,,,,,,,0,0,0,0,0,0,1,,,,,,,,,,,,,,,,,,,,,,,13419695,83579,HAM,Hamilton Tiger-Cats,Regular Season,2026-09-05T13:09:45.302148,2026
1350470,5,Tre Ford,Tre Ford,Offensive_Quarterback,ActiveNotPlayed,5.0,6.0,0.833,47.0,0.0,0.0,22.0,7.833,7.833333333333333,2.0,24.0,0,13,12.0,,,,,,,,,,,,,,,,,,,,,,,,,,,,,,,,,,,,,,,13419695,83579,HAM,Hamilton Tiger-Cats,Regular Season,2026-09-05T13:09:45.302148,2026
1400232,1,Reggie Stubblefield,Reggie Stubblefield,Defensive_Linebacker,Started,,,,,,,,,,,,,,,,,,,,,,,,5,0,0,0,0,0,0,,,,,,,,,,,,,,,,,,,,,,,13419695,83579,HAM,Hamilton Tiger-Cats,Regular Season,2026-09-05T13:09:45.302148,2026
1401593,45,Mitchell Agude,Mitchell Agude,Defensive_DefensiveLineman,ActiveNotPlayed,,,,,,,,,,,,,,,,,,,,,,,,2,0,0,0,0,0,0,,,,,,,,,,,,,,,,,,,,,,,13419695,83579,HAM,Hamilton Tiger-Cats,Regular Season,2026-09-05T13:09:45.302148,2026
1464500,11,Isaiah Wooden,Isaiah Wooden,Offensive_WideReceiver,ActiveNotPlayed,,,,,,,,,,,,,,,,,,,,,,,,,,,,,,,,,,,,,,,,,,,,,5.0,99.0,28.0,19.8,1.0,1.0,1.0,1.0,13419695,83579,HAM,Hamilton Tiger-Cats,Regular Season,2026-09-05T13:09:45.302148,2026
1470629,25,Destin Talbert,Destin Talbert,Defensive_DefensiveBack,Started,,,,,,,,,,,,,,,,,,,,,,,,3,0,0,0,0,0,0,,,,,,,,,,,,,,,,,,,,,,,13419695,83579,HAM,Hamilton Tiger-Cats,Regular Season,2026-09-05T13:09:45.302148,2026
1470649,36,Ryan Baker,Ryan Baker,Defensive_Linebacker,ActiveNotPlayed,,,,,,,,,,,,,,,,,,,,,,,,3,0,0,0,0,0,1,,,,,,,,,,,,,,,,,,,,,,,13419695,83579,HAM,Hamilton Tiger-Cats,Regular Season,2026-09-05T13:09:45.302148,2026
1483388,6,Zamari Walton,Zamari Walton,Defensive_DefensiveBack,Started,,,,,,,,,,,,,,,,,,,,,,,,3,0,0,0,0,0,0,,,,,,,,,,,,,,,,,,,,,,,13419695,83579,HAM,Hamilton Tiger-Cats,Regular Season,2026-09-05T13:09:45.302148,2026
1483410,22,Mario Kendricks,Mario Kendricks,Defensive_DefensiveLineman,Started,,,,,,,,,,,,,,,,,,,,,,,,3,0,0,0,0,0,0,,,,,,,,,,,,,,,,,,,,,,,13419695,83579,HAM,Hamilton Tiger-Cats,Regular Season,2026-09-05T13:09:45.302148,2026
1486123,0,Isaiah Bagnah,Isaiah Bagnah,Defensive_DefensiveLineman,ActiveNotPlayed,,,,,,,,,,,,,,,,,,,,,,,,1,0,0,0,0,0,0,,,,,,,,,,,,,,,,,,,,,,,13419695,83579,HAM,Hamilton Tiger-Cats,Regular Season,2026-09-05T13:09:45.302148,2026
1487519,70,Mitch McCarthy,Mitch McCarthy,Punter,ActiveNotPlayed,,,,,,,,,,,,,,,,,,,,,,,,0,0,0,0,0,0,1,,,,,,,,,,6.0,323.0,53.833,81.0,0.0,,,,,,,,,13419695,83579,HAM,Hamilton Tiger-Cats,Regular Season,2026-09-05T13:09:45.302148,2026
1493140,93,Aamarii Notice,Aamarii Notice,Defensive_DefensiveLineman,ActiveNotPlayed,,,,,,,,,,,,,,,,,,,,,,,,2,0,0,0,0,0,0,,,,,,,,,,,,,,,,,,,,,,,13419695,83579,HAM,Hamilton Tiger-Cats,Regular Season,2026-09-05T13:09:45.302148,2026
1502620,82,Maximilian Mang,Maximilian Mang,Offensive_TightEnd,ActiveNotPlayed,,,,,,,,,,,,,,,1.0,1.0,1.0,1.0,0.0,1.0,1.0,1.0,1.0,,,,,,,,,,,,,,,,,,,,,,,,,,,,,,13419695,83579,HAM,Hamilton Tiger-Cats,Regular Season,2026-09-05T13:09:45.302148,2026
1602437,29,Jake Nitychoruk,Jake Nitychoruk,Defensive_DefensiveBack,ActiveNotPlayed,,,,,,,,,,,,,,,,,,,,,,,,0,0,0,0,0,0,1,,,,,,,,,,,,,,,,,,,,,,,13419695,83579,HAM,Hamilton Tiger-Cats,Regular Season,2026-09-05T13:09:45.302148,2026
1602441,46,Philip Ossai,Philip Ossai,Defensive_DefensiveLineman,Started,,,,,,,,,,,,,,,,,,,,,,,,1,0,0,0,0,0,0,,,,,,,,,,,,,,,,,,,,,,,13419695,83579,HAM,Hamilton Tiger-Cats,Regular Season,2026-09-05T13:09:45.302148,2026
941538,95,Julian Howsare,Julian Howsare,Defensive_DefensiveLineman,Started,,,,,,,,,,,,,,,,,,,,,,,,2,1,0,0,0,0,0,,,,,,,,,,,,,,,,,,,,,,,13419695,83579,HAM,Hamilton Tiger-Cats,Regular Season,2026-09-05T13:09:45.302148,2026
998924,89,Kenny Lawler,Kenny Lawler,Offensive_WideReceiver,Started,,,,,,,,,,,,,,,9.0,5.0,38.0,10.0,0.0,9.0,7.6,4.222,0.556,,,,,,,,,,,,,,,,,,,,,,,,,,,,,,13419695,83579,HAM,Hamilton Tiger-Cats,Regular Season,2026-09-05T13:09:45.302148,2026
1005323,3,Austin Mack,Austin Mack,Offensive_WideReceiver,Started,,,,,,,,,,,,,,,5.0,4.0,39.0,15.0,0.0,18.0,9.75,7.8,0.8,,,,,,,,,,,,,,,,,,,,,,,,,,,,,,13419696,114347,EDM,Edmonton Elks,Regular Season,2026-09-05T13:09:45.302148,2026
1005963,0,Kobe Williams,Kobe Williams,Defensive_DefensiveBack,Started,,,,,,,,,,,,,,,,,,,,,,,,3,0,0,0,0,0,0,,,,,,,,,,,,,,,,,,,,,,,13419696,114347,EDM,Edmonton Elks,Regular Season,2026-09-05T13:09:45.302148,2026
1006500,53,Brendan Bordner,Brendan Bordner,Offensive_OffensiveLineman,Started,,,,,,,,,,,,,,,,,,,,,,,,1,0,0,0,0,0,0,,,,,,,,,,,,,,,,,,,,,,,13419696,114347,EDM,Edmonton Elks,Regular Season,2026-09-05T13:09:45.302148,2026
1006559,10,Jake Julien,Jake Julien,Punter,ActiveNotPlayed,,,,,,,,,,,,,,,,,,,,,,,,,,,,,,,,,,,,,,,,8.0,395.0,49.375,59.0,1.0,,,,,,,,,13419696,114347,EDM,Edmonton Elks,Regular Season,2026-09-05T13:09:45.302148,2026
1007365,5,Justin Rankin,Justin Rankin,Offensive_RunningBack,Started,,,,,,,,,,7.0,9.0,0,13,1.286,6.0,6.0,46.0,46.0,0.0,17.0,7.667,7.667,1.0,,,,,,,,,,,,,,,,,,,,,,,,,,,,,,13419696,114347,EDM,Edmonton Elks,Regular Season,2026-09-05T13:09:45.302148,2026
1009107,22,Javon Leake,Javon Leake,Offensive_RunningBack,ActiveNotPlayed,,,,,,,,,,1.0,3.0,0,3,3.0,4.0,4.0,28.0,28.0,0.0,21.0,7.0,7.0,1.0,,,,,,,,,,,,,,,,,,,,,,2.0,42.0,25.0,21.0,5.0,58.0,17.0,11.6,13419696,114347,EDM,Edmonton Elks,Regular Season,2026-09-05T13:09:45.302148,2026
1011445,50,Joel Dublanko,Joel Dublanko,Defensive_Linebacker,Started,,,,,,,,,,,,,,,,,,,,,,,,2,0,1,0,0,0,1,,,,,,,,,,,,,,,,,,,,,,,13419696,114347,EDM,Edmonton Elks,Regular Season,2026-09-05T13:09:45.302148,2026
1013556,6,Brendan O'Leary-Orange,Brendan O'Leary-Orange,Offensive_WideReceiver,Started,,,,,,,,,,,,,,,3.0,2.0,14.0,14.0,0.0,13.0,7.0,4.667,0.667,,,,,,,,,,,,,,,,,,,,,,,,,,,,,,13419696,114347,EDM,Edmonton Elks,Regular Season,2026-09-05T13:09:45.302148,2026
1014004,32,Leonard Johnson,Leonard Johnson,Defensive_DefensiveBack,ActiveNotPlayed,,,,,,,,,,,,,,,,,,,,,,,,0,0,0,0,0,0,3,,,,,,,,,,,,,,,,,,,,,,,13419696,114347,EDM,Edmonton Elks,Regular Season,2026-09-05T13:09:45.302148,2026
1016182,2,Malik Carney,Malik Carney,Defensive_DefensiveLineman,Started,,,,,,,,,,,,,,,,,,,,,,,,1,1,0,0,0,0,0,,,,,,,,,,,,,,,,,,,,,,,13419696,114347,EDM,Edmonton Elks,Regular Season,2026-09-05T13:09:45.302148,2026
1349498,40,Robbie Smith,Robbie Smith,Defensive_DefensiveLineman,ActiveNotPlayed,,,,,,,,,,,,,,,,,,,,,,,,1,0,0,0,0,0,0,,,,,,,,,,,,,,,,,,,,,,,13419696,114347,EDM,Edmonton Elks,Regular Season,2026-09-05T13:09:45.302148,2026
1349527,30,Tyrell Ford,Tyrell Ford,Defensive_DefensiveBack,Started,,,,,,,,,,,,,,,,,,,,,,,,0,0,0,1,0,0,0,,,,,,,,,,,,,,,,,,,,,,,13419696,114347,EDM,Edmonton Elks,Regular Season,2026-09-05T13:09:45.302148,2026
1349549,11,Kaion Julien-Grant,Kaion Julien-Grant,Offensive_WideReceiver,Started,,,,,,,,,,,,,,,6.0,1.0,12.0,0.0,0.0,12.0,12.0,2.0,0.167,,,,,,,,,,,,,,,,,,,,,,,,,,,,,,13419696,114347,EDM,Edmonton Elks,Regular Season,2026-09-05T13:09:45.302148,2026
1350572,7,Cody Fajardo,Cody Fajardo,Offensive_Quarterback,Started,27.0,37.0,0.73,282.0,1.0,0.0,54.0,7.622,8.162162162162161,2.0,11.0,0,9,5.5,,,,,,,,,,,,,,,,,,,,,,,,,,,,,,,,,,,,,,,13419696,114347,EDM,Edmonton Elks,Regular Season,2026-09-05T13:09:45.302148,2026
1408288,88,T.J. Luther,T.J. Luther,Offensive_WideReceiver,Started,,,,,,,,,,1.0,1.0,0,1,1.0,6.0,4.0,37.0,-10.0,1.0,38.0,9.25,6.167,0.667,,,,,,,,,,,,,,,,,,,,,,,,,,,,,,13419696,114347,EDM,Edmonton Elks,Regular Season,2026-09-05T13:09:45.302148,2026
1464749,20,Kenneth Logan Jr.,Kenneth Logan Jr.,Defensive_Linebacker,Started,,,,,,,,,,,,,,,,,,,,,,,,7,1,1,1,0,0,0,,,,,,,,,,,,,,,,,,,,,,,13419696,114347,EDM,Edmonton Elks,Regular Season,2026-09-05T13:09:45.302148,2026
1468042,26,Vincent Blanchard,Vincent Blanchard,Kicker,ActiveNotPlayed,,,,,,,,,,,,,,,,,,,,,,,,,,,,,,,4.0,5.0,0.8,38,1.0,0.0,2.0,156.0,83.0,,,,,,,,,,,,,,13419696,114347,EDM,Edmonton Elks,Regular Season,2026-09-05T13:09:45.302148,2026
1470656,13,Kordell Jackson,Kordell Jackson,Defensive_DefensiveBack,Started,,,,,,,,,,,,,,,,,,,,,,,,5,0,0,0,0,0,0,,,,,,,,,,,,,,,,,,,,,,,13419696,114347,EDM,Edmonton Elks,Regular Season,2026-09-05T13:09:45.302148,2026
1470657,47,D.K. Bonhomme,D.K. Bonhomme,Defensive_DefensiveLineman,ActiveNotPlayed,,,,,,,,,,,,,,,,,,,,,,,,0,0,0,0,0,0,1,,,,,,,,,,,,,,,,,,,,,,,13419696,114347,EDM,Edmonton Elks,Regular Season,2026-09-05T13:09:45.302148,2026
1470739,35,Bradley Hladik,Bradley Hladik,LongSnapper,ActiveNotPlayed,,,,,,,,,,,,,,,,,,,,,,,,0,0,0,0,0,0,2,,,,,,,,,,,,,,,,,,,,,,,13419696,114347,EDM,Edmonton Elks,Regular Season,2026-09-05T13:09:45.302148,2026
1482936,25,Chelen Garnes,Chelen Garnes,Defensive_DefensiveBack,Started,,,,,,,,,,,,,,,,,,,,,,,,4,0,0,0,0,0,0,,,,,,,,,,,,,,,,,,,,,,,13419696,114347,EDM,Edmonton Elks,Regular Season,2026-09-05T13:09:45.302148,2026
1483150,95,Tomari Fox,Tomari Fox,Defensive_DefensiveLineman,Started,,,,,,,,,,,,,,,,,,,,,,,,2,1,0,0,0,0,0,,,,,,,,,,,,,,,,,,,,,,,13419696,114347,EDM,Edmonton Elks,Regular Season,2026-09-05T13:09:45.302148,2026
1483155,18,Joshua Cephus,Joshua Cephus,Offensive_WideReceiver,Started,,,,,,,,,,,,,,,6.0,5.0,97.0,39.0,0.0,54.0,19.4,16.167,0.833,,,,,,,,,,,,,,,,,,,,,,,,,,,,,,13419696,114347,EDM,Edmonton Elks,Regular Season,2026-09-05T13:09:45.302148,2026
1483633,42,Noah Taylor,Noah Taylor,Defensive_DefensiveLineman,Started,,,,,,,,,,,,,,,,,,,,,,,,1,1,0,0,0,0,0,,,,,,,,,,,,,,,,,,,,,,,13419696,114347,EDM,Edmonton Elks,Regular Season,2026-09-05T13:09:45.302148,2026
1501819,45,Dariel Djabome,Dariel Djabome,Defensive_Linebacker,Started,,,,,,,,,,,,,,,,,,,,,,,,2,0,0,0,0,0,0,,,,,,,,,,,,,,,,,,,,,,,13419696,114347,EDM,Edmonton Elks,Regular Season,2026-09-05T13:09:45.302148,2026
1507833,97,Gavin Meyer,Gavin Meyer,Defensive_DefensiveLineman,ActiveNotPlayed,,,,,,,,,,,,,,,,,,,,,,,,1,0,0,1,0,0,0,,,,,,,,,,,,,,,,,,,,,,,13419696,114347,EDM,Edmonton Elks,Regular Season,2026-09-05T13:09:45.302148,2026
1518031,29,JJ Ross,JJ Ross,Defensive_DefensiveBack,Started,,,,,,,,,,,,,,,,,,,,,,,,4,0,0,1,0,0,0,,,,,,,,,,,,,,,,,,,,,,,13419696,114347,EDM,Edmonton Elks,Regular Season,2026-09-05T13:09:45.302148,2026
1521937,14,Cole Snyder,Cole Snyder,Offensive_Quarterback,ActiveNotPlayed,,,,,,,,,,2.0,3.0,0,2,1.5,,,,,,,,,,,,,,,,,,,,,,,,,,,,,,,,,,,,,,,13419696,114347,EDM,Edmonton Elks,Regular Season,2026-09-05T13:09:45.302148,2026
1602302,34,Isaiah Knight,Isaiah Knight,Offensive_RunningBack,ActiveNotPlayed,,,,,,,,,,,,,,,,,,,,,,,,,,,,,,,,,,,,,,,,,,,,,1.0,14.0,14.0,14.0,,,,,13419696,114347,EDM,Edmonton Elks,Regular Season,2026-09-05T13:09:45.302148,2026
1604187,44,Skyler Griffith,Skyler Griffith,Offensive_Fullback,ActiveNotPlayed,,,,,,,,,,,,,,,1.0,1.0,9.0,5.0,0.0,9.0,9.0,9.0,1.0,,,,,,,,,,,,,,,,,,,,,,,,,,,,,,13419696,114347,EDM,Edmonton Elks,Regular Season,2026-09-05T13:09:45.302148,2026
1752327,49,Justin Pace,Justin Pace,Defensive_Linebacker,ActiveNotPlayed,,,,,,,,,,,,,,,,,,,,,,,,0,0,0,0,0,0,2,,,,,,,,,,,,,,,,,,,,,,,13419696,114347,EDM,Edmonton Elks,Regular Season,2026-09-05T13:09:45.302148,2026
1006663,7,Chase Brice,Chase Brice,Offensive_Quarterback,ActiveNotPlayed,20.0,34.0,0.588,226.0,1.0,4.0,40.0,6.647,1.9411764705882353,,,,,,,,,,,,,,,,,,,,,,,,,,,,,,,,,,,,,,,,,,,,13419696,93775,BC,BC Lions,Regular Season,2026-09-05T13:09:45.302148,2026
1007090,3,C.J. Coldon,C.J. Coldon,Defensive_DefensiveBack,Started,,,,,,,,,,,,,,,,,,,,,,,,4,0,0,0,0,0,0,,,,,,,,,,,,,,,,,,,,,,,13419696,93775,BC,BC Lions,Regular Season,2026-09-05T13:09:45.302148,2026
1008481,23,Stantley Thomas-Oliver III,Stantley Thomas-Oliver III,Defensive_DefensiveBack,Started,,,,,,,,,,,,,,,,,,,,,,,,5,0,0,0,0,0,0,,,,,,,,,,,,,,,,,,,,,,,13419696,93775,BC,BC Lions,Regular Season,2026-09-05T13:09:45.302148,2026
1012377,18,Justin McInnis,Justin McInnis,Offensive_WideReceiver,Started,,,,,,,,,,,,,,,9.0,2.0,25.0,8.0,0.0,20.0,12.5,2.778,0.222,,,,,,,,,,,,,,,,,,,,,,,,,,,,,,13419696,93775,BC,BC Lions,Regular Season,2026-09-05T13:09:45.302148,2026
1017940,88,Hergy Mayala,Hergy Mayala,Offensive_WideReceiver,Started,,,,,,,,,,,,,,,7.0,4.0,26.0,9.0,0.0,7.0,6.5,3.714,0.571,0,0,0,0,0,0,1,,,,,,,,,,,,,,,,,,,,,,,13419696,93775,BC,BC Lions,Regular Season,2026-09-05T13:09:45.302148,2026
1019961,40,Tibo Debaillie,Tibo Debaillie,Defensive_DefensiveLineman,ActiveNotPlayed,,,,,,,,,,,,,,,,,,,,,,,,1,0,1,0,0,0,0,,,,,,,,,,,,,,,,,,,,,,,13419696,93775,BC,BC Lions,Regular Season,2026-09-05T13:09:45.302148,2026
1080752,9,Deontai Williams,Deontai Williams,Defensive_Linebacker,Started,,,,,,,,,,,,,,,,,,,,,,,,4,0,1,0,1,0,0,,,,,,,,,,,,,,,,,,,,,,,13419696,93775,BC,BC Lions,Regular Season,2026-09-05T13:09:45.302148,2026
1086308,21,Ronald Kent Jr.,Ronald Kent Jr.,Defensive_DefensiveBack,Started,,,,,,,,,,,,,,,,,,,,,,,,1,0,0,0,0,0,0,,,,,,,,,,,,,,,,,,,,,,,13419696,93775,BC,BC Lions,Regular Season,2026-09-05T13:09:45.302148,2026
1130072,90,Mathieu Betts,Mathieu Betts,Defensive_DefensiveLineman,Started,,,,,,,,,,,,,,,,,,,,,,,,1,1,0,0,0,0,0,,,,,,,,,,,,,,,,,,,,,,,13419696,93775,BC,BC Lions,Regular Season,2026-09-05T13:09:45.302148,2026
1349478,27,Josh Hagerty,Josh Hagerty,Defensive_DefensiveBack,ActiveNotPlayed,,,,,,,,,,,,,,,,,,,,,,,,0,0,0,0,0,0,2,,,,,,,,,,,,,,,,,,,,,,,13419696,93775,BC,BC Lions,Regular Season,2026-09-05T13:09:45.302148,2026
1349807,20,James Butler,James Butler,Offensive_RunningBack,Started,,,,,,,,,,7.0,4.0,0,4,0.571,3.0,1.0,7.0,2.0,0.0,7.0,7.0,2.333,0.333,2,0,0,0,0,0,0,,,,,,,,,,,,,,,,,,,,,,,13419696,93775,BC,BC Lions,Regular Season,2026-09-05T13:09:45.302148,2026
1349819,6,T.J Lee,T.J Lee,Defensive_DefensiveBack,Started,,,,,,,,,,,,,,,,,,,,,,,,6,0,1,0,0,0,0,,,,,,,,,,,,,,,,,,,,,,,13419696,93775,BC,BC Lions,Regular Season,2026-09-05T13:09:45.302148,2026
1349844,10,Sean Whyte,Sean Whyte,Kicker,ActiveNotPlayed,,,,,,,,,,,,,,,,,,,,,,,,,,,,,,,1.0,1.0,1.0,19,2.0,0.0,,,,,,,,,,,,,,,,,13419696,93775,BC,BC Lions,Regular Season,2026-09-05T13:09:45.302148,2026
1350486,31,Adam Konar,Adam Konar,Defensive_Linebacker,ActiveNotPlayed,,,,,,,,,,,,,,,,,,,,,,,,1,0,0,0,0,0,0,,,,,,,,,,,,,,,,,,,,,,,13419696,93775,BC,BC Lions,Regular Season,2026-09-05T13:09:45.302148,2026
1357246,34,Zander Horvath,Zander Horvath,Offensive_RunningBack,ActiveNotPlayed,,,,,,,,,,4.0,11.0,1,5,2.75,1.0,1.0,19.0,19.0,0.0,19.0,19.0,19.0,1.0,0,0,0,0,0,0,1,,,,,,,,,,,,,,,,,,,,,,,13419696,93775,BC,BC Lions,Regular Season,2026-09-05T13:09:45.302148,2026
1400561,98,Levi Bell,Levi Bell,Defensive_DefensiveLineman,Started,,,,,,,,,,,,,,,,,,,,,,,,1,0,1,0,0,0,0,,,,,,,,,,,,,,,,,,,,,,,13419696,93775,BC,BC Lions,Regular Season,2026-09-05T13:09:45.302148,2026
1404963,82,Kieran Poissant,Kieran Poissant,Offensive_WideReceiver,ActiveNotPlayed,,,,,,,,,,,,,,,4.0,3.0,6.0,5.0,0.0,5.0,2.0,1.5,0.75,,,,,,,,,,,,,,,,,,,,,,,,,,,,,,13419696,93775,BC,BC Lions,Regular Season,2026-09-05T13:09:45.302148,2026
1470673,64,Kory Woodruff,Kory Woodruff,Offensive_OffensiveLineman,Started,,,,,,,,,,,,,,,,,,,,,,,,1,0,0,0,0,0,0,,,,,,,,,,,,,,,,,,,,,,,13419696,93775,BC,BC Lions,Regular Season,2026-09-05T13:09:45.302148,2026
1470674,17,Carl Meyer,Carl Meyer,Kicker,ActiveNotPlayed,,,,,,,,,,,,,,,,,,,,,,,,,,,,,,,,,,,,,3.0,202.0,75.0,7.0,353.0,50.429,63.0,1.0,,,,,,,,,13419696,93775,BC,BC Lions,Regular Season,2026-09-05T13:09:45.302148,2026
1483768,84,Jermaine Jackson,Jermaine Jackson,Offensive_WideReceiver,Started,,,,,,,,,,,,,,,,,,,,,,,,,,,,,,,,,,,,,,,,,,,,,,,,,1.0,2.0,2.0,2.0,13419696,93775,BC,BC Lions,Regular Season,2026-09-05T13:09:45.302148,2026
1492402,85,Nick Cenacle,Nick Cenacle,Offensive_WideReceiver,Started,,,,,,,,,,,,,,,5.0,5.0,62.0,34.0,0.0,22.0,12.4,12.4,1.0,1,0,0,0,0,0,0,,,,,,,,,,,,,,,,,,,,,,,13419696,93775,BC,BC Lions,Regular Season,2026-09-05T13:09:45.302148,2026
1494535,94,Matt Spatny,Matt Spatny,Defensive_DefensiveLineman,ActiveNotPlayed,,,,,,,,,,,,,,,,,,,,,,,,1,0,0,0,0,1,0,,,,,,,,,,,,,,,,,,,,,,,13419696,93775,BC,BC Lions,Regular Season,2026-09-05T13:09:45.302148,2026
1497134,48,Hayden Harris,Hayden Harris,Defensive_DefensiveLineman,ActiveNotPlayed,,,,,,,,,,,,,,,,,,,,,,,,1,0,0,0,0,0,0,,,,,,,,,,,,,,,,,,,,,,,13419696,93775,BC,BC Lions,Regular Season,2026-09-05T13:09:45.302148,2026
1513942,13,Pierre Kemeni,Pierre Kemeni,Defensive_Linebacker,ActiveNotPlayed,,,,,,,,,,,,,,,,,,,,,,,,0,0,0,0,0,0,1,,,,,,,,,,,,,,,,,,,,,,,13419696,93775,BC,BC Lions,Regular Season,2026-09-05T13:09:45.302148,2026
1521552,42,Parker McKenna,Parker McKenna,Defensive_Linebacker,Started,,,,,,,,,,,,,,,,,,,,,,,,4,0,1,0,0,0,0,,,,,,,,,,,,,,,,,,,,,,,13419696,93775,BC,BC Lions,Regular Season,2026-09-05T13:09:45.302148,2026
1601197,33,Jackson Findlay,Jackson Findlay,Defensive_DefensiveBack,Started,,,,,,,,,,,,,,,,,,,,,,,,7,0,0,0,0,0,2,,,,,,,,,,,,,,,,,,,,,,,13419696,93775,BC,BC Lions,Regular Season,2026-09-05T13:09:45.302148,2026
1761491,80,Jaden Williams,Jaden Williams,Offensive_WideReceiver,ActiveNotPlayed,,,,,,,,,,,,,,,,,,,,,,,,,,,,,,,,,,,,,,,,,,,,,2.0,57.0,35.0,28.5,5.0,51.0,19.0,10.2,13419696,93775,BC,BC Lions,Regular Season,2026-09-05T13:09:45.302148,2026
998538,4,Keon Hatcher,Keon Hatcher,Offensive_WideReceiver,Started,,,,,,,,,,,,,,,5.0,4.0,81.0,5.0,1.0,40.0,20.25,16.2,0.8,,,,,,,,,,,,,,,,,,,,,,,,,,,,,,13419696,93775,BC,BC Lions,Regular Season,2026-09-05T13:09:45.302148,2026
999245,53,Darnell Sankey,Darnell Sankey,Defensive_Linebacker,Started,,,,,,,,,,,,,,,,,,,,,,,,3,1,0,0,0,0,0,,,,,,,,,,,,,,,,,,,,,,,13419696,93775,BC,BC Lions,Regular Season,2026-09-05T13:09:45.302148,2026
1005315,9,Damon Webb,Damon Webb,Defensive_DefensiveBack,Started,,,,,,,,,,,,,,,,,,,,,,,,8,0,0,0,0,0,0,,,,,,,,,,,,,,,,,,,,,,,13419697,112939,CGY,Calgary Stampeders,Regular Season,2026-09-05T13:09:45.302148,2026
1012374,2,Kyle Wilson,Kyle Wilson,Defensive_Linebacker,Started,,,,,,,,,,,,,,,,,,,,,,,,4,0,1,0,0,0,0,,,,,,,,,,,,,,,,,,,,,,,13419697,112939,CGY,Calgary Stampeders,Regular Season,2026-09-05T13:09:45.302148,2026
1014170,93,Charles Wiley,Charles Wiley,Defensive_DefensiveLineman,ActiveNotPlayed,,,,,,,,,,,,,,,,,,,,,,,,1,0,0,0,0,0,0,,,,,,,,,,,,,,,,,,,,,,,13419697,112939,CGY,Calgary Stampeders,Regular Season,2026-09-05T13:09:45.302148,2026
1031686,90,Miles Brown,Miles Brown,Defensive_DefensiveLineman,Started,,,,,,,,,,,,,,,,,,,,,,,,1,0,0,0,0,0,0,,,,,,,,,,,,,,,1.0,17.0,17.0,17.0,,,,,13419697,112939,CGY,Calgary Stampeders,Regular Season,2026-09-05T13:09:45.302148,2026
1073969,45,Benny Sapp III,Benny Sapp III,Defensive_DefensiveBack,Started,,,,,,,,,,,,,,,,,,,,,,,,4,0,0,0,0,0,0,,,,,,,,,,,,,,,,,,,,,,,13419697,112939,CGY,Calgary Stampeders,Regular Season,2026-09-05T13:09:45.302148,2026
1081744,87,Erik Brooks,Erik Brooks,Offensive_WideReceiver,Started,,,,,,,,,,,,,,,10.0,5.0,55.0,27.0,1.0,23.0,11.0,5.5,0.5,1,0,0,0,0,0,0,,,,,,,,,,,,,,,,,,,,,,,13419697,112939,CGY,Calgary Stampeders,Regular Season,2026-09-05T13:09:45.302148,2026
1290033,26,Dedrick Mills,Dedrick Mills,Offensive_RunningBack,Started,,,,,,,,,,15.0,130.0,1,24,8.667,5.0,3.0,38.0,35.0,1.0,15.0,12.667,7.6,0.6,,,,,,,,,,,,,,,,,,,,,,,,,,,,,,13419697,112939,CGY,Calgary Stampeders,Regular Season,2026-09-05T13:09:45.302148,2026
1297989,6,Derrick Moncrief,Derrick Moncrief,Defensive_Linebacker,Started,,,,,,,,,,,,,,,,,,,,,,,,3,0,0,0,0,0,0,,,,,,,,,,,,,,,,,,,,,,,13419697,112939,CGY,Calgary Stampeders,Regular Season,2026-09-05T13:09:45.302148,2026
1345697,34,Tyreik McAllister,Tyreik McAllister,Offensive_RunningBack,ActiveNotPlayed,,,,,,,,,,,,,,,,,,,,,,,,,,,,,,,,,,,,,,,,,,,,,2.0,36.0,20.0,18.0,4.0,43.0,15.0,10.75,13419697,112939,CGY,Calgary Stampeders,Regular Season,2026-09-05T13:09:45.302148,2026
1345703,1,Clarence Hicks,Clarence Hicks,Defensive_DefensiveLineman,Started,,,,,,,,,,,,,,,,,,,,,,,,2,1,0,0,0,0,0,,,,,,,,,,,,,,,,,,,,,,,13419697,112939,CGY,Calgary Stampeders,Regular Season,2026-09-05T13:09:45.302148,2026
1349467,17,Dejon Brissett,Dejon Brissett,Offensive_WideReceiver,Started,,,,,,,,,,,,,,,4.0,3.0,34.0,6.0,0.0,17.0,11.333,8.5,0.75,,,,,,,,,,,,,,,,,,,,,,,,,,,,,,13419697,112939,CGY,Calgary Stampeders,Regular Season,2026-09-05T13:09:45.302148,2026
1349494,3,Vernon Adams Jr.,Vernon Adams Jr.,Offensive_Quarterback,Started,23.0,37.0,0.622,271.0,3.0,0.0,50.0,7.324,8.945945945945946,2.0,22.0,0,12,11.0,,,,,,,,,,,,,,,,,,,,,,,,,,,,,,,,,,,,,,,13419697,112939,CGY,Calgary Stampeders,Regular Season,2026-09-05T13:09:45.302148,2026
1360678,85,Jalen Philpot,Jalen Philpot,Offensive_WideReceiver,Started,,,,,,,,,,,,,,,8.0,6.0,96.0,36.0,1.0,50.0,16.0,12.0,0.75,,,,,,,,,,,,,,,,,,,,,,,,,,,,,,13419697,112939,CGY,Calgary Stampeders,Regular Season,2026-09-05T13:09:45.302148,2026
1391228,27,Godfrey Onyeka,Godfrey Onyeka,Defensive_DefensiveBack,ActiveNotPlayed,,,,,,,,,,,,,,,,,,,,,,,,0,0,0,0,0,0,1,,,,,,,,,,,,,,,,,,,,,,,13419697,112939,CGY,Calgary Stampeders,Regular Season,2026-09-05T13:09:45.302148,2026
1397293,0,Adrian Greene,Adrian Greene,Defensive_DefensiveBack,Started,,,,,,,,,,,,,,,,,,,,,,,,2,0,0,0,0,0,0,,,,,,,,,,,,,,,,,,,,,,,13419697,112939,CGY,Calgary Stampeders,Regular Season,2026-09-05T13:09:45.302148,2026
1397525,77,Kelon Thomas,Kelon Thomas,Defensive_DefensiveLineman,ActiveNotPlayed,,,,,,,,,,,,,,,,,,,,,,,,0,0,0,0,0,0,3,,,,,,,,,,,,,,,,,,,,,,,13419697,112939,CGY,Calgary Stampeders,Regular Season,2026-09-05T13:09:45.302148,2026
1403599,14,Clark Barnes,Clark Barnes,Offensive_WideReceiver,Started,,,,,,,,,,,,,,,7.0,5.0,41.0,15.0,0.0,11.0,8.2,5.857,0.714,,,,,,,,,,,,,,,,,,,,,,,,,,,,,,13419697,112939,CGY,Calgary Stampeders,Regular Season,2026-09-05T13:09:45.302148,2026
1468040,29,Benjamin Labrosse,Benjamin Labrosse,Defensive_DefensiveBack,ActiveNotPlayed,,,,,,,,,,,,,,,,,,,,,,,,1,0,0,0,0,0,0,,,,,,,,,,,,,,,,,,,,,,,13419697,112939,CGY,Calgary Stampeders,Regular Season,2026-09-05T13:09:45.302148,2026
1483424,37,Jude McAtamney,Jude McAtamney,Kicker,ActiveNotPlayed,,,,,,,,,,,,,,,,,,,,,,,,,,,,,,,1.0,1.0,1.0,32,3.0,0.0,5.0,272.0,81.0,,,,,,,,,,,,,,13419697,112939,CGY,Calgary Stampeders,Regular Season,2026-09-05T13:09:45.302148,2026
1489484,15,Mark Vassett,Mark Vassett,Punter,ActiveNotPlayed,,,,,,,,,,,,,,,,,,,,,,,,,,,,,,,,,,,,,,,,6.0,307.0,51.167,72.0,0.0,,,,,,,,,13419697,112939,CGY,Calgary Stampeders,Regular Season,2026-09-05T13:09:45.302148,2026
1490845,48,R.J. Moten,R.J. Moten,Defensive_Linebacker,ActiveNotPlayed,,,,,,,,,,,,,,,,,,,,,,,,4,0,0,0,0,0,0,,,,,,,,,,,,,,,,,,,,,,,13419697,112939,CGY,Calgary Stampeders,Regular Season,2026-09-05T13:09:45.302148,2026
1494922,33,Zy Alexander,Zy Alexander,Defensive_DefensiveBack,Started,,,,,,,,,,,,,,,,,,,,,,,,4,0,0,0,0,0,0,,,,,,,,,,,,,,,,,,,,,,,13419697,112939,CGY,Calgary Stampeders,Regular Season,2026-09-05T13:09:45.302148,2026
1510987,96,Jaylon Hutchings,Jaylon Hutchings,Defensive_DefensiveLineman,Started,,,,,,,,,,,,,,,,,,,,,,,,4,0,0,0,0,0,0,,,,,,,,,,,,,,,,,,,,,,,13419697,112939,CGY,Calgary Stampeders,Regular Season,2026-09-05T13:09:45.302148,2026
1515457,94,Elijah Hills,Elijah Hills,Defensive_DefensiveLineman,ActiveNotPlayed,,,,,,,,,,,,,,,,,,,,,,,,1,0,0,0,0,0,0,,,,,,,,,,,,,,,,,,,,,,,13419697,112939,CGY,Calgary Stampeders,Regular Season,2026-09-05T13:09:45.302148,2026
1520021,28,Ludovick Choquette,Ludovick Choquette,Offensive_RunningBack,ActiveNotPlayed,,,,,,,,,,,,,,,1.0,0.0,0.0,0.0,0.0,0.0,,,0.0,,,,,,,,,,,,,,,,,,,,,,,,,,,,,,13419697,112939,CGY,Calgary Stampeders,Regular Season,2026-09-05T13:09:45.302148,2026
1756863,82,Jesulayomi Ojutalayo,Jesulayomi Ojutalayo,Offensive_WideReceiver,ActiveNotPlayed,,,,,,,,,,,,,,,,,,,,,,,,0,0,0,0,0,0,1,,,,,,,,,,,,,,,,,,,,,,,13419697,112939,CGY,Calgary Stampeders,Regular Season,2026-09-05T13:09:45.302148,2026
998543,8,Marquel Lee,Marquel Lee,Defensive_Linebacker,Started,,,,,,,,,,,,,,,,,,,,,,,,4,0,0,0,0,0,0,,,,,,,,,,,,,,,,,,,,,,,13419697,112939,CGY,Calgary Stampeders,Regular Season,2026-09-05T13:09:45.302148,2026
998863,4,Tevin Jones,Tevin Jones,Offensive_WideReceiver,Started,,,,,,,,,,,,,,,2.0,1.0,7.0,7.0,0.0,7.0,7.0,3.5,0.5,0,0,0,0,0,0,1,,,,,,,,,,,,,,,,,,,,,,,13419697,112939,CGY,Calgary Stampeders,Regular Season,2026-09-05T13:09:45.302148,2026
999377,7,Folarin Orimolade,Folarin Orimolade,Defensive_DefensiveLineman,Started,,,,,,,,,,,,,,,,,,,,,,,,2,1,0,0,1,0,0,,,,,,,,,,,,,,,,,,,,,,,13419697,112939,CGY,Calgary Stampeders,Regular Season,2026-09-05T13:09:45.302148,2026
1002690,10,Davis Alexander,Davis Alexander,Offensive_Quarterback,Started,25.0,32.0,0.781,402.0,3.0,0.0,40.0,12.562,14.4375,1.0,6.0,0,6,6.0,,,,,,,,,,,,,,,,,,,,,,,,,,,,,,,,,,,,,,,13419697,86680,MTL,Montreal Alouettes,Regular Season,2026-09-05T13:09:45.302148,2026
1007370,16,Dustin Crum,Dustin Crum,Offensive_Quarterback,ActiveNotPlayed,,,,,,,,,,2.0,2.0,1,1,1.0,,,,,,,,,,,,,,,,,,,,,,,,,,,,,,,,,,,,,,,13419697,86680,MTL,Montreal Alouettes,Regular Season,2026-09-05T13:09:45.302148,2026
1012540,20,Lorenzo Burns,Lorenzo Burns,Defensive_DefensiveBack,Started,,,,,,,,,,,,,,,,,,,,,,,,3,0,0,0,0,0,0,,,,,,,,,,,,,,,,,,,,,,,13419697,86680,MTL,Montreal Alouettes,Regular Season,2026-09-05T13:09:45.302148,2026
1014914,95,Daniel Wise,Daniel Wise,Defensive_Tackle,Started,,,,,,,,,,,,,,,,,,,,,,,,1,1,0,0,0,0,0,,,,,,,,,,,,,,,,,,,,,,,13419697,86680,MTL,Montreal Alouettes,Regular Season,2026-09-05T13:09:45.302148,2026
1017444,31,Faion Hicks,Faion Hicks,Defensive_DefensiveBack,Started,,,,,,,,,,,,,,,,,,,,,,,,0,0,0,0,1,0,0,,,,,,,,,,,,,,,,,,,,,,,13419697,86680,MTL,Montreal Alouettes,Regular Season,2026-09-05T13:09:45.302148,2026
1067123,26,Tyrice Beverette,Tyrice Beverette,Defensive_Linebacker,Started,,,,,,,,,,,,,,,,,,,,,,,,4,0,0,0,0,0,0,,,,,,,,,,,,,,,,,,,,,,,13419697,86680,MTL,Montreal Alouettes,Regular Season,2026-09-05T13:09:45.302148,2026
1075914,94,Mustafa Johnson,Mustafa Johnson,Defensive_Tackle,Started,,,,,,,,,,,,,,,,,,,,,,,,3,0,0,0,0,0,0,,,,,,,,,,,,,,,,,,,,,,,13419697,86680,MTL,Montreal Alouettes,Regular Season,2026-09-05T13:09:45.302148,2026
1077936,0,Jonathan Sutherland,Jonathan Sutherland,Defensive_DefensiveBack,ActiveNotPlayed,,,,,,,,,,,,,,,,,,,,,,,,0,0,0,0,0,0,1,,,,,,,,,,,,,,,,,,,,,,,13419697,86680,MTL,Montreal Alouettes,Regular Season,2026-09-05T13:09:45.302148,2026
1080618,43,Gemon Green,Gemon Green,Defensive_DefensiveBack,ActiveNotPlayed,,,,,,,,,,,,,,,,,,,,,,,,0,0,0,0,0,0,1,,,,,,,,,,,,,,,,,,,,,,,13419697,86680,MTL,Montreal Alouettes,Regular Season,2026-09-05T13:09:45.302148,2026
1081310,85,Tyler Snead,Tyler Snead,Offensive_WideReceiver,Started,,,,,,,,,,,,,,,9.0,7.0,113.0,60.0,1.0,35.0,16.143,12.556,0.778,,,,,,,,,,,,,,,,,,,,,,,,,,,,,,13419697,86680,MTL,Montreal Alouettes,Regular Season,2026-09-05T13:09:45.302148,2026
1086247,96,Lwal Uguak,Lwal Uguak,Defensive_End,ActiveNotPlayed,,,,,,,,,,,,,,,,,,,,,,,,1,0,0,0,0,0,0,,,,,,,,,,,,,,,,,,,,,,,13419697,86680,MTL,Montreal Alouettes,Regular Season,2026-09-05T13:09:45.302148,2026
1349504,3,Regis Cibasu,Regis Cibasu,Offensive_Fullback,ActiveNotPlayed,,,,,,,,,,,,,,,,,,,,,,,,0,0,0,0,0,0,2,,,,,,,,,,,,,,,,,,,,,,,13419697,86680,MTL,Montreal Alouettes,Regular Season,2026-09-05T13:09:45.302148,2026
1349552,36,Joseph Zema,Joseph Zema,Punter,ActiveNotPlayed,,,,,,,,,,,,,,,,,,,,,,,,,,,,,,,,,,,,,,,,5.0,245.0,49.0,61.0,0.0,,,,,,,,,13419697,86680,MTL,Montreal Alouettes,Regular Season,2026-09-05T13:09:45.302148,2026
1349560,12,Najee Murray,Najee Murray,Defensive_Linebacker,Started,,,,,,,,,,,,,,,,,,,,,,,,7,0,0,0,0,1,0,,,,,,,,,,,,,,,,,,,,,,,13419697,86680,MTL,Montreal Alouettes,Regular Season,2026-09-05T13:09:45.302148,2026
1349566,6,Tyson Philpot,Tyson Philpot,Offensive_WideReceiver,Started,,,,,,,,,,,,,,,8.0,5.0,88.0,52.0,0.0,40.0,17.6,11.0,0.625,,,,,,,,,,,,,,,,,,,,,,,,,,,,,,13419697,86680,MTL,Montreal Alouettes,Regular Season,2026-09-05T13:09:45.302148,2026
1349569,37,Wesley Sutton,Wesley Sutton,Defensive_DefensiveBack,Started,,,,,,,,,,,,,,,,,,,,,,,,2,0,0,0,0,0,0,,,,,,,,,,,,,,,,,,,,,,,13419697,86680,MTL,Montreal Alouettes,Regular Season,2026-09-05T13:09:45.302148,2026
1349583,88,Marco Dubois,Marco Dubois,Offensive_WideReceiver,Started,,,,,,,,,,,,,,,1.0,1.0,8.0,7.0,0.0,8.0,8.0,8.0,1.0,,,,,,,,,,,,,,,,,,,,,,,,,,,,,,13419697,86680,MTL,Montreal Alouettes,Regular Season,2026-09-05T13:09:45.302148,2026
1349615,17,Cole Spieker,Cole Spieker,Offensive_WideReceiver,Started,,,,,,,,,,,,,,,4.0,4.0,73.0,19.0,1.0,30.0,18.25,18.25,1.0,,,,,,,,,,,,,,,,,,,,,,,,,,,,,,13419697,86680,MTL,Montreal Alouettes,Regular Season,2026-09-05T13:09:45.302148,2026
1349805,2,Micah Awe,Micah Awe,Defensive_Linebacker,ActiveNotPlayed,,,,,,,,,,,,,,,,,,,,,,,,2,0,0,0,0,0,0,,,,,,,,,,,,,,,,,,,,,,,13419697,86680,MTL,Montreal Alouettes,Regular Season,2026-09-05T13:09:45.302148,2026
1350957,19,Jose Maltos Diaz,Jose Maltos Diaz,Kicker,ActiveNotPlayed,,,,,,,,,,,,,,,,,,,,,,,,,,,,,,,1.0,1.0,1.0,35,4.0,0.0,6.0,396.0,100.0,,,,,,,,,,,,,,13419697,86680,MTL,Montreal Alouettes,Regular Season,2026-09-05T13:09:45.302148,2026
1403971,38,Jacob Mason,Jacob Mason,Offensive_Fullback,ActiveNotPlayed,,,,,,,,,,,,,,,2.0,1.0,34.0,33.0,0.0,34.0,34.0,17.0,0.5,,,,,,,,,,,,,,,,,,,,,,,,,,,,,,13419697,86680,MTL,Montreal Alouettes,Regular Season,2026-09-05T13:09:45.302148,2026
1405112,97,Joshua Archibald,Joshua Archibald,Defensive_End,ActiveNotPlayed,,,,,,,,,,,,,,,,,,,,,,,,1,0,0,0,0,0,2,,,,,,,,,,,,,,,,,,,,,,,13419697,86680,MTL,Montreal Alouettes,Regular Season,2026-09-05T13:09:45.302148,2026
1468035,9,Geoffrey Cantin-Arku,Geoffrey Cantin-Arku,Defensive_Linebacker,Started,,,,,,,,,,,,,,,,,,,,,,,,5,0,0,0,0,0,0,,,,,,,,,,,,,,,,,,,,,,,13419697,86680,MTL,Montreal Alouettes,Regular Season,2026-09-05T13:09:45.302148,2026
1483380,1,Robert Kennedy,Robert Kennedy,Defensive_DefensiveBack,Started,,,,,,,,,,,,,,,,,,,,,,,,3,0,0,0,0,0,0,,,,,,,,,,,,,,,,,,,,,,,13419697,86680,MTL,Montreal Alouettes,Regular Season,2026-09-05T13:09:45.302148,2026
1520977,5,Travis Theis,Travis Theis,Offensive_RunningBack,Started,,,,,,,,,,19.0,123.0,1,17,6.474,6.0,5.0,49.0,45.0,0.0,19.0,9.8,8.167,0.833,,,,,,,,,,,,,,,,,,,,,,,,,,,,,,13419697,86680,MTL,Montreal Alouettes,Regular Season,2026-09-05T13:09:45.302148,2026
1602296,82,Kaseem Ferdinand,Kaseem Ferdinand,Offensive_WideReceiver,Started,,,,,,,,,,,,,,,2.0,2.0,37.0,0.0,1.0,27.0,18.5,18.5,1.0,,,,,,,,,,,,,,,,,,,,,,,,,,,,,,13419697,86680,MTL,Montreal Alouettes,Regular Season,2026-09-05T13:09:45.302148,2026
1602445,23,Nate Beauchemin,Nate Beauchemin,Defensive_DefensiveBack,Started,,,,,,,,,,,,,,,,,,,,,,,,2,0,0,0,0,0,0,,,,,,,,,,,,,,,,,,,,,,,13419697,86680,MTL,Montreal Alouettes,Regular Season,2026-09-05T13:09:45.302148,2026
1752606,30,Liam Talbot,Liam Talbot,Offensive_RunningBack,ActiveNotPlayed,,,,,,,,,,1.0,4.0,0,4,4.0,,,,,,,,,,0,0,0,0,0,0,1,,,,,,,,,,,,,,,2.0,3.0,3.0,1.5,,,,,13419697,86680,MTL,Montreal Alouettes,Regular Season,2026-09-05T13:09:45.302148,2026
835544,25,Mario Alford,Mario Alford,Offensive_WideReceiver,ActiveNotPlayed,,,,,,,,,,,,,,,,,,,,,,,,,,,,,,,,,,,,,,,,,,,,,2.0,18.0,19.0,9.0,4.0,38.0,19.0,9.5,13419697,86680,MTL,Montreal Alouettes,Regular Season,2026-09-05T13:09:45.302148,2026
1012742,2,Jamal Peters,Jamal Peters,Defensive_DefensiveBack,Started,,,,,,,,,,,,,,,,,,,,,,,,1,0,0,1,0,0,0,,,,,,,,,,,,,,,,,,,,,,,14038505,83579,HAM,Hamilton Tiger-Cats,Regular Season,2026-09-05T13:09:45.302148,2026
1014479,37,Larry Rountree III,Larry Rountree III,Offensive_RunningBack,Started,,,,,,,,,,13.0,44.0,0,8,3.385,8.0,7.0,36.0,30.0,0.0,19.0,5.143,4.5,0.875,,,,,,,,,,,,,,,,,,,,,,,,,,,,,,14038505,83579,HAM,Hamilton Tiger-Cats,Regular Season,2026-09-05T13:09:45.302148,2026
1018050,16,Jake Dolegala,Jake Dolegala,Offensive_Quarterback,ActiveNotPlayed,,,,,,,,,,3.0,3.0,1,1,1.0,,,,,,,,,,,,,,,,,,,,,,,,,,,,,,,,,,,,,,,14038505,83579,HAM,Hamilton Tiger-Cats,Regular Season,2026-09-05T13:09:45.302148,2026
1080994,3,Quavian White,Quavian White,Defensive_DefensiveBack,Started,,,,,,,,,,,,,,,,,,,,,,,,7,0,0,0,0,0,0,,,,,,,,,,,,,,,,,,,,,,,14038505,83579,HAM,Hamilton Tiger-Cats,Regular Season,2026-09-05T13:09:45.302148,2026
1082505,44,Daniel Bell,Daniel Bell,Offensive_Fullback,ActiveNotPlayed,,,,,,,,,,,,,,,,,,,,,,,,0,0,0,0,0,0,1,,,,,,,,,,,,,,,,,,,,,,,14038505,83579,HAM,Hamilton Tiger-Cats,Regular Season,2026-09-05T13:09:45.302148,2026
1290182,7,Myron Mitchell,Myron Mitchell,Offensive_WideReceiver,Started,,,,,,,,,,,,,,,3.0,1.0,7.0,1.0,0.0,7.0,7.0,2.333,0.333,,,,,,,,,,,,,,,,,,,,,,,,,,1.0,7.0,7.0,7.0,14038505,83579,HAM,Hamilton Tiger-Cats,Regular Season,2026-09-05T13:09:45.302148,2026
1297961,48,Wynton McManis,Wynton McManis,Defensive_Linebacker,Started,,,,,,,,,,,,,,,,,,,,,,,,1,0,0,0,0,0,0,,,,,,,,,,,,,,,,,,,,,,,14038505,83579,HAM,Hamilton Tiger-Cats,Regular Season,2026-09-05T13:09:45.302148,2026
1345719,8,Keric Wheatfall,Keric Wheatfall,Offensive_WideReceiver,Started,,,,,,,,,,,,,,,4.0,4.0,52.0,17.0,0.0,35.0,13.0,13.0,1.0,,,,,,,,,,,,,,,,,,,,,,,,,,,,,,14038505,83579,HAM,Hamilton Tiger-Cats,Regular Season,2026-09-05T13:09:45.302148,2026
1349477,14,Kurleigh Gittens Jr.,Kurleigh Gittens Jr.,Offensive_WideReceiver,Started,,,,,,,,,,,,,,,5.0,5.0,57.0,20.0,0.0,15.0,11.4,11.4,1.0,,,,,,,,,,,,,,,,,,,,,,,,,,,,,,14038505,83579,HAM,Hamilton Tiger-Cats,Regular Season,2026-09-05T13:09:45.302148,2026
1349542,33,Marc Liegghio,Marc Liegghio,Kicker,ActiveNotPlayed,,,,,,,,,,,,,,,,,,,,,,,,,,,,,,,1.0,2.0,0.5,11,3.0,0.0,4.0,273.0,73.0,,,,,,,,,,,,,,14038505,83579,HAM,Hamilton Tiger-Cats,Regular Season,2026-09-05T13:09:45.302148,2026
1349621,30,Stavros Katsantonis,Stavros Katsantonis,Defensive_DefensiveBack,Started,,,,,,,,,,,,,,,,,,,,,,,,4,0,0,0,0,0,0,,,,,,,,,,,,,,,,,,,,,,,14038505,83579,HAM,Hamilton Tiger-Cats,Regular Season,2026-09-05T13:09:45.302148,2026
1349633,85,Kiondre Smith,Kiondre Smith,Offensive_WideReceiver,Started,,,,,,,,,,,,,,,4.0,2.0,32.0,13.0,0.0,21.0,16.0,8.0,0.5,,,,,,,,,,,,,,,,,,,,,,,,,,,,,,14038505,83579,HAM,Hamilton Tiger-Cats,Regular Season,2026-09-05T13:09:45.302148,2026
1349636,58,Gordon Whyte,Gordon Whyte,LongSnapper,ActiveNotPlayed,,,,,,,,,,,,,,,,,,,,,,,,0,0,0,0,0,0,1,,,,,,,,,,,,,,,,,,,,,,,14038505,83579,HAM,Hamilton Tiger-Cats,Regular Season,2026-09-05T13:09:45.302148,2026
1350470,5,Tre Ford,Tre Ford,Offensive_Quarterback,Started,21.0,27.0,0.778,218.0,1.0,1.0,35.0,8.074,7.148148148148148,10.0,109.0,0,24,10.9,,,,,,,,,,,,,,,,,,,,,,,,,,,,,,,,,,,,,,,14038505,83579,HAM,Hamilton Tiger-Cats,Regular Season,2026-09-05T13:09:45.302148,2026
1350503,34,Ante Milanovic-Litre,Ante Milanovic-Litre,Offensive_Fullback,ActiveNotPlayed,,,,,,,,,,1.0,1.0,1,1,1.0,,,,,,,,,,0,0,0,0,0,0,2,,,,,,,,,,,,,,,,,,,,,,,14038505,83579,HAM,Hamilton Tiger-Cats,Regular Season,2026-09-05T13:09:45.302148,2026
1350877,88,Tyler Ternowski,Tyler Ternowski,Offensive_WideReceiver,ActiveNotPlayed,,,,,,,,,,,,,,,,,,,,,,,,0,0,0,0,0,0,1,,,,,,,,,,,,,,,,,,,,,,,14038505,83579,HAM,Hamilton Tiger-Cats,Regular Season,2026-09-05T13:09:45.302148,2026
1400232,1,Reggie Stubblefield,Reggie Stubblefield,Defensive_Linebacker,Started,,,,,,,,,,,,,,,,,,,,,,,,5,1,0,0,0,0,0,,,,,,,,,,,,,,,,,,,,,,,14038505,83579,HAM,Hamilton Tiger-Cats,Regular Season,2026-09-05T13:09:45.302148,2026
1405203,24,Robert Panabaker,Robert Panabaker,Defensive_DefensiveBack,ActiveNotPlayed,,,,,,,,,,,,,,,,,,,,,,,,1,0,0,0,0,0,0,,,,,,,,,,,,,,,,,,,,,,,14038505,83579,HAM,Hamilton Tiger-Cats,Regular Season,2026-09-05T13:09:45.302148,2026
1464500,11,Isaiah Wooden,Isaiah Wooden,Offensive_WideReceiver,ActiveNotPlayed,,,,,,,,,,,,,,,,,,,,,,,,,,,,,,,,,,,,,,,,,,,,,4.0,119.0,54.0,29.75,3.0,30.0,14.0,10.0,14038505,83579,HAM,Hamilton Tiger-Cats,Regular Season,2026-09-05T13:09:45.302148,2026
1470629,25,Destin Talbert,Destin Talbert,Defensive_DefensiveBack,Started,,,,,,,,,,,,,,,,,,,,,,,,3,0,0,0,0,0,0,,,,,,,,,,,,,,,,,,,,,,,14038505,83579,HAM,Hamilton Tiger-Cats,Regular Season,2026-09-05T13:09:45.302148,2026
1470649,36,Ryan Baker,Ryan Baker,Defensive_Linebacker,ActiveNotPlayed,,,,,,,,,,,,,,,,,,,,,,,,2,0,0,0,0,0,1,,,,,,,,,,,,,,,,,,,,,,,14038505,83579,HAM,Hamilton Tiger-Cats,Regular Season,2026-09-05T13:09:45.302148,2026
1483388,6,Zamari Walton,Zamari Walton,Defensive_DefensiveBack,Started,,,,,,,,,,,,,,,,,,,,,,,,2,0,0,0,0,0,0,,,,,,,,,,,,,,,,,,,,,,,14038505,83579,HAM,Hamilton Tiger-Cats,Regular Season,2026-09-05T13:09:45.302148,2026
1484103,15,Craig Young,Craig Young,Defensive_Linebacker,ActiveNotPlayed,,,,,,,,,,,,,,,,,,,,,,,,0,0,0,0,0,0,1,,,,,,,,,,,,,,,,,,,,,,,14038505,83579,HAM,Hamilton Tiger-Cats,Regular Season,2026-09-05T13:09:45.302148,2026
1486123,0,Isaiah Bagnah,Isaiah Bagnah,Defensive_DefensiveLineman,ActiveNotPlayed,,,,,,,,,,,,,,,,,,,,,,,,2,0,0,0,0,0,0,,,,,,,,,,,,,,,,,,,,,,,14038505,83579,HAM,Hamilton Tiger-Cats,Regular Season,2026-09-05T13:09:45.302148,2026
1487519,70,Mitch McCarthy,Mitch McCarthy,Punter,ActiveNotPlayed,,,,,,,,,,,,,,,,,,,,,,,,,,,,,,,,,,,,,,,,4.0,203.0,50.75,54.0,0.0,,,,,,,,,14038505,83579,HAM,Hamilton Tiger-Cats,Regular Season,2026-09-05T13:09:45.302148,2026
1493140,93,Aamarii Notice,Aamarii Notice,Defensive_DefensiveLineman,ActiveNotPlayed,,,,,,,,,,,,,,,,,,,,,,,,1,0,0,0,0,0,0,,,,,,,,,,,,,,,,,,,,,,,14038505,83579,HAM,Hamilton Tiger-Cats,Regular Season,2026-09-05T13:09:45.302148,2026
1518663,32,Jordan Crook,Jordan Crook,Defensive_Linebacker,Started,,,,,,,,,,,,,,,,,,,,,,,,5,0,1,0,0,0,0,,,,,,,,,,,,,,,,,,,,,,,14038505,83579,HAM,Hamilton Tiger-Cats,Regular Season,2026-09-05T13:09:45.302148,2026
1602441,46,Philip Ossai,Philip Ossai,Defensive_DefensiveLineman,Started,,,,,,,,,,,,,,,,,,,,,,,,4,1,0,0,0,0,0,,,,,,,,,,,,,,,,,,,,,,,14038505,83579,HAM,Hamilton Tiger-Cats,Regular Season,2026-09-05T13:09:45.302148,2026
1752603,43,Loik Gagne,Loik Gagne,Defensive_Linebacker,ActiveNotPlayed,,,,,,,,,,,,,,,,,,,,,,,,0,0,0,0,0,0,1,,,,,,,,,,,,,,,,,,,,,,,14038505,83579,HAM,Hamilton Tiger-Cats,Regular Season,2026-09-05T13:09:45.302148,2026
998924,89,Kenny Lawler,Kenny Lawler,Offensive_WideReceiver,Started,,,,,,,,,,,,,,,3.0,2.0,34.0,9.0,1.0,25.0,17.0,11.333,0.667,1,0,0,0,0,0,0,,,,,,,,,,,,,,,,,,,,,,,14038505,83579,HAM,Hamilton Tiger-Cats,Regular Season,2026-09-05T13:09:45.302148,2026
1005577,86,Damonte Coxie,Damonte Coxie,Offensive_WideReceiver,Started,,,,,,,,,,,,,,,6.0,5.0,75.0,22.0,0.0,29.0,15.0,12.5,0.833,,,,,,,,,,,,,,,,,,,,,,,,,,,,,,14038505,122345,TOR,Toronto Argonauts,Regular Season,2026-09-05T13:09:45.302148,2026
1011747,99,Ralph Holley,Ralph Holley,Defensive_DefensiveLineman,Started,,,,,,,,,,,,,,,,,,,,,,,,5,1,1,0,0,0,0,,,,,,,,,,,,,,,,,,,,,,,14038505,122345,TOR,Toronto Argonauts,Regular Season,2026-09-05T13:09:45.302148,2026
1015150,2,Tarvarus McFadden,Tarvarus McFadden,Defensive_DefensiveBack,Started,,,,,,,,,,,,,,,,,,,,,,,,4,0,0,0,0,0,0,,,,,,,,,,,,,,,,,,,,,,,14038505,122345,TOR,Toronto Argonauts,Regular Season,2026-09-05T13:09:45.302148,2026
1016260,95,Jonathan Kongbo,Jonathan Kongbo,Defensive_DefensiveLineman,Started,,,,,,,,,,,,,,,,,,,,,,,,1,1,0,0,0,0,0,,,,,,,,,,,,,,,,,,,,,,,14038505,122345,TOR,Toronto Argonauts,Regular Season,2026-09-05T13:09:45.302148,2026
1022794,83,David Ungerer III,David Ungerer III,Offensive_WideReceiver,Started,,,,,,,,,,,,,,,6.0,3.0,23.0,18.0,1.0,10.0,7.667,3.833,0.5,,,,,,,,,,,,,,,,,,,,,,,,,,0.0,2.0,2.0,,14038505,122345,TOR,Toronto Argonauts,Regular Season,2026-09-05T13:09:45.302148,2026
1078483,34,Bubba Bolden,Bubba Bolden,Defensive_DefensiveBack,Started,,,,,,,,,,,,,,,,,,,,,,,,9,0,0,0,0,0,1,,,,,,,,,,,,,,,,,,,,,,,14038505,122345,TOR,Toronto Argonauts,Regular Season,2026-09-05T13:09:45.302148,2026
1299931,70,Lirim Hajrullahu,Lirim Hajrullahu,Kicker,ActiveNotPlayed,,,,,,,,,,,,,,,,,,,,,,,,,,,,,,,1.0,3.0,0.333,12,2.0,0.0,4.0,265.0,75.0,,,,,,,,,,,,,,14038505,122345,TOR,Toronto Argonauts,Regular Season,2026-09-05T13:09:45.302148,2026
1344428,15,Makai Polk,Makai Polk,Offensive_WideReceiver,Started,,,,,,,,,,,,,,,5.0,3.0,56.0,30.0,0.0,28.0,18.667,11.2,0.6,,,,,,,,,,,,,,,,,,,,,,,,,,,,,,14038505,122345,TOR,Toronto Argonauts,Regular Season,2026-09-05T13:09:45.302148,2026
1349460,1,DaShaun Amos,DaShaun Amos,Defensive_DefensiveBack,Started,,,,,,,,,,,,,,,,,,,,,,,,2,0,0,0,0,0,0,,,,,,,,,,,,,,,,,,,,,,,14038505,122345,TOR,Toronto Argonauts,Regular Season,2026-09-05T13:09:45.302148,2026
1349568,6,Adarius Pickett,Adarius Pickett,Defensive_Linebacker,Started,,,,,,,,,,,,,,,,,,,,,,,,6,0,0,0,0,0,0,,,,,,,,,,,,,,,,,,,,,,,14038505,122345,TOR,Toronto Argonauts,Regular Season,2026-09-05T13:09:45.302148,2026
1350456,4,Nick Arbuckle,Nick Arbuckle,Offensive_Quarterback,ActiveNotPlayed,,,,,,,,,,3.0,4.0,2,2,1.333,,,,,,,,,,,,,,,,,,,,,,,,,,,,,,,,,,,,,,,14038505,122345,TOR,Toronto Argonauts,Regular Season,2026-09-05T13:09:45.302148,2026
1357160,23,Benjie Franklin,Benjie Franklin,Defensive_DefensiveBack,Started,,,,,,,,,,,,,,,,,,,,,,,,4,0,0,1,0,0,0,,,,,,,,,,,,,,,,,,,,,,,14038505,122345,TOR,Toronto Argonauts,Regular Season,2026-09-05T13:09:45.302148,2026
1401657,35,Isaac Darkangelo,Isaac Darkangelo,Defensive_Linebacker,Started,,,,,,,,,,,,,,,,,,,,,,,,6,0,1,0,0,0,2,,,,,,,,,,,,,,,,,,,,,,,14038505,122345,TOR,Toronto Argonauts,Regular Season,2026-09-05T13:09:45.302148,2026
1468482,10,Kevin Mital,Kevin Mital,Offensive_WideReceiver,Started,,,,,,,,,,,,,,,8.0,5.0,56.0,38.0,0.0,20.0,11.2,7.0,0.625,,,,,,,,,,,,,,,,,,,,,,,,,,,,,,14038505,122345,TOR,Toronto Argonauts,Regular Season,2026-09-05T13:09:45.302148,2026
1473233,20,Derek Slywka,Derek Slywka,Defensive_Linebacker,ActiveNotPlayed,,,,,,,,,,,,,,,,,,,,,,,,3,0,0,0,0,0,2,,,,,,,,,,,,,,,,,,,,,,,14038505,122345,TOR,Toronto Argonauts,Regular Season,2026-09-05T13:09:45.302148,2026
1484829,14,James Burnip,James Burnip,Punter,ActiveNotPlayed,,,,,,,,,,,,,,,,,,,,,,,,0,0,0,0,0,0,1,,,,,,,,,,4.0,214.0,53.5,63.0,1.0,,,,,,,,,14038505,122345,TOR,Toronto Argonauts,Regular Season,2026-09-05T13:09:45.302148,2026
1485617,27,Owen Goss,Owen Goss,Defensive_Linebacker,Started,,,,,,,,,,,,,,,,,,,,,,,,2,0,0,0,0,0,2,,,,,,,,,,,,,,,,,,,,,,,14038505,122345,TOR,Toronto Argonauts,Regular Season,2026-09-05T13:09:45.302148,2026
1502167,91,Soane Toia,Soane Toia,Defensive_DefensiveLineman,Started,,,,,,,,,,,,,,,,,,,,,,,,2,0,0,0,0,0,0,,,,,,,,,,,,,,,,,,,,,,,14038505,122345,TOR,Toronto Argonauts,Regular Season,2026-09-05T13:09:45.302148,2026
1514598,0,Dymere Miller,Dymere Miller,Offensive_WideReceiver,ActiveNotPlayed,,,,,,,,,,,,,,,1.0,0.0,0.0,0.0,0.0,0.0,,,0.0,,,,,,,,,,,,,,,,,,,,,,4.0,159.0,72.0,39.75,4.0,34.0,17.0,8.5,14038505,122345,TOR,Toronto Argonauts,Regular Season,2026-09-05T13:09:45.302148,2026
1546577,94,Andrew Chatfield Jr,Andrew Chatfield Jr,Defensive_DefensiveLineman,Started,,,,,,,,,,,,,,,,,,,,,,,,1,0,0,0,0,0,0,,,,,,,,,,,,,,,,,,,,,,,14038505,122345,TOR,Toronto Argonauts,Regular Season,2026-09-05T13:09:45.302148,2026
1598895,82,Tyler Kahmann,Tyler Kahmann,Offensive_WideReceiver,Started,,,,,,,,,,,,,,,6.0,6.0,104.0,18.0,0.0,41.0,17.333,17.333,1.0,,,,,,,,,,,,,,,,,,,,,,,,,,,,,,14038505,122345,TOR,Toronto Argonauts,Regular Season,2026-09-05T13:09:45.302148,2026
1651882,24,Ethan John,Ethan John,Defensive_DefensiveBack,ActiveNotPlayed,,,,,,,,,,,,,,,,,,,,,,,,0,0,0,0,0,0,1,,,,,,,,,,,,,,,,,,,,,,,14038505,122345,TOR,Toronto Argonauts,Regular Season,2026-09-05T13:09:45.302148,2026
1712219,68,Desmond Bland,Desmond Bland,Offensive_OffensiveLineman,Started,,,,,,,,,,,,,,,,,,,,,,,,1,0,0,0,0,0,0,,,,,,,,,,,,,,,,,,,,,,,14038505,122345,TOR,Toronto Argonauts,Regular Season,2026-09-05T13:09:45.302148,2026
1722195,28,James Ceasar,James Ceasar,Defensive_DefensiveBack,Started,,,,,,,,,,,,,,,,,,,,,,,,2,0,0,0,0,0,0,,,,,,,,,,,,,,,,,,,,,,,14038505,122345,TOR,Toronto Argonauts,Regular Season,2026-09-05T13:09:45.302148,2026
1752323,25,Samuel Hicks,Samuel Hicks,Offensive_RunningBack,Started,,,,,,,,,,7.0,47.0,0,20,6.714,,,,,,,,,,,,,,,,,,,,,,,,,,,,,,,,,,,,,,,14038505,122345,TOR,Toronto Argonauts,Regular Season,2026-09-05T13:09:45.302148,2026
1752362,21,Isaiah Smith,Isaiah Smith,Offensive_RunningBack,ActiveNotPlayed,,,,,,,,,,3.0,15.0,0,8,5.0,3.0,3.0,8.0,8.0,0.0,8.0,2.667,2.667,1.0,,,,,,,,,,,,,,,,,,,,,,,,,,,,,,14038505,122345,TOR,Toronto Argonauts,Regular Season,2026-09-05T13:09:45.302148,2026
998710,12,Chad Kelly,Chad Kelly,Offensive_Quarterback,Started,25.0,35.0,0.714,322.0,1.0,1.0,41.0,9.2,8.485714285714286,2.0,29.0,0,18,14.5,,,,,,,,,,,,,,,,,,,,,,,,,,,,,,,,,,,,,,,14038505,122345,TOR,Toronto Argonauts,Regular Season,2026-09-05T13:09:45.302148,2026
1007078,7,Ayden Eberhardt,Ayden Eberhardt,Offensive_WideReceiver,Started,,,,,,,,,,,,,,,6.0,5.0,92.0,35.0,0.0,36.0,18.4,15.333,0.833,,,,,,,,,,,,,,,,,,,,,,,,,,,,,,13419699,88019,OTT,Ottawa RedBlacks,Regular Season,2026-09-05T13:09:45.302148,2026
1007273,4,Amari Henderson,Amari Henderson,Defensive_DefensiveBack,Started,,,,,,,,,,,,,,,,,,,,,,,,4,0,0,0,0,0,0,,,,,,,,,,,,,,,,,,,,,,,13419699,88019,OTT,Ottawa RedBlacks,Regular Season,2026-09-05T13:09:45.302148,2026
1007314,9,Shakur Brown,Shakur Brown,Defensive_DefensiveBack,Started,,,,,,,,,,,,,,,,,,,,,,,,6,0,0,0,0,0,0,,,,,,,,,,,,,,,,,,,,,,,13419699,88019,OTT,Ottawa RedBlacks,Regular Season,2026-09-05T13:09:45.302148,2026
1011917,8,C.J. Reavis,C.J. Reavis,Defensive_Linebacker,Started,,,,,,,,,,,,,,,,,,,,,,,,1,0,0,0,0,0,0,,,,,,,,,,,,,,,,,,,,,,,13419699,88019,OTT,Ottawa RedBlacks,Regular Season,2026-09-05T13:09:45.302148,2026
1012789,41,Brian Cole,Brian Cole,Defensive_Linebacker,ActiveNotPlayed,,,,,,,,,,,,,,,,,,,,,,,,0,0,0,0,0,0,1,,,,,,,,,,,,,,,,,,,,,,,13419699,88019,OTT,Ottawa RedBlacks,Regular Season,2026-09-05T13:09:45.302148,2026
1015046,83,Kalil Pimpleton,Kalil Pimpleton,Offensive_WideReceiver,Started,,,,,,,,,,1.0,3.0,0,3,3.0,6.0,5.0,101.0,47.0,0.0,41.0,20.2,16.833,0.833,,,,,,,,,,,,,,,,,,,,,,2.0,42.0,29.0,21.0,4.0,47.0,19.0,11.75,13419699,88019,OTT,Ottawa RedBlacks,Regular Season,2026-09-05T13:09:45.302148,2026
1019929,91,Bryce Carter,Bryce Carter,Defensive_DefensiveLineman,Started,,,,,,,,,,,,,,,,,,,,,,,,2,0,0,0,0,0,0,,,,,,,,,,,,,,,,,,,,,,,13419699,88019,OTT,Ottawa RedBlacks,Regular Season,2026-09-05T13:09:45.302148,2026
1021346,16,Dionte Ruffin,Dionte Ruffin,Defensive_DefensiveBack,Started,,,,,,,,,,,,,,,,,,,,,,,,2,0,0,0,0,0,0,,,,,,,,,,,,,,,,,,,,,,,13419699,88019,OTT,Ottawa RedBlacks,Regular Season,2026-09-05T13:09:45.302148,2026
1022991,6,Demerio Houston,Demerio Houston,Defensive_DefensiveBack,Started,,,,,,,,,,,,,,,,,,,,,,,,5,0,0,0,0,0,0,,,,,,,,,,,,,,,,,,,,,,,13419699,88019,OTT,Ottawa RedBlacks,Regular Season,2026-09-05T13:09:45.302148,2026
1080661,44,Luiji Vilain,Luiji Vilain,Defensive_DefensiveLineman,ActiveNotPlayed,,,,,,,,,,,,,,,,,,,,,,,,1,0,1,0,0,0,0,,,,,,,,,,,,,,,,,,,,,,,13419699,88019,OTT,Ottawa RedBlacks,Regular Season,2026-09-05T13:09:45.302148,2026
1080706,5,Greg Bell,Greg Bell,Offensive_RunningBack,Started,,,,,,,,,,14.0,65.0,0,14,4.643,4.0,3.0,29.0,13.0,0.0,24.0,9.667,7.25,0.75,,,,,,,,,,,,,,,,,,,,,,,,,,,,,,13419699,88019,OTT,Ottawa RedBlacks,Regular Season,2026-09-05T13:09:45.302148,2026
1083949,13,Jake Maier,Jake Maier,Offensive_Quarterback,Started,30.0,40.0,0.75,344.0,1.0,1.0,41.0,8.6,7.975,,,,,,,,,,,,,,,,,,,,,,,,,,,,,,,,,,,,,,,,,,,,13419699,88019,OTT,Ottawa RedBlacks,Regular Season,2026-09-05T13:09:45.302148,2026
1092881,20,Alonzo Addae,Alonzo Addae,Defensive_DefensiveBack,Started,,,,,,,,,,,,,,,,,,,,,,,,2,0,0,0,0,0,0,,,,,,,,,,,,,,,,,,,,,,,13419699,88019,OTT,Ottawa RedBlacks,Regular Season,2026-09-05T13:09:45.302148,2026
1349458,25,Daniel Adeboboye,Daniel Adeboboye,Offensive_RunningBack,ActiveNotPlayed,,,,,,,,,,3.0,11.0,0,5,3.667,2.0,2.0,7.0,2.0,0.0,5.0,3.5,3.5,1.0,,,,,,,,,,,,,,,,,,,,,,,,,,,,,,13419699,88019,OTT,Ottawa RedBlacks,Regular Season,2026-09-05T13:09:45.302148,2026
1349550,87,Eugene Lewis,Eugene Lewis,Offensive_WideReceiver,Started,,,,,,,,,,,,,,,7.0,3.0,22.0,3.0,0.0,10.0,7.333,3.143,0.429,,,,,,,,,,,,,,,,,,,,,,,,,,,,,,13419699,88019,OTT,Ottawa RedBlacks,Regular Season,2026-09-05T13:09:45.302148,2026
1349565,96,Michael Wakefield,Michael Wakefield,Defensive_DefensiveLineman,Started,,,,,,,,,,,,,,,,,,,,,,,,1,0,0,0,0,0,0,,,,,,,,,,,,,,,,,,,,,,,13419699,88019,OTT,Ottawa RedBlacks,Regular Season,2026-09-05T13:09:45.302148,2026
1350583,21,Brett Lauther,Brett Lauther,Kicker,ActiveNotPlayed,,,,,,,,,,,,,,,,,,,,,,,,,,,,,,,6.0,6.0,1.0,47,2.0,0.0,3.0,166.0,65.0,,,,,,,,,,,,,,13419699,88019,OTT,Ottawa RedBlacks,Regular Season,2026-09-05T13:09:45.302148,2026
1384790,0,A.J. Allen,A.J. Allen,Defensive_Linebacker,Started,,,,,,,,,,,,,,,,,,,,,,,,2,1,0,0,0,0,0,,,,,,,,,,,,,,,,,,,,,,,13419699,88019,OTT,Ottawa RedBlacks,Regular Season,2026-09-05T13:09:45.302148,2026
1397558,33,Noah Gettman,Noah Gettman,Kicker,ActiveNotPlayed,,,,,,,,,,,,,,,,,,,,,,,,,,,,,,,,,,,,,,,,4.0,188.0,47.0,65.0,0.0,,,,,,,,,13419699,88019,OTT,Ottawa RedBlacks,Regular Season,2026-09-05T13:09:45.302148,2026
1402692,55,Blessman Ta'ala,Blessman Ta'ala,Defensive_DefensiveLineman,Started,,,,,,,,,,,,,,,,,,,,,,,,1,0,0,0,0,0,0,,,,,,,,,,,,,,,,,,,,,,,13419699,88019,OTT,Ottawa RedBlacks,Regular Season,2026-09-05T13:09:45.302148,2026
1403950,19,Lucas Cormier,Lucas Cormier,Defensive_Linebacker,ActiveNotPlayed,,,,,,,,,,,,,,,,,,,,,,,,3,0,0,0,0,0,1,,,,,,,,,,,,,,,,,,,,,,,13419699,88019,OTT,Ottawa RedBlacks,Regular Season,2026-09-05T13:09:45.302148,2026
1403953,93,Aidan John,Aidan John,Defensive_DefensiveLineman,ActiveNotPlayed,,,,,,,,,,,,,,,,,,,,,,,,1,0,0,0,0,0,0,,,,,,,,,,,,,,,,,,,,,,,13419699,88019,OTT,Ottawa RedBlacks,Regular Season,2026-09-05T13:09:45.302148,2026
1497161,81,Keelan White,Keelan White,Offensive_WideReceiver,Started,,,,,,,,,,,,,,,8.0,6.0,42.0,17.0,0.0,10.0,7.0,5.25,0.75,,,,,,,,,,,,,,,,,,,,,,,,,,,,,,13419699,88019,OTT,Ottawa RedBlacks,Regular Season,2026-09-05T13:09:45.302148,2026
1509655,36,Aaron Casey,Aaron Casey,Defensive_Linebacker,Started,,,,,,,,,,,,,,,,,,,,,,,,5,0,0,0,0,0,0,,,,,,,,,,,,,,,,,,,,,,,13419699,88019,OTT,Ottawa RedBlacks,Regular Season,2026-09-05T13:09:45.302148,2026
1510991,32,K.J. Cloyd,K.J. Cloyd,Defensive_Linebacker,ActiveNotPlayed,,,,,,,,,,,,,,,,,,,,,,,,0,0,0,0,0,0,2,,,,,,,,,,,,,,,,,,,,,,,13419699,88019,OTT,Ottawa RedBlacks,Regular Season,2026-09-05T13:09:45.302148,2026
1515021,17,Bryson Barnes,Bryson Barnes,Offensive_Quarterback,ActiveNotPlayed,,,,,,,,,,9.0,14.0,1,3,1.556,,,,,,,,,,,,,,,,,,,,,,,,,,,,,,,,,,,,,,,13419699,88019,OTT,Ottawa RedBlacks,Regular Season,2026-09-05T13:09:45.302148,2026
1602463,15,Eric Cumberbatch,Eric Cumberbatch,Defensive_DefensiveBack,ActiveNotPlayed,,,,,,,,,,,,,,,,,,,,,,,,0,0,0,0,0,0,1,,,,,,,,,,,,,,,,,,,,,,,13419699,88019,OTT,Ottawa RedBlacks,Regular Season,2026-09-05T13:09:45.302148,2026
1752918,24,Benjamin Dobson,Benjamin Dobson,Defensive_Linebacker,ActiveNotPlayed,,,,,,,,,,,,,,,,,,,,,,,,1,0,0,0,0,0,0,,,,,,,,,,,,,,,,,,,,,,,13419699,88019,OTT,Ottawa RedBlacks,Regular Season,2026-09-05T13:09:45.302148,2026
1753018,94,Charlie Parks,Charlie Parks,Defensive_DefensiveLineman,ActiveNotPlayed,,,,,,,,,,,,,,,,,,,,,,,,0,0,0,0,0,0,1,,,,,,,,,,,,,,,,,,,,,,,13419699,88019,OTT,Ottawa RedBlacks,Regular Season,2026-09-05T13:09:45.302148,2026
835400,2,Justin Hardy,Justin Hardy,Offensive_WideReceiver,Started,,,,,,,,,,,,,,,7.0,6.0,51.0,2.0,1.0,13.0,8.5,7.286,0.857,,,,,,,,,,,,,,,,,,,,,,,,,,,,,,13419699,88019,OTT,Ottawa RedBlacks,Regular Season,2026-09-05T13:09:45.302148,2026
1003413,4,Dru Brown,Dru Brown,Offensive_Quarterback,Started,27.0,43.0,0.628,317.0,2.0,0.0,26.0,7.372,8.30232558139535,1.0,5.0,0,5,5.0,,,,,,,,,,,,,,,,,,,,,,,,,,,,,,,,,,,,,,,13419699,110380,WPG,Winnipeg Blue Bombers,Regular Season,2026-09-05T13:09:45.302148,2026
1003939,1,Deatrick Nichols,Deatrick Nichols,Defensive_DefensiveBack,Started,,,,,,,,,,,,,,,,,,,,,,,,3,0,0,0,0,0,0,,,,,,,,,,,,,,,,,,,,,,,13419699,110380,WPG,Winnipeg Blue Bombers,Regular Season,2026-09-05T13:09:45.302148,2026
1012104,39,Jaylen Smith,Jaylen Smith,Defensive_Linebacker,ActiveNotPlayed,,,,,,,,,,,,,,,,,,,,,,,,2,0,0,0,0,0,0,,,,,,,,,,,,,,,,,,,,,,,13419699,110380,WPG,Winnipeg Blue Bombers,Regular Season,2026-09-05T13:09:45.302148,2026
1014288,33,Tony Jones,Tony Jones,Defensive_Linebacker,Started,,,,,,,,,,,,,,,,,,,,,,,,8,0,0,0,0,0,0,,,,,,,,,,,,,,,,,,,,,,,13419699,110380,WPG,Winnipeg Blue Bombers,Regular Season,2026-09-05T13:09:45.302148,2026
1015193,80,Ontaria Wilson,Ontaria Wilson,Offensive_WideReceiver,Started,,,,,,,,,,,,,,,15.0,7.0,64.0,15.0,1.0,19.0,9.143,4.267,0.467,,,,,,,,,,,,,,,,,,,,,,,,,,,,,,13419699,110380,WPG,Winnipeg Blue Bombers,Regular Season,2026-09-05T13:09:45.302148,2026
1018781,12,Tim White,Tim White,Offensive_WideReceiver,Started,,,,,,,,,,,,,,,9.0,7.0,97.0,25.0,0.0,25.0,13.857,10.778,0.778,,,,,,,,,,,,,,,,,,,,,,,,,,,,,,13419699,110380,WPG,Winnipeg Blue Bombers,Regular Season,2026-09-05T13:09:45.302148,2026
1078857,9,Bryce Perkins,Bryce Perkins,Offensive_Quarterback,ActiveNotPlayed,,,,,,,,,,1.0,1.0,0,1,1.0,,,,,,,,,,,,,,,,,,,,,,,,,,,,,,,,,,,,,,,13419699,110380,WPG,Winnipeg Blue Bombers,Regular Season,2026-09-05T13:09:45.302148,2026
1082157,31,Evan Holm,Evan Holm,Defensive_DefensiveBack,Started,,,,,,,,,,,,,,,,,,,,,,,,7,0,0,0,0,0,1,,,,,,,,,,,,,,,,,,,,,,,13419699,110380,WPG,Winnipeg Blue Bombers,Regular Season,2026-09-05T13:09:45.302148,2026
1082183,20,Brady Oliveira,Brady Oliveira,Offensive_RunningBack,Started,,,,,,,,,,10.0,48.0,0,20,4.8,2.0,1.0,4.0,0.0,0.0,4.0,4.0,2.0,0.5,,,,,,,,,,,,,,,,,,,,,,,,,,,,,,13419699,110380,WPG,Winnipeg Blue Bombers,Regular Season,2026-09-05T13:09:45.302148,2026
1243886,14,Sergio Castillo,Sergio Castillo,Kicker,ActiveNotPlayed,,,,,,,,,,,,,,,,,,,,,,,,,,,,,,,6.0,6.0,1.0,53,2.0,0.0,3.0,202.0,73.0,,,,,,,,,,,,,,13419699,110380,WPG,Winnipeg Blue Bombers,Regular Season,2026-09-05T13:09:45.302148,2026
1349490,83,Tommy Nield,Tommy Nield,Offensive_WideReceiver,Started,,,,,,,,,,,,,,,7.0,4.0,48.0,8.0,0.0,16.0,12.0,6.857,0.571,,,,,,,,,,,,,,,,,,,,,,,,,,,,,,13419699,110380,WPG,Winnipeg Blue Bombers,Regular Season,2026-09-05T13:09:45.302148,2026
1349512,47,Tanner Cadwallader,Tanner Cadwallader,Defensive_Linebacker,ActiveNotPlayed,,,,,,,,,,,,,,,,,,,,,,,,0,0,0,0,0,0,1,,,,,,,,,,,,,,,,,,,,,,,13419699,110380,WPG,Winnipeg Blue Bombers,Regular Season,2026-09-05T13:09:45.302148,2026
1349519,10,Nic Demski,Nic Demski,Offensive_WideReceiver,Started,,,,,,,,,,,,,,,6.0,5.0,90.0,15.0,1.0,26.0,18.0,15.0,0.833,,,,,,,,,,,,,,,,,,,,,,,,,,,,,,13419699,110380,WPG,Winnipeg Blue Bombers,Regular Season,2026-09-05T13:09:45.302148,2026
1349534,21,Nick Hallett,Nick Hallett,Defensive_DefensiveBack,ActiveNotPlayed,,,,,,,,,,,,,,,,,,,,,,,,0,0,0,0,0,0,1,,,,,,,,,,,,,,,,,,,,,,,13419699,110380,WPG,Winnipeg Blue Bombers,Regular Season,2026-09-05T13:09:45.302148,2026
1349540,6,Redha Kramdi,Redha Kramdi,Defensive_DefensiveBack,Started,,,,,,,,,,,,,,,,,,,,,,,,3,0,0,0,0,0,0,,,,,,,,,,,,,,,,,,,,,,,13419699,110380,WPG,Winnipeg Blue Bombers,Regular Season,2026-09-05T13:09:45.302148,2026
1349561,19,Kyrie Wilson,Kyrie Wilson,Defensive_Linebacker,Started,,,,,,,,,,,,,,,,,,,,,,,,5,0,0,0,0,0,0,,,,,,,,,,,,,,,,,,,,,,,13419699,110380,WPG,Winnipeg Blue Bombers,Regular Season,2026-09-05T13:09:45.302148,2026
1384562,82,Gavin Cobb,Gavin Cobb,Offensive_WideReceiver,Started,,,,,,,,,,,,,,,1.0,1.0,3.0,0.0,0.0,3.0,3.0,3.0,1.0,,,,,,,,,,,,,,,,,,,,,,,,,,,,,,13419699,110380,WPG,Winnipeg Blue Bombers,Regular Season,2026-09-05T13:09:45.302148,2026
1397520,32,Michael Griffin II,Michael Griffin II,Defensive_Linebacker,Started,,,,,,,,,,,,,,,,,,,,,,,,8,0,0,0,0,0,0,,,,,,,,,,,,,,,,,,,,,,,13419699,110380,WPG,Winnipeg Blue Bombers,Regular Season,2026-09-05T13:09:45.302148,2026
1401587,49,Michael Ayers,Michael Ayers,Defensive_Linebacker,ActiveNotPlayed,,,,,,,,,,,,,,,,,,,,,,,,0,0,0,0,0,0,2,,,,,,,,,,,,,,,,,,,,,,,13419699,110380,WPG,Winnipeg Blue Bombers,Regular Season,2026-09-05T13:09:45.302148,2026
1403880,16,Jake Kelly,Jake Kelly,Defensive_DefensiveBack,ActiveNotPlayed,,,,,,,,,,,,,,,,,,,,,,,,3,0,0,1,0,0,0,,,,,,,,,,,,,,,,,,,,,,,13419699,110380,WPG,Winnipeg Blue Bombers,Regular Season,2026-09-05T13:09:45.302148,2026
1403894,18,Jamieson Sheahan,Jamieson Sheahan,Punter,ActiveNotPlayed,,,,,,,,,,,,,,,,,,,,,,,,,,,,,,,,,,,,,,,,4.0,207.0,51.75,57.0,0.0,,,,,,,,,13419699,110380,WPG,Winnipeg Blue Bombers,Regular Season,2026-09-05T13:09:45.302148,2026
1464504,23,Trey Vaval,Trey Vaval,Defensive_DefensiveBack,ActiveNotPlayed,,,,,,,,,,,,,,,,,,,,,,,,,,,,,,,,,,,,,,,,,,,,,2.0,38.0,21.0,19.0,3.0,44.0,22.0,14.667,13419699,110380,WPG,Winnipeg Blue Bombers,Regular Season,2026-09-05T13:09:45.302148,2026
1468039,25,Michael Chris-Ike,Michael Chris-Ike,Offensive_RunningBack,ActiveNotPlayed,,,,,,,,,,2.0,6.0,0,3,3.0,,,,,,,,,,0,0,0,0,0,0,1,,,,,,,,,,,,,,,,,,,,,,,13419699,110380,WPG,Winnipeg Blue Bombers,Regular Season,2026-09-05T13:09:45.302148,2026
1485301,93,Michael Fletcher,Michael Fletcher,Defensive_Tackle,Started,,,,,,,,,,,,,,,,,,,,,,,,3,1,1,0,0,0,0,,,,,,,,,,,,,,,,,,,,,,,13419699,110380,WPG,Winnipeg Blue Bombers,Regular Season,2026-09-05T13:09:45.302148,2026
1487645,45,David Reese,David Reese,Defensive_End,Started,,,,,,,,,,,,,,,,,,,,,,,,2,0,0,0,0,0,0,,,,,,,,,,,,,,,,,,,,,,,13419699,110380,WPG,Winnipeg Blue Bombers,Regular Season,2026-09-05T13:09:45.302148,2026
1489480,40,Nuer Gatkuoth,Nuer Gatkuoth,Defensive_End,ActiveNotPlayed,,,,,,,,,,,,,,,,,,,,,,,,1,0,0,0,0,0,0,,,,,,,,,,,,,,,,,,,,,,,13419699,110380,WPG,Winnipeg Blue Bombers,Regular Season,2026-09-05T13:09:45.302148,2026
1498158,81,Joey Corcoran,Joey Corcoran,Offensive_WideReceiver,ActiveNotPlayed,,,,,,,,,,,,,,,1.0,1.0,5.0,0.0,0.0,5.0,5.0,5.0,1.0,,,,,,,,,,,,,,,,,,,,,,,,,,,,,,13419699,110380,WPG,Winnipeg Blue Bombers,Regular Season,2026-09-05T13:09:45.302148,2026
1500766,44,Kydran Jenkins,Kydran Jenkins,Defensive_End,ActiveNotPlayed,,,,,,,,,,,,,,,,,,,,,,,,1,0,0,0,0,0,0,,,,,,,,,,,,,,,,,,,,,,,13419699,110380,WPG,Winnipeg Blue Bombers,Regular Season,2026-09-05T13:09:45.302148,2026
1636948,24,Major Williams,Major Williams,Defensive_DefensiveBack,Started,,,,,,,,,,,,,,,,,,,,,,,,4,0,0,0,0,0,0,,,,,,,,,,,,,,,,,,,,,,,13419699,110380,WPG,Winnipeg Blue Bombers,Regular Season,2026-09-05T13:09:45.302148,2026
1752357,87,Dante Daniels,Dante Daniels,Offensive_TightEnd,ActiveNotPlayed,,,,,,,,,,,,,,,1.0,1.0,6.0,0.0,0.0,6.0,6.0,6.0,1.0,,,,,,,,,,,,,,,,,,,,,,1.0,9.0,9.0,9.0,,,,,13419699,110380,WPG,Winnipeg Blue Bombers,Regular Season,2026-09-05T13:09:45.302148,2026
757943,5,Willie Jefferson,Willie Jefferson,Defensive_End,Started,,,,,,,,,,,,,,,,,,,,,,,,1,1,0,0,0,0,0,,,,,,,,,,,,,,,,,,,,,,,13419699,110380,WPG,Winnipeg Blue Bombers,Regular Season,2026-09-05T13:09:45.302148,2026
999581,2,Jonathan Moxey,Jonathan Moxey,Defensive_DefensiveBack,Started,,,,,,,,,,,,,,,,,,,,,,,,3,0,0,0,0,0,0,,,,,,,,,,,,,,,,,,,,,,,13419699,110380,WPG,Winnipeg Blue Bombers,Regular Season,2026-09-05T13:09:45.302148,2026
1007936,17,Tommy Stevens,Tommy Stevens,Offensive_Quarterback,ActiveNotPlayed,,,,,,,,,,3.0,4.0,0,2,1.333,,,,,,,,,,,,,,,,,,,,,,,,,,,,,,,,,,,,,,,13419700,106752,SSK,Saskatchewan Roughriders,Regular Season,2026-09-05T13:09:45.302148,2026
1008130,5,Antoine Brooks Jr.,Antoine Brooks Jr.,Defensive_Linebacker,Started,,,,,,,,,,,,,,,,,,,,,,,,6,1,0,0,0,1,0,,,,,,,,,,,,,,,,,,,,,,,13419700,106752,SSK,Saskatchewan Roughriders,Regular Season,2026-09-05T13:09:45.302148,2026
1012862,2,Josh Woods,Josh Woods,Defensive_Linebacker,Started,,,,,,,,,,,,,,,,,,,,,,,,6,0,1,0,0,0,0,,,,,,,,,,,,,,,,,,,,,,,13419700,106752,SSK,Saskatchewan Roughriders,Regular Season,2026-09-05T13:09:45.302148,2026
1014314,22,Damarcus Fields,Damarcus Fields,Defensive_DefensiveBack,Started,,,,,,,,,,,,,,,,,,,,,,,,7,0,0,0,0,0,0,,,,,,,,,,,,,,,,,,,,,,,13419700,106752,SSK,Saskatchewan Roughriders,Regular Season,2026-09-05T13:09:45.302148,2026
1014484,47,Aubrey Miller Jr.,Aubrey Miller Jr.,Defensive_Linebacker,ActiveNotPlayed,,,,,,,,,,,,,,,,,,,,,,,,0,0,0,0,0,0,1,,,,,,,,,,,,,,,,,,,,,,,13419700,106752,SSK,Saskatchewan Roughriders,Regular Season,2026-09-05T13:09:45.302148,2026
1014683,95,Devin Adams,Devin Adams,Defensive_DefensiveLineman,ActiveNotPlayed,,,,,,,,,,,,,,,,,,,,,,,,3,0,1,0,0,0,0,,,,,,,,,,,,,,,,,,,,,,,13419700,106752,SSK,Saskatchewan Roughriders,Regular Season,2026-09-05T13:09:45.302148,2026
1020372,3,KeeSean Johnson,KeeSean Johnson,Offensive_WideReceiver,Started,,,,,,,,,,,,,,,11.0,7.0,88.0,14.0,1.0,23.0,12.571,8.0,0.636,1,0,0,0,0,0,0,,,,,,,,,,,,,,,,,,,,,,,13419700,106752,SSK,Saskatchewan Roughriders,Regular Season,2026-09-05T13:09:45.302148,2026
1021683,45,A.J. Ouellette,A.J. Ouellette,Offensive_RunningBack,Started,,,,,,,,,,12.0,52.0,0,11,4.333,1.0,1.0,12.0,12.0,0.0,12.0,12.0,12.0,1.0,,,,,,,,,,,,,,,,,,,,,,,,,,,,,,13419700,106752,SSK,Saskatchewan Roughriders,Regular Season,2026-09-05T13:09:45.302148,2026
1077098,19,Samuel Emilus,Samuel Emilus,Offensive_WideReceiver,Started,,,,,,,,,,,,,,,10.0,8.0,84.0,36.0,1.0,19.0,10.5,8.4,0.8,,,,,,,,,,,,,,,,,,,,,,,,,,,,,,13419700,106752,SSK,Saskatchewan Roughriders,Regular Season,2026-09-05T13:09:45.302148,2026
1130108,6,Jameer Thurman,Jameer Thurman,Defensive_Linebacker,Started,,,,,,,,,,,,,,,,,,,,,,,,3,0,1,0,0,0,1,,,,,,,,,,,,,,,,,,,,,,,13419700,106752,SSK,Saskatchewan Roughriders,Regular Season,2026-09-05T13:09:45.302148,2026
1130112,9,James Vaughters,James Vaughters,Defensive_DefensiveLineman,Started,,,,,,,,,,,,,,,,,,,,,,,,2,1,0,0,0,0,0,,,,,,,,,,,,,,,,,,,,,,,13419700,106752,SSK,Saskatchewan Roughriders,Regular Season,2026-09-05T13:09:45.302148,2026
1131432,26,Tevaughn Campbell,Tevaughn Campbell,Defensive_DefensiveBack,Started,,,,,,,,,,,,,,,,,,,,,,,,2,0,0,0,0,0,0,,,,,,,,,,,,,,,,,,,,,,,13419700,106752,SSK,Saskatchewan Roughriders,Regular Season,2026-09-05T13:09:45.302148,2026
1349536,7,Trevor Harris,Trevor Harris,Offensive_Quarterback,Started,26.0,36.0,0.722,386.0,4.0,1.0,56.0,10.722,11.694444444444445,1.0,4.0,0,4,4.0,,,,,,,,,,,,,,,,,,,,,,,,,,,,,,,,,,,,,,,13419700,106752,SSK,Saskatchewan Roughriders,Regular Season,2026-09-05T13:09:45.302148,2026
1350465,42,Mike Rose,Mike Rose,Defensive_DefensiveLineman,Started,,,,,,,,,,,,,,,,,,,,,,,,1,1,0,0,0,0,0,,,,,,,,,,,,,,,,,,,,,,,13419700,106752,SSK,Saskatchewan Roughriders,Regular Season,2026-09-05T13:09:45.302148,2026
1350617,89,Kian Schaffer-Baker,Kian Schaffer-Baker,Offensive_WideReceiver,Started,,,,,,,,,,,,,,,10.0,8.0,185.0,52.0,1.0,56.0,23.125,18.5,0.8,,,,,,,,,,,,,,,,,,,,,,,,,,,,,,13419700,106752,SSK,Saskatchewan Roughriders,Regular Season,2026-09-05T13:09:45.302148,2026
1384818,31,Jonathan Edouard,Jonathan Edouard,Defensive_DefensiveBack,ActiveNotPlayed,,,,,,,,,,,,,,,,,,,,,,,,1,0,0,0,0,0,3,,,,,,,,,,,,,,,,,,,,,,,13419700,106752,SSK,Saskatchewan Roughriders,Regular Season,2026-09-05T13:09:45.302148,2026
1404092,30,Thomas Bertrand-Hudon,Thomas Bertrand-Hudon,Offensive_RunningBack,ActiveNotPlayed,,,,,,,,,,3.0,9.0,0,4,3.0,,,,,,,,,,0,0,0,0,0,0,1,,,,,,,,,,,,,,,1.0,20.0,20.0,20.0,,,,,13419700,106752,SSK,Saskatchewan Roughriders,Regular Season,2026-09-05T13:09:45.302148,2026
1404980,21,Jaxon Ford,Jaxon Ford,Defensive_DefensiveBack,Started,,,,,,,,,,,,,,,,,,,,,,,,3,0,0,0,0,0,0,,,,,,,,,,,,,,,,,,,,,,,13419700,106752,SSK,Saskatchewan Roughriders,Regular Season,2026-09-05T13:09:45.302148,2026
1468449,18,Dhel Duncan-Busby,Dhel Duncan-Busby,Offensive_WideReceiver,Started,,,,,,,,,,,,,,,1.0,1.0,7.0,0.0,1.0,7.0,7.0,7.0,1.0,,,,,,,,,,,,,,,,,,,,,,,,,,,,,,13419700,106752,SSK,Saskatchewan Roughriders,Regular Season,2026-09-05T13:09:45.302148,2026
1468451,28,Melique Straker,Melique Straker,Defensive_Linebacker,ActiveNotPlayed,,,,,,,,,,,,,,,,,,,,,,,,0,0,0,0,0,0,1,,,,,,,,,,,,,,,,,,,,,,,13419700,106752,SSK,Saskatchewan Roughriders,Regular Season,2026-09-05T13:09:45.302148,2026
1510443,11,Alex Hale,Alex Hale,Kicker,ActiveNotPlayed,,,,,,,,,,,,,,,,,,,,,,,,,,,,,,,2.0,3.0,0.667,48,4.0,0.0,6.0,339.0,75.0,,,,,,,,,,,,,,13419700,106752,SSK,Saskatchewan Roughriders,Regular Season,2026-09-05T13:09:45.302148,2026
1512298,91,Oscar Chapman,Oscar Chapman,Punter,ActiveNotPlayed,,,,,,,,,,,,,,,,,,,,,,,,0,0,0,0,0,0,1,,,,,,,,,,5.0,235.0,47.0,55.0,1.0,,,,,,,,,13419700,106752,SSK,Saskatchewan Roughriders,Regular Season,2026-09-05T13:09:45.302148,2026
1514403,88,Johnny Johnson III,Johnny Johnson III,Offensive_WideReceiver,Started,,,,,,,,,,,,,,,3.0,1.0,10.0,10.0,0.0,10.0,10.0,3.333,0.333,,,,,,,,,,,,,,,,,,,,,,3.0,75.0,29.0,25.0,,,,,13419700,106752,SSK,Saskatchewan Roughriders,Regular Season,2026-09-05T13:09:45.302148,2026
1514743,48,David Gbenda,David Gbenda,Defensive_Linebacker,ActiveNotPlayed,,,,,,,,,,,,,,,,,,,,,,,,0,0,0,0,0,0,1,,,,,,,,,,,,,,,,,,,,,,,13419700,106752,SSK,Saskatchewan Roughriders,Regular Season,2026-09-05T13:09:45.302148,2026
1515774,43,Nick Wiebe,Nick Wiebe,Defensive_Linebacker,ActiveNotPlayed,,,,,,,,,,,,,,,,,,,,,,,,0,0,0,0,0,0,1,,,,,,,,,,,,,,,,,,,,,,,13419700,106752,SSK,Saskatchewan Roughriders,Regular Season,2026-09-05T13:09:45.302148,2026
1520557,90,Jaylen Pate,Jaylen Pate,Defensive_DefensiveLineman,ActiveNotPlayed,,,,,,,,,,,,,,,,,,,,,,,,1,0,0,0,0,0,0,,,,,,,,,,,,,,,,,,,,,,,13419700,106752,SSK,Saskatchewan Roughriders,Regular Season,2026-09-05T13:09:45.302148,2026
1602300,87,Daniel Wiebe,Daniel Wiebe,Offensive_WideReceiver,ActiveNotPlayed,,,,,,,,,,,,,,,,,,,,,,,,,,,,,,,,,,,,,,,,,,,,,,,,,2.0,25.0,17.0,12.5,13419700,106752,SSK,Saskatchewan Roughriders,Regular Season,2026-09-05T13:09:45.302148,2026
999126,8,Marcus Sayles,Marcus Sayles,Defensive_DefensiveBack,Started,,,,,,,,,,,,,,,,,,,,,,,,2,0,0,0,0,0,0,,,,,,,,,,,,,,,,,,,,,,,13419700,106752,SSK,Saskatchewan Roughriders,Regular Season,2026-09-05T13:09:45.302148,2026
999771,0,Rolan Milligan Jr.,Rolan Milligan Jr.,Defensive_DefensiveBack,Started,,,,,,,,,,,,,,,,,,,,,,,,1,0,0,0,0,0,0,,,,,,,,,,,,,,,,,,,,,,,13419700,106752,SSK,Saskatchewan Roughriders,Regular Season,2026-09-05T13:09:45.302148,2026
1005323,3,Austin Mack,Austin Mack,Offensive_WideReceiver,Started,,,,,,,,,,,,,,,6.0,4.0,173.0,82.0,2.0,81.0,43.25,28.833,0.667,,,,,,,,,,,,,,,,,,,,,,,,,,,,,,13419700,114347,EDM,Edmonton Elks,Regular Season,2026-09-05T13:09:45.302148,2026
1005963,0,Kobe Williams,Kobe Williams,Defensive_DefensiveBack,ActiveNotPlayed,,,,,,,,,,,,,,,,,,,,,,,,1,0,0,0,0,0,1,,,,,,,,,,,,,,,,,,,,,,,13419700,114347,EDM,Edmonton Elks,Regular Season,2026-09-05T13:09:45.302148,2026
1006559,10,Jake Julien,Jake Julien,Punter,ActiveNotPlayed,,,,,,,,,,,,,,,,,,,,,,,,,,,,,,,,,,,,,,,,4.0,248.0,62.0,79.0,1.0,,,,,,,,,13419700,114347,EDM,Edmonton Elks,Regular Season,2026-09-05T13:09:45.302148,2026
1007365,5,Justin Rankin,Justin Rankin,Offensive_RunningBack,Started,,,,,,,,,,12.0,39.0,0,9,3.25,3.0,3.0,27.0,24.0,0.0,11.0,9.0,9.0,1.0,,,,,,,,,,,,,,,,,,,,,,,,,,,,,,13419700,114347,EDM,Edmonton Elks,Regular Season,2026-09-05T13:09:45.302148,2026
1008706,92,Noah Curtis,Noah Curtis,Defensive_DefensiveLineman,ActiveNotPlayed,,,,,,,,,,,,,,,,,,,,,,,,1,0,0,0,0,0,0,,,,,,,,,,,,,,,,,,,,,,,13419700,114347,EDM,Edmonton Elks,Regular Season,2026-09-05T13:09:45.302148,2026
1009107,22,Javon Leake,Javon Leake,Offensive_RunningBack,ActiveNotPlayed,,,,,,,,,,1.0,-1.0,0,-1,-1.0,1.0,1.0,12.0,10.0,1.0,12.0,12.0,12.0,1.0,,,,,,,,,,,,,,,,,,,,,,4.0,74.0,24.0,18.5,5.0,47.0,19.0,9.4,13419700,114347,EDM,Edmonton Elks,Regular Season,2026-09-05T13:09:45.302148,2026
1011445,50,Joel Dublanko,Joel Dublanko,Defensive_Linebacker,Started,,,,,,,,,,,,,,,,,,,,,,,,4,0,0,0,0,0,0,,,,,,,,,,,,,,,,,,,,,,,13419700,114347,EDM,Edmonton Elks,Regular Season,2026-09-05T13:09:45.302148,2026
1013556,6,Brendan O'Leary-Orange,Brendan O'Leary-Orange,Offensive_WideReceiver,Started,,,,,,,,,,,,,,,5.0,5.0,59.0,20.0,1.0,23.0,11.8,11.8,1.0,,,,,,,,,,,,,,,,,,,,,,,,,,,,,,13419700,114347,EDM,Edmonton Elks,Regular Season,2026-09-05T13:09:45.302148,2026
1014004,32,Leonard Johnson,Leonard Johnson,Defensive_DefensiveBack,Started,,,,,,,,,,,,,,,,,,,,,,,,1,0,0,0,0,0,1,,,,,,,,,,,,,,,,,,,,,,,13419700,114347,EDM,Edmonton Elks,Regular Season,2026-09-05T13:09:45.302148,2026
1016182,2,Malik Carney,Malik Carney,Defensive_DefensiveLineman,Started,,,,,,,,,,,,,,,,,,,,,,,,3,1,0,0,0,0,0,,,,,,,,,,,,,,,,,,,,,,,13419700,114347,EDM,Edmonton Elks,Regular Season,2026-09-05T13:09:45.302148,2026
1079457,43,Brock Mogensen,Brock Mogensen,Defensive_Linebacker,ActiveNotPlayed,,,,,,,,,,,,,,,,,,,,,,,,0,0,0,0,0,0,1,,,,,,,,,,,,,,,1.0,0.0,0.0,0.0,,,,,13419700,114347,EDM,Edmonton Elks,Regular Season,2026-09-05T13:09:45.302148,2026
1084057,91,Jared Brinkman,Jared Brinkman,Defensive_DefensiveLineman,Started,,,,,,,,,,,,,,,,,,,,,,,,1,0,0,0,0,0,0,,,,,,,,,,,,,,,,,,,,,,,13419700,114347,EDM,Edmonton Elks,Regular Season,2026-09-05T13:09:45.302148,2026
1349527,30,Tyrell Ford,Tyrell Ford,Defensive_DefensiveBack,Started,,,,,,,,,,,,,,,,,,,,,,,,2,0,0,0,0,0,0,,,,,,,,,,,,,,,,,,,,,,,13419700,114347,EDM,Edmonton Elks,Regular Season,2026-09-05T13:09:45.302148,2026
1349549,11,Kaion Julien-Grant,Kaion Julien-Grant,Offensive_WideReceiver,Started,,,,,,,,,,,,,,,2.0,1.0,68.0,26.0,0.0,68.0,68.0,34.0,0.5,,,,,,,,,,,,,,,,,,,,,,,,,,,,,,13419700,114347,EDM,Edmonton Elks,Regular Season,2026-09-05T13:09:45.302148,2026
1350572,7,Cody Fajardo,Cody Fajardo,Offensive_Quarterback,Started,25.0,32.0,0.781,510.0,4.0,0.0,81.0,15.938,18.4375,2.0,5.0,0,4,2.5,,,,,,,,,,1,0,0,0,0,0,0,,,,,,,,,,,,,,,,,,,,,,,13419700,114347,EDM,Edmonton Elks,Regular Season,2026-09-05T13:09:45.302148,2026
1408288,88,T.J. Luther,T.J. Luther,Offensive_WideReceiver,Started,,,,,,,,,,,,,,,12.0,10.0,157.0,51.0,0.0,37.0,15.7,13.083,0.833,,,,,,,,,,,,,,,,,,,,,,,,,,,,,,13419700,114347,EDM,Edmonton Elks,Regular Season,2026-09-05T13:09:45.302148,2026
1464749,20,Kenneth Logan Jr.,Kenneth Logan Jr.,Defensive_Linebacker,Started,,,,,,,,,,,,,,,,,,,,,,,,5,0,0,0,1,0,0,,,,,,,,,,,,,,,,,,,,,,,13419700,114347,EDM,Edmonton Elks,Regular Season,2026-09-05T13:09:45.302148,2026
1468042,26,Vincent Blanchard,Vincent Blanchard,Kicker,ActiveNotPlayed,,,,,,,,,,,,,,,,,,,,,,,,,,,,,,,3.0,3.0,1.0,57,3.0,0.0,5.0,359.0,74.0,,,,,,,,,,,,,,13419700,114347,EDM,Edmonton Elks,Regular Season,2026-09-05T13:09:45.302148,2026
1470656,13,Kordell Jackson,Kordell Jackson,Defensive_DefensiveBack,Started,,,,,,,,,,,,,,,,,,,,,,,,7,0,0,0,0,0,0,,,,,,,,,,,,,,,,,,,,,,,13419700,114347,EDM,Edmonton Elks,Regular Season,2026-09-05T13:09:45.302148,2026
1482936,25,Chelen Garnes,Chelen Garnes,Defensive_DefensiveBack,Started,,,,,,,,,,,,,,,,,,,,,,,,1,0,0,0,0,0,0,,,,,,,,,,,,,,,,,,,,,,,13419700,114347,EDM,Edmonton Elks,Regular Season,2026-09-05T13:09:45.302148,2026
1483150,95,Tomari Fox,Tomari Fox,Defensive_DefensiveLineman,Started,,,,,,,,,,,,,,,,,,,,,,,,1,0,0,0,0,0,0,,,,,,,,,,,,,,,,,,,,,,,13419700,114347,EDM,Edmonton Elks,Regular Season,2026-09-05T13:09:45.302148,2026
1483155,18,Joshua Cephus,Joshua Cephus,Offensive_WideReceiver,Started,,,,,,,,,,,,,,,3.0,1.0,14.0,8.0,0.0,14.0,14.0,4.667,0.333,,,,,,,,,,,,,,,,,,,,,,,,,,,,,,13419700,114347,EDM,Edmonton Elks,Regular Season,2026-09-05T13:09:45.302148,2026
1483633,42,Noah Taylor,Noah Taylor,Defensive_DefensiveLineman,Started,,,,,,,,,,,,,,,,,,,,,,,,1,0,0,0,0,0,0,,,,,,,,,,,,,,,,,,,,,,,13419700,114347,EDM,Edmonton Elks,Regular Season,2026-09-05T13:09:45.302148,2026
1501819,45,Dariel Djabome,Dariel Djabome,Defensive_Linebacker,Started,,,,,,,,,,,,,,,,,,,,,,,,7,0,1,0,0,0,0,,,,,,,,,,,,,,,,,,,,,,,13419700,114347,EDM,Edmonton Elks,Regular Season,2026-09-05T13:09:45.302148,2026
1507833,97,Gavin Meyer,Gavin Meyer,Defensive_DefensiveLineman,ActiveNotPlayed,,,,,,,,,,,,,,,,,,,,,,,,2,0,0,1,0,0,0,,,,,,,,,,,,,,,,,,,,,,,13419700,114347,EDM,Edmonton Elks,Regular Season,2026-09-05T13:09:45.302148,2026
1518031,29,JJ Ross,JJ Ross,Defensive_DefensiveBack,Started,,,,,,,,,,,,,,,,,,,,,,,,4,0,0,0,0,0,0,,,,,,,,,,,,,,,,,,,,,,,13419700,114347,EDM,Edmonton Elks,Regular Season,2026-09-05T13:09:45.302148,2026
1521937,14,Cole Snyder,Cole Snyder,Offensive_Quarterback,ActiveNotPlayed,,,,,,,,,,1.0,0.0,0,0,0.0,,,,,,,,,,,,,,,,,,,,,,,,,,,,,,,,,,,,,,,13419700,114347,EDM,Edmonton Elks,Regular Season,2026-09-05T13:09:45.302148,2026
1602462,99,Silas Hubert,Silas Hubert,Defensive_DefensiveLineman,ActiveNotPlayed,,,,,,,,,,,,,,,,,,,,,,,,0,0,0,0,0,0,1,,,,,,,,,,,,,,,,,,,,,,,13419700,114347,EDM,Edmonton Elks,Regular Season,2026-09-05T13:09:45.302148,2026
1604186,96,Richard Jibunor,Richard Jibunor,Defensive_DefensiveLineman,ActiveNotPlayed,,,,,,,,,,,,,,,,,,,,,,,,0,0,0,0,0,0,2,,,,,,,,,,,,,,,,,,,,,,,13419700,114347,EDM,Edmonton Elks,Regular Season,2026-09-05T13:09:45.302148,2026
1604187,44,Skyler Griffith,Skyler Griffith,Offensive_Fullback,ActiveNotPlayed,,,,,,,,,,,,,,,,,,,,,,,,,,,,,,,,,,,,,,,,,,,,,1.0,10.0,10.0,10.0,,,,,13419700,114347,EDM,Edmonton Elks,Regular Season,2026-09-05T13:09:45.302148,2026
1003413,4,Dru Brown,Dru Brown,Offensive_Quarterback,Started,24.0,40.0,0.6,249.0,1.0,4.0,37.0,6.225,2.225,,,,,,,,,,,,,,,1,0,0,0,0,0,0,,,,,,,,,,,,,,,,,,,,,,,13419701,110380,WPG,Winnipeg Blue Bombers,Regular Season,2026-09-05T13:09:45.302148,2026
1003939,1,Deatrick Nichols,Deatrick Nichols,Defensive_DefensiveBack,Started,,,,,,,,,,,,,,,,,,,,,,,,2,0,0,0,0,0,0,,,,,,,,,,,,,,,,,,,,,,,13419701,110380,WPG,Winnipeg Blue Bombers,Regular Season,2026-09-05T13:09:45.302148,2026
1012104,39,Jaylen Smith,Jaylen Smith,Defensive_Linebacker,ActiveNotPlayed,,,,,,,,,,,,,,,,,,,,,,,,1,0,0,0,0,0,0,,,,,,,,,,,,,,,,,,,,,,,13419701,110380,WPG,Winnipeg Blue Bombers,Regular Season,2026-09-05T13:09:45.302148,2026
1014288,33,Tony Jones,Tony Jones,Defensive_Linebacker,Started,,,,,,,,,,,,,,,,,,,,,,,,5,0,0,0,0,0,0,,,,,,,,,,,,,,,,,,,,,,,13419701,110380,WPG,Winnipeg Blue Bombers,Regular Season,2026-09-05T13:09:45.302148,2026
1015193,80,Ontaria Wilson,Ontaria Wilson,Offensive_WideReceiver,Started,,,,,,,,,,,,,,,11.0,7.0,95.0,31.0,0.0,33.0,13.571,8.636,0.636,2,0,0,0,0,1,0,,,,,,,,,,,,,,,,,,,,,,,13419701,110380,WPG,Winnipeg Blue Bombers,Regular Season,2026-09-05T13:09:45.302148,2026
1018781,12,Tim White,Tim White,Offensive_WideReceiver,Started,,,,,,,,,,1.0,2.0,0,2,2.0,7.0,3.0,32.0,4.0,0.0,20.0,10.667,4.571,0.429,,,,,,,,,,,,,,,,,,,,,,,,,,,,,,13419701,110380,WPG,Winnipeg Blue Bombers,Regular Season,2026-09-05T13:09:45.302148,2026
1020046,38,Matthew Jackson,Matthew Jackson,Defensive_Linebacker,ActiveNotPlayed,,,,,,,,,,,,,,,,,,,,,,,,0,0,0,0,0,0,3,,,,,,,,,,,,,,,,,,,,,,,13419701,110380,WPG,Winnipeg Blue Bombers,Regular Season,2026-09-05T13:09:45.302148,2026
1078857,9,Bryce Perkins,Bryce Perkins,Offensive_Quarterback,ActiveNotPlayed,,,,,,,,,,2.0,3.0,0,2,1.5,,,,,,,,,,,,,,,,,,,,,,,,,,,,,,,,,,,,,,,13419701,110380,WPG,Winnipeg Blue Bombers,Regular Season,2026-09-05T13:09:45.302148,2026
1082157,31,Evan Holm,Evan Holm,Defensive_DefensiveBack,Started,,,,,,,,,,,,,,,,,,,,,,,,3,0,0,0,0,0,0,,,,,,,,,,,,,,,,,,,,,,,13419701,110380,WPG,Winnipeg Blue Bombers,Regular Season,2026-09-05T13:09:45.302148,2026
1082183,20,Brady Oliveira,Brady Oliveira,Offensive_RunningBack,Started,,,,,,,,,,14.0,128.0,2,45,9.143,1.0,1.0,-1.0,-1.0,0.0,-1.0,-1.0,-1.0,1.0,,,,,,,,,,,,,,,,,,,,,,,,,,,,,,13419701,110380,WPG,Winnipeg Blue Bombers,Regular Season,2026-09-05T13:09:45.302148,2026
1131290,94,Jake Ceresna,Jake Ceresna,Defensive_Tackle,Started,,,,,,,,,,,,,,,,,,,,,,,,1,1,0,0,1,0,0,,,,,,,,,,,,,,,,,,,,,,,13419701,110380,WPG,Winnipeg Blue Bombers,Regular Season,2026-09-05T13:09:45.302148,2026
1243886,14,Sergio Castillo,Sergio Castillo,Kicker,ActiveNotPlayed,,,,,,,,,,,,,,,,,,,,,,,,,,,,,,,3.0,4.0,0.75,49,3.0,0.0,4.0,275.0,77.0,,,,,,,,,,,,,,13419701,110380,WPG,Winnipeg Blue Bombers,Regular Season,2026-09-05T13:09:45.302148,2026
1349490,83,Tommy Nield,Tommy Nield,Offensive_WideReceiver,Started,,,,,,,,,,,,,,,4.0,1.0,8.0,3.0,0.0,8.0,8.0,2.0,0.25,,,,,,,,,,,,,,,,,,,,,,,,,,,,,,13419701,110380,WPG,Winnipeg Blue Bombers,Regular Season,2026-09-05T13:09:45.302148,2026
1349519,10,Nic Demski,Nic Demski,Offensive_WideReceiver,Started,,,,,,,,,,,,,,,9.0,7.0,76.0,40.0,1.0,37.0,10.857,8.444,0.778,,,,,,,,,,,,,,,,,,,,,,,,,,,,,,13419701,110380,WPG,Winnipeg Blue Bombers,Regular Season,2026-09-05T13:09:45.302148,2026
1349561,19,Kyrie Wilson,Kyrie Wilson,Defensive_Linebacker,Started,,,,,,,,,,,,,,,,,,,,,,,,2,0,0,0,0,0,1,,,,,,,,,,,,,,,,,,,,,,,13419701,110380,WPG,Winnipeg Blue Bombers,Regular Season,2026-09-05T13:09:45.302148,2026
1384562,82,Gavin Cobb,Gavin Cobb,Offensive_WideReceiver,Started,,,,,,,,,,,,,,,5.0,3.0,26.0,3.0,0.0,14.0,8.667,5.2,0.6,,,,,,,,,,,,,,,,,,,,,,,,,,,,,,13419701,110380,WPG,Winnipeg Blue Bombers,Regular Season,2026-09-05T13:09:45.302148,2026
1397520,32,Michael Griffin II,Michael Griffin II,Defensive_Linebacker,Started,,,,,,,,,,,,,,,,,,,,,,,,5,0,0,0,0,0,0,,,,,,,,,,,,,,,,,,,,,,,13419701,110380,WPG,Winnipeg Blue Bombers,Regular Season,2026-09-05T13:09:45.302148,2026
1403880,16,Jake Kelly,Jake Kelly,Defensive_DefensiveBack,Started,,,,,,,,,,,,,,,,,,,,,,,,1,0,0,0,0,0,1,,,,,,,,,,,,,,,,,,,,,,,13419701,110380,WPG,Winnipeg Blue Bombers,Regular Season,2026-09-05T13:09:45.302148,2026
1403881,97,Collin Kornelson,Collin Kornelson,Defensive_Tackle,ActiveNotPlayed,,,,,,,,,,,,,,,,,,,,,,,,2,0,0,0,0,0,0,,,,,,,,,,,,,,,,,,,,,,,13419701,110380,WPG,Winnipeg Blue Bombers,Regular Season,2026-09-05T13:09:45.302148,2026
1403894,18,Jamieson Sheahan,Jamieson Sheahan,Punter,ActiveNotPlayed,,,,,,,,,,,,,,,,,,,,,,,,,,,,,,,,,,,,,,,,5.0,225.0,45.0,64.0,0.0,,,,,,,,,13419701,110380,WPG,Winnipeg Blue Bombers,Regular Season,2026-09-05T13:09:45.302148,2026
1464504,23,Trey Vaval,Trey Vaval,Defensive_DefensiveBack,ActiveNotPlayed,,,,,,,,,,,,,,,,,,,,,,,,,,,,,,,,,,,,,,,,,,,,,8.0,149.0,49.0,18.625,3.0,51.0,41.0,17.0,13419701,110380,WPG,Winnipeg Blue Bombers,Regular Season,2026-09-05T13:09:45.302148,2026
1468039,25,Michael Chris-Ike,Michael Chris-Ike,Offensive_RunningBack,ActiveNotPlayed,,,,,,,,,,1.0,3.0,0,3,3.0,,,,,,,,,,,,,,,,,,,,,,,,,,,,,,,,,,,,,,,13419701,110380,WPG,Winnipeg Blue Bombers,Regular Season,2026-09-05T13:09:45.302148,2026
1468454,86,Kevens Clercius,Kevens Clercius,Offensive_WideReceiver,ActiveNotPlayed,,,,,,,,,,,,,,,1.0,1.0,4.0,1.0,0.0,4.0,4.0,4.0,1.0,,,,,,,,,,,,,,,,,,,,,,,,,,,,,,13419701,110380,WPG,Winnipeg Blue Bombers,Regular Season,2026-09-05T13:09:45.302148,2026
1485301,93,Michael Fletcher,Michael Fletcher,Defensive_Tackle,Started,,,,,,,,,,,,,,,,,,,,,,,,2,0,0,0,0,1,0,,,,,,,,,,,,,,,,,,,,,,,13419701,110380,WPG,Winnipeg Blue Bombers,Regular Season,2026-09-05T13:09:45.302148,2026
1489480,40,Nuer Gatkuoth,Nuer Gatkuoth,Defensive_End,ActiveNotPlayed,,,,,,,,,,,,,,,,,,,,,,,,2,1,1,0,1,0,0,,,,,,,,,,,,,,,,,,,,,,,13419701,110380,WPG,Winnipeg Blue Bombers,Regular Season,2026-09-05T13:09:45.302148,2026
1636948,24,Major Williams,Major Williams,Defensive_DefensiveBack,Started,,,,,,,,,,,,,,,,,,,,,,,,4,0,0,0,0,0,1,,,,,,,,,,,,,,,,,,,,,,,13419701,110380,WPG,Winnipeg Blue Bombers,Regular Season,2026-09-05T13:09:45.302148,2026
1752357,87,Dante Daniels,Dante Daniels,Offensive_TightEnd,ActiveNotPlayed,,,,,,,,,,,,,,,2.0,1.0,9.0,7.0,0.0,9.0,9.0,4.5,0.5,,,,,,,,,,,,,,,,,,,,,,,,,,,,,,13419701,110380,WPG,Winnipeg Blue Bombers,Regular Season,2026-09-05T13:09:45.302148,2026
757943,5,Willie Jefferson,Willie Jefferson,Defensive_End,Started,,,,,,,,,,,,,,,,,,,,,,,,1,1,0,0,0,0,0,,,,,,,,,,,,,,,,,,,,,,,13419701,110380,WPG,Winnipeg Blue Bombers,Regular Season,2026-09-05T13:09:45.302148,2026
999581,2,Jonathan Moxey,Jonathan Moxey,Defensive_DefensiveBack,Started,,,,,,,,,,,,,,,,,,,,,,,,1,0,0,0,0,0,0,,,,,,,,,,,,,,,,,,,,,,,13419701,110380,WPG,Winnipeg Blue Bombers,Regular Season,2026-09-05T13:09:45.302148,2026
1003154,25,Jaydon Grant,Jaydon Grant,Defensive_DefensiveBack,Started,,,,,,,,,,,,,,,,,,,,,,,,4,0,0,0,0,0,0,,,,,,,,,,,,,,,,,,,,,,,13419701,112939,CGY,Calgary Stampeders,Regular Season,2026-09-05T13:09:45.302148,2026
1005315,9,Damon Webb,Damon Webb,Defensive_DefensiveBack,Started,,,,,,,,,,,,,,,,,,,,,,,,3,0,1,0,0,0,0,,,,,,,,,,,,,,,,,,,,,,,13419701,112939,CGY,Calgary Stampeders,Regular Season,2026-09-05T13:09:45.302148,2026
1012374,2,Kyle Wilson,Kyle Wilson,Defensive_Linebacker,Started,,,,,,,,,,,,,,,,,,,,,,,,5,0,0,0,0,0,0,,,,,,,,,,,,,,,,,,,,,,,13419701,112939,CGY,Calgary Stampeders,Regular Season,2026-09-05T13:09:45.302148,2026
1014170,93,Charles Wiley,Charles Wiley,Defensive_DefensiveLineman,ActiveNotPlayed,,,,,,,,,,,,,,,,,,,,,,,,4,0,0,0,0,0,0,,,,,,,,,,,,,,,,,,,,,,,13419701,112939,CGY,Calgary Stampeders,Regular Season,2026-09-05T13:09:45.302148,2026
1031686,90,Miles Brown,Miles Brown,Defensive_DefensiveLineman,Started,,,,,,,,,,,,,,,,,,,,,,,,1,0,0,0,0,0,0,,,,,,,,,,,,,,,,,,,,,,,13419701,112939,CGY,Calgary Stampeders,Regular Season,2026-09-05T13:09:45.302148,2026
1079103,60,D'Antne Demery,D'Antne Demery,Offensive_OffensiveLineman,Started,,,,,,,,,,,,,,,,,,,,,,,,1,0,0,0,0,0,0,,,,,,,,,,,,,,,,,,,,,,,13419701,112939,CGY,Calgary Stampeders,Regular Season,2026-09-05T13:09:45.302148,2026
1081744,87,Erik Brooks,Erik Brooks,Offensive_WideReceiver,Started,,,,,,,,,,,,,,,10.0,7.0,64.0,28.0,0.0,14.0,9.143,6.4,0.7,,,,,,,,,,,,,,,,,,,,,,,,,,,,,,13419701,112939,CGY,Calgary Stampeders,Regular Season,2026-09-05T13:09:45.302148,2026
1290033,26,Dedrick Mills,Dedrick Mills,Offensive_RunningBack,Started,,,,,,,,,,10.0,60.0,1,36,6.0,1.0,1.0,6.0,5.0,0.0,6.0,6.0,6.0,1.0,,,,,,,,,,,,,,,,,,,,,,,,,,,,,,13419701,112939,CGY,Calgary Stampeders,Regular Season,2026-09-05T13:09:45.302148,2026
1297989,6,Derrick Moncrief,Derrick Moncrief,Defensive_Linebacker,Started,,,,,,,,,,,,,,,,,,,,,,,,2,0,0,0,0,0,0,,,,,,,,,,,,,,,,,,,,,,,13419701,112939,CGY,Calgary Stampeders,Regular Season,2026-09-05T13:09:45.302148,2026
1345697,34,Tyreik McAllister,Tyreik McAllister,Offensive_RunningBack,ActiveNotPlayed,,,,,,,,,,1.0,17.0,1,17,17.0,2.0,2.0,62.0,30.0,1.0,56.0,31.0,31.0,1.0,,,,,,,,,,,,,,,,,,,,,,4.0,79.0,25.0,19.75,3.0,42.0,21.0,14.0,13419701,112939,CGY,Calgary Stampeders,Regular Season,2026-09-05T13:09:45.302148,2026
1345703,1,Clarence Hicks,Clarence Hicks,Defensive_DefensiveLineman,Started,,,,,,,,,,,,,,,,,,,,,,,,1,1,0,0,0,0,0,,,,,,,,,,,,,,,,,,,,,,,13419701,112939,CGY,Calgary Stampeders,Regular Season,2026-09-05T13:09:45.302148,2026
1349467,17,Dejon Brissett,Dejon Brissett,Offensive_WideReceiver,Started,,,,,,,,,,,,,,,1.0,0.0,0.0,0.0,0.0,0.0,,,0.0,,,,,,,,,,,,,,,,,,,,,,,,,,,,,,13419701,112939,CGY,Calgary Stampeders,Regular Season,2026-09-05T13:09:45.302148,2026
1349494,3,Vernon Adams Jr.,Vernon Adams Jr.,Offensive_Quarterback,Started,18.0,27.0,0.667,319.0,3.0,0.0,69.0,11.815,14.037037037037036,,,,,,,,,,,,,,,,,,,,,,,,,,,,,,,,,,,,,,,,,,,,13419701,112939,CGY,Calgary Stampeders,Regular Season,2026-09-05T13:09:45.302148,2026
1360678,85,Jalen Philpot,Jalen Philpot,Offensive_WideReceiver,Started,,,,,,,,,,2.0,8.0,0,5,4.0,5.0,4.0,128.0,83.0,1.0,69.0,32.0,25.6,0.8,,,,,,,,,,,,,,,,,,,,,,,,,,,,,,13419701,112939,CGY,Calgary Stampeders,Regular Season,2026-09-05T13:09:45.302148,2026
1397525,77,Kelon Thomas,Kelon Thomas,Defensive_DefensiveLineman,ActiveNotPlayed,,,,,,,,,,,,,,,,,,,,,,,,0,0,0,0,0,0,1,,,,,,,,,,,,,,,,,,,,,,,13419701,112939,CGY,Calgary Stampeders,Regular Season,2026-09-05T13:09:45.302148,2026
1403599,14,Clark Barnes,Clark Barnes,Offensive_WideReceiver,Started,,,,,,,,,,,,,,,3.0,1.0,13.0,7.0,0.0,13.0,13.0,4.333,0.333,,,,,,,,,,,,,,,,,,,,,,,,,,,,,,13419701,112939,CGY,Calgary Stampeders,Regular Season,2026-09-05T13:09:45.302148,2026
1468040,29,Benjamin Labrosse,Benjamin Labrosse,Defensive_DefensiveBack,Started,,,,,,,,,,,,,,,,,,,,,,,,3,0,0,3,0,0,0,,,,,,,,,,,,,,,,,,,,,,,13419701,112939,CGY,Calgary Stampeders,Regular Season,2026-09-05T13:09:45.302148,2026
1483424,37,Jude McAtamney,Jude McAtamney,Kicker,ActiveNotPlayed,,,,,,,,,,,,,,,,,,,,,,,,0,0,0,0,0,0,1,3.0,4.0,0.75,51,6.0,0.0,8.0,519.0,76.0,,,,,,,,,,,,,,13419701,112939,CGY,Calgary Stampeders,Regular Season,2026-09-05T13:09:45.302148,2026
1489484,15,Mark Vassett,Mark Vassett,Punter,ActiveNotPlayed,,,,,,,,,,,,,,,,,,,,,,,,,,,,,,,,,,,,,,,,5.0,230.0,46.0,55.0,0.0,,,,,,,,,13419701,112939,CGY,Calgary Stampeders,Regular Season,2026-09-05T13:09:45.302148,2026
1490845,48,R.J. Moten,R.J. Moten,Defensive_Linebacker,ActiveNotPlayed,,,,,,,,,,,,,,,,,,,,,,,,2,0,0,0,0,0,1,,,,,,,,,,,,,,,,,,,,,,,13419701,112939,CGY,Calgary Stampeders,Regular Season,2026-09-05T13:09:45.302148,2026
1494922,33,Zy Alexander,Zy Alexander,Defensive_DefensiveBack,Started,,,,,,,,,,,,,,,,,,,,,,,,6,0,0,1,0,0,0,,,,,,,,,,,,,,,,,,,,,,,13419701,112939,CGY,Calgary Stampeders,Regular Season,2026-09-05T13:09:45.302148,2026
1502602,80,Damien Alford,Damien Alford,Offensive_WideReceiver,ActiveNotPlayed,,,,,,,,,,,,,,,1.0,0.0,0.0,0.0,0.0,0.0,,,0.0,,,,,,,,,,,,,,,,,,,,,,,,,,,,,,13419701,112939,CGY,Calgary Stampeders,Regular Season,2026-09-05T13:09:45.302148,2026
1510987,96,Jaylon Hutchings,Jaylon Hutchings,Defensive_DefensiveLineman,Started,,,,,,,,,,,,,,,,,,,,,,,,2,1,0,0,0,0,0,,,,,,,,,,,,,,,,,,,,,,,13419701,112939,CGY,Calgary Stampeders,Regular Season,2026-09-05T13:09:45.302148,2026
1513983,19,Quincy Vaughn,Quincy Vaughn,Offensive_Quarterback,ActiveNotPlayed,,,,,,,,,,2.0,3.0,0,2,1.5,,,,,,,,,,,,,,,,,,,,,,,,,,,,,,,,,,,,,,,13419701,112939,CGY,Calgary Stampeders,Regular Season,2026-09-05T13:09:45.302148,2026
1520021,28,Ludovick Choquette,Ludovick Choquette,Offensive_RunningBack,ActiveNotPlayed,,,,,,,,,,,,,,,,,,,,,,,,0,0,0,0,0,0,1,,,,,,,,,,,,,,,,,,,,,,,13419701,112939,CGY,Calgary Stampeders,Regular Season,2026-09-05T13:09:45.302148,2026
1601214,24,Ashton Miller-Melancon,Ashton Miller-Melancon,Defensive_DefensiveBack,ActiveNotPlayed,,,,,,,,,,,,,,,,,,,,,,,,1,0,0,0,0,0,2,,,,,,,,,,,,,,,,,,,,,,,13419701,112939,CGY,Calgary Stampeders,Regular Season,2026-09-05T13:09:45.302148,2026
1601219,44,Anthony Jr Johnson,Anthony Jr Johnson,Defensive_DefensiveBack,Started,,,,,,,,,,,,,,,,,,,,,,,,5,0,1,0,0,0,0,,,,,,,,,,,,,,,,,,,,,,,13419701,112939,CGY,Calgary Stampeders,Regular Season,2026-09-05T13:09:45.302148,2026
1601227,43,Jason MacGougan,Jason MacGougan,LongSnapper,ActiveNotPlayed,,,,,,,,,,,,,,,,,,,,,,,,0,0,0,0,0,0,1,,,,,,,,,,,,,,,,,,,,,,,13419701,112939,CGY,Calgary Stampeders,Regular Season,2026-09-05T13:09:45.302148,2026
1751888,31,Anton Haie,Anton Haie,Defensive_DefensiveBack,ActiveNotPlayed,,,,,,,,,,,,,,,,,,,,,,,,0,0,0,0,0,0,1,,,,,,,,,,,,,,,,,,,,,,,13419701,112939,CGY,Calgary Stampeders,Regular Season,2026-09-05T13:09:45.302148,2026
1756863,82,Jesulayomi Ojutalayo,Jesulayomi Ojutalayo,Offensive_WideReceiver,ActiveNotPlayed,,,,,,,,,,,,,,,,,,,,,,,,0,0,0,0,0,0,1,,,,,,,,,,,,,,,,,,,,,,,13419701,112939,CGY,Calgary Stampeders,Regular Season,2026-09-05T13:09:45.302148,2026
998543,8,Marquel Lee,Marquel Lee,Defensive_Linebacker,Started,,,,,,,,,,,,,,,,,,,,,,,,3,0,0,0,0,0,0,,,,,,,,,,,,,,,,,,,,,,,13419701,112939,CGY,Calgary Stampeders,Regular Season,2026-09-05T13:09:45.302148,2026
998863,4,Tevin Jones,Tevin Jones,Offensive_WideReceiver,Started,,,,,,,,,,,,,,,4.0,3.0,46.0,2.0,1.0,29.0,15.333,11.5,0.75,0,0,0,0,0,0,1,,,,,,,,,,,,,,,,,,,,,,,13419701,112939,CGY,Calgary Stampeders,Regular Season,2026-09-05T13:09:45.302148,2026
999377,7,Folarin Orimolade,Folarin Orimolade,Defensive_DefensiveLineman,Started,,,,,,,,,,,,,,,,,,,,,,,,1,1,0,0,0,0,0,,,,,,,,,,,,,,,,,,,,,,,13419701,112939,CGY,Calgary Stampeders,Regular Season,2026-09-05T13:09:45.302148,2026
1006663,7,Chase Brice,Chase Brice,Offensive_Quarterback,Started,14.0,25.0,0.56,163.0,0.0,0.0,32.0,6.52,6.52,1.0,4.0,0,4,4.0,,,,,,,,,,,,,,,,,,,,,,,,,,,,,,,,,,,,,,,13419702,93775,BC,BC Lions,Regular Season,2026-09-05T13:09:45.302148,2026
1007090,3,C.J. Coldon,C.J. Coldon,Defensive_DefensiveBack,Started,,,,,,,,,,,,,,,,,,,,,,,,2,0,0,0,0,0,0,,,,,,,,,,,,,,,,,,,,,,,13419702,93775,BC,BC Lions,Regular Season,2026-09-05T13:09:45.302148,2026
1008481,23,Stantley Thomas-Oliver III,Stantley Thomas-Oliver III,Defensive_DefensiveBack,Started,,,,,,,,,,,,,,,,,,,,,,,,4,0,0,0,0,0,0,,,,,,,,,,,,,,,,,,,,,,,13419702,93775,BC,BC Lions,Regular Season,2026-09-05T13:09:45.302148,2026
1012377,18,Justin McInnis,Justin McInnis,Offensive_WideReceiver,Started,,,,,,,,,,,,,,,10.0,6.0,89.0,2.0,0.0,26.0,14.833,8.9,0.6,,,,,,,,,,,,,,,,,,,,,,,,,,,,,,13419702,93775,BC,BC Lions,Regular Season,2026-09-05T13:09:45.302148,2026
1080752,9,Deontai Williams,Deontai Williams,Defensive_Linebacker,Started,,,,,,,,,,,,,,,,,,,,,,,,7,0,0,0,0,0,0,,,,,,,,,,,,,,,,,,,,,,,13419702,93775,BC,BC Lions,Regular Season,2026-09-05T13:09:45.302148,2026
1086308,21,Ronald Kent Jr.,Ronald Kent Jr.,Defensive_DefensiveBack,Started,,,,,,,,,,,,,,,,,,,,,,,,4,0,0,0,0,0,0,,,,,,,,,,,,,,,,,,,,,,,13419702,93775,BC,BC Lions,Regular Season,2026-09-05T13:09:45.302148,2026
1130072,90,Mathieu Betts,Mathieu Betts,Defensive_DefensiveLineman,Started,,,,,,,,,,,,,,,,,,,,,,,,2,2,0,0,0,0,0,,,,,,,,,,,,,,,,,,,,,,,13419702,93775,BC,BC Lions,Regular Season,2026-09-05T13:09:45.302148,2026
1349478,27,Josh Hagerty,Josh Hagerty,Defensive_DefensiveBack,ActiveNotPlayed,,,,,,,,,,,,,,,,,,,,,,,,3,0,0,0,0,0,1,,,,,,,,,,,,,,,,,,,,,,,13419702,93775,BC,BC Lions,Regular Season,2026-09-05T13:09:45.302148,2026
1349807,20,James Butler,James Butler,Offensive_RunningBack,Started,,,,,,,,,,10.0,40.0,0,9,4.0,5.0,3.0,36.0,18.0,0.0,17.0,12.0,7.2,0.6,,,,,,,,,,,,,,,,,,,,,,,,,,,,,,13419702,93775,BC,BC Lions,Regular Season,2026-09-05T13:09:45.302148,2026
1349819,6,T.J Lee,T.J Lee,Defensive_DefensiveBack,Started,,,,,,,,,,,,,,,,,,,,,,,,2,0,0,0,0,0,0,,,,,,,,,,,,,,,,,,,,,,,13419702,93775,BC,BC Lions,Regular Season,2026-09-05T13:09:45.302148,2026
1349833,45,Riley Pickett,Riley Pickett,Offensive_Fullback,ActiveNotPlayed,,,,,,,,,,,,,,,,,,,,,,,,0,0,0,0,0,0,1,,,,,,,,,,,,,,,,,,,,,,,13419702,93775,BC,BC Lions,Regular Season,2026-09-05T13:09:45.302148,2026
1349844,10,Sean Whyte,Sean Whyte,Kicker,ActiveNotPlayed,,,,,,,,,,,,,,,,,,,,,,,,,,,,,,,4.0,4.0,1.0,34,0.0,0.0,,,,,,,,,,,,,,,,,13419702,93775,BC,BC Lions,Regular Season,2026-09-05T13:09:45.302148,2026
1357246,34,Zander Horvath,Zander Horvath,Offensive_RunningBack,ActiveNotPlayed,,,,,,,,,,3.0,3.0,0,2,1.0,2.0,2.0,37.0,8.0,0.0,32.0,18.5,18.5,1.0,0,0,0,0,0,0,1,,,,,,,,,,,,,,,,,,,,,,,13419702,93775,BC,BC Lions,Regular Season,2026-09-05T13:09:45.302148,2026
1404963,82,Kieran Poissant,Kieran Poissant,Offensive_WideReceiver,Started,,,,,,,,,,,,,,,5.0,3.0,30.0,20.0,0.0,14.0,10.0,6.0,0.6,,,,,,,,,,,,,,,,,,,,,,,,,,,,,,13419702,93775,BC,BC Lions,Regular Season,2026-09-05T13:09:45.302148,2026
1408642,99,Jonah Tavai,Jonah Tavai,Defensive_DefensiveLineman,Started,,,,,,,,,,,,,,,,,,,,,,,,1,0,0,0,0,0,0,,,,,,,,,,,,,,,,,,,,,,,13419702,93775,BC,BC Lions,Regular Season,2026-09-05T13:09:45.302148,2026
1470674,17,Carl Meyer,Carl Meyer,Kicker,ActiveNotPlayed,,,,,,,,,,,,,,,,,,,,,,,,0,0,0,0,0,0,2,,,,,,,2.0,131.0,71.0,7.0,382.0,54.571,62.0,2.0,,,,,,,,,13419702,93775,BC,BC Lions,Regular Season,2026-09-05T13:09:45.302148,2026
1483768,84,Jermaine Jackson,Jermaine Jackson,Offensive_WideReceiver,Started,,,,,,,,,,,,,,,4.0,3.0,28.0,10.0,0.0,12.0,9.333,7.0,0.75,,,,,,,,,,,,,,,,,,,,,,,,,,,,,,13419702,93775,BC,BC Lions,Regular Season,2026-09-05T13:09:45.302148,2026
1492402,85,Nick Cenacle,Nick Cenacle,Offensive_WideReceiver,Started,,,,,,,,,,,,,,,3.0,0.0,0.0,0.0,0.0,0.0,,,0.0,,,,,,,,,,,,,,,,,,,,,,,,,,,,,,13419702,93775,BC,BC Lions,Regular Season,2026-09-05T13:09:45.302148,2026
1494637,19,Kaidon Salter,Kaidon Salter,Offensive_Quarterback,ActiveNotPlayed,9.0,15.0,0.6,121.0,0.0,0.0,26.0,8.067,8.066666666666666,4.0,12.0,0,10,3.0,,,,,,,,,,,,,,,,,,,,,,,,,,,,,,,,,,,,,,,13419702,93775,BC,BC Lions,Regular Season,2026-09-05T13:09:45.302148,2026
1521552,42,Parker McKenna,Parker McKenna,Defensive_Linebacker,Started,,,,,,,,,,,,,,,,,,,,,,,,6,1,1,0,0,0,0,,,,,,,,,,,,,,,,,,,,,,,13419702,93775,BC,BC Lions,Regular Season,2026-09-05T13:09:45.302148,2026
1601197,33,Jackson Findlay,Jackson Findlay,Defensive_DefensiveBack,Started,,,,,,,,,,,,,,,,,,,,,,,,4,0,0,0,0,0,1,,,,,,,,,,,,,,,,,,,,,,,13419702,93775,BC,BC Lions,Regular Season,2026-09-05T13:09:45.302148,2026
1761491,80,Jaden Williams,Jaden Williams,Offensive_WideReceiver,ActiveNotPlayed,,,,,,,,,,,,,,,,,,,,,,,,,,,,,,,,,,,,,,,,,,,,,3.0,56.0,26.0,18.667,5.0,31.0,12.0,6.2,13419702,93775,BC,BC Lions,Regular Season,2026-09-05T13:09:45.302148,2026
998538,4,Keon Hatcher,Keon Hatcher,Offensive_WideReceiver,Started,,,,,,,,,,,,,,,11.0,6.0,64.0,22.0,0.0,21.0,10.667,5.818,0.545,,,,,,,,,,,,,,,,,,,,,,,,,,,,,,13419702,93775,BC,BC Lions,Regular Season,2026-09-05T13:09:45.302148,2026
999245,53,Darnell Sankey,Darnell Sankey,Defensive_Linebacker,Started,,,,,,,,,,,,,,,,,,,,,,,,4,0,0,0,0,0,0,,,,,,,,,,,,,,,,,,,,,,,13419702,93775,BC,BC Lions,Regular Season,2026-09-05T13:09:45.302148,2026
999389,2,Casey Sayles,Casey Sayles,Defensive_DefensiveLineman,Started,,,,,,,,,,,,,,,,,,,,,,,,3,0,1,0,0,0,0,,,,,,,,,,,,,,,,,,,,,,,13419702,93775,BC,BC Lions,Regular Season,2026-09-05T13:09:45.302148,2026
1005577,86,Damonte Coxie,Damonte Coxie,Offensive_WideReceiver,Started,,,,,,,,,,,,,,,9.0,6.0,77.0,14.0,0.0,21.0,12.833,8.556,0.667,,,,,,,,,,,,,,,,,,,,,,1.0,22.0,22.0,22.0,,,,,13419702,122345,TOR,Toronto Argonauts,Regular Season,2026-09-05T13:09:45.302148,2026
1006437,3,Janarion Grant,Janarion Grant,Offensive_WideReceiver,ActiveNotPlayed,,,,,,,,,,,,,,,,,,,,,,,,,,,,,,,,,,,,,,,,,,,,,1.0,35.0,35.0,35.0,5.0,99.0,35.0,19.8,13419702,122345,TOR,Toronto Argonauts,Regular Season,2026-09-05T13:09:45.302148,2026
1011747,99,Ralph Holley,Ralph Holley,Defensive_DefensiveLineman,Started,,,,,,,,,,,,,,,,,,,,,,,,2,1,0,0,0,0,0,,,,,,,,,,,,,,,,,,,,,,,13419702,122345,TOR,Toronto Argonauts,Regular Season,2026-09-05T13:09:45.302148,2026
1015150,2,Tarvarus McFadden,Tarvarus McFadden,Defensive_DefensiveBack,Started,,,,,,,,,,,,,,,,,,,,,,,,3,0,0,0,0,0,0,,,,,,,,,,,,,,,,,,,,,,,13419702,122345,TOR,Toronto Argonauts,Regular Season,2026-09-05T13:09:45.302148,2026
1016260,95,Jonathan Kongbo,Jonathan Kongbo,Defensive_DefensiveLineman,Started,,,,,,,,,,,,,,,,,,,,,,,,1,0,1,0,0,0,0,,,,,,,,,,,,,,,,,,,,,,,13419702,122345,TOR,Toronto Argonauts,Regular Season,2026-09-05T13:09:45.302148,2026
1016527,97,Dewayne Hendrix,Dewayne Hendrix,Defensive_DefensiveLineman,ActiveNotPlayed,,,,,,,,,,,,,,,,,,,,,,,,1,0,0,0,0,0,0,,,,,,,,,,,,,,,,,,,,,,,13419702,122345,TOR,Toronto Argonauts,Regular Season,2026-09-05T13:09:45.302148,2026
1022794,83,David Ungerer III,David Ungerer III,Offensive_WideReceiver,Started,,,,,,,,,,,,,,,9.0,7.0,65.0,18.0,0.0,16.0,9.286,7.222,0.778,,,,,,,,,,,,,,,,,,,,,,,,,,,,,,13419702,122345,TOR,Toronto Argonauts,Regular Season,2026-09-05T13:09:45.302148,2026
1078483,34,Bubba Bolden,Bubba Bolden,Defensive_DefensiveBack,Started,,,,,,,,,,,,,,,,,,,,,,,,11,0,0,0,0,0,0,,,,,,,,,,,,,,,,,,,,,,,13419702,122345,TOR,Toronto Argonauts,Regular Season,2026-09-05T13:09:45.302148,2026
1344428,15,Makai Polk,Makai Polk,Offensive_WideReceiver,Started,,,,,,,,,,,,,,,5.0,4.0,91.0,10.0,2.0,44.0,22.75,18.2,0.8,,,,,,,,,,,,,,,,,,,,,,,,,,,,,,13419702,122345,TOR,Toronto Argonauts,Regular Season,2026-09-05T13:09:45.302148,2026
1349460,1,DaShaun Amos,DaShaun Amos,Defensive_DefensiveBack,Started,,,,,,,,,,,,,,,,,,,,,,,,1,0,0,0,0,0,0,,,,,,,,,,,,,,,,,,,,,,,13419702,122345,TOR,Toronto Argonauts,Regular Season,2026-09-05T13:09:45.302148,2026
1349471,45,Jack Cassar,Jack Cassar,Offensive_Fullback,ActiveNotPlayed,,,,,,,,,,,,,,,1.0,1.0,10.0,8.0,0.0,10.0,10.0,10.0,1.0,0,0,0,0,0,0,1,,,,,,,,,,,,,,,,,,,,,,,13419702,122345,TOR,Toronto Argonauts,Regular Season,2026-09-05T13:09:45.302148,2026
1349532,26,Brian Harelimana,Brian Harelimana,Defensive_Linebacker,ActiveNotPlayed,,,,,,,,,,,,,,,,,,,,,,,,0,0,0,0,0,0,1,,,,,,,,,,,,,,,,,,,,,,,13419702,122345,TOR,Toronto Argonauts,Regular Season,2026-09-05T13:09:45.302148,2026
1349568,6,Adarius Pickett,Adarius Pickett,Defensive_Linebacker,Started,,,,,,,,,,,,,,,,,,,,,,,,7,0,1,0,0,0,1,,,,,,,,,,,,,,,,,,,,,,,13419702,122345,TOR,Toronto Argonauts,Regular Season,2026-09-05T13:09:45.302148,2026
1350449,42,Shawn Lemon,Shawn Lemon,Defensive_DefensiveLineman,ActiveNotPlayed,,,,,,,,,,,,,,,,,,,,,,,,2,2,0,0,0,0,0,,,,,,,,,,,,,,,,,,,,,,,13419702,122345,TOR,Toronto Argonauts,Regular Season,2026-09-05T13:09:45.302148,2026
1350456,4,Nick Arbuckle,Nick Arbuckle,Offensive_Quarterback,ActiveNotPlayed,13.0,20.0,0.65,134.0,0.0,0.0,17.0,6.7,6.7,2.0,28.0,0,17,14.0,,,,,,,,,,,,,,,,,,,,,,,,,,,,,,,,,,,,,,,13419702,122345,TOR,Toronto Argonauts,Regular Season,2026-09-05T13:09:45.302148,2026
1357160,23,Benjie Franklin,Benjie Franklin,Defensive_DefensiveBack,Started,,,,,,,,,,,,,,,,,,,,,,,,3,0,0,0,0,0,0,,,,,,,,,,,,,,,,,,,,,,,13419702,122345,TOR,Toronto Argonauts,Regular Season,2026-09-05T13:09:45.302148,2026
1401657,35,Isaac Darkangelo,Isaac Darkangelo,Defensive_Linebacker,Started,,,,,,,,,,,,,,,,,,,,,,,,4,0,0,0,0,0,0,,,,,,,,,,,,,,,,,,,,,,,13419702,122345,TOR,Toronto Argonauts,Regular Season,2026-09-05T13:09:45.302148,2026
1468482,10,Kevin Mital,Kevin Mital,Offensive_WideReceiver,Started,,,,,,,,,,2.0,6.0,0,6,3.0,6.0,5.0,37.0,14.0,0.0,12.0,7.4,6.167,0.833,,,,,,,,,,,,,,,,,,,,,,,,,,,,,,13419702,122345,TOR,Toronto Argonauts,Regular Season,2026-09-05T13:09:45.302148,2026
1473233,20,Derek Slywka,Derek Slywka,Defensive_Linebacker,ActiveNotPlayed,,,,,,,,,,,,,,,,,,,,,,,,3,0,0,0,0,0,1,,,,,,,,,,,,,,,,,,,,,,,13419702,122345,TOR,Toronto Argonauts,Regular Season,2026-09-05T13:09:45.302148,2026
1484829,14,James Burnip,James Burnip,Punter,ActiveNotPlayed,,,,,,,,,,,,,,,,,,,,,,,,,,,,,,,,,,,,,,,,5.0,262.0,52.4,58.0,1.0,,,,,,,,,13419702,122345,TOR,Toronto Argonauts,Regular Season,2026-09-05T13:09:45.302148,2026
1485617,27,Owen Goss,Owen Goss,Defensive_Linebacker,Started,,,,,,,,,,,,,,,,,,,,,,,,3,0,0,0,0,0,0,,,,,,,,,,,,,,,,,,,,,,,13419702,122345,TOR,Toronto Argonauts,Regular Season,2026-09-05T13:09:45.302148,2026
1494910,92,Paris Shand,Paris Shand,Defensive_DefensiveLineman,ActiveNotPlayed,,,,,,,,,,,,,,,,,,,,,,,,2,1,0,0,0,0,0,,,,,,,,,,,,,,,,,,,,,,,13419702,122345,TOR,Toronto Argonauts,Regular Season,2026-09-05T13:09:45.302148,2026
1502167,91,Soane Toia,Soane Toia,Defensive_DefensiveLineman,Started,,,,,,,,,,,,,,,,,,,,,,,,2,0,0,0,0,0,0,,,,,,,,,,,,,,,,,,,,,,,13419702,122345,TOR,Toronto Argonauts,Regular Season,2026-09-05T13:09:45.302148,2026
1598895,82,Tyler Kahmann,Tyler Kahmann,Offensive_WideReceiver,Started,,,,,,,,,,,,,,,3.0,2.0,17.0,10.0,0.0,11.0,8.5,5.667,0.667,,,,,,,,,,,,,,,,,,,,,,,,,,,,,,13419702,122345,TOR,Toronto Argonauts,Regular Season,2026-09-05T13:09:45.302148,2026
1602428,98,Da'Marcus Johnson,Da'Marcus Johnson,Defensive_DefensiveLineman,Started,,,,,,,,,,,,,,,,,,,,,,,,0,0,0,0,0,0,2,,,,,,,,,,,,,,,,,,,,,,,13419702,122345,TOR,Toronto Argonauts,Regular Season,2026-09-05T13:09:45.302148,2026
1752314,9,Louis Philippe Gauthier,Louis Philippe Gauthier,Defensive_DefensiveBack,ActiveNotPlayed,,,,,,,,,,,,,,,,,,,,,,,,0,0,0,0,0,0,1,,,,,,,,,,,,,,,,,,,,,,,13419702,122345,TOR,Toronto Argonauts,Regular Season,2026-09-05T13:09:45.302148,2026
1752323,25,Samuel Hicks,Samuel Hicks,Offensive_RunningBack,ActiveNotPlayed,,,,,,,,,,3.0,5.0,0,5,1.667,2.0,2.0,20.0,20.0,0.0,17.0,10.0,10.0,1.0,,,,,,,,,,,,,,,,,,,,,,,,,,,,,,13419702,122345,TOR,Toronto Argonauts,Regular Season,2026-09-05T13:09:45.302148,2026
1752352,16,Brady Lidster,Brady Lidster,Kicker,ActiveNotPlayed,,,,,,,,,,,,,,,,,,,,,,,,,,,,,,,4.0,5.0,0.8,48,2.0,0.0,3.0,196.0,70.0,,,,,,,,,,,,,,13419702,122345,TOR,Toronto Argonauts,Regular Season,2026-09-05T13:09:45.302148,2026
1752362,21,Isaiah Smith,Isaiah Smith,Offensive_RunningBack,Started,,,,,,,,,,5.0,19.0,0,11,3.8,3.0,1.0,14.0,14.0,0.0,14.0,14.0,4.667,0.333,,,,,,,,,,,,,,,,,,,,,,,,,,,,,,13419702,122345,TOR,Toronto Argonauts,Regular Season,2026-09-05T13:09:45.302148,2026
998710,12,Chad Kelly,Chad Kelly,Offensive_Quarterback,Started,15.0,18.0,0.833,197.0,2.0,0.0,44.0,10.944,13.166666666666666,1.0,5.0,0,5,5.0,,,,,,,,,,,,,,,,,,,,,,,,,,,,,,,,,,,,,,,13419702,122345,TOR,Toronto Argonauts,Regular Season,2026-09-05T13:09:45.302148,2026
1002690,10,Davis Alexander,Davis Alexander,Offensive_Quarterback,Started,21.0,29.0,0.724,187.0,0.0,1.0,25.0,6.448,4.896551724137931,,,,,,,,,,,,,,,,,,,,,,,,,,,,,,,,,,,,,,,,,,,,13419703,86680,MTL,Montreal Alouettes,Regular Season,2026-09-05T13:09:45.302148,2026
1012540,20,Lorenzo Burns,Lorenzo Burns,Defensive_DefensiveBack,Started,,,,,,,,,,,,,,,,,,,,,,,,4,0,0,0,0,0,0,,,,,,,,,,,,,,,,,,,,,,,13419703,86680,MTL,Montreal Alouettes,Regular Season,2026-09-05T13:09:45.302148,2026
1014914,95,Daniel Wise,Daniel Wise,Defensive_Tackle,Started,,,,,,,,,,,,,,,,,,,,,,,,2,0,0,0,0,0,0,,,,,,,,,,,,,,,,,,,,,,,13419703,86680,MTL,Montreal Alouettes,Regular Season,2026-09-05T13:09:45.302148,2026
1017444,31,Faion Hicks,Faion Hicks,Defensive_DefensiveBack,Started,,,,,,,,,,,,,,,,,,,,,,,,3,0,0,0,0,0,0,,,,,,,,,,,,,,,,,,,,,,,13419703,86680,MTL,Montreal Alouettes,Regular Season,2026-09-05T13:09:45.302148,2026
1067123,26,Tyrice Beverette,Tyrice Beverette,Defensive_Linebacker,Started,,,,,,,,,,,,,,,,,,,,,,,,3,1,0,0,0,0,0,,,,,,,,,,,,,,,,,,,,,,,13419703,86680,MTL,Montreal Alouettes,Regular Season,2026-09-05T13:09:45.302148,2026
1075914,94,Mustafa Johnson,Mustafa Johnson,Defensive_Tackle,Started,,,,,,,,,,,,,,,,,,,,,,,,2,1,1,0,0,0,0,,,,,,,,,,,,,,,,,,,,,,,13419703,86680,MTL,Montreal Alouettes,Regular Season,2026-09-05T13:09:45.302148,2026
1077936,0,Jonathan Sutherland,Jonathan Sutherland,Defensive_DefensiveBack,ActiveNotPlayed,,,,,,,,,,,,,,,,,,,,,,,,0,0,0,0,0,0,1,,,,,,,,,,,,,,,,,,,,,,,13419703,86680,MTL,Montreal Alouettes,Regular Season,2026-09-05T13:09:45.302148,2026
1079000,15,Alexander Hollins,Alexander Hollins,Offensive_WideReceiver,ActiveNotPlayed,,,,,,,,,,,,,,,1.0,1.0,7.0,2.0,0.0,7.0,7.0,7.0,1.0,,,,,,,,,,,,,,,,,,,,,,,,,,,,,,13419703,86680,MTL,Montreal Alouettes,Regular Season,2026-09-05T13:09:45.302148,2026
1080618,43,Gemon Green,Gemon Green,Defensive_DefensiveBack,ActiveNotPlayed,,,,,,,,,,,,,,,,,,,,,,,,1,0,0,0,0,0,0,,,,,,,,,,,,,,,,,,,,,,,13419703,86680,MTL,Montreal Alouettes,Regular Season,2026-09-05T13:09:45.302148,2026
1081310,85,Tyler Snead,Tyler Snead,Offensive_WideReceiver,Started,,,,,,,,,,,,,,,5.0,4.0,37.0,7.0,0.0,16.0,9.25,7.4,0.8,,,,,,,,,,,,,,,,,,,,,,,,,,,,,,13419703,86680,MTL,Montreal Alouettes,Regular Season,2026-09-05T13:09:45.302148,2026
1081324,7,DeVonte Dedmon,DeVonte Dedmon,Offensive_WideReceiver,ActiveNotPlayed,,,,,,,,,,,,,,,,,,,,,,,,,,,,,,,,,,,,,,,,,,,,,3.0,100.0,40.0,33.333,4.0,45.0,23.0,11.25,13419703,86680,MTL,Montreal Alouettes,Regular Season,2026-09-05T13:09:45.302148,2026
1084787,91,Isaac Adeyemi-Berglund,Isaac Adeyemi-Berglund,Defensive_End,Started,,,,,,,,,,,,,,,,,,,,,,,,2,0,0,0,0,0,0,,,,,,,,,,,,,,,,,,,,,,,13419703,86680,MTL,Montreal Alouettes,Regular Season,2026-09-05T13:09:45.302148,2026
1086247,96,Lwal Uguak,Lwal Uguak,Defensive_End,ActiveNotPlayed,,,,,,,,,,,,,,,,,,,,,,,,1,0,0,0,0,0,0,,,,,,,,,,,,,,,,,,,,,,,13419703,86680,MTL,Montreal Alouettes,Regular Season,2026-09-05T13:09:45.302148,2026
1349524,34,Alexandre Gagne,Alexandre Gagne,Defensive_Linebacker,ActiveNotPlayed,,,,,,,,,,,,,,,,,,,,,,,,0,0,0,0,0,0,1,,,,,,,,,,,,,,,,,,,,,,,13419703,86680,MTL,Montreal Alouettes,Regular Season,2026-09-05T13:09:45.302148,2026
1349552,36,Joseph Zema,Joseph Zema,Punter,ActiveNotPlayed,,,,,,,,,,,,,,,,,,,,,,,,,,,,,,,,,,,,,,,,4.0,196.0,49.0,56.0,0.0,,,,,,,,,13419703,86680,MTL,Montreal Alouettes,Regular Season,2026-09-05T13:09:45.302148,2026
1349560,12,Najee Murray,Najee Murray,Defensive_Linebacker,Started,,,,,,,,,,,,,,,,,,,,,,,,0,0,0,0,0,1,0,,,,,,,,,,,,,,,,,,,,,,,13419703,86680,MTL,Montreal Alouettes,Regular Season,2026-09-05T13:09:45.302148,2026
1349566,6,Tyson Philpot,Tyson Philpot,Offensive_WideReceiver,Started,,,,,,,,,,,,,,,9.0,5.0,32.0,31.0,0.0,17.0,6.4,3.556,0.556,,,,,,,,,,,,,,,,,,,,,,,,,,,,,,13419703,86680,MTL,Montreal Alouettes,Regular Season,2026-09-05T13:09:45.302148,2026
1349569,37,Wesley Sutton,Wesley Sutton,Defensive_DefensiveBack,Started,,,,,,,,,,,,,,,,,,,,,,,,1,0,0,0,0,0,0,,,,,,,,,,,,,,,,,,,,,,,13419703,86680,MTL,Montreal Alouettes,Regular Season,2026-09-05T13:09:45.302148,2026
1349583,88,Marco Dubois,Marco Dubois,Offensive_WideReceiver,Started,,,,,,,,,,,,,,,1.0,1.0,16.0,12.0,0.0,16.0,16.0,16.0,1.0,,,,,,,,,,,,,,,,,,,,,,,,,,,,,,13419703,86680,MTL,Montreal Alouettes,Regular Season,2026-09-05T13:09:45.302148,2026
1349615,17,Cole Spieker,Cole Spieker,Offensive_WideReceiver,Started,,,,,,,,,,,,,,,5.0,5.0,63.0,49.0,0.0,25.0,12.6,12.6,1.0,,,,,,,,,,,,,,,,,,,,,,,,,,,,,,13419703,86680,MTL,Montreal Alouettes,Regular Season,2026-09-05T13:09:45.302148,2026
1349805,2,Micah Awe,Micah Awe,Defensive_Linebacker,ActiveNotPlayed,,,,,,,,,,,,,,,,,,,,,,,,3,0,0,0,0,0,1,,,,,,,,,,,,,,,,,,,,,,,13419703,86680,MTL,Montreal Alouettes,Regular Season,2026-09-05T13:09:45.302148,2026
1350957,19,Jose Maltos Diaz,Jose Maltos Diaz,Kicker,ActiveNotPlayed,,,,,,,,,,,,,,,,,,,,,,,,,,,,,,,3.0,3.0,1.0,46,3.0,0.0,6.0,397.0,84.0,,,,,,,,,,,,,,13419703,86680,MTL,Montreal Alouettes,Regular Season,2026-09-05T13:09:45.302148,2026
1403971,38,Jacob Mason,Jacob Mason,Offensive_Fullback,ActiveNotPlayed,,,,,,,,,,,,,,,3.0,2.0,14.0,11.0,0.0,10.0,7.0,4.667,0.667,0,0,0,0,0,0,1,,,,,,,,,,,,,,,,,,,,,,,13419703,86680,MTL,Montreal Alouettes,Regular Season,2026-09-05T13:09:45.302148,2026
1439775,14,Terry Wilson,Terry Wilson,Offensive_Quarterback,ActiveNotPlayed,,,,,,,,,,7.0,10.0,2,3,1.429,,,,,,,,,,,,,,,,,,,,,,,,,,,,,,,,,,,,,,,13419703,86680,MTL,Montreal Alouettes,Regular Season,2026-09-05T13:09:45.302148,2026
1468029,33,Arthur Hamlin,Arthur Hamlin,Defensive_DefensiveBack,ActiveNotPlayed,,,,,,,,,,,,,,,,,,,,,,,,0,0,0,0,0,0,1,,,,,,,,,,,,,,,,,,,,,,,13419703,86680,MTL,Montreal Alouettes,Regular Season,2026-09-05T13:09:45.302148,2026
1468035,9,Geoffrey Cantin-Arku,Geoffrey Cantin-Arku,Defensive_Linebacker,Started,,,,,,,,,,,,,,,,,,,,,,,,1,1,0,0,0,0,1,,,,,,,,,,,,,,,,,,,,,,,13419703,86680,MTL,Montreal Alouettes,Regular Season,2026-09-05T13:09:45.302148,2026
1483380,1,Robert Kennedy,Robert Kennedy,Defensive_DefensiveBack,Started,,,,,,,,,,,,,,,,,,,,,,,,5,0,0,1,0,0,0,,,,,,,,,,,,,,,,,,,,,,,13419703,86680,MTL,Montreal Alouettes,Regular Season,2026-09-05T13:09:45.302148,2026
1486099,32,Rushawn Baker,Rushawn Baker,Offensive_RunningBack,ActiveNotPlayed,,,,,,,,,,1.0,1.0,0,1,1.0,,,,,,,,,,,,,,,,,,,,,,,,,,,,,,,,,,,,,,,13419703,86680,MTL,Montreal Alouettes,Regular Season,2026-09-05T13:09:45.302148,2026
1496839,47,T.J. Guy,T.J. Guy,Defensive_End,Started,,,,,,,,,,,,,,,,,,,,,,,,3,0,0,0,1,0,0,,,,,,,,,,,,,,,,,,,,,,,13419703,86680,MTL,Montreal Alouettes,Regular Season,2026-09-05T13:09:45.302148,2026
1507435,44,Kylan Guidry,Kylan Guidry,Defensive_End,ActiveNotPlayed,,,,,,,,,,,,,,,,,,,,,,,,1,0,0,0,0,0,0,,,,,,,,,,,,,,,,,,,,,,,13419703,86680,MTL,Montreal Alouettes,Regular Season,2026-09-05T13:09:45.302148,2026
1520977,5,Travis Theis,Travis Theis,Offensive_RunningBack,Started,,,,,,,,,,19.0,156.0,1,26,8.211,2.0,1.0,2.0,2.0,0.0,2.0,2.0,1.0,0.5,,,,,,,,,,,,,,,,,,,,,,,,,,,,,,13419703,86680,MTL,Montreal Alouettes,Regular Season,2026-09-05T13:09:45.302148,2026
1602296,82,Kaseem Ferdinand,Kaseem Ferdinand,Offensive_WideReceiver,Started,,,,,,,,,,,,,,,3.0,2.0,16.0,9.0,0.0,9.0,8.0,5.333,0.667,1,0,0,0,0,0,0,,,,,,,,,,,,,,,,,,,,,,,13419703,86680,MTL,Montreal Alouettes,Regular Season,2026-09-05T13:09:45.302148,2026
1602445,23,Nate Beauchemin,Nate Beauchemin,Defensive_DefensiveBack,Started,,,,,,,,,,,,,,,,,,,,,,,,2,0,0,0,0,0,0,,,,,,,,,,,,,,,,,,,,,,,13419703,86680,MTL,Montreal Alouettes,Regular Season,2026-09-05T13:09:45.302148,2026
1010914,20,Devodric Bynum,Devodric Bynum,Defensive_DefensiveBack,Started,,,,,,,,,,,,,,,,,,,,,,,,5,0,0,1,0,0,0,,,,,,,,,,,,,,,,,,,,,,,13419703,83579,HAM,Hamilton Tiger-Cats,Regular Season,2026-09-05T13:09:45.302148,2026
1012742,2,Jamal Peters,Jamal Peters,Defensive_DefensiveBack,Started,,,,,,,,,,,,,,,,,,,,,,,,2,0,0,0,0,0,0,,,,,,,,,,,,,,,,,,,,,,,13419703,83579,HAM,Hamilton Tiger-Cats,Regular Season,2026-09-05T13:09:45.302148,2026
1014479,37,Larry Rountree III,Larry Rountree III,Offensive_RunningBack,Started,,,,,,,,,,13.0,52.0,0,11,4.0,2.0,2.0,16.0,16.0,0.0,14.0,8.0,8.0,1.0,,,,,,,,,,,,,,,,,,,,,,,,,,,,,,13419703,83579,HAM,Hamilton Tiger-Cats,Regular Season,2026-09-05T13:09:45.302148,2026
1018050,16,Jake Dolegala,Jake Dolegala,Offensive_Quarterback,ActiveNotPlayed,,,,,,,,,,2.0,4.0,0,2,2.0,,,,,,,,,,,,,,,,,,,,,,,,,,,,,,,,,,,,,,,13419703,83579,HAM,Hamilton Tiger-Cats,Regular Season,2026-09-05T13:09:45.302148,2026
1082505,44,Daniel Bell,Daniel Bell,Offensive_Fullback,ActiveNotPlayed,,,,,,,,,,,,,,,,,,,,,,,,0,0,0,0,0,0,1,,,,,,,,,,,,,,,,,,,,,,,13419703,83579,HAM,Hamilton Tiger-Cats,Regular Season,2026-09-05T13:09:45.302148,2026
1290182,7,Myron Mitchell,Myron Mitchell,Offensive_WideReceiver,Started,,,,,,,,,,,,,,,4.0,3.0,24.0,12.0,0.0,10.0,8.0,6.0,0.75,,,,,,,,,,,,,,,,,,,,,,,,,,,,,,13419703,83579,HAM,Hamilton Tiger-Cats,Regular Season,2026-09-05T13:09:45.302148,2026
1297961,48,Wynton McManis,Wynton McManis,Defensive_Linebacker,Started,,,,,,,,,,,,,,,,,,,,,,,,4,0,0,0,0,0,0,,,,,,,,,,,,,,,,,,,,,,,13419703,83579,HAM,Hamilton Tiger-Cats,Regular Season,2026-09-05T13:09:45.302148,2026
1345719,8,Keric Wheatfall,Keric Wheatfall,Offensive_WideReceiver,Started,,,,,,,,,,,,,,,5.0,4.0,55.0,26.0,0.0,20.0,13.75,11.0,0.8,1,0,0,0,0,0,0,,,,,,,,,,,,,,,,,,,,,,,13419703,83579,HAM,Hamilton Tiger-Cats,Regular Season,2026-09-05T13:09:45.302148,2026
1349477,14,Kurleigh Gittens Jr.,Kurleigh Gittens Jr.,Offensive_WideReceiver,Started,,,,,,,,,,,,,,,2.0,1.0,7.0,5.0,0.0,7.0,7.0,3.5,0.5,,,,,,,,,,,,,,,,,,,,,,,,,,,,,,13419703,83579,HAM,Hamilton Tiger-Cats,Regular Season,2026-09-05T13:09:45.302148,2026
1349542,33,Marc Liegghio,Marc Liegghio,Kicker,ActiveNotPlayed,,,,,,,,,,,,,,,,,,,,,,,,,,,,,,,1.0,1.0,1.0,46,2.0,0.0,3.0,213.0,75.0,,,,,,,,,,,,,,13419703,83579,HAM,Hamilton Tiger-Cats,Regular Season,2026-09-05T13:09:45.302148,2026
1349621,30,Stavros Katsantonis,Stavros Katsantonis,Defensive_DefensiveBack,Started,,,,,,,,,,,,,,,,,,,,,,,,3,0,0,0,1,0,0,,,,,,,,,,,,,,,,,,,,,,,13419703,83579,HAM,Hamilton Tiger-Cats,Regular Season,2026-09-05T13:09:45.302148,2026
1349633,85,Kiondre Smith,Kiondre Smith,Offensive_WideReceiver,Started,,,,,,,,,,,,,,,2.0,1.0,6.0,0.0,0.0,6.0,6.0,3.0,0.5,,,,,,,,,,,,,,,,,,,,,,,,,,,,,,13419703,83579,HAM,Hamilton Tiger-Cats,Regular Season,2026-09-05T13:09:45.302148,2026
1350470,5,Tre Ford,Tre Ford,Offensive_Quarterback,Started,15.0,23.0,0.652,164.0,1.0,1.0,33.0,7.13,6.043478260869565,3.0,24.0,0,11,8.0,,,,,,,,,,1,0,0,0,0,0,0,,,,,,,,,,,,,,,,,,,,,,,13419703,83579,HAM,Hamilton Tiger-Cats,Regular Season,2026-09-05T13:09:45.302148,2026
1350503,34,Ante Milanovic-Litre,Ante Milanovic-Litre,Offensive_Fullback,ActiveNotPlayed,,,,,,,,,,,,,,,,,,,,,,,,0,0,0,0,0,0,1,,,,,,,,,,,,,,,,,,,,,,,13419703,83579,HAM,Hamilton Tiger-Cats,Regular Season,2026-09-05T13:09:45.302148,2026
1400232,1,Reggie Stubblefield,Reggie Stubblefield,Defensive_Linebacker,Started,,,,,,,,,,,,,,,,,,,,,,,,6,0,0,0,0,1,0,,,,,,,,,,,,,,,,,,,,,,,13419703,83579,HAM,Hamilton Tiger-Cats,Regular Season,2026-09-05T13:09:45.302148,2026
1464500,11,Isaiah Wooden,Isaiah Wooden,Offensive_WideReceiver,ActiveNotPlayed,,,,,,,,,,,,,,,1.0,1.0,11.0,11.0,0.0,11.0,11.0,11.0,1.0,,,,,,,,,,,,,,,,,,,,,,4.0,53.0,22.0,13.25,4.0,148.0,100.0,37.0,13419703,83579,HAM,Hamilton Tiger-Cats,Regular Season,2026-09-05T13:09:45.302148,2026
1470629,25,Destin Talbert,Destin Talbert,Defensive_DefensiveBack,Started,,,,,,,,,,,,,,,,,,,,,,,,3,0,0,0,1,0,0,,,,,,,,,,,,,,,,,,,,,,,13419703,83579,HAM,Hamilton Tiger-Cats,Regular Season,2026-09-05T13:09:45.302148,2026
1470649,36,Ryan Baker,Ryan Baker,Defensive_Linebacker,ActiveNotPlayed,,,,,,,,,,,,,,,,,,,,,,,,3,0,0,0,0,0,1,,,,,,,,,,,,,,,1.0,0.0,0.0,0.0,,,,,13419703,83579,HAM,Hamilton Tiger-Cats,Regular Season,2026-09-05T13:09:45.302148,2026
1483388,6,Zamari Walton,Zamari Walton,Defensive_DefensiveBack,Started,,,,,,,,,,,,,,,,,,,,,,,,1,0,0,0,0,0,0,,,,,,,,,,,,,,,,,,,,,,,13419703,83579,HAM,Hamilton Tiger-Cats,Regular Season,2026-09-05T13:09:45.302148,2026
1487519,70,Mitch McCarthy,Mitch McCarthy,Punter,ActiveNotPlayed,,,,,,,,,,,,,,,,,,,,,,,,,,,,,,,,,,,,,,,,7.0,324.0,46.286,76.0,2.0,,,,,,,,,13419703,83579,HAM,Hamilton Tiger-Cats,Regular Season,2026-09-05T13:09:45.302148,2026
1518663,32,Jordan Crook,Jordan Crook,Defensive_Linebacker,Started,,,,,,,,,,,,,,,,,,,,,,,,7,0,1,0,0,0,3,,,,,,,,,,,,,,,,,,,,,,,13419703,83579,HAM,Hamilton Tiger-Cats,Regular Season,2026-09-05T13:09:45.302148,2026
1596980,35,Ronan Horrall,Ronan Horrall,Defensive_DefensiveBack,ActiveNotPlayed,,,,,,,,,,,,,,,,,,,,,,,,0,0,0,0,0,0,1,,,,,,,,,,,,,,,,,,,,,,,13419703,83579,HAM,Hamilton Tiger-Cats,Regular Season,2026-09-05T13:09:45.302148,2026
1602441,46,Philip Ossai,Philip Ossai,Defensive_DefensiveLineman,Started,,,,,,,,,,,,,,,,,,,,,,,,7,1,0,0,1,0,0,,,,,,,,,,,,,,,,,,,,,,,13419703,83579,HAM,Hamilton Tiger-Cats,Regular Season,2026-09-05T13:09:45.302148,2026
941538,95,Julian Howsare,Julian Howsare,Defensive_DefensiveLineman,Started,,,,,,,,,,,,,,,,,,,,,,,,3,0,0,0,0,0,0,,,,,,,,,,,,,,,,,,,,,,,13419703,83579,HAM,Hamilton Tiger-Cats,Regular Season,2026-09-05T13:09:45.302148,2026
998924,89,Kenny Lawler,Kenny Lawler,Offensive_WideReceiver,Started,,,,,,,,,,,,,,,7.0,3.0,45.0,38.0,1.0,33.0,15.0,6.429,0.429,,,,,,,,,,,,,,,,,,,,,,,,,,,,,,13419703,83579,HAM,Hamilton Tiger-Cats,Regular Season,2026-09-05T13:09:45.302148,2026
1003413,4,Dru Brown,Dru Brown,Offensive_Quarterback,Started,18.0,21.0,0.857,180.0,1.0,0.0,37.0,8.571,9.523809523809524,1.0,7.0,0,7,7.0,,,,,,,,,,,,,,,,,,,,,,,,,,,,,,,,,,,,,,,13419704,110380,WPG,Winnipeg Blue Bombers,Regular Season,2026-09-05T13:09:45.302148,2026
1003939,1,Deatrick Nichols,Deatrick Nichols,Defensive_DefensiveBack,Started,,,,,,,,,,,,,,,,,,,,,,,,1,0,0,0,0,0,0,,,,,,,,,,,,,,,,,,,,,,,13419704,110380,WPG,Winnipeg Blue Bombers,Regular Season,2026-09-05T13:09:45.302148,2026
1012104,39,Jaylen Smith,Jaylen Smith,Defensive_Linebacker,ActiveNotPlayed,,,,,,,,,,,,,,,,,,,,,,,,4,0,0,0,0,1,0,,,,,,,,,,,,,,,,,,,,,,,13419704,110380,WPG,Winnipeg Blue Bombers,Regular Season,2026-09-05T13:09:45.302148,2026
1014288,33,Tony Jones,Tony Jones,Defensive_Linebacker,Started,,,,,,,,,,,,,,,,,,,,,,,,6,0,0,0,0,0,0,,,,,,,,,,,,,,,,,,,,,,,13419704,110380,WPG,Winnipeg Blue Bombers,Regular Season,2026-09-05T13:09:45.302148,2026
1015193,80,Ontaria Wilson,Ontaria Wilson,Offensive_WideReceiver,Started,,,,,,,,,,,,,,,7.0,4.0,67.0,48.0,0.0,37.0,16.75,9.571,0.571,,,,,,,,,,,,,,,,,,,,,,,,,,,,,,13419704,110380,WPG,Winnipeg Blue Bombers,Regular Season,2026-09-05T13:09:45.302148,2026
1018781,12,Tim White,Tim White,Offensive_WideReceiver,Started,,,,,,,,,,,,,,,5.0,5.0,51.0,39.0,1.0,32.0,10.2,10.2,1.0,,,,,,,,,,,,,,,,,,,,,,,,,,,,,,13419704,110380,WPG,Winnipeg Blue Bombers,Regular Season,2026-09-05T13:09:45.302148,2026
1078857,9,Bryce Perkins,Bryce Perkins,Offensive_Quarterback,ActiveNotPlayed,,,,,,,,,,3.0,8.0,0,4,2.667,,,,,,,,,,,,,,,,,,,,,,,,,,,,,,,,,,,,,,,13419704,110380,WPG,Winnipeg Blue Bombers,Regular Season,2026-09-05T13:09:45.302148,2026
1082157,31,Evan Holm,Evan Holm,Defensive_DefensiveBack,Started,,,,,,,,,,,,,,,,,,,,,,,,4,0,0,0,0,0,0,,,,,,,,,,,,,,,,,,,,,,,13419704,110380,WPG,Winnipeg Blue Bombers,Regular Season,2026-09-05T13:09:45.302148,2026
1082183,20,Brady Oliveira,Brady Oliveira,Offensive_RunningBack,Started,,,,,,,,,,19.0,107.0,0,15,5.632,2.0,1.0,9.0,9.0,0.0,9.0,9.0,4.5,0.5,,,,,,,,,,,,,,,,,,,,,,,,,,,,,,13419704,110380,WPG,Winnipeg Blue Bombers,Regular Season,2026-09-05T13:09:45.302148,2026
1131290,94,Jake Ceresna,Jake Ceresna,Defensive_Tackle,Started,,,,,,,,,,,,,,,,,,,,,,,,1,1,0,0,0,0,0,,,,,,,,,,,,,,,,,,,,,,,13419704,110380,WPG,Winnipeg Blue Bombers,Regular Season,2026-09-05T13:09:45.302148,2026
1243886,14,Sergio Castillo,Sergio Castillo,Kicker,ActiveNotPlayed,,,,,,,,,,,,,,,,,,,,,,,,,,,,,,,4.0,4.0,1.0,49,1.0,0.0,2.0,135.0,69.0,,,,,,,,,,,,,,13419704,110380,WPG,Winnipeg Blue Bombers,Regular Season,2026-09-05T13:09:45.302148,2026
1349490,83,Tommy Nield,Tommy Nield,Offensive_WideReceiver,Started,,,,,,,,,,,,,,,1.0,1.0,18.0,0.0,0.0,18.0,18.0,18.0,1.0,,,,,,,,,,,,,,,,,,,,,,,,,,,,,,13419704,110380,WPG,Winnipeg Blue Bombers,Regular Season,2026-09-05T13:09:45.302148,2026
1349512,47,Tanner Cadwallader,Tanner Cadwallader,Defensive_Linebacker,ActiveNotPlayed,,,,,,,,,,,,,,,,,,,,,,,,0,0,0,0,0,0,1,,,,,,,,,,,,,,,,,,,,,,,13419704,110380,WPG,Winnipeg Blue Bombers,Regular Season,2026-09-05T13:09:45.302148,2026
1349519,10,Nic Demski,Nic Demski,Offensive_WideReceiver,Started,,,,,,,,,,,,,,,5.0,3.0,8.0,3.0,0.0,6.0,2.667,1.6,0.6,1,0,0,0,0,0,0,,,,,,,,,,,,,,,,,,,,,,,13419704,110380,WPG,Winnipeg Blue Bombers,Regular Season,2026-09-05T13:09:45.302148,2026
1349561,19,Kyrie Wilson,Kyrie Wilson,Defensive_Linebacker,Started,,,,,,,,,,,,,,,,,,,,,,,,5,0,0,0,0,0,1,,,,,,,,,,,,,,,,,,,,,,,13419704,110380,WPG,Winnipeg Blue Bombers,Regular Season,2026-09-05T13:09:45.302148,2026
1384562,82,Gavin Cobb,Gavin Cobb,Offensive_WideReceiver,Started,,,,,,,,,,,,,,,2.0,2.0,16.0,7.0,0.0,8.0,8.0,8.0,1.0,,,,,,,,,,,,,,,,,,,,,,,,,,,,,,13419704,110380,WPG,Winnipeg Blue Bombers,Regular Season,2026-09-05T13:09:45.302148,2026
1397520,32,Michael Griffin II,Michael Griffin II,Defensive_Linebacker,Started,,,,,,,,,,,,,,,,,,,,,,,,5,0,0,0,0,0,0,,,,,,,,,,,,,,,,,,,,,,,13419704,110380,WPG,Winnipeg Blue Bombers,Regular Season,2026-09-05T13:09:45.302148,2026
1401587,49,Michael Ayers,Michael Ayers,Defensive_Linebacker,ActiveNotPlayed,,,,,,,,,,,,,,,,,,,,,,,,0,0,0,0,0,0,2,,,,,,,,,,,,,,,,,,,,,,,13419704,110380,WPG,Winnipeg Blue Bombers,Regular Season,2026-09-05T13:09:45.302148,2026
1403880,16,Jake Kelly,Jake Kelly,Defensive_DefensiveBack,Started,,,,,,,,,,,,,,,,,,,,,,,,3,0,0,0,0,0,1,,,,,,,,,,,,,,,,,,,,,,,13419704,110380,WPG,Winnipeg Blue Bombers,Regular Season,2026-09-05T13:09:45.302148,2026
1403894,18,Jamieson Sheahan,Jamieson Sheahan,Punter,ActiveNotPlayed,,,,,,,,,,,,,,,,,,,,,,,,,,,,,,,,,,,,,,,,6.0,306.0,51.0,61.0,0.0,,,,,,,,,13419704,110380,WPG,Winnipeg Blue Bombers,Regular Season,2026-09-05T13:09:45.302148,2026
1464504,23,Trey Vaval,Trey Vaval,Defensive_DefensiveBack,ActiveNotPlayed,,,,,,,,,,,,,,,,,,,,,,,,,,,,,,,,,,,,,,,,,,,,,4.0,102.0,30.0,25.5,3.0,33.0,16.0,11.0,13419704,110380,WPG,Winnipeg Blue Bombers,Regular Season,2026-09-05T13:09:45.302148,2026
1468039,25,Michael Chris-Ike,Michael Chris-Ike,Offensive_RunningBack,ActiveNotPlayed,,,,,,,,,,,,,,,,,,,,,,,,0,0,0,0,0,0,1,,,,,,,,,,,,,,,,,,,,,,,13419704,110380,WPG,Winnipeg Blue Bombers,Regular Season,2026-09-05T13:09:45.302148,2026
1468454,86,Kevens Clercius,Kevens Clercius,Offensive_WideReceiver,ActiveNotPlayed,,,,,,,,,,,,,,,1.0,1.0,10.0,5.0,0.0,10.0,10.0,10.0,1.0,,,,,,,,,,,,,,,,,,,,,,,,,,,,,,13419704,110380,WPG,Winnipeg Blue Bombers,Regular Season,2026-09-05T13:09:45.302148,2026
1485301,93,Michael Fletcher,Michael Fletcher,Defensive_Tackle,Started,,,,,,,,,,,,,,,,,,,,,,,,3,0,0,0,0,0,0,,,,,,,,,,,,,,,,,,,,,,,13419704,110380,WPG,Winnipeg Blue Bombers,Regular Season,2026-09-05T13:09:45.302148,2026
1498915,29,Ethan Ball,Ethan Ball,Defensive_DefensiveBack,ActiveNotPlayed,,,,,,,,,,,,,,,,,,,,,,,,0,0,0,0,0,0,1,,,,,,,,,,,,,,,,,,,,,,,13419704,110380,WPG,Winnipeg Blue Bombers,Regular Season,2026-09-05T13:09:45.302148,2026
1507852,34,Connor Shay,Connor Shay,Defensive_Linebacker,ActiveNotPlayed,,,,,,,,,,,,,,,,,,,,,,,,0,0,0,0,0,0,1,,,,,,,,,,,,,,,,,,,,,,,13419704,110380,WPG,Winnipeg Blue Bombers,Regular Season,2026-09-05T13:09:45.302148,2026
1636935,13,Taylor Elgersma,Taylor Elgersma,Offensive_Quarterback,ActiveNotPlayed,1.0,4.0,0.25,10.0,0.0,0.0,10.0,2.5,2.5,2.0,7.0,0,6,3.5,,,,,,,,,,,,,,,,,,,,,,,,,,,,,,,,,,,,,,,13419704,110380,WPG,Winnipeg Blue Bombers,Regular Season,2026-09-05T13:09:45.302148,2026
1636948,24,Major Williams,Major Williams,Defensive_DefensiveBack,Started,,,,,,,,,,,,,,,,,,,,,,,,3,0,0,0,0,0,0,,,,,,,,,,,,,,,,,,,,,,,13419704,110380,WPG,Winnipeg Blue Bombers,Regular Season,2026-09-05T13:09:45.302148,2026
1752357,87,Dante Daniels,Dante Daniels,Offensive_TightEnd,ActiveNotPlayed,,,,,,,,,,,,,,,2.0,2.0,11.0,9.0,0.0,9.0,5.5,5.5,1.0,,,,,,,,,,,,,,,,,,,,,,,,,,,,,,13419704,110380,WPG,Winnipeg Blue Bombers,Regular Season,2026-09-05T13:09:45.302148,2026
757943,5,Willie Jefferson,Willie Jefferson,Defensive_End,Started,,,,,,,,,,,,,,,,,,,,,,,,1,1,0,0,0,0,0,,,,,,,,,,,,,,,,,,,,,,,13419704,110380,WPG,Winnipeg Blue Bombers,Regular Season,2026-09-05T13:09:45.302148,2026
999581,2,Jonathan Moxey,Jonathan Moxey,Defensive_DefensiveBack,Started,,,,,,,,,,,,,,,,,,,,,,,,2,0,0,0,0,0,0,,,,,,,,,,,,,,,,,,,,,,,13419704,110380,WPG,Winnipeg Blue Bombers,Regular Season,2026-09-05T13:09:45.302148,2026
1007090,3,C.J. Coldon,C.J. Coldon,Defensive_DefensiveBack,Started,,,,,,,,,,,,,,,,,,,,,,,,1,0,0,0,0,0,0,,,,,,,,,,,,,,,,,,,,,,,13419704,93775,BC,BC Lions,Regular Season,2026-09-05T13:09:45.302148,2026
1012377,18,Justin McInnis,Justin McInnis,Offensive_WideReceiver,Started,,,,,,,,,,,,,,,1.0,0.0,0.0,0.0,0.0,0.0,,,0.0,,,,,,,,,,,,,,,,,,,,,,,,,,,,,,13419704,93775,BC,BC Lions,Regular Season,2026-09-05T13:09:45.302148,2026
1080752,9,Deontai Williams,Deontai Williams,Defensive_DefensiveBack,Started,,,,,,,,,,,,,,,,,,,,,,,,8,1,1,0,0,0,2,,,,,,,,,,,,,,,,,,,,,,,13419704,93775,BC,BC Lions,Regular Season,2026-09-05T13:09:45.302148,2026
1086308,21,Ronald Kent Jr.,Ronald Kent Jr.,Defensive_DefensiveBack,Started,,,,,,,,,,,,,,,,,,,,,,,,2,0,0,0,0,0,0,,,,,,,,,,,,,,,,,,,,,,,13419704,93775,BC,BC Lions,Regular Season,2026-09-05T13:09:45.302148,2026
1130072,90,Mathieu Betts,Mathieu Betts,Defensive_End,Started,,,,,,,,,,,,,,,,,,,,,,,,3,1,0,0,0,0,0,,,,,,,,,,,,,,,,,,,,,,,13419704,93775,BC,BC Lions,Regular Season,2026-09-05T13:09:45.302148,2026
1349478,27,Josh Hagerty,Josh Hagerty,Defensive_DefensiveBack,Started,,,,,,,,,,,,,,,,,,,,,,,,2,0,0,0,0,0,0,,,,,,,,,,,,,,,,,,,,,,,13419704,93775,BC,BC Lions,Regular Season,2026-09-05T13:09:45.302148,2026
1349808,91,Nathan Cherry,Nathan Cherry,Defensive_DefensiveLineman,ActiveNotPlayed,,,,,,,,,,,,,,,,,,,,,,,,2,1,0,0,1,0,0,,,,,,,,,,,,,,,,,,,,,,,13419704,93775,BC,BC Lions,Regular Season,2026-09-05T13:09:45.302148,2026
1349833,45,Riley Pickett,Riley Pickett,Offensive_Fullback,ActiveNotPlayed,,,,,,,,,,,,,,,,,,,,,,,,0,0,0,0,0,0,1,,,,,,,,,,,,,,,,,,,,,,,13419704,93775,BC,BC Lions,Regular Season,2026-09-05T13:09:45.302148,2026
1349844,10,Sean Whyte,Sean Whyte,Kicker,ActiveNotPlayed,,,,,,,,,,,,,,,,,,,,,,,,,,,,,,,2.0,3.0,0.667,43,3.0,0.0,,,,,,,,,,,,,,,,,13419704,93775,BC,BC Lions,Regular Season,2026-09-05T13:09:45.302148,2026
1357246,34,Zander Horvath,Zander Horvath,Offensive_RunningBack,Started,,,,,,,,,,17.0,191.0,3,58,11.235,,,,,,,,,,,,,,,,,,,,,,,,,,,,,,,,,,,,,,,13419704,93775,BC,BC Lions,Regular Season,2026-09-05T13:09:45.302148,2026
1397554,35,Woodly Appolon,Woodly Appolon,Defensive_Linebacker,ActiveNotPlayed,,,,,,,,,,,,,,,,,,,,,,,,0,0,0,0,0,1,0,,,,,,,,,,,,,,,,,,,,,,,13419704,93775,BC,BC Lions,Regular Season,2026-09-05T13:09:45.302148,2026
1404963,82,Kieran Poissant,Kieran Poissant,Offensive_WideReceiver,Started,,,,,,,,,,,,,,,4.0,4.0,32.0,16.0,0.0,14.0,8.0,8.0,1.0,,,,,,,,,,,,,,,,,,,,,,,,,,,,,,13419704,93775,BC,BC Lions,Regular Season,2026-09-05T13:09:45.302148,2026
1408642,99,Jonah Tavai,Jonah Tavai,Defensive_DefensiveLineman,Started,,,,,,,,,,,,,,,,,,,,,,,,2,0,0,0,0,0,0,,,,,,,,,,,,,,,,,,,,,,,13419704,93775,BC,BC Lions,Regular Season,2026-09-05T13:09:45.302148,2026
1464510,44,Ralen Goforth,Ralen Goforth,Defensive_Linebacker,ActiveNotPlayed,,,,,,,,,,,,,,,,,,,,,,,,0,0,0,0,0,0,1,,,,,,,,,,,,,,,,,,,,,,,13419704,93775,BC,BC Lions,Regular Season,2026-09-05T13:09:45.302148,2026
1470674,17,Carl Meyer,Carl Meyer,Kicker,ActiveNotPlayed,,,,,,,,,,,,,,,,,,,,,,,,,,,,,,,,,,,,,4.0,271.0,69.0,5.0,240.0,48.0,56.0,0.0,,,,,,,,,13419704,93775,BC,BC Lions,Regular Season,2026-09-05T13:09:45.302148,2026
1483122,25,Emani Bailey,Emani Bailey,Offensive_RunningBack,ActiveNotPlayed,,,,,,,,,,6.0,26.0,0,10,4.333,,,,,,,,,,,,,,,,,,,,,,,,,,,,,,,,,,,,,,,13419704,93775,BC,BC Lions,Regular Season,2026-09-05T13:09:45.302148,2026
1483768,84,Jermaine Jackson,Jermaine Jackson,Offensive_WideReceiver,Started,,,,,,,,,,,,,,,3.0,1.0,24.0,0.0,1.0,24.0,24.0,8.0,0.333,,,,,,,,,,,,,,,,,,,,,,,,,,,,,,13419704,93775,BC,BC Lions,Regular Season,2026-09-05T13:09:45.302148,2026
1492402,85,Nick Cenacle,Nick Cenacle,Offensive_WideReceiver,Started,,,,,,,,,,,,,,,1.0,1.0,8.0,4.0,0.0,8.0,8.0,8.0,1.0,1,0,0,0,0,0,0,,,,,,,,,,,,,,,,,,,,,,,13419704,93775,BC,BC Lions,Regular Season,2026-09-05T13:09:45.302148,2026
1494637,19,Kaidon Salter,Kaidon Salter,Offensive_Quarterback,Started,7.0,15.0,0.467,96.0,1.0,0.0,32.0,6.4,7.733333333333333,10.0,160.0,0,40,16.0,1.0,1.0,3.0,0.0,0.0,3.0,3.0,3.0,1.0,,,,,,,,,,,,,,,,,,,,,,,,,,,,,,13419704,93775,BC,BC Lions,Regular Season,2026-09-05T13:09:45.302148,2026
1497134,48,Hayden Harris,Hayden Harris,Defensive_DefensiveLineman,ActiveNotPlayed,,,,,,,,,,,,,,,,,,,,,,,,2,0,0,0,0,0,0,,,,,,,,,,,,,,,,,,,,,,,13419704,93775,BC,BC Lions,Regular Season,2026-09-05T13:09:45.302148,2026
1521552,42,Parker McKenna,Parker McKenna,Defensive_Linebacker,Started,,,,,,,,,,,,,,,,,,,,,,,,7,0,0,0,0,0,0,,,,,,,,,,,,,,,,,,,,,,,13419704,93775,BC,BC Lions,Regular Season,2026-09-05T13:09:45.302148,2026
1601197,33,Jackson Findlay,Jackson Findlay,Defensive_Linebacker,Started,,,,,,,,,,,,,,,,,,,,,,,,5,0,0,0,0,0,1,,,,,,,,,,,,,,,,,,,,,,,13419704,93775,BC,BC Lions,Regular Season,2026-09-05T13:09:45.302148,2026
1601212,36,Jacob Bond,Jacob Bond,Offensive_Fullback,ActiveNotPlayed,,,,,,,,,,,,,,,,,,,,,,,,0,0,0,0,0,0,1,,,,,,,,,,,,,,,,,,,,,,,13419704,93775,BC,BC Lions,Regular Season,2026-09-05T13:09:45.302148,2026
1752331,47,Chase Henning,Chase Henning,Defensive_Linebacker,ActiveNotPlayed,,,,,,,,,,,,,,,,,,,,,,,,0,0,0,0,0,0,1,,,,,,,,,,,,,,,,,,,,,,,13419704,93775,BC,BC Lions,Regular Season,2026-09-05T13:09:45.302148,2026
1761491,80,Jaden Williams,Jaden Williams,Offensive_WideReceiver,ActiveNotPlayed,,,,,,,,,,,,,,,,,,,,,,,,,,,,,,,,,,,,,,,,,,,,,2.0,28.0,16.0,14.0,6.0,53.0,26.0,8.833,13419704,93775,BC,BC Lions,Regular Season,2026-09-05T13:09:45.302148,2026
835951,93,Lorenzo Mauldin IV,Lorenzo Mauldin IV,Defensive_End,Started,,,,,,,,,,,,,,,,,,,,,,,,2,0,1,0,0,0,0,,,,,,,,,,,,,,,,,,,,,,,13419704,93775,BC,BC Lions,Regular Season,2026-09-05T13:09:45.302148,2026
998538,4,Keon Hatcher,Keon Hatcher,Offensive_WideReceiver,Started,1.0,1.0,1.0,3.0,0.0,0.0,3.0,3.0,3.0,,,,,,6.0,1.0,32.0,6.0,0.0,32.0,32.0,5.333,0.167,,,,,,,,,,,,,,,,,,,,,,,,,,,,,,13419704,93775,BC,BC Lions,Regular Season,2026-09-05T13:09:45.302148,2026
999245,53,Darnell Sankey,Darnell Sankey,Defensive_Linebacker,Started,,,,,,,,,,,,,,,,,,,,,,,,8,0,0,0,0,0,0,,,,,,,,,,,,,,,,,,,,,,,13419704,93775,BC,BC Lions,Regular Season,2026-09-05T13:09:45.302148,2026
1007078,7,Ayden Eberhardt,Ayden Eberhardt,Offensive_WideReceiver,Started,,,,,,,,,,,,,,,9.0,6.0,69.0,13.0,0.0,17.0,11.5,7.667,0.667,,,,,,,,,,,,,,,,,,,,,,,,,,,,,,13419705,88019,OTT,Ottawa RedBlacks,Regular Season,2026-09-05T13:09:45.302148,2026
1007273,4,Amari Henderson,Amari Henderson,Defensive_DefensiveBack,Started,,,,,,,,,,,,,,,,,,,,,,,,1,0,0,0,0,0,0,,,,,,,,,,,,,,,,,,,,,,,13419705,88019,OTT,Ottawa RedBlacks,Regular Season,2026-09-05T13:09:45.302148,2026
1007314,9,Shakur Brown,Shakur Brown,Defensive_DefensiveBack,Started,,,,,,,,,,,,,,,,,,,,,,,,2,0,0,0,0,0,0,,,,,,,,,,,,,,,,,,,,,,,13419705,88019,OTT,Ottawa RedBlacks,Regular Season,2026-09-05T13:09:45.302148,2026
1011917,8,C.J. Reavis,C.J. Reavis,Defensive_Linebacker,Started,,,,,,,,,,,,,,,,,,,,,,,,6,0,0,0,0,0,1,,,,,,,,,,,,,,,,,,,,,,,13419705,88019,OTT,Ottawa RedBlacks,Regular Season,2026-09-05T13:09:45.302148,2026
1012789,41,Brian Cole,Brian Cole,Defensive_Linebacker,ActiveNotPlayed,,,,,,,,,,,,,,,,,,,,,,,,0,0,0,0,0,0,1,,,,,,,,,,,,,,,,,,,,,,,13419705,88019,OTT,Ottawa RedBlacks,Regular Season,2026-09-05T13:09:45.302148,2026
1015046,83,Kalil Pimpleton,Kalil Pimpleton,Offensive_WideReceiver,Started,,,,,,,,,,,,,,,6.0,5.0,61.0,46.0,0.0,18.0,12.2,10.167,0.833,,,,,,,,,,,,,,,,,,,,,,2.0,47.0,28.0,23.5,1.0,18.0,18.0,18.0,13419705,88019,OTT,Ottawa RedBlacks,Regular Season,2026-09-05T13:09:45.302148,2026
1019929,91,Bryce Carter,Bryce Carter,Defensive_DefensiveLineman,Started,,,,,,,,,,,,,,,,,,,,,,,,1,0,0,0,0,0,0,,,,,,,,,,,,,,,,,,,,,,,13419705,88019,OTT,Ottawa RedBlacks,Regular Season,2026-09-05T13:09:45.302148,2026
1022991,6,Demerio Houston,Demerio Houston,Defensive_DefensiveBack,Started,,,,,,,,,,,,,,,,,,,,,,,,3,0,0,0,0,0,0,,,,,,,,,,,,,,,,,,,,,,,13419705,88019,OTT,Ottawa RedBlacks,Regular Season,2026-09-05T13:09:45.302148,2026
1067264,89,Jevoni Robinson,Jevoni Robinson,Offensive_TightEnd,Started,,,,,,,,,,,,,,,1.0,1.0,7.0,2.0,0.0,7.0,7.0,7.0,1.0,,,,,,,,,,,,,,,,,,,,,,,,,,,,,,13419705,88019,OTT,Ottawa RedBlacks,Regular Season,2026-09-05T13:09:45.302148,2026
1080661,44,Luiji Vilain,Luiji Vilain,Defensive_DefensiveLineman,ActiveNotPlayed,,,,,,,,,,,,,,,,,,,,,,,,1,0,0,0,0,0,0,,,,,,,,,,,,,,,,,,,,,,,13419705,88019,OTT,Ottawa RedBlacks,Regular Season,2026-09-05T13:09:45.302148,2026
1080706,5,Greg Bell,Greg Bell,Offensive_RunningBack,Started,,,,,,,,,,6.0,19.0,0,8,3.167,6.0,5.0,32.0,23.0,0.0,11.0,6.4,5.333,0.833,,,,,,,,,,,,,,,,,,,,,,,,,,,,,,13419705,88019,OTT,Ottawa RedBlacks,Regular Season,2026-09-05T13:09:45.302148,2026
1083949,13,Jake Maier,Jake Maier,Offensive_Quarterback,Started,34.0,41.0,0.829,311.0,0.0,1.0,21.0,7.585,6.487804878048781,3.0,12.0,0,9,4.0,,,,,,,,,,,,,,,,,,,,,,,,,,,,,,,,,,,,,,,13419705,88019,OTT,Ottawa RedBlacks,Regular Season,2026-09-05T13:09:45.302148,2026
1092881,20,Alonzo Addae,Alonzo Addae,Defensive_DefensiveBack,Started,,,,,,,,,,,,,,,,,,,,,,,,3,0,0,0,0,0,0,,,,,,,,,,,,,,,,,,,,,,,13419705,88019,OTT,Ottawa RedBlacks,Regular Season,2026-09-05T13:09:45.302148,2026
1349458,25,Daniel Adeboboye,Daniel Adeboboye,Offensive_RunningBack,ActiveNotPlayed,,,,,,,,,,3.0,4.0,1,3,1.333,1.0,1.0,19.0,16.0,0.0,19.0,19.0,19.0,1.0,,,,,,,,,,,,,,,,,,,,,,2.0,48.0,26.0,24.0,,,,,13419705,88019,OTT,Ottawa RedBlacks,Regular Season,2026-09-05T13:09:45.302148,2026
1349550,87,Eugene Lewis,Eugene Lewis,Offensive_WideReceiver,Started,,,,,,,,,,,,,,,5.0,4.0,35.0,2.0,0.0,12.0,8.75,7.0,0.8,1,0,0,0,0,0,0,,,,,,,,,,,,,,,,,,,,,,,13419705,88019,OTT,Ottawa RedBlacks,Regular Season,2026-09-05T13:09:45.302148,2026
1349614,10,Lewis Ward,Lewis Ward,Kicker,ActiveNotPlayed,,,,,,,,,,,,,,,,,,,,,,,,,,,,,,,2.0,2.0,1.0,14,1.0,0.0,,,,,,,,,,,,,,,,,13419705,88019,OTT,Ottawa RedBlacks,Regular Season,2026-09-05T13:09:45.302148,2026
1384790,0,A.J. Allen,A.J. Allen,Defensive_Linebacker,Started,,,,,,,,,,,,,,,,,,,,,,,,1,0,0,0,0,0,0,,,,,,,,,,,,,,,,,,,,,,,13419705,88019,OTT,Ottawa RedBlacks,Regular Season,2026-09-05T13:09:45.302148,2026
1397558,33,Noah Gettman,Noah Gettman,Kicker,ActiveNotPlayed,,,,,,,,,,,,,,,,,,,,,,,,,,,,,,,,,,,,,2.0,131.0,70.0,3.0,130.0,43.333,46.0,0.0,,,,,,,,,13419705,88019,OTT,Ottawa RedBlacks,Regular Season,2026-09-05T13:09:45.302148,2026
1403950,19,Lucas Cormier,Lucas Cormier,Defensive_Linebacker,ActiveNotPlayed,,,,,,,,,,,,,,,,,,,,,,,,5,0,0,0,0,0,0,,,,,,,,,,,,,,,,,,,,,,,13419705,88019,OTT,Ottawa RedBlacks,Regular Season,2026-09-05T13:09:45.302148,2026
1403953,93,Aidan John,Aidan John,Defensive_DefensiveLineman,ActiveNotPlayed,,,,,,,,,,,,,,,,,,,,,,,,2,0,0,0,0,0,0,,,,,,,,,,,,,,,1.0,8.0,8.0,8.0,,,,,13419705,88019,OTT,Ottawa RedBlacks,Regular Season,2026-09-05T13:09:45.302148,2026
1488448,97,Jelani Stafford,Jelani Stafford,Defensive_DefensiveLineman,Started,,,,,,,,,,,,,,,,,,,,,,,,1,0,0,0,0,0,0,,,,,,,,,,,,,,,,,,,,,,,13419705,88019,OTT,Ottawa RedBlacks,Regular Season,2026-09-05T13:09:45.302148,2026
1497161,81,Keelan White,Keelan White,Offensive_WideReceiver,ActiveNotPlayed,,,,,,,,,,,,,,,8.0,8.0,46.0,14.0,0.0,14.0,5.75,5.75,1.0,,,,,,,,,,,,,,,,,,,,,,,,,,,,,,13419705,88019,OTT,Ottawa RedBlacks,Regular Season,2026-09-05T13:09:45.302148,2026
1507770,37,Marcus Barnes,Marcus Barnes,Defensive_Linebacker,ActiveNotPlayed,,,,,,,,,,,,,,,,,,,,,,,,0,0,0,0,0,0,2,,,,,,,,,,,,,,,,,,,,,,,13419705,88019,OTT,Ottawa RedBlacks,Regular Season,2026-09-05T13:09:45.302148,2026
1509655,36,Aaron Casey,Aaron Casey,Defensive_Linebacker,Started,,,,,,,,,,,,,,,,,,,,,,,,7,0,0,0,0,0,0,,,,,,,,,,,,,,,,,,,,,,,13419705,88019,OTT,Ottawa RedBlacks,Regular Season,2026-09-05T13:09:45.302148,2026
1515021,17,Bryson Barnes,Bryson Barnes,Offensive_Quarterback,ActiveNotPlayed,3.0,5.0,0.6,35.0,0.0,1.0,19.0,7.0,-2.0,1.0,1.0,0,1,1.0,,,,,,,,,,,,,,,,,,,,,,,,,,,,,,,,,,,,,,,13419705,88019,OTT,Ottawa RedBlacks,Regular Season,2026-09-05T13:09:45.302148,2026
1602466,75,Muftah Ageli,Muftah Ageli,Defensive_DefensiveLineman,Started,,,,,,,,,,,,,,,,,,,,,,,,1,0,0,0,0,0,0,,,,,,,,,,,,,,,,,,,,,,,13419705,88019,OTT,Ottawa RedBlacks,Regular Season,2026-09-05T13:09:45.302148,2026
1649894,68,Giordano Vaccaro,Giordano Vaccaro,Offensive_OffensiveLineman,Started,,,,,,,,,,,,,,,,,,,,,,,,1,0,0,0,0,0,0,,,,,,,,,,,,,,,,,,,,,,,13419705,88019,OTT,Ottawa RedBlacks,Regular Season,2026-09-05T13:09:45.302148,2026
835400,2,Justin Hardy,Justin Hardy,Offensive_WideReceiver,Started,,,,,,,,,,,,,,,10.0,7.0,77.0,13.0,0.0,21.0,11.0,7.7,0.7,,,,,,,,,,,,,,,,,,,,,,,,,,,,,,13419705,88019,OTT,Ottawa RedBlacks,Regular Season,2026-09-05T13:09:45.302148,2026
1002690,10,Davis Alexander,Davis Alexander,Offensive_Quarterback,Started,22.0,30.0,0.733,420.0,3.0,0.0,54.0,14.0,16.0,,,,,,,,,,,,,,,,,,,,,,,,,,,,,,,,,,,,,,,,,,,,13419705,86680,MTL,Montreal Alouettes,Regular Season,2026-09-05T13:09:45.302148,2026
1012540,20,Lorenzo Burns,Lorenzo Burns,Defensive_DefensiveBack,Started,,,,,,,,,,,,,,,,,,,,,,,,4,0,0,1,0,0,0,,,,,,,,,,,,,,,,,,,,,,,13419705,86680,MTL,Montreal Alouettes,Regular Season,2026-09-05T13:09:45.302148,2026
1017226,48,Kabion Ento,Kabion Ento,Defensive_DefensiveBack,Started,,,,,,,,,,,,,,,,,,,,,,,,1,0,0,0,0,0,0,,,,,,,,,,,,,,,,,,,,,,,13419705,86680,MTL,Montreal Alouettes,Regular Season,2026-09-05T13:09:45.302148,2026
1067123,26,Tyrice Beverette,Tyrice Beverette,Defensive_Linebacker,Started,,,,,,,,,,,,,,,,,,,,,,,,4,0,0,0,0,0,1,,,,,,,,,,,,,,,,,,,,,,,13419705,86680,MTL,Montreal Alouettes,Regular Season,2026-09-05T13:09:45.302148,2026
1075914,94,Mustafa Johnson,Mustafa Johnson,Defensive_Tackle,Started,,,,,,,,,,,,,,,,,,,,,,,,2,0,0,0,0,0,0,,,,,,,,,,,,,,,,,,,,,,,13419705,86680,MTL,Montreal Alouettes,Regular Season,2026-09-05T13:09:45.302148,2026
1077936,0,Jonathan Sutherland,Jonathan Sutherland,Defensive_DefensiveBack,ActiveNotPlayed,,,,,,,,,,,,,,,,,,,,,,,,0,0,0,0,0,0,1,,,,,,,,,,,,,,,,,,,,,,,13419705,86680,MTL,Montreal Alouettes,Regular Season,2026-09-05T13:09:45.302148,2026
1079000,15,Alexander Hollins,Alexander Hollins,Offensive_WideReceiver,Started,,,,,,,,,,,,,,,3.0,3.0,45.0,6.0,0.0,21.0,15.0,15.0,1.0,,,,,,,,,,,,,,,,,,,,,,,,,,,,,,13419705,86680,MTL,Montreal Alouettes,Regular Season,2026-09-05T13:09:45.302148,2026
1080618,43,Gemon Green,Gemon Green,Defensive_DefensiveBack,Started,,,,,,,,,,,,,,,,,,,,,,,,9,0,1,0,0,0,0,,,,,,,,,,,,,,,,,,,,,,,13419705,86680,MTL,Montreal Alouettes,Regular Season,2026-09-05T13:09:45.302148,2026
1081310,85,Tyler Snead,Tyler Snead,Offensive_WideReceiver,Started,,,,,,,,,,,,,,,9.0,8.0,174.0,64.0,1.0,48.0,21.75,19.333,0.889,,,,,,,,,,,,,,,,,,,,,,,,,,,,,,13419705,86680,MTL,Montreal Alouettes,Regular Season,2026-09-05T13:09:45.302148,2026
1081324,7,DeVonte Dedmon,DeVonte Dedmon,Offensive_WideReceiver,ActiveNotPlayed,,,,,,,,,,,,,,,,,,,,,,,,,,,,,,,,,,,,,,,,,,,,,1.0,19.0,19.0,19.0,2.0,11.0,6.0,5.5,13419705,86680,MTL,Montreal Alouettes,Regular Season,2026-09-05T13:09:45.302148,2026
1084787,91,Isaac Adeyemi-Berglund,Isaac Adeyemi-Berglund,Defensive_End,Started,,,,,,,,,,,,,,,,,,,,,,,,3,0,0,0,0,0,0,,,,,,,,,,,,,,,,,,,,,,,13419705,86680,MTL,Montreal Alouettes,Regular Season,2026-09-05T13:09:45.302148,2026
1086247,96,Lwal Uguak,Lwal Uguak,Defensive_End,ActiveNotPlayed,,,,,,,,,,,,,,,,,,,,,,,,1,0,0,0,0,0,0,,,,,,,,,,,,,,,,,,,,,,,13419705,86680,MTL,Montreal Alouettes,Regular Season,2026-09-05T13:09:45.302148,2026
1349552,36,Joseph Zema,Joseph Zema,Punter,ActiveNotPlayed,,,,,,,,,,,,,,,,,,,,,,,,,,,,,,,,,,,,,,,,3.0,112.0,37.333,42.0,0.0,,,,,,,,,13419705,86680,MTL,Montreal Alouettes,Regular Season,2026-09-05T13:09:45.302148,2026
1349560,12,Najee Murray,Najee Murray,Defensive_Linebacker,Started,,,,,,,,,,,,,,,,,,,,,,,,5,0,0,0,0,0,0,,,,,,,,,,,,,,,,,,,,,,,13419705,86680,MTL,Montreal Alouettes,Regular Season,2026-09-05T13:09:45.302148,2026
1349566,6,Tyson Philpot,Tyson Philpot,Offensive_WideReceiver,Started,,,,,,,,,,,,,,,11.0,9.0,184.0,81.0,0.0,54.0,20.444,16.727,0.818,,,,,,,,,,,,,,,,,,,,,,,,,,,,,,13419705,86680,MTL,Montreal Alouettes,Regular Season,2026-09-05T13:09:45.302148,2026
1349573,42,Tyrell Richards,Tyrell Richards,Defensive_Linebacker,ActiveNotPlayed,,,,,,,,,,,,,,,,,,,,,,,,1,1,0,0,0,0,0,,,,,,,,,,,,,,,,,,,,,,,13419705,86680,MTL,Montreal Alouettes,Regular Season,2026-09-05T13:09:45.302148,2026
1349615,17,Cole Spieker,Cole Spieker,Offensive_WideReceiver,Started,,,,,,,,,,,,,,,5.0,2.0,17.0,0.0,2.0,11.0,8.5,3.4,0.4,,,,,,,,,,,,,,,,,,,,,,,,,,,,,,13419705,86680,MTL,Montreal Alouettes,Regular Season,2026-09-05T13:09:45.302148,2026
1349805,2,Micah Awe,Micah Awe,Defensive_Linebacker,ActiveNotPlayed,,,,,,,,,,,,,,,,,,,,,,,,1,0,0,0,0,0,0,,,,,,,,,,,,,,,,,,,,,,,13419705,86680,MTL,Montreal Alouettes,Regular Season,2026-09-05T13:09:45.302148,2026
1350957,19,Jose Maltos Diaz,Jose Maltos Diaz,Kicker,ActiveNotPlayed,,,,,,,,,,,,,,,,,,,,,,,,,,,,,,,2.0,2.0,1.0,42,4.0,0.0,5.0,302.0,75.0,,,,,,,,,,,,,,13419705,86680,MTL,Montreal Alouettes,Regular Season,2026-09-05T13:09:45.302148,2026
1405112,97,Joshua Archibald,Joshua Archibald,Defensive_End,ActiveNotPlayed,,,,,,,,,,,,,,,,,,,,,,,,3,0,1,1,0,0,1,,,,,,,,,,,,,,,,,,,,,,,13419705,86680,MTL,Montreal Alouettes,Regular Season,2026-09-05T13:09:45.302148,2026
1439775,14,Terry Wilson,Terry Wilson,Offensive_Quarterback,ActiveNotPlayed,,,,,,,,,,1.0,9.0,0,9,9.0,,,,,,,,,,,,,,,,,,,,,,,,,,,,,,,,,,,,,,,13419705,86680,MTL,Montreal Alouettes,Regular Season,2026-09-05T13:09:45.302148,2026
1468035,9,Geoffrey Cantin-Arku,Geoffrey Cantin-Arku,Defensive_Linebacker,Started,,,,,,,,,,,,,,,,,,,,,,,,5,1,0,0,0,0,2,,,,,,,,,,,,,,,,,,,,,,,13419705,86680,MTL,Montreal Alouettes,Regular Season,2026-09-05T13:09:45.302148,2026
1483380,1,Robert Kennedy,Robert Kennedy,Defensive_DefensiveBack,Started,,,,,,,,,,,,,,,,,,,,,,,,4,0,0,0,0,0,0,,,,,,,,,,,,,,,,,,,,,,,13419705,86680,MTL,Montreal Alouettes,Regular Season,2026-09-05T13:09:45.302148,2026
1486099,32,Rushawn Baker,Rushawn Baker,Offensive_RunningBack,ActiveNotPlayed,,,,,,,,,,6.0,18.0,0,4,3.0,,,,,,,,,,,,,,,,,,,,,,,,,,,,,,,,,,,,,,,13419705,86680,MTL,Montreal Alouettes,Regular Season,2026-09-05T13:09:45.302148,2026
1496839,47,T.J. Guy,T.J. Guy,Defensive_End,Started,,,,,,,,,,,,,,,,,,,,,,,,2,0,1,0,0,0,0,,,,,,,,,,,,,,,,,,,,,,,13419705,86680,MTL,Montreal Alouettes,Regular Season,2026-09-05T13:09:45.302148,2026
1507435,44,Kylan Guidry,Kylan Guidry,Defensive_End,ActiveNotPlayed,,,,,,,,,,,,,,,,,,,,,,,,1,0,0,0,0,0,0,,,,,,,,,,,,,,,,,,,,,,,13419705,86680,MTL,Montreal Alouettes,Regular Season,2026-09-05T13:09:45.302148,2026
1520977,5,Travis Theis,Travis Theis,Offensive_RunningBack,Started,,,,,,,,,,10.0,62.0,1,9,6.2,1.0,0.0,0.0,0.0,0.0,0.0,,,0.0,,,,,,,,,,,,,,,,,,,,,,,,,,,,,,13419705,86680,MTL,Montreal Alouettes,Regular Season,2026-09-05T13:09:45.302148,2026
1602296,82,Kaseem Ferdinand,Kaseem Ferdinand,Offensive_WideReceiver,ActiveNotPlayed,,,,,,,,,,,,,,,,,,,,,,,,,,,,,,,,,,,,,,,,,,,,,1.0,14.0,14.0,14.0,,,,,13419705,86680,MTL,Montreal Alouettes,Regular Season,2026-09-05T13:09:45.302148,2026
1602445,23,Nate Beauchemin,Nate Beauchemin,Defensive_DefensiveBack,Started,,,,,,,,,,,,,,,,,,,,,,,,4,0,1,0,0,0,1,,,,,,,,,,,,,,,,,,,,,,,13419705,86680,MTL,Montreal Alouettes,Regular Season,2026-09-05T13:09:45.302148,2026
1010914,20,Devodric Bynum,Devodric Bynum,Defensive_DefensiveBack,Started,,,,,,,,,,,,,,,,,,,,,,,,3,0,0,0,0,0,0,,,,,,,,,,,,,,,,,,,,,,,13419706,83579,HAM,Hamilton Tiger-Cats,Regular Season,2026-09-05T13:09:45.302148,2026
1012742,2,Jamal Peters,Jamal Peters,Defensive_DefensiveBack,Started,,,,,,,,,,,,,,,,,,,,,,,,2,0,0,0,0,0,0,,,,,,,,,,,,,,,,,,,,,,,13419706,83579,HAM,Hamilton Tiger-Cats,Regular Season,2026-09-05T13:09:45.302148,2026
1014479,37,Larry Rountree III,Larry Rountree III,Offensive_RunningBack,Started,,,,,,,,,,12.0,63.0,0,15,5.25,1.0,0.0,0.0,0.0,0.0,0.0,,,0.0,1,0,0,0,0,0,0,,,,,,,,,,,,,,,,,,,,,,,13419706,83579,HAM,Hamilton Tiger-Cats,Regular Season,2026-09-05T13:09:45.302148,2026
1018050,16,Jake Dolegala,Jake Dolegala,Offensive_Quarterback,ActiveNotPlayed,,,,,,,,,,2.0,3.0,0,2,1.5,,,,,,,,,,,,,,,,,,,,,,,,,,,,,,,,,,,,,,,13419706,83579,HAM,Hamilton Tiger-Cats,Regular Season,2026-09-05T13:09:45.302148,2026
1022381,91,Miles Fox,Miles Fox,Defensive_DefensiveLineman,Started,,,,,,,,,,,,,,,,,,,,,,,,2,1,0,0,0,0,0,,,,,,,,,,,,,,,,,,,,,,,13419706,83579,HAM,Hamilton Tiger-Cats,Regular Season,2026-09-05T13:09:45.302148,2026
1032189,18,Harrison Frost,Harrison Frost,Offensive_Quarterback,ActiveNotPlayed,9.0,20.0,0.45,165.0,1.0,1.0,49.0,8.25,7.0,2.0,13.0,0,11,6.5,,,,,,,,,,,,,,,,,,,,,,,,,,,,,,,,,,,,,,,13419706,83579,HAM,Hamilton Tiger-Cats,Regular Season,2026-09-05T13:09:45.302148,2026
1082505,44,Daniel Bell,Daniel Bell,Offensive_Fullback,ActiveNotPlayed,,,,,,,,,,,,,,,,,,,,,,,,0,0,0,0,0,0,1,,,,,,,,,,,,,,,,,,,,,,,13419706,83579,HAM,Hamilton Tiger-Cats,Regular Season,2026-09-05T13:09:45.302148,2026
1290182,7,Myron Mitchell,Myron Mitchell,Offensive_WideReceiver,Started,,,,,,,,,,,,,,,2.0,0.0,0.0,0.0,0.0,0.0,,,0.0,,,,,,,,,,,,,,,,,,,,,,2.0,30.0,17.0,15.0,2.0,21.0,12.0,10.5,13419706,83579,HAM,Hamilton Tiger-Cats,Regular Season,2026-09-05T13:09:45.302148,2026
1297961,48,Wynton McManis,Wynton McManis,Defensive_Linebacker,Started,,,,,,,,,,,,,,,,,,,,,,,,6,0,1,0,0,0,0,,,,,,,,,,,,,,,,,,,,,,,13419706,83579,HAM,Hamilton Tiger-Cats,Regular Season,2026-09-05T13:09:45.302148,2026
1345719,8,Keric Wheatfall,Keric Wheatfall,Offensive_WideReceiver,Started,,,,,,,,,,,,,,,3.0,2.0,59.0,6.0,0.0,49.0,29.5,19.667,0.667,,,,,,,,,,,,,,,,,,,,,,,,,,,,,,13419706,83579,HAM,Hamilton Tiger-Cats,Regular Season,2026-09-05T13:09:45.302148,2026
1349477,14,Kurleigh Gittens Jr.,Kurleigh Gittens Jr.,Offensive_WideReceiver,Started,,,,,,,,,,,,,,,2.0,2.0,36.0,16.0,0.0,20.0,18.0,18.0,1.0,,,,,,,,,,,,,,,,,,,,,,,,,,,,,,13419706,83579,HAM,Hamilton Tiger-Cats,Regular Season,2026-09-05T13:09:45.302148,2026
1349505,27,Johnny Augustine,Johnny Augustine,Offensive_RunningBack,ActiveNotPlayed,,,,,,,,,,5.0,41.0,0,13,8.2,1.0,0.0,0.0,0.0,0.0,0.0,,,0.0,,,,,,,,,,,,,,,,,,,,,,,,,,,,,,13419706,83579,HAM,Hamilton Tiger-Cats,Regular Season,2026-09-05T13:09:45.302148,2026
1349542,33,Marc Liegghio,Marc Liegghio,Kicker,ActiveNotPlayed,,,,,,,,,,,,,,,,,,,,,,,,,,,,,,,4.0,4.0,1.0,50,1.0,0.0,2.0,118.0,72.0,,,,,,,,,,,,,,13419706,83579,HAM,Hamilton Tiger-Cats,Regular Season,2026-09-05T13:09:45.302148,2026
1349621,30,Stavros Katsantonis,Stavros Katsantonis,Defensive_DefensiveBack,Started,,,,,,,,,,,,,,,,,,,,,,,,2,0,0,0,0,0,0,,,,,,,,,,,,,,,,,,,,,,,13419706,83579,HAM,Hamilton Tiger-Cats,Regular Season,2026-09-05T13:09:45.302148,2026
1349633,85,Kiondre Smith,Kiondre Smith,Offensive_WideReceiver,Started,,,,,,,,,,,,,,,11.0,5.0,66.0,8.0,0.0,23.0,13.2,6.0,0.455,,,,,,,,,,,,,,,,,,,,,,1.0,16.0,16.0,16.0,,,,,13419706,83579,HAM,Hamilton Tiger-Cats,Regular Season,2026-09-05T13:09:45.302148,2026
1349636,58,Gordon Whyte,Gordon Whyte,LongSnapper,ActiveNotPlayed,,,,,,,,,,,,,,,,,,,,,,,,0,0,0,0,0,0,1,,,,,,,,,,,,,,,,,,,,,,,13419706,83579,HAM,Hamilton Tiger-Cats,Regular Season,2026-09-05T13:09:45.302148,2026
1350454,83,Tyson Middlemost,Tyson Middlemost,Offensive_WideReceiver,ActiveNotPlayed,,,,,,,,,,,,,,,,,,,,,,,,0,0,0,0,0,0,1,,,,,,,,,,,,,,,,,,,,,,,13419706,83579,HAM,Hamilton Tiger-Cats,Regular Season,2026-09-05T13:09:45.302148,2026
1350470,5,Tre Ford,Tre Ford,Offensive_Quarterback,Started,4.0,10.0,0.4,58.0,0.0,0.0,20.0,5.8,5.8,4.0,52.0,0,20,13.0,,,,,,,,,,,,,,,,,,,,,,,,,,,,,,,,,,,,,,,13419706,83579,HAM,Hamilton Tiger-Cats,Regular Season,2026-09-05T13:09:45.302148,2026
1350503,34,Ante Milanovic-Litre,Ante Milanovic-Litre,Offensive_Fullback,ActiveNotPlayed,,,,,,,,,,,,,,,1.0,1.0,17.0,16.0,0.0,17.0,17.0,17.0,1.0,,,,,,,,,,,,,,,,,,,,,,,,,,,,,,13419706,83579,HAM,Hamilton Tiger-Cats,Regular Season,2026-09-05T13:09:45.302148,2026
1400232,1,Reggie Stubblefield,Reggie Stubblefield,Defensive_Linebacker,Started,,,,,,,,,,,,,,,,,,,,,,,,4,0,0,0,0,0,0,,,,,,,,,,,,,,,,,,,,,,,13419706,83579,HAM,Hamilton Tiger-Cats,Regular Season,2026-09-05T13:09:45.302148,2026
1464500,11,Isaiah Wooden,Isaiah Wooden,Offensive_WideReceiver,ActiveNotPlayed,,,,,,,,,,,,,,,,,,,,,,,,,,,,,,,,,,,,,,,,,,,,,2.0,36.0,18.0,18.0,3.0,20.0,11.0,6.667,13419706,83579,HAM,Hamilton Tiger-Cats,Regular Season,2026-09-05T13:09:45.302148,2026
1468467,47,Owen Hubert,Owen Hubert,Defensive_DefensiveLineman,ActiveNotPlayed,,,,,,,,,,,,,,,,,,,,,,,,0,0,0,0,0,0,1,,,,,,,,,,,,,,,,,,,,,,,13419706,83579,HAM,Hamilton Tiger-Cats,Regular Season,2026-09-05T13:09:45.302148,2026
1470629,25,Destin Talbert,Destin Talbert,Defensive_DefensiveBack,Started,,,,,,,,,,,,,,,,,,,,,,,,0,0,0,0,0,1,0,,,,,,,,,,,,,,,,,,,,,,,13419706,83579,HAM,Hamilton Tiger-Cats,Regular Season,2026-09-05T13:09:45.302148,2026
1483388,6,Zamari Walton,Zamari Walton,Defensive_DefensiveBack,Started,,,,,,,,,,,,,,,,,,,,,,,,1,0,0,0,0,0,0,,,,,,,,,,,,,,,,,,,,,,,13419706,83579,HAM,Hamilton Tiger-Cats,Regular Season,2026-09-05T13:09:45.302148,2026
1486123,0,Isaiah Bagnah,Isaiah Bagnah,Defensive_DefensiveLineman,ActiveNotPlayed,,,,,,,,,,,,,,,,,,,,,,,,1,0,0,0,0,0,1,,,,,,,,,,,,,,,,,,,,,,,13419706,83579,HAM,Hamilton Tiger-Cats,Regular Season,2026-09-05T13:09:45.302148,2026
1487519,70,Mitch McCarthy,Mitch McCarthy,Punter,ActiveNotPlayed,,,,,,,,,,,,,,,,,,,,,,,,,,,,,,,,,,,,,,,,7.0,381.0,54.429,77.0,0.0,,,,,,,,,13419706,83579,HAM,Hamilton Tiger-Cats,Regular Season,2026-09-05T13:09:45.302148,2026
1502620,82,Maximilian Mang,Maximilian Mang,Offensive_TightEnd,ActiveNotPlayed,,,,,,,,,,,,,,,,,,,,,,,,,,,,,,,,,,,,,,,,,,,,,1.0,14.0,14.0,14.0,,,,,13419706,83579,HAM,Hamilton Tiger-Cats,Regular Season,2026-09-05T13:09:45.302148,2026
1518663,32,Jordan Crook,Jordan Crook,Defensive_Linebacker,ActiveNotPlayed,,,,,,,,,,,,,,,,,,,,,,,,7,0,0,0,0,0,1,,,,,,,,,,,,,,,,,,,,,,,13419706,83579,HAM,Hamilton Tiger-Cats,Regular Season,2026-09-05T13:09:45.302148,2026
1602418,38,Braxton Hill,Braxton Hill,Defensive_Linebacker,Started,,,,,,,,,,,,,,,,,,,,,,,,4,0,1,0,0,0,0,,,,,,,,,,,,,,,,,,,,,,,13419706,83579,HAM,Hamilton Tiger-Cats,Regular Season,2026-09-05T13:09:45.302148,2026
1602441,46,Philip Ossai,Philip Ossai,Defensive_End,Started,,,,,,,,,,,,,,,,,,,,,,,,1,0,0,0,0,0,0,,,,,,,,,,,,,,,,,,,,,,,13419706,83579,HAM,Hamilton Tiger-Cats,Regular Season,2026-09-05T13:09:45.302148,2026
941538,95,Julian Howsare,Julian Howsare,Defensive_End,Started,,,,,,,,,,,,,,,,,,,,,,,,1,0,0,0,0,0,0,,,,,,,,,,,,,,,,,,,,,,,13419706,83579,HAM,Hamilton Tiger-Cats,Regular Season,2026-09-05T13:09:45.302148,2026
998924,89,Kenny Lawler,Kenny Lawler,Offensive_WideReceiver,Started,,,,,,,,,,,,,,,9.0,3.0,45.0,0.0,1.0,24.0,15.0,5.0,0.333,,,,,,,,,,,,,,,,,,,,,,,,,,,,,,13419706,83579,HAM,Hamilton Tiger-Cats,Regular Season,2026-09-05T13:09:45.302148,2026
1003154,25,Jaydon Grant,Jaydon Grant,Defensive_DefensiveBack,Started,,,,,,,,,,,,,,,,,,,,,,,,2,0,0,0,0,0,0,,,,,,,,,,,,,,,,,,,,,,,13419706,112939,CGY,Calgary Stampeders,Regular Season,2026-09-05T13:09:45.302148,2026
1005315,9,Damon Webb,Damon Webb,Defensive_DefensiveBack,Started,,,,,,,,,,,,,,,,,,,,,,,,3,0,0,0,0,0,0,,,,,,,,,,,,,,,,,,,,,,,13419706,112939,CGY,Calgary Stampeders,Regular Season,2026-09-05T13:09:45.302148,2026
1012374,2,Kyle Wilson,Kyle Wilson,Defensive_Linebacker,Started,,,,,,,,,,,,,,,,,,,,,,,,3,0,0,0,1,1,0,,,,,,,,,,,,,,,,,,,,,,,13419706,112939,CGY,Calgary Stampeders,Regular Season,2026-09-05T13:09:45.302148,2026
1014170,93,Charles Wiley,Charles Wiley,Defensive_DefensiveLineman,ActiveNotPlayed,,,,,,,,,,,,,,,,,,,,,,,,1,0,0,0,0,0,0,,,,,,,,,,,,,,,,,,,,,,,13419706,112939,CGY,Calgary Stampeders,Regular Season,2026-09-05T13:09:45.302148,2026
1031686,90,Miles Brown,Miles Brown,Defensive_DefensiveLineman,Started,,,,,,,,,,,,,,,,,,,,,,,,1,0,0,0,0,0,0,,,,,,,,,,,,,,,,,,,,,,,13419706,112939,CGY,Calgary Stampeders,Regular Season,2026-09-05T13:09:45.302148,2026
1081744,87,Erik Brooks,Erik Brooks,Offensive_WideReceiver,Started,,,,,,,,,,,,,,,4.0,4.0,64.0,25.0,0.0,26.0,16.0,16.0,1.0,,,,,,,,,,,,,,,,,,,,,,,,,,,,,,13419706,112939,CGY,Calgary Stampeders,Regular Season,2026-09-05T13:09:45.302148,2026
1086220,36,Terrence Ganyi,Terrence Ganyi,Defensive_Linebacker,ActiveNotPlayed,,,,,,,,,,,,,,,,,,,,,,,,0,0,0,0,0,0,1,,,,,,,,,,,,,,,,,,,,,,,13419706,112939,CGY,Calgary Stampeders,Regular Season,2026-09-05T13:09:45.302148,2026
1290033,26,Dedrick Mills,Dedrick Mills,Offensive_RunningBack,Started,,,,,,,,,,10.0,44.0,0,21,4.4,3.0,3.0,30.0,27.0,0.0,23.0,10.0,10.0,1.0,,,,,,,,,,,,,,,,,,,,,,,,,,,,,,13419706,112939,CGY,Calgary Stampeders,Regular Season,2026-09-05T13:09:45.302148,2026
1297989,6,Derrick Moncrief,Derrick Moncrief,Defensive_Linebacker,Started,,,,,,,,,,,,,,,,,,,,,,,,3,0,0,1,0,0,0,,,,,,,,,,,,,,,,,,,,,,,13419706,112939,CGY,Calgary Stampeders,Regular Season,2026-09-05T13:09:45.302148,2026
1345697,34,Tyreik McAllister,Tyreik McAllister,Offensive_RunningBack,ActiveNotPlayed,,,,,,,,,,2.0,21.0,1,15,10.5,1.0,1.0,4.0,4.0,0.0,4.0,4.0,4.0,1.0,,,,,,,,,,,,,,,,,,,,,,1.0,34.0,34.0,34.0,6.0,83.0,21.0,13.833,13419706,112939,CGY,Calgary Stampeders,Regular Season,2026-09-05T13:09:45.302148,2026
1345703,1,Clarence Hicks,Clarence Hicks,Defensive_End,Started,,,,,,,,,,,,,,,,,,,,,,,,1,0,1,0,0,0,0,,,,,,,,,,,,,,,,,,,,,,,13419706,112939,CGY,Calgary Stampeders,Regular Season,2026-09-05T13:09:45.302148,2026
1349467,17,Dejon Brissett,Dejon Brissett,Offensive_WideReceiver,Started,,,,,,,,,,,,,,,8.0,6.0,109.0,49.0,1.0,43.0,18.167,13.625,0.75,,,,,,,,,,,,,,,,,,,,,,,,,,,,,,13419706,112939,CGY,Calgary Stampeders,Regular Season,2026-09-05T13:09:45.302148,2026
1349494,3,Vernon Adams Jr.,Vernon Adams Jr.,Offensive_Quarterback,Started,18.0,25.0,0.72,252.0,1.0,0.0,43.0,10.08,10.88,2.0,8.0,0,5,4.0,,,,,,,,,,,,,,,,,,,,,,,,,,,,,,,,,,,,,,,13419706,112939,CGY,Calgary Stampeders,Regular Season,2026-09-05T13:09:45.302148,2026
1360678,85,Jalen Philpot,Jalen Philpot,Offensive_WideReceiver,Started,,,,,,,,,,,,,,,2.0,1.0,7.0,1.0,0.0,7.0,7.0,3.5,0.5,,,,,,,,,,,,,,,,,,,,,,,,,,,,,,13419706,112939,CGY,Calgary Stampeders,Regular Season,2026-09-05T13:09:45.302148,2026
1384845,42,Micah Teitz,Micah Teitz,Defensive_Linebacker,ActiveNotPlayed,,,,,,,,,,,,,,,,,,,,,,,,0,0,0,0,0,0,1,,,,,,,,,,,,,,,,,,,,,,,13419706,112939,CGY,Calgary Stampeders,Regular Season,2026-09-05T13:09:45.302148,2026
1391228,27,Godfrey Onyeka,Godfrey Onyeka,Defensive_DefensiveBack,ActiveNotPlayed,,,,,,,,,,,,,,,,,,,,,,,,1,0,0,0,0,0,0,,,,,,,,,,,,,,,,,,,,,,,13419706,112939,CGY,Calgary Stampeders,Regular Season,2026-09-05T13:09:45.302148,2026
1397525,77,Kelon Thomas,Kelon Thomas,Defensive_DefensiveLineman,ActiveNotPlayed,,,,,,,,,,,,,,,,,,,,,,,,1,0,0,0,0,0,2,,,,,,,,,,,,,,,,,,,,,,,13419706,112939,CGY,Calgary Stampeders,Regular Season,2026-09-05T13:09:45.302148,2026
1403599,14,Clark Barnes,Clark Barnes,Offensive_WideReceiver,Started,,,,,,,,,,,,,,,2.0,1.0,26.0,0.0,0.0,26.0,26.0,13.0,0.5,,,,,,,,,,,,,,,,,,,,,,,,,,,,,,13419706,112939,CGY,Calgary Stampeders,Regular Season,2026-09-05T13:09:45.302148,2026
1468040,29,Benjamin Labrosse,Benjamin Labrosse,Defensive_DefensiveBack,Started,,,,,,,,,,,,,,,,,,,,,,,,2,0,0,0,0,0,0,,,,,,,,,,,,,,,,,,,,,,,13419706,112939,CGY,Calgary Stampeders,Regular Season,2026-09-05T13:09:45.302148,2026
1470696,47,George Idoko,George Idoko,Defensive_DefensiveLineman,ActiveNotPlayed,,,,,,,,,,,,,,,,,,,,,,,,,,,,,,,,,,,,,,,,,,,,,1.0,1.0,1.0,1.0,,,,,13419706,112939,CGY,Calgary Stampeders,Regular Season,2026-09-05T13:09:45.302148,2026
1483424,37,Jude McAtamney,Jude McAtamney,Kicker,ActiveNotPlayed,,,,,,,,,,,,,,,,,,,,,,,,,,,,,,,3.0,4.0,0.75,53,5.0,0.0,6.0,384.0,73.0,,,,,,,,,,,,,,13419706,112939,CGY,Calgary Stampeders,Regular Season,2026-09-05T13:09:45.302148,2026
1489484,15,Mark Vassett,Mark Vassett,Punter,ActiveNotPlayed,,,,,,,,,,,,,,,,,,,,,,,,,,,,,,,,,,,,,,,,6.0,312.0,52.0,68.0,0.0,,,,,,,,,13419706,112939,CGY,Calgary Stampeders,Regular Season,2026-09-05T13:09:45.302148,2026
1490845,48,R.J. Moten,R.J. Moten,Defensive_Linebacker,ActiveNotPlayed,,,,,,,,,,,,,,,,,,,,,,,,2,0,0,0,0,0,0,,,,,,,,,,,,,,,,,,,,,,,13419706,112939,CGY,Calgary Stampeders,Regular Season,2026-09-05T13:09:45.302148,2026
1494922,33,Zy Alexander,Zy Alexander,Defensive_DefensiveBack,Started,,,,,,,,,,,,,,,,,,,,,,,,2,0,0,0,0,0,0,,,,,,,,,,,,,,,,,,,,,,,13419706,112939,CGY,Calgary Stampeders,Regular Season,2026-09-05T13:09:45.302148,2026
1510987,96,Jaylon Hutchings,Jaylon Hutchings,Defensive_DefensiveLineman,Started,,,,,,,,,,,,,,,,,,,,,,,,3,1,0,0,0,0,0,,,,,,,,,,,,,,,,,,,,,,,13419706,112939,CGY,Calgary Stampeders,Regular Season,2026-09-05T13:09:45.302148,2026
1513983,19,Quincy Vaughn,Quincy Vaughn,Offensive_Quarterback,ActiveNotPlayed,,,,,,,,,,2.0,6.0,1,4,3.0,1.0,1.0,8.0,7.0,0.0,8.0,8.0,8.0,1.0,0,0,0,0,0,0,1,,,,,,,,,,,,,,,,,,,,,,,13419706,112939,CGY,Calgary Stampeders,Regular Season,2026-09-05T13:09:45.302148,2026
1520021,28,Ludovick Choquette,Ludovick Choquette,Offensive_RunningBack,ActiveNotPlayed,,,,,,,,,,2.0,7.0,0,5,3.5,,,,,,,,,,,,,,,,,,,,,,,,,,,,,,,,,,,,,,,13419706,112939,CGY,Calgary Stampeders,Regular Season,2026-09-05T13:09:45.302148,2026
1601214,24,Ashton Miller-Melancon,Ashton Miller-Melancon,Defensive_DefensiveBack,ActiveNotPlayed,,,,,,,,,,,,,,,,,,,,,,,,1,0,0,0,0,0,1,,,,,,,,,,,,,,,,,,,,,,,13419706,112939,CGY,Calgary Stampeders,Regular Season,2026-09-05T13:09:45.302148,2026
1601219,44,Anthony Jr Johnson,Anthony Jr Johnson,Defensive_DefensiveBack,Started,,,,,,,,,,,,,,,,,,,,,,,,8,0,1,0,0,1,0,,,,,,,,,,,,,,,,,,,,,,,13419706,112939,CGY,Calgary Stampeders,Regular Season,2026-09-05T13:09:45.302148,2026
1751888,31,Anton Haie,Anton Haie,Defensive_DefensiveBack,ActiveNotPlayed,,,,,,,,,,,,,,,,,,,,,,,,0,0,0,0,0,0,2,,,,,,,,,,,,,,,,,,,,,,,13419706,112939,CGY,Calgary Stampeders,Regular Season,2026-09-05T13:09:45.302148,2026
1756863,82,Jesulayomi Ojutalayo,Jesulayomi Ojutalayo,Offensive_WideReceiver,ActiveNotPlayed,,,,,,,,,,,,,,,,,,,,,,,,0,0,0,0,0,0,3,,,,,,,,,,,,,,,,,,,,,,,13419706,112939,CGY,Calgary Stampeders,Regular Season,2026-09-05T13:09:45.302148,2026
998543,8,Marquel Lee,Marquel Lee,Defensive_Linebacker,Started,,,,,,,,,,,,,,,,,,,,,,,,4,2,0,0,1,0,0,,,,,,,,,,,,,,,,,,,,,,,13419706,112939,CGY,Calgary Stampeders,Regular Season,2026-09-05T13:09:45.302148,2026
998863,4,Tevin Jones,Tevin Jones,Offensive_WideReceiver,Started,,,,,,,,,,,,,,,4.0,1.0,4.0,1.0,0.0,4.0,4.0,1.0,0.25,,,,,,,,,,,,,,,,,,,,,,,,,,,,,,13419706,112939,CGY,Calgary Stampeders,Regular Season,2026-09-05T13:09:45.302148,2026
999377,7,Folarin Orimolade,Folarin Orimolade,Defensive_End,Started,,,,,,,,,,,,,,,,,,,,,,,,1,1,0,0,0,0,0,,,,,,,,,,,,,,,,,,,,,,,13419706,112939,CGY,Calgary Stampeders,Regular Season,2026-09-05T13:09:45.302148,2026
1005323,3,Austin Mack,Austin Mack,Offensive_WideReceiver,Started,,,,,,,,,,,,,,,6.0,4.0,77.0,38.0,0.0,26.0,19.25,12.833,0.667,,,,,,,,,,,,,,,,,,,,,,,,,,,,,,13419707,114347,EDM,Edmonton Elks,Regular Season,2026-09-05T13:09:45.302148,2026
1005963,0,Kobe Williams,Kobe Williams,Defensive_DefensiveBack,ActiveNotPlayed,,,,,,,,,,,,,,,,,,,,,,,,5,0,0,0,0,0,1,,,,,,,,,,,,,,,,,,,,,,,13419707,114347,EDM,Edmonton Elks,Regular Season,2026-09-05T13:09:45.302148,2026
1006559,10,Jake Julien,Jake Julien,Punter,ActiveNotPlayed,,,,,,,,,,,,,,,,,,,,,,,,,,,,,,,,,,,,,,,,6.0,358.0,59.667,67.0,1.0,,,,,,,,,13419707,114347,EDM,Edmonton Elks,Regular Season,2026-09-05T13:09:45.302148,2026
1007365,5,Justin Rankin,Justin Rankin,Offensive_RunningBack,Started,,,,,,,,,,8.0,28.0,1,10,3.5,2.0,2.0,48.0,21.0,0.0,51.0,24.0,24.0,1.0,,,,,,,,,,,,,,,,,,,,,,,,,,,,,,13419707,114347,EDM,Edmonton Elks,Regular Season,2026-09-05T13:09:45.302148,2026
1009107,22,Javon Leake,Javon Leake,Offensive_RunningBack,ActiveNotPlayed,,,,,,,,,,3.0,12.0,0,4,4.0,2.0,2.0,-7.0,-7.0,0.0,0.0,-3.5,-3.5,1.0,,,,,,,,,,,,,,,,,,,,,,5.0,124.0,37.0,24.8,5.0,33.0,12.0,6.6,13419707,114347,EDM,Edmonton Elks,Regular Season,2026-09-05T13:09:45.302148,2026
1011445,50,Joel Dublanko,Joel Dublanko,Defensive_Linebacker,Started,,,,,,,,,,,,,,,,,,,,,,,,1,0,0,0,0,0,0,,,,,,,,,,,,,,,,,,,,,,,13419707,114347,EDM,Edmonton Elks,Regular Season,2026-09-05T13:09:45.302148,2026
1013556,6,Brendan O'Leary-Orange,Brendan O'Leary-Orange,Offensive_WideReceiver,Started,,,,,,,,,,,,,,,6.0,5.0,32.0,32.0,0.0,10.0,6.4,5.333,0.833,,,,,,,,,,,,,,,,,,,,,,,,,,,,,,13419707,114347,EDM,Edmonton Elks,Regular Season,2026-09-05T13:09:45.302148,2026
1014004,32,Leonard Johnson,Leonard Johnson,Defensive_DefensiveBack,Started,,,,,,,,,,,,,,,,,,,,,,,,0,0,0,0,0,0,1,,,,,,,,,,,,,,,,,,,,,,,13419707,114347,EDM,Edmonton Elks,Regular Season,2026-09-05T13:09:45.302148,2026
1016182,2,Malik Carney,Malik Carney,Defensive_DefensiveLineman,Started,,,,,,,,,,,,,,,,,,,,,,,,2,0,1,0,0,0,0,,,,,,,,,,,,,,,,,,,,,,,13419707,114347,EDM,Edmonton Elks,Regular Season,2026-09-05T13:09:45.302148,2026
1084057,91,Jared Brinkman,Jared Brinkman,Defensive_DefensiveLineman,Started,,,,,,,,,,,,,,,,,,,,,,,,1,1,0,0,0,0,0,,,,,,,,,,,,,,,,,,,,,,,13419707,114347,EDM,Edmonton Elks,Regular Season,2026-09-05T13:09:45.302148,2026
1349498,40,Robbie Smith,Robbie Smith,Defensive_DefensiveLineman,ActiveNotPlayed,,,,,,,,,,,,,,,,,,,,,,,,3,0,0,0,0,0,1,,,,,,,,,,,,,,,,,,,,,,,13419707,114347,EDM,Edmonton Elks,Regular Season,2026-09-05T13:09:45.302148,2026
1349527,30,Tyrell Ford,Tyrell Ford,Defensive_DefensiveBack,Started,,,,,,,,,,,,,,,,,,,,,,,,4,0,0,1,0,0,1,,,,,,,,,,,,,,,,,,,,,,,13419707,114347,EDM,Edmonton Elks,Regular Season,2026-09-05T13:09:45.302148,2026
1349549,11,Kaion Julien-Grant,Kaion Julien-Grant,Offensive_WideReceiver,Started,,,,,,,,,,,,,,,4.0,4.0,58.0,19.0,0.0,26.0,14.5,14.5,1.0,,,,,,,,,,,,,,,,,,,,,,,,,,,,,,13419707,114347,EDM,Edmonton Elks,Regular Season,2026-09-05T13:09:45.302148,2026
1350572,7,Cody Fajardo,Cody Fajardo,Offensive_Quarterback,Started,22.0,28.0,0.786,286.0,1.0,0.0,51.0,10.214,10.928571428571429,5.0,15.0,0,7,3.0,,,,,,,,,,,,,,,,,,,,,,,,,,,,,,,,,,,,,,,13419707,114347,EDM,Edmonton Elks,Regular Season,2026-09-05T13:09:45.302148,2026
1408288,88,T.J. Luther,T.J. Luther,Offensive_WideReceiver,Started,,,,,,,,,,,,,,,5.0,3.0,32.0,13.0,1.0,19.0,10.667,6.4,0.6,,,,,,,,,,,,,,,,,,,,,,,,,,,,,,13419707,114347,EDM,Edmonton Elks,Regular Season,2026-09-05T13:09:45.302148,2026
1464749,20,Kenneth Logan Jr.,Kenneth Logan Jr.,Defensive_Linebacker,Started,,,,,,,,,,,,,,,,,,,,,,,,5,1,0,0,0,0,0,,,,,,,,,,,,,,,,,,,,,,,13419707,114347,EDM,Edmonton Elks,Regular Season,2026-09-05T13:09:45.302148,2026
1468042,26,Vincent Blanchard,Vincent Blanchard,Kicker,ActiveNotPlayed,,,,,,,,,,,,,,,,,,,,,,,,,,,,,,,4.0,4.0,1.0,44,2.0,0.0,3.0,229.0,100.0,,,,,,,,,,,,,,13419707,114347,EDM,Edmonton Elks,Regular Season,2026-09-05T13:09:45.302148,2026
1470656,13,Kordell Jackson,Kordell Jackson,Defensive_DefensiveBack,Started,,,,,,,,,,,,,,,,,,,,,,,,6,0,0,0,0,0,0,,,,,,,,,,,,,,,,,,,,,,,13419707,114347,EDM,Edmonton Elks,Regular Season,2026-09-05T13:09:45.302148,2026
1470657,47,D.K. Bonhomme,D.K. Bonhomme,Defensive_DefensiveLineman,ActiveNotPlayed,,,,,,,,,,,,,,,,,,,,,,,,0,0,0,0,0,0,1,,,,,,,,,,,,,,,,,,,,,,,13419707,114347,EDM,Edmonton Elks,Regular Season,2026-09-05T13:09:45.302148,2026
1482936,25,Chelen Garnes,Chelen Garnes,Defensive_DefensiveBack,Started,,,,,,,,,,,,,,,,,,,,,,,,6,0,0,0,0,0,0,,,,,,,,,,,,,,,,,,,,,,,13419707,114347,EDM,Edmonton Elks,Regular Season,2026-09-05T13:09:45.302148,2026
1483150,95,Tomari Fox,Tomari Fox,Defensive_DefensiveLineman,Started,,,,,,,,,,,,,,,,,,,,,,,,1,0,0,0,0,0,0,,,,,,,,,,,,,,,,,,,,,,,13419707,114347,EDM,Edmonton Elks,Regular Season,2026-09-05T13:09:45.302148,2026
1483155,18,Joshua Cephus,Joshua Cephus,Offensive_WideReceiver,Started,,,,,,,,,,,,,,,3.0,2.0,46.0,4.0,0.0,24.0,23.0,15.333,0.667,,,,,,,,,,,,,,,,,,,,,,,,,,,,,,13419707,114347,EDM,Edmonton Elks,Regular Season,2026-09-05T13:09:45.302148,2026
1501819,45,Dariel Djabome,Dariel Djabome,Defensive_Linebacker,Started,,,,,,,,,,,,,,,,,,,,,,,,8,1,0,0,0,0,1,,,,,,,,,,,,,,,,,,,,,,,13419707,114347,EDM,Edmonton Elks,Regular Season,2026-09-05T13:09:45.302148,2026
1507833,97,Gavin Meyer,Gavin Meyer,Defensive_DefensiveLineman,ActiveNotPlayed,,,,,,,,,,,,,,,,,,,,,,,,2,0,0,0,0,0,0,,,,,,,,,,,,,,,,,,,,,,,13419707,114347,EDM,Edmonton Elks,Regular Season,2026-09-05T13:09:45.302148,2026
1518031,29,JJ Ross,JJ Ross,Defensive_DefensiveBack,Started,,,,,,,,,,,,,,,,,,,,,,,,1,0,0,0,0,0,0,,,,,,,,,,,,,,,,,,,,,,,13419707,114347,EDM,Edmonton Elks,Regular Season,2026-09-05T13:09:45.302148,2026
1604186,96,Richard Jibunor,Richard Jibunor,Defensive_DefensiveLineman,ActiveNotPlayed,,,,,,,,,,,,,,,,,,,,,,,,0,0,0,0,0,0,1,,,,,,,,,,,,,,,,,,,,,,,13419707,114347,EDM,Edmonton Elks,Regular Season,2026-09-05T13:09:45.302148,2026
1004002,50,Derick Roberson,Derick Roberson,Defensive_DefensiveLineman,ActiveNotPlayed,,,,,,,,,,,,,,,,,,,,,,,,1,1,0,0,0,0,2,,,,,,,,,,,,,,,,,,,,,,,13419707,106752,SSK,Saskatchewan Roughriders,Regular Season,2026-09-05T13:09:45.302148,2026
1007936,17,Tommy Stevens,Tommy Stevens,Offensive_Quarterback,ActiveNotPlayed,,,,,,,,,,13.0,29.0,3,10,2.231,,,,,,,,,,,,,,,,,,,,,,,,,,,,,,,,,,,,,,,13419707,106752,SSK,Saskatchewan Roughriders,Regular Season,2026-09-05T13:09:45.302148,2026
1008130,5,Antoine Brooks Jr.,Antoine Brooks Jr.,Defensive_Linebacker,Started,,,,,,,,,,,,,,,,,,,,,,,,6,0,0,0,0,0,0,,,,,,,,,,,,,,,,,,,,,,,13419707,106752,SSK,Saskatchewan Roughriders,Regular Season,2026-09-05T13:09:45.302148,2026
1012862,2,Josh Woods,Josh Woods,Defensive_Linebacker,Started,,,,,,,,,,,,,,,,,,,,,,,,2,1,0,0,0,0,0,,,,,,,,,,,,,,,,,,,,,,,13419707,106752,SSK,Saskatchewan Roughriders,Regular Season,2026-09-05T13:09:45.302148,2026
1014314,22,Damarcus Fields,Damarcus Fields,Defensive_DefensiveBack,Started,,,,,,,,,,,,,,,,,,,,,,,,1,0,0,0,0,0,0,,,,,,,,,,,,,,,,,,,,,,,13419707,106752,SSK,Saskatchewan Roughriders,Regular Season,2026-09-05T13:09:45.302148,2026
1014484,47,Aubrey Miller Jr.,Aubrey Miller Jr.,Defensive_Linebacker,ActiveNotPlayed,,,,,,,,,,,,,,,,,,,,,,,,0,0,0,0,0,0,1,,,,,,,,,,,,,,,,,,,,,,,13419707,106752,SSK,Saskatchewan Roughriders,Regular Season,2026-09-05T13:09:45.302148,2026
1014683,95,Devin Adams,Devin Adams,Defensive_DefensiveLineman,ActiveNotPlayed,,,,,,,,,,,,,,,,,,,,,,,,1,0,0,0,0,0,0,,,,,,,,,,,,,,,,,,,,,,,13419707,106752,SSK,Saskatchewan Roughriders,Regular Season,2026-09-05T13:09:45.302148,2026
1020372,3,KeeSean Johnson,KeeSean Johnson,Offensive_WideReceiver,Started,,,,,,,,,,,,,,,6.0,3.0,14.0,7.0,1.0,7.0,4.667,2.333,0.5,1,0,0,0,0,0,0,,,,,,,,,,,,,,,,,,,,,,,13419707,106752,SSK,Saskatchewan Roughriders,Regular Season,2026-09-05T13:09:45.302148,2026
1080069,99,Caleb Sanders,Caleb Sanders,Defensive_DefensiveLineman,Started,,,,,,,,,,,,,,,,,,,,,,,,2,1,0,0,0,0,0,,,,,,,,,,,,,,,,,,,,,,,13419707,106752,SSK,Saskatchewan Roughriders,Regular Season,2026-09-05T13:09:45.302148,2026
1130108,6,Jameer Thurman,Jameer Thurman,Defensive_Linebacker,Started,,,,,,,,,,,,,,,,,,,,,,,,6,0,0,0,0,0,0,,,,,,,,,,,,,,,,,,,,,,,13419707,106752,SSK,Saskatchewan Roughriders,Regular Season,2026-09-05T13:09:45.302148,2026
1131432,26,Tevaughn Campbell,Tevaughn Campbell,Defensive_DefensiveBack,Started,,,,,,,,,,,,,,,,,,,,,,,,2,0,0,0,0,0,0,,,,,,,,,,,,,,,,,,,,,,,13419707,106752,SSK,Saskatchewan Roughriders,Regular Season,2026-09-05T13:09:45.302148,2026
1349520,20,Kerfalla Exume,Kerfalla Exume,Defensive_DefensiveBack,ActiveNotPlayed,,,,,,,,,,,,,,,,,,,,,,,,0,0,0,0,0,0,2,,,,,,,,,,,,,,,,,,,,,,,13419707,106752,SSK,Saskatchewan Roughriders,Regular Season,2026-09-05T13:09:45.302148,2026
1349536,7,Trevor Harris,Trevor Harris,Offensive_Quarterback,Started,19.0,24.0,0.792,239.0,1.0,1.0,29.0,9.958,8.916666666666666,1.0,4.0,0,4,4.0,,,,,,,,,,,,,,,,,,,,,,,,,,,,,,,,,,,,,,,13419707,106752,SSK,Saskatchewan Roughriders,Regular Season,2026-09-05T13:09:45.302148,2026
1350465,42,Mike Rose,Mike Rose,Defensive_DefensiveLineman,Started,,,,,,,,,,,,,,,,,,,,,,,,2,0,2,0,0,0,0,,,,,,,,,,,,,,,,,,,,,,,13419707,106752,SSK,Saskatchewan Roughriders,Regular Season,2026-09-05T13:09:45.302148,2026
1350617,89,Kian Schaffer-Baker,Kian Schaffer-Baker,Offensive_WideReceiver,Started,,,,,,,,,,,,,,,3.0,3.0,48.0,10.0,0.0,27.0,16.0,16.0,1.0,,,,,,,,,,,,,,,,,,,,,,,,,,,,,,13419707,106752,SSK,Saskatchewan Roughriders,Regular Season,2026-09-05T13:09:45.302148,2026
1384818,31,Jonathan Edouard,Jonathan Edouard,Defensive_DefensiveBack,Started,,,,,,,,,,,,,,,,,,,,,,,,3,0,0,0,0,0,0,,,,,,,,,,,,,,,,,,,,,,,13419707,106752,SSK,Saskatchewan Roughriders,Regular Season,2026-09-05T13:09:45.302148,2026
1404092,30,Thomas Bertrand-Hudon,Thomas Bertrand-Hudon,Offensive_RunningBack,ActiveNotPlayed,,,,,,,,,,,,,,,,,,,,,,,,,,,,,,,,,,,,,,,,,,,,,1.0,22.0,22.0,22.0,,,,,13419707,106752,SSK,Saskatchewan Roughriders,Regular Season,2026-09-05T13:09:45.302148,2026
1404980,21,Jaxon Ford,Jaxon Ford,Defensive_DefensiveBack,Started,,,,,,,,,,,,,,,,,,,,,,,,4,0,0,0,0,0,1,,,,,,,,,,,,,,,,,,,,,,,13419707,106752,SSK,Saskatchewan Roughriders,Regular Season,2026-09-05T13:09:45.302148,2026
1468449,18,Dhel Duncan-Busby,Dhel Duncan-Busby,Offensive_WideReceiver,Started,,,,,,,,,,,,,,,4.0,4.0,66.0,19.0,0.0,21.0,16.5,16.5,1.0,,,,,,,,,,,,,,,,,,,,,,,,,,,,,,13419707,106752,SSK,Saskatchewan Roughriders,Regular Season,2026-09-05T13:09:45.302148,2026
1468451,28,Melique Straker,Melique Straker,Defensive_Linebacker,ActiveNotPlayed,,,,,,,,,,,,,,,,,,,,,,,,0,0,0,0,0,0,1,,,,,,,,,,,,,,,,,,,,,,,13419707,106752,SSK,Saskatchewan Roughriders,Regular Season,2026-09-05T13:09:45.302148,2026
1484800,27,James Burgess,James Burgess,Defensive_DefensiveBack,ActiveNotPlayed,,,,,,,,,,,,,,,,,,,,,,,,4,0,1,0,0,0,0,,,,,,,,,,,,,,,,,,,,,,,13419707,106752,SSK,Saskatchewan Roughriders,Regular Season,2026-09-05T13:09:45.302148,2026
1485313,24,Quali Conley,Quali Conley,Offensive_RunningBack,Started,,,,,,,,,,14.0,61.0,0,12,4.357,5.0,3.0,36.0,34.0,0.0,29.0,12.0,7.2,0.6,,,,,,,,,,,,,,,,,,,,,,,,,,,,,,13419707,106752,SSK,Saskatchewan Roughriders,Regular Season,2026-09-05T13:09:45.302148,2026
1488508,12,Malcolm Bell,Malcolm Bell,Defensive_DefensiveBack,ActiveNotPlayed,,,,,,,,,,,,,,,,,,,,,,,,0,0,0,0,0,0,1,,,,,,,,,,,,,,,,,,,,,,,13419707,106752,SSK,Saskatchewan Roughriders,Regular Season,2026-09-05T13:09:45.302148,2026
1510443,11,Alex Hale,Alex Hale,Kicker,ActiveNotPlayed,,,,,,,,,,,,,,,,,,,,,,,,,,,,,,,0.0,1.0,0.0,0,2.0,0.0,5.0,319.0,73.0,,,,,,,,,,,,,,13419707,106752,SSK,Saskatchewan Roughriders,Regular Season,2026-09-05T13:09:45.302148,2026
1512298,91,Oscar Chapman,Oscar Chapman,Punter,ActiveNotPlayed,,,,,,,,,,,,,,,,,,,,,,,,,,,,,,,,,,,,,,,,6.0,295.0,49.167,54.0,0.0,,,,,,,,,13419707,106752,SSK,Saskatchewan Roughriders,Regular Season,2026-09-05T13:09:45.302148,2026
1514403,88,Johnny Johnson III,Johnny Johnson III,Offensive_WideReceiver,Started,,,,,,,,,,,,,,,4.0,4.0,48.0,23.0,0.0,27.0,12.0,12.0,1.0,,,,,,,,,,,,,,,,,,,,,,1.0,87.0,87.0,87.0,,,,,13419707,106752,SSK,Saskatchewan Roughriders,Regular Season,2026-09-05T13:09:45.302148,2026
1514743,48,David Gbenda,David Gbenda,Defensive_Linebacker,ActiveNotPlayed,,,,,,,,,,,,,,,,,,,,,,,,0,0,0,0,0,0,1,,,,,,,,,,,,,,,,,,,,,,,13419707,106752,SSK,Saskatchewan Roughriders,Regular Season,2026-09-05T13:09:45.302148,2026
1600404,85,D'Sean Mimbs,D'Sean Mimbs,Offensive_WideReceiver,ActiveNotPlayed,,,,,,,,,,,,,,,1.0,1.0,18.0,0.0,0.0,18.0,18.0,18.0,1.0,,,,,,,,,,,,,,,,,,,,,,,,,,,,,,13419707,106752,SSK,Saskatchewan Roughriders,Regular Season,2026-09-05T13:09:45.302148,2026
1602300,87,Daniel Wiebe,Daniel Wiebe,Offensive_WideReceiver,Started,,,,,,,,,,,,,,,1.0,1.0,9.0,3.0,0.0,9.0,9.0,9.0,1.0,,,,,,,,,,,,,,,,,,,,,,,,,,6.0,55.0,16.0,9.167,13419707,106752,SSK,Saskatchewan Roughriders,Regular Season,2026-09-05T13:09:45.302148,2026
999126,8,Marcus Sayles,Marcus Sayles,Defensive_DefensiveBack,Started,,,,,,,,,,,,,,,,,,,,,,,,4,0,0,0,0,0,0,,,,,,,,,,,,,,,,,,,,,,,13419707,106752,SSK,Saskatchewan Roughriders,Regular Season,2026-09-05T13:09:45.302148,2026
1005577,86,Damonte Coxie,Damonte Coxie,Offensive_WideReceiver,Started,,,,,,,,,,,,,,,15.0,8.0,161.0,43.0,0.0,36.0,20.125,10.733,0.533,,,,,,,,,,,,,,,,,,,,,,,,,,,,,,13419708,122345,TOR,Toronto Argonauts,Regular Season,2026-09-05T13:09:45.302148,2026
1006437,3,Janarion Grant,Janarion Grant,Offensive_WideReceiver,ActiveNotPlayed,,,,,,,,,,,,,,,,,,,,,,,,,,,,,,,,,,,,,,,,,,,,,4.0,101.0,29.0,25.25,4.0,93.0,64.0,23.25,13419708,122345,TOR,Toronto Argonauts,Regular Season,2026-09-05T13:09:45.302148,2026
1011747,99,Ralph Holley,Ralph Holley,Defensive_DefensiveLineman,Started,,,,,,,,,,,,,,,,,,,,,,,,3,1,0,0,0,0,0,,,,,,,,,,,,,,,,,,,,,,,13419708,122345,TOR,Toronto Argonauts,Regular Season,2026-09-05T13:09:45.302148,2026
1015150,2,Tarvarus McFadden,Tarvarus McFadden,Defensive_DefensiveBack,Started,,,,,,,,,,,,,,,,,,,,,,,,1,0,0,1,0,0,0,,,,,,,,,,,,,,,,,,,,,,,13419708,122345,TOR,Toronto Argonauts,Regular Season,2026-09-05T13:09:45.302148,2026
1016260,95,Jonathan Kongbo,Jonathan Kongbo,Defensive_DefensiveLineman,Started,,,,,,,,,,,,,,,,,,,,,,,,1,1,0,0,0,0,0,,,,,,,,,,,,,,,,,,,,,,,13419708,122345,TOR,Toronto Argonauts,Regular Season,2026-09-05T13:09:45.302148,2026
1016527,97,Dewayne Hendrix,Dewayne Hendrix,Defensive_DefensiveLineman,ActiveNotPlayed,,,,,,,,,,,,,,,,,,,,,,,,1,1,0,0,0,0,0,,,,,,,,,,,,,,,,,,,,,,,13419708,122345,TOR,Toronto Argonauts,Regular Season,2026-09-05T13:09:45.302148,2026
1022794,83,David Ungerer III,David Ungerer III,Offensive_WideReceiver,Started,,,,,,,,,,,,,,,9.0,6.0,63.0,29.0,0.0,20.0,10.5,7.0,0.667,,,,,,,,,,,,,,,,,,,,,,,,,,2.0,23.0,15.0,11.5,13419708,122345,TOR,Toronto Argonauts,Regular Season,2026-09-05T13:09:45.302148,2026
1078483,34,Bubba Bolden,Bubba Bolden,Defensive_DefensiveBack,Started,,,,,,,,,,,,,,,,,,,,,,,,4,0,1,0,0,0,0,,,,,,,,,,,,,,,,,,,,,,,13419708,122345,TOR,Toronto Argonauts,Regular Season,2026-09-05T13:09:45.302148,2026
1344428,15,Makai Polk,Makai Polk,Offensive_WideReceiver,Started,,,,,,,,,,,,,,,9.0,7.0,46.0,1.0,0.0,18.0,6.571,5.111,0.778,1,0,0,0,0,0,0,,,,,,,,,,,,,,,,,,,,,,,13419708,122345,TOR,Toronto Argonauts,Regular Season,2026-09-05T13:09:45.302148,2026
1349460,1,DaShaun Amos,DaShaun Amos,Defensive_DefensiveBack,Started,,,,,,,,,,,,,,,,,,,,,,,,4,0,0,0,0,0,0,,,,,,,,,,,,,,,,,,,,,,,13419708,122345,TOR,Toronto Argonauts,Regular Season,2026-09-05T13:09:45.302148,2026
1349471,45,Jack Cassar,Jack Cassar,Offensive_Fullback,ActiveNotPlayed,,,,,,,,,,,,,,,,,,,,,,,,1,0,0,0,0,0,1,,,,,,,,,,,,,,,,,,,,,,,13419708,122345,TOR,Toronto Argonauts,Regular Season,2026-09-05T13:09:45.302148,2026
1349532,26,Brian Harelimana,Brian Harelimana,Defensive_Linebacker,ActiveNotPlayed,,,,,,,,,,,,,,,,,,,,,,,,0,0,0,0,0,0,1,,,,,,,,,,,,,,,,,,,,,,,13419708,122345,TOR,Toronto Argonauts,Regular Season,2026-09-05T13:09:45.302148,2026
1349568,6,Adarius Pickett,Adarius Pickett,Defensive_Linebacker,Started,,,,,,,,,,,,,,,,,,,,,,,,6,0,0,0,0,0,1,,,,,,,,,,,,,,,,,,,,,,,13419708,122345,TOR,Toronto Argonauts,Regular Season,2026-09-05T13:09:45.302148,2026
1350444,8,Cameron Judge,Cameron Judge,Defensive_Linebacker,Started,,,,,,,,,,,,,,,,,,,,,,,,1,0,0,0,0,0,0,,,,,,,,,,,,,,,,,,,,,,,13419708,122345,TOR,Toronto Argonauts,Regular Season,2026-09-05T13:09:45.302148,2026
1350449,42,Shawn Lemon,Shawn Lemon,Defensive_DefensiveLineman,ActiveNotPlayed,,,,,,,,,,,,,,,,,,,,,,,,2,1,0,0,0,0,0,,,,,,,,,,,,,,,,,,,,,,,13419708,122345,TOR,Toronto Argonauts,Regular Season,2026-09-05T13:09:45.302148,2026
1350456,4,Nick Arbuckle,Nick Arbuckle,Offensive_Quarterback,ActiveNotPlayed,,,,,,,,,,1.0,1.0,0,1,1.0,,,,,,,,,,,,,,,,,,,,,,,,,,,,,,,,,,,,,,,13419708,122345,TOR,Toronto Argonauts,Regular Season,2026-09-05T13:09:45.302148,2026
1357160,23,Benjie Franklin,Benjie Franklin,Defensive_DefensiveBack,Started,,,,,,,,,,,,,,,,,,,,,,,,0,0,0,1,0,0,0,,,,,,,,,,,,,,,,,,,,,,,13419708,122345,TOR,Toronto Argonauts,Regular Season,2026-09-05T13:09:45.302148,2026
1401657,35,Isaac Darkangelo,Isaac Darkangelo,Defensive_Linebacker,Started,,,,,,,,,,,,,,,,,,,,,,,,5,0,0,0,0,0,0,,,,,,,,,,,,,,,,,,,,,,,13419708,122345,TOR,Toronto Argonauts,Regular Season,2026-09-05T13:09:45.302148,2026
1468482,10,Kevin Mital,Kevin Mital,Offensive_WideReceiver,Started,,,,,,,,,,,,,,,4.0,3.0,31.0,1.0,0.0,29.0,10.333,7.75,0.75,,,,,,,,,,,,,,,,,,,,,,,,,,,,,,13419708,122345,TOR,Toronto Argonauts,Regular Season,2026-09-05T13:09:45.302148,2026
1473233,20,Derek Slywka,Derek Slywka,Defensive_Linebacker,ActiveNotPlayed,,,,,,,,,,,,,,,,,,,,,,,,1,0,0,0,0,0,1,,,,,,,,,,,,,,,,,,,,,,,13419708,122345,TOR,Toronto Argonauts,Regular Season,2026-09-05T13:09:45.302148,2026
1484829,14,James Burnip,James Burnip,Punter,ActiveNotPlayed,,,,,,,,,,,,,,,,,,,,,,,,,,,,,,,,,,,,,,,,3.0,157.0,52.333,60.0,1.0,,,,,,,,,13419708,122345,TOR,Toronto Argonauts,Regular Season,2026-09-05T13:09:45.302148,2026
1494910,92,Paris Shand,Paris Shand,Defensive_DefensiveLineman,ActiveNotPlayed,,,,,,,,,,,,,,,,,,,,,,,,1,0,0,0,0,0,0,,,,,,,,,,,,,,,,,,,,,,,13419708,122345,TOR,Toronto Argonauts,Regular Season,2026-09-05T13:09:45.302148,2026
1502167,91,Soane Toia,Soane Toia,Defensive_DefensiveLineman,Started,,,,,,,,,,,,,,,,,,,,,,,,1,0,0,0,0,0,0,,,,,,,,,,,,,,,,,,,,,,,13419708,122345,TOR,Toronto Argonauts,Regular Season,2026-09-05T13:09:45.302148,2026
1598895,82,Tyler Kahmann,Tyler Kahmann,Offensive_WideReceiver,Started,,,,,,,,,,,,,,,3.0,3.0,40.0,15.0,0.0,19.0,13.333,13.333,1.0,,,,,,,,,,,,,,,,,,,,,,,,,,,,,,13419708,122345,TOR,Toronto Argonauts,Regular Season,2026-09-05T13:09:45.302148,2026
1722195,28,James Ceasar,James Ceasar,Defensive_DefensiveBack,Started,,,,,,,,,,,,,,,,,,,,,,,,2,0,0,0,0,0,1,,,,,,,,,,,,,,,,,,,,,,,13419708,122345,TOR,Toronto Argonauts,Regular Season,2026-09-05T13:09:45.302148,2026
1752314,9,Louis Philippe Gauthier,Louis Philippe Gauthier,Defensive_DefensiveBack,ActiveNotPlayed,,,,,,,,,,,,,,,,,,,,,,,,1,0,0,0,0,0,1,,,,,,,,,,,,,,,,,,,,,,,13419708,122345,TOR,Toronto Argonauts,Regular Season,2026-09-05T13:09:45.302148,2026
1752323,25,Samuel Hicks,Samuel Hicks,Offensive_RunningBack,Started,,,,,,,,,,5.0,54.0,1,40,10.8,3.0,3.0,8.0,7.0,1.0,5.0,2.667,2.667,1.0,,,,,,,,,,,,,,,,,,,,,,1.0,26.0,26.0,26.0,,,,,13419708,122345,TOR,Toronto Argonauts,Regular Season,2026-09-05T13:09:45.302148,2026
1752348,41,Sebastian Parsalidis,Sebastian Parsalidis,Offensive_Fullback,ActiveNotPlayed,,,,,,,,,,,,,,,,,,,,,,,,0,0,0,0,0,0,1,,,,,,,,,,,,,,,,,,,,,,,13419708,122345,TOR,Toronto Argonauts,Regular Season,2026-09-05T13:09:45.302148,2026
1752352,16,Brady Lidster,Brady Lidster,Kicker,ActiveNotPlayed,,,,,,,,,,,,,,,,,,,,,,,,0,0,0,0,0,0,1,4.0,5.0,0.8,52,2.0,0.0,5.0,309.0,71.0,,,,,,,,,,,,,,13419708,122345,TOR,Toronto Argonauts,Regular Season,2026-09-05T13:09:45.302148,2026
1752362,21,Isaiah Smith,Isaiah Smith,Offensive_RunningBack,ActiveNotPlayed,,,,,,,,,,7.0,26.0,0,7,3.714,,,,,,,,,,,,,,,,,,,,,,,,,,,,,,,,,,,,,,,13419708,122345,TOR,Toronto Argonauts,Regular Season,2026-09-05T13:09:45.302148,2026
998710,12,Chad Kelly,Chad Kelly,Offensive_Quarterback,Started,30.0,43.0,0.698,349.0,1.0,4.0,36.0,8.116,4.395348837209302,3.0,24.0,0,11,8.0,,,,,,,,,,,,,,,,,,,,,,,,,,,,,,,,,,,,,,,13419708,122345,TOR,Toronto Argonauts,Regular Season,2026-09-05T13:09:45.302148,2026
1003154,25,Jaydon Grant,Jaydon Grant,Defensive_DefensiveBack,Started,,,,,,,,,,,,,,,,,,,,,,,,1,0,0,0,0,0,0,,,,,,,,,,,,,,,,,,,,,,,13419708,112939,CGY,Calgary Stampeders,Regular Season,2026-09-05T13:09:45.302148,2026
1005315,9,Damon Webb,Damon Webb,Defensive_DefensiveBack,Started,,,,,,,,,,,,,,,,,,,,,,,,6,0,0,0,0,1,0,,,,,,,,,,,,,,,,,,,,,,,13419708,112939,CGY,Calgary Stampeders,Regular Season,2026-09-05T13:09:45.302148,2026
1012374,2,Kyle Wilson,Kyle Wilson,Defensive_Linebacker,Started,,,,,,,,,,,,,,,,,,,,,,,,3,0,1,0,1,0,0,,,,,,,,,,,,,,,,,,,,,,,13419708,112939,CGY,Calgary Stampeders,Regular Season,2026-09-05T13:09:45.302148,2026
1014170,93,Charles Wiley,Charles Wiley,Defensive_DefensiveLineman,ActiveNotPlayed,,,,,,,,,,,,,,,,,,,,,,,,1,1,0,0,0,0,0,,,,,,,,,,,,,,,,,,,,,,,13419708,112939,CGY,Calgary Stampeders,Regular Season,2026-09-05T13:09:45.302148,2026
1031686,90,Miles Brown,Miles Brown,Defensive_DefensiveLineman,Started,,,,,,,,,,,,,,,,,,,,,,,,1,0,0,0,0,0,0,,,,,,,,,,,,,,,,,,,,,,,13419708,112939,CGY,Calgary Stampeders,Regular Season,2026-09-05T13:09:45.302148,2026
1081744,87,Erik Brooks,Erik Brooks,Offensive_WideReceiver,Started,,,,,,,,,,,,,,,7.0,3.0,32.0,10.0,0.0,15.0,10.667,4.571,0.429,1,0,0,0,0,0,0,,,,,,,,,,,,,,,,,,,,,,,13419708,112939,CGY,Calgary Stampeders,Regular Season,2026-09-05T13:09:45.302148,2026
1086220,36,Terrence Ganyi,Terrence Ganyi,Defensive_Linebacker,ActiveNotPlayed,,,,,,,,,,,,,,,,,,,,,,,,0,0,0,0,0,0,3,,,,,,,,,,,,,,,,,,,,,,,13419708,112939,CGY,Calgary Stampeders,Regular Season,2026-09-05T13:09:45.302148,2026
1290033,26,Dedrick Mills,Dedrick Mills,Offensive_RunningBack,Started,,,,,,,,,,14.0,79.0,0,29,5.643,3.0,3.0,24.0,15.0,0.0,13.0,8.0,8.0,1.0,,,,,,,,,,,,,,,,,,,,,,,,,,,,,,13419708,112939,CGY,Calgary Stampeders,Regular Season,2026-09-05T13:09:45.302148,2026
1297989,6,Derrick Moncrief,Derrick Moncrief,Defensive_Linebacker,Started,,,,,,,,,,,,,,,,,,,,,,,,3,0,0,0,0,0,0,,,,,,,,,,,,,,,,,,,,,,,13419708,112939,CGY,Calgary Stampeders,Regular Season,2026-09-05T13:09:45.302148,2026
1345697,34,Tyreik McAllister,Tyreik McAllister,Offensive_RunningBack,ActiveNotPlayed,,,,,,,,,,,,,,,,,,,,,,,,1,0,0,0,0,0,0,,,,,,,,,,,,,,,4.0,92.0,37.0,23.0,2.0,21.0,16.0,10.5,13419708,112939,CGY,Calgary Stampeders,Regular Season,2026-09-05T13:09:45.302148,2026
1345703,1,Clarence Hicks,Clarence Hicks,Defensive_DefensiveLineman,Started,,,,,,,,,,,,,,,,,,,,,,,,2,1,0,0,0,0,0,,,,,,,,,,,,,,,,,,,,,,,13419708,112939,CGY,Calgary Stampeders,Regular Season,2026-09-05T13:09:45.302148,2026
1349467,17,Dejon Brissett,Dejon Brissett,Offensive_WideReceiver,Started,,,,,,,,,,,,,,,1.0,0.0,0.0,0.0,0.0,0.0,,,0.0,,,,,,,,,,,,,,,,,,,,,,,,,,,,,,13419708,112939,CGY,Calgary Stampeders,Regular Season,2026-09-05T13:09:45.302148,2026
1349494,3,Vernon Adams Jr.,Vernon Adams Jr.,Offensive_Quarterback,Started,12.0,24.0,0.5,159.0,0.0,2.0,37.0,6.625,2.875,4.0,25.0,1,9,6.25,,,,,,,,,,,,,,,,,,,,,,,,,,,,,,,,,,,,,,,13419708,112939,CGY,Calgary Stampeders,Regular Season,2026-09-05T13:09:45.302148,2026
1360678,85,Jalen Philpot,Jalen Philpot,Offensive_WideReceiver,Started,,,,,,,,,,,,,,,6.0,4.0,31.0,3.0,0.0,12.0,7.75,5.167,0.667,,,,,,,,,,,,,,,,,,,,,,,,,,,,,,13419708,112939,CGY,Calgary Stampeders,Regular Season,2026-09-05T13:09:45.302148,2026
1391228,27,Godfrey Onyeka,Godfrey Onyeka,Defensive_DefensiveBack,ActiveNotPlayed,,,,,,,,,,,,,,,,,,,,,,,,0,0,0,0,0,0,2,,,,,,,,,,,,,,,,,,,,,,,13419708,112939,CGY,Calgary Stampeders,Regular Season,2026-09-05T13:09:45.302148,2026
1397293,0,Adrian Greene,Adrian Greene,Defensive_DefensiveBack,ActiveNotPlayed,,,,,,,,,,,,,,,,,,,,,,,,3,0,0,1,0,0,0,,,,,,,,,,,,,,,,,,,,,,,13419708,112939,CGY,Calgary Stampeders,Regular Season,2026-09-05T13:09:45.302148,2026
1397525,77,Kelon Thomas,Kelon Thomas,Defensive_DefensiveLineman,ActiveNotPlayed,,,,,,,,,,,,,,,,,,,,,,,,0,0,0,0,0,0,2,,,,,,,,,,,,,,,,,,,,,,,13419708,112939,CGY,Calgary Stampeders,Regular Season,2026-09-05T13:09:45.302148,2026
1403599,14,Clark Barnes,Clark Barnes,Offensive_WideReceiver,Started,,,,,,,,,,,,,,,3.0,1.0,37.0,4.0,0.0,37.0,37.0,12.333,0.333,,,,,,,,,,,,,,,,,,,,,,,,,,,,,,13419708,112939,CGY,Calgary Stampeders,Regular Season,2026-09-05T13:09:45.302148,2026
1468040,29,Benjamin Labrosse,Benjamin Labrosse,Defensive_DefensiveBack,Started,,,,,,,,,,,,,,,,,,,,,,,,3,0,1,2,0,0,0,,,,,,,,,,,,,,,,,,,,,,,13419708,112939,CGY,Calgary Stampeders,Regular Season,2026-09-05T13:09:45.302148,2026
1483424,37,Jude McAtamney,Jude McAtamney,Kicker,ActiveNotPlayed,,,,,,,,,,,,,,,,,,,,,,,,,,,,,,,3.0,3.0,1.0,46,3.0,0.0,5.0,355.0,76.0,,,,,,,,,,,,,,13419708,112939,CGY,Calgary Stampeders,Regular Season,2026-09-05T13:09:45.302148,2026
1489484,15,Mark Vassett,Mark Vassett,Punter,ActiveNotPlayed,,,,,,,,,,,,,,,,,,,,,,,,,,,,,,,,,,,,,,,,7.0,332.0,47.429,58.0,0.0,,,,,,,,,13419708,112939,CGY,Calgary Stampeders,Regular Season,2026-09-05T13:09:45.302148,2026
1490845,48,R.J. Moten,R.J. Moten,Defensive_Linebacker,ActiveNotPlayed,,,,,,,,,,,,,,,,,,,,,,,,2,0,1,0,0,0,0,,,,,,,,,,,,,,,,,,,,,,,13419708,112939,CGY,Calgary Stampeders,Regular Season,2026-09-05T13:09:45.302148,2026
1494922,33,Zy Alexander,Zy Alexander,Defensive_DefensiveBack,Started,,,,,,,,,,,,,,,,,,,,,,,,5,0,0,0,0,0,0,,,,,,,,,,,,,,,,,,,,,,,13419708,112939,CGY,Calgary Stampeders,Regular Season,2026-09-05T13:09:45.302148,2026
1502602,80,Damien Alford,Damien Alford,Offensive_WideReceiver,ActiveNotPlayed,,,,,,,,,,,,,,,1.0,1.0,35.0,31.0,0.0,35.0,35.0,35.0,1.0,,,,,,,,,,,,,,,,,,,,,,,,,,,,,,13419708,112939,CGY,Calgary Stampeders,Regular Season,2026-09-05T13:09:45.302148,2026
1510987,96,Jaylon Hutchings,Jaylon Hutchings,Defensive_DefensiveLineman,Started,,,,,,,,,,,,,,,,,,,,,,,,1,0,0,0,0,0,0,,,,,,,,,,,,,,,,,,,,,,,13419708,112939,CGY,Calgary Stampeders,Regular Season,2026-09-05T13:09:45.302148,2026
1513983,19,Quincy Vaughn,Quincy Vaughn,Offensive_Quarterback,ActiveNotPlayed,,,,,,,,,,2.0,4.0,1,3,2.0,1.0,0.0,0.0,0.0,0.0,0.0,,,0.0,,,,,,,,,,,,,,,,,,,,,,,,,,,,,,13419708,112939,CGY,Calgary Stampeders,Regular Season,2026-09-05T13:09:45.302148,2026
1515457,94,Elijah Hills,Elijah Hills,Defensive_DefensiveLineman,ActiveNotPlayed,,,,,,,,,,,,,,,,,,,,,,,,1,0,0,0,0,0,0,,,,,,,,,,,,,,,,,,,,,,,13419708,112939,CGY,Calgary Stampeders,Regular Season,2026-09-05T13:09:45.302148,2026
1601219,44,Anthony Jr Johnson,Anthony Jr Johnson,Defensive_DefensiveBack,Started,,,,,,,,,,,,,,,,,,,,,,,,5,0,1,1,0,0,0,,,,,,,,,,,,,,,,,,,,,,,13419708,112939,CGY,Calgary Stampeders,Regular Season,2026-09-05T13:09:45.302148,2026
1756863,82,Jesulayomi Ojutalayo,Jesulayomi Ojutalayo,Offensive_WideReceiver,ActiveNotPlayed,,,,,,,,,,,,,,,,,,,,,,,,0,0,0,0,0,0,3,,,,,,,,,,,,,,,,,,,,,,,13419708,112939,CGY,Calgary Stampeders,Regular Season,2026-09-05T13:09:45.302148,2026
998543,8,Marquel Lee,Marquel Lee,Defensive_Linebacker,Started,,,,,,,,,,,,,,,,,,,,,,,,4,0,0,0,0,0,0,,,,,,,,,,,,,,,,,,,,,,,13419708,112939,CGY,Calgary Stampeders,Regular Season,2026-09-05T13:09:45.302148,2026
998863,4,Tevin Jones,Tevin Jones,Offensive_WideReceiver,Started,,,,,,,,,,,,,,,2.0,0.0,0.0,0.0,0.0,0.0,,,0.0,1,0,0,0,0,0,0,,,,,,,,,,,,,,,1.0,14.0,14.0,14.0,,,,,13419708,112939,CGY,Calgary Stampeders,Regular Season,2026-09-05T13:09:45.302148,2026
999377,7,Folarin Orimolade,Folarin Orimolade,Defensive_DefensiveLineman,Started,,,,,,,,,,,,,,,,,,,,,,,,1,0,0,0,1,0,0,,,,,,,,,,,,,,,,,,,,,,,13419708,112939,CGY,Calgary Stampeders,Regular Season,2026-09-05T13:09:45.302148,2026
1004002,50,Derick Roberson,Derick Roberson,Defensive_DefensiveLineman,Started,,,,,,,,,,,,,,,,,,,,,,,,1,0,0,0,0,0,0,,,,,,,,,,,,,,,,,,,,,,,13419709,106752,SSK,Saskatchewan Roughriders,Regular Season,2026-09-05T13:09:45.302148,2026
1007936,17,Tommy Stevens,Tommy Stevens,Offensive_Quarterback,ActiveNotPlayed,,,,,,,,,,9.0,45.0,3,15,5.0,,,,,,,,,,,,,,,,,,,,,,,,,,,,,,,,,,,,,,,13419709,106752,SSK,Saskatchewan Roughriders,Regular Season,2026-09-05T13:09:45.302148,2026
1008130,5,Antoine Brooks Jr.,Antoine Brooks Jr.,Defensive_Linebacker,Started,,,,,,,,,,,,,,,,,,,,,,,,7,0,0,0,0,1,0,,,,,,,,,,,,,,,,,,,,,,,13419709,106752,SSK,Saskatchewan Roughriders,Regular Season,2026-09-05T13:09:45.302148,2026
1014314,22,Damarcus Fields,Damarcus Fields,Defensive_DefensiveBack,Started,,,,,,,,,,,,,,,,,,,,,,,,4,0,1,0,0,0,0,,,,,,,,,,,,,,,,,,,,,,,13419709,106752,SSK,Saskatchewan Roughriders,Regular Season,2026-09-05T13:09:45.302148,2026
1020372,3,KeeSean Johnson,KeeSean Johnson,Offensive_WideReceiver,Started,,,,,,,,,,,,,,,14.0,11.0,133.0,25.0,1.0,22.0,12.091,9.5,0.786,,,,,,,,,,,,,,,,,,,,,,1.0,0.0,0.0,0.0,,,,,13419709,106752,SSK,Saskatchewan Roughriders,Regular Season,2026-09-05T13:09:45.302148,2026
1080069,99,Caleb Sanders,Caleb Sanders,Defensive_DefensiveLineman,Started,,,,,,,,,,,,,,,,,,,,,,,,1,0,0,0,0,0,0,,,,,,,,,,,,,,,,,,,,,,,13419709,106752,SSK,Saskatchewan Roughriders,Regular Season,2026-09-05T13:09:45.302148,2026
1130108,6,Jameer Thurman,Jameer Thurman,Defensive_Linebacker,Started,,,,,,,,,,,,,,,,,,,,,,,,6,0,2,0,0,0,0,,,,,,,,,,,,,,,,,,,,,,,13419709,106752,SSK,Saskatchewan Roughriders,Regular Season,2026-09-05T13:09:45.302148,2026
1349486,93,Benoit Marion,Benoit Marion,Defensive_DefensiveLineman,ActiveNotPlayed,,,,,,,,,,,,,,,,,,,,,,,,1,0,0,0,0,1,1,,,,,,,,,,,,,,,,,,,,,,,13419709,106752,SSK,Saskatchewan Roughriders,Regular Season,2026-09-05T13:09:45.302148,2026
1349507,37,Mike Benson,Mike Benson,LongSnapper,ActiveNotPlayed,,,,,,,,,,,,,,,,,,,,,,,,0,0,0,0,0,0,1,,,,,,,,,,,,,,,,,,,,,,,13419709,106752,SSK,Saskatchewan Roughriders,Regular Season,2026-09-05T13:09:45.302148,2026
1349536,7,Trevor Harris,Trevor Harris,Offensive_Quarterback,Started,30.0,38.0,0.789,401.0,2.0,1.0,51.0,10.553,10.421052631578947,1.0,8.0,0,8,8.0,,,,,,,,,,,,,,,,,,,,,,,,,,,,,,,,,,,,,,,13419709,106752,SSK,Saskatchewan Roughriders,Regular Season,2026-09-05T13:09:45.302148,2026
1350465,42,Mike Rose,Mike Rose,Defensive_DefensiveLineman,Started,,,,,,,,,,,,,,,,,,,,,,,,1,0,0,0,0,0,0,,,,,,,,,,,,,,,,,,,,,,,13419709,106752,SSK,Saskatchewan Roughriders,Regular Season,2026-09-05T13:09:45.302148,2026
1350586,25,Nelson Lokombo,Nelson Lokombo,Defensive_DefensiveBack,Started,,,,,,,,,,,,,,,,,,,,,,,,4,0,0,0,0,0,0,,,,,,,,,,,,,,,,,,,,,,,13419709,106752,SSK,Saskatchewan Roughriders,Regular Season,2026-09-05T13:09:45.302148,2026
1384818,31,Jonathan Edouard,Jonathan Edouard,Defensive_DefensiveBack,Started,,,,,,,,,,,,,,,,,,,,,,,,5,0,0,1,0,0,1,,,,,,,,,,,,,,,,,,,,,,,13419709,106752,SSK,Saskatchewan Roughriders,Regular Season,2026-09-05T13:09:45.302148,2026
1404092,30,Thomas Bertrand-Hudon,Thomas Bertrand-Hudon,Offensive_RunningBack,ActiveNotPlayed,,,,,,,,,,7.0,63.0,0,21,9.0,,,,,,,,,,,,,,,,,,,,,,,,,,,,,,,,,,,,,,,13419709,106752,SSK,Saskatchewan Roughriders,Regular Season,2026-09-05T13:09:45.302148,2026
1404980,21,Jaxon Ford,Jaxon Ford,Defensive_DefensiveBack,Started,,,,,,,,,,,,,,,,,,,,,,,,5,0,0,0,0,0,0,,,,,,,,,,,,,,,,,,,,,,,13419709,106752,SSK,Saskatchewan Roughriders,Regular Season,2026-09-05T13:09:45.302148,2026
1468449,18,Dhel Duncan-Busby,Dhel Duncan-Busby,Offensive_WideReceiver,Started,,,,,,,,,,,,,,,3.0,1.0,7.0,2.0,0.0,7.0,7.0,2.333,0.333,,,,,,,,,,,,,,,,,,,,,,,,,,,,,,13419709,106752,SSK,Saskatchewan Roughriders,Regular Season,2026-09-05T13:09:45.302148,2026
1468451,28,Melique Straker,Melique Straker,Defensive_Linebacker,ActiveNotPlayed,,,,,,,,,,,,,,,,,,,,,,,,0,0,0,0,0,0,1,,,,,,,,,,,,,,,,,,,,,,,13419709,106752,SSK,Saskatchewan Roughriders,Regular Season,2026-09-05T13:09:45.302148,2026
1485313,24,Quali Conley,Quali Conley,Offensive_RunningBack,Started,,,,,,,,,,6.0,23.0,0,11,3.833,2.0,1.0,7.0,7.0,0.0,7.0,7.0,3.5,0.5,,,,,,,,,,,,,,,,,,,,,,,,,,,,,,13419709,106752,SSK,Saskatchewan Roughriders,Regular Season,2026-09-05T13:09:45.302148,2026
1487216,35,Seyi Oladipo,Seyi Oladipo,Defensive_Linebacker,ActiveNotPlayed,,,,,,,,,,,,,,,,,,,,,,,,0,0,0,0,0,0,1,,,,,,,,,,,,,,,,,,,,,,,13419709,106752,SSK,Saskatchewan Roughriders,Regular Season,2026-09-05T13:09:45.302148,2026
1488508,12,Malcolm Bell,Malcolm Bell,Defensive_DefensiveBack,ActiveNotPlayed,,,,,,,,,,,,,,,,,,,,,,,,1,0,0,0,0,0,0,,,,,,,,,,,,,,,,,,,,,,,13419709,106752,SSK,Saskatchewan Roughriders,Regular Season,2026-09-05T13:09:45.302148,2026
1507913,80,Dylan Djete,Dylan Djete,Offensive_WideReceiver,Started,,,,,,,,,,,,,,,4.0,4.0,53.0,32.0,1.0,18.0,13.25,13.25,1.0,,,,,,,,,,,,,,,,,,,,,,,,,,,,,,13419709,106752,SSK,Saskatchewan Roughriders,Regular Season,2026-09-05T13:09:45.302148,2026
1510443,11,Alex Hale,Alex Hale,Kicker,ActiveNotPlayed,,,,,,,,,,,,,,,,,,,,,,,,,,,,,,,2.0,2.0,1.0,35,4.0,0.0,6.0,397.0,70.0,,,,,,,,,,,,,,13419709,106752,SSK,Saskatchewan Roughriders,Regular Season,2026-09-05T13:09:45.302148,2026
1512298,91,Oscar Chapman,Oscar Chapman,Punter,ActiveNotPlayed,,,,,,,,,,,,,,,,,,,,,,,,,,,,,,,,,,,,,,,,3.0,126.0,42.0,49.0,0.0,,,,,,,,,13419709,106752,SSK,Saskatchewan Roughriders,Regular Season,2026-09-05T13:09:45.302148,2026
1514403,88,Johnny Johnson III,Johnny Johnson III,Offensive_WideReceiver,Started,,,,,,,,,,,,,,,7.0,7.0,117.0,55.0,0.0,51.0,16.714,16.714,1.0,,,,,,,,,,,,,,,,,,,,,,3.0,68.0,34.0,22.667,,,,,13419709,106752,SSK,Saskatchewan Roughriders,Regular Season,2026-09-05T13:09:45.302148,2026
1515774,43,Nick Wiebe,Nick Wiebe,Defensive_Linebacker,ActiveNotPlayed,,,,,,,,,,,,,,,,,,,,,,,,0,0,0,0,0,0,3,,,,,,,,,,,,,,,,,,,,,,,13419709,106752,SSK,Saskatchewan Roughriders,Regular Season,2026-09-05T13:09:45.302148,2026
1600404,85,D'Sean Mimbs,D'Sean Mimbs,Offensive_WideReceiver,Started,,,,,,,,,,,,,,,8.0,6.0,84.0,29.0,0.0,23.0,14.0,10.5,0.75,,,,,,,,,,,,,,,,,,,,,,,,,,,,,,13419709,106752,SSK,Saskatchewan Roughriders,Regular Season,2026-09-05T13:09:45.302148,2026
1602300,87,Daniel Wiebe,Daniel Wiebe,Offensive_WideReceiver,ActiveNotPlayed,,,,,,,,,,,,,,,,,,,,,,,,,,,,,,,,,,,,,,,,,,,,,,,,,3.0,44.0,37.0,14.667,13419709,106752,SSK,Saskatchewan Roughriders,Regular Season,2026-09-05T13:09:45.302148,2026
1602426,92,Liam Hoskins,Liam Hoskins,Defensive_DefensiveLineman,ActiveNotPlayed,,,,,,,,,,,,,,,,,,,,,,,,1,1,0,0,1,0,1,,,,,,,,,,,,,,,,,,,,,,,13419709,106752,SSK,Saskatchewan Roughriders,Regular Season,2026-09-05T13:09:45.302148,2026
1708704,61,Erik Andersen,Erik Andersen,Offensive_OffensiveLineman,Started,,,,,,,,,,,,,,,,,,,,,,,,1,0,0,0,0,0,0,,,,,,,,,,,,,,,,,,,,,,,13419709,106752,SSK,Saskatchewan Roughriders,Regular Season,2026-09-05T13:09:45.302148,2026
999126,8,Marcus Sayles,Marcus Sayles,Defensive_DefensiveBack,Started,,,,,,,,,,,,,,,,,,,,,,,,2,0,0,0,0,0,0,,,,,,,,,,,,,,,,,,,,,,,13419709,106752,SSK,Saskatchewan Roughriders,Regular Season,2026-09-05T13:09:45.302148,2026
1007078,7,Ayden Eberhardt,Ayden Eberhardt,Offensive_WideReceiver,Started,,,,,,,,,,,,,,,12.0,8.0,99.0,27.0,0.0,27.0,12.375,8.25,0.667,,,,,,,,,,,,,,,,,,,,,,,,,,,,,,13419709,88019,OTT,Ottawa RedBlacks,Regular Season,2026-09-05T13:09:45.302148,2026
1007273,4,Amari Henderson,Amari Henderson,Defensive_DefensiveBack,Started,,,,,,,,,,,,,,,,,,,,,,,,4,0,0,0,0,0,0,,,,,,,,,,,,,,,,,,,,,,,13419709,88019,OTT,Ottawa RedBlacks,Regular Season,2026-09-05T13:09:45.302148,2026
1011917,8,C.J. Reavis,C.J. Reavis,Defensive_Linebacker,Started,,,,,,,,,,,,,,,,,,,,,,,,4,0,0,0,0,0,0,,,,,,,,,,,,,,,,,,,,,,,13419709,88019,OTT,Ottawa RedBlacks,Regular Season,2026-09-05T13:09:45.302148,2026
1012789,41,Brian Cole,Brian Cole,Defensive_Linebacker,ActiveNotPlayed,,,,,,,,,,,,,,,,,,,,,,,,0,0,0,0,0,0,2,,,,,,,,,,,,,,,,,,,,,,,13419709,88019,OTT,Ottawa RedBlacks,Regular Season,2026-09-05T13:09:45.302148,2026
1015046,83,Kalil Pimpleton,Kalil Pimpleton,Offensive_WideReceiver,Started,,,,,,,,,,1.0,-4.0,0,-4,-4.0,7.0,5.0,35.0,13.0,0.0,12.0,7.0,5.0,0.714,,,,,,,,,,,,,,,,,,,,,,5.0,93.0,25.0,18.6,3.0,35.0,18.0,11.667,13419709,88019,OTT,Ottawa RedBlacks,Regular Season,2026-09-05T13:09:45.302148,2026
1019929,91,Bryce Carter,Bryce Carter,Defensive_DefensiveLineman,Started,,,,,,,,,,,,,,,,,,,,,,,,1,1,0,0,0,0,0,,,,,,,,,,,,,,,,,,,,,,,13419709,88019,OTT,Ottawa RedBlacks,Regular Season,2026-09-05T13:09:45.302148,2026
1021346,16,Dionte Ruffin,Dionte Ruffin,Defensive_DefensiveBack,Started,,,,,,,,,,,,,,,,,,,,,,,,7,0,0,0,0,0,0,,,,,,,,,,,,,,,,,,,,,,,13419709,88019,OTT,Ottawa RedBlacks,Regular Season,2026-09-05T13:09:45.302148,2026
1022991,6,Demerio Houston,Demerio Houston,Defensive_DefensiveBack,Started,,,,,,,,,,,,,,,,,,,,,,,,1,0,1,0,0,0,0,,,,,,,,,,,,,,,,,,,,,,,13419709,88019,OTT,Ottawa RedBlacks,Regular Season,2026-09-05T13:09:45.302148,2026
1067264,89,Jevoni Robinson,Jevoni Robinson,Offensive_Fullback,ActiveNotPlayed,,,,,,,,,,,,,,,1.0,1.0,4.0,4.0,0.0,4.0,4.0,4.0,1.0,,,,,,,,,,,,,,,,,,,,,,,,,,,,,,13419709,88019,OTT,Ottawa RedBlacks,Regular Season,2026-09-05T13:09:45.302148,2026
1075350,92,Daniel Okpoko,Daniel Okpoko,Defensive_DefensiveLineman,ActiveNotPlayed,,,,,,,,,,,,,,,,,,,,,,,,3,0,0,0,0,0,0,,,,,,,,,,,,,,,,,,,,,,,13419709,88019,OTT,Ottawa RedBlacks,Regular Season,2026-09-05T13:09:45.302148,2026
1080706,5,Greg Bell,Greg Bell,Offensive_RunningBack,Started,,,,,,,,,,4.0,8.0,0,6,2.0,6.0,3.0,25.0,16.0,0.0,11.0,8.333,4.167,0.5,,,,,,,,,,,,,,,,,,,,,,,,,,,,,,13419709,88019,OTT,Ottawa RedBlacks,Regular Season,2026-09-05T13:09:45.302148,2026
1083949,13,Jake Maier,Jake Maier,Offensive_Quarterback,Started,31.0,43.0,0.721,339.0,2.0,1.0,27.0,7.884,7.767441860465116,1.0,1.0,0,1,1.0,,,,,,,,,,,,,,,,,,,,,,,,,,,,,,,,,,,,,,,13419709,88019,OTT,Ottawa RedBlacks,Regular Season,2026-09-05T13:09:45.302148,2026
1092881,20,Alonzo Addae,Alonzo Addae,Defensive_DefensiveBack,Started,,,,,,,,,,,,,,,,,,,,,,,,4,0,0,0,0,0,0,,,,,,,,,,,,,,,,,,,,,,,13419709,88019,OTT,Ottawa RedBlacks,Regular Season,2026-09-05T13:09:45.302148,2026
1349458,25,Daniel Adeboboye,Daniel Adeboboye,Offensive_RunningBack,ActiveNotPlayed,,,,,,,,,,3.0,6.0,0,6,2.0,1.0,1.0,6.0,6.0,0.0,6.0,6.0,6.0,1.0,,,,,,,,,,,,,,,,,,,,,,1.0,26.0,26.0,26.0,,,,,13419709,88019,OTT,Ottawa RedBlacks,Regular Season,2026-09-05T13:09:45.302148,2026
1349565,96,Michael Wakefield,Michael Wakefield,Defensive_DefensiveLineman,Started,,,,,,,,,,,,,,,,,,,,,,,,1,0,0,0,0,0,0,,,,,,,,,,,,,,,,,,,,,,,13419709,88019,OTT,Ottawa RedBlacks,Regular Season,2026-09-05T13:09:45.302148,2026
1349587,45,Anthony Gosselin,Anthony Gosselin,Offensive_Fullback,ActiveNotPlayed,,,,,,,,,,,,,,,,,,,,,,,,0,0,0,0,0,0,1,,,,,,,,,,,,,,,,,,,,,,,13419709,88019,OTT,Ottawa RedBlacks,Regular Season,2026-09-05T13:09:45.302148,2026
1349614,10,Lewis Ward,Lewis Ward,Kicker,ActiveNotPlayed,,,,,,,,,,,,,,,,,,,,,,,,,,,,,,,,,,,,,1.0,13.0,13.0,,,,,,,,,,,,,,13419709,88019,OTT,Ottawa RedBlacks,Regular Season,2026-09-05T13:09:45.302148,2026
1397558,33,Noah Gettman,Noah Gettman,Kicker,ActiveNotPlayed,,,,,,,,,,,,,,,,,,,,,,,,,,,,,,,,,,,,,3.0,220.0,76.0,4.0,180.0,45.0,58.0,0.0,,,,,,,,,13419709,88019,OTT,Ottawa RedBlacks,Regular Season,2026-09-05T13:09:45.302148,2026
1403950,19,Lucas Cormier,Lucas Cormier,Defensive_Linebacker,Started,,,,,,,,,,,,,,,,,,,,,,,,9,0,0,1,0,0,0,,,,,,,,,,,,,,,,,,,,,,,13419709,88019,OTT,Ottawa RedBlacks,Regular Season,2026-09-05T13:09:45.302148,2026
1403953,93,Aidan John,Aidan John,Defensive_DefensiveLineman,ActiveNotPlayed,,,,,,,,,,,,,,,,,,,,,,,,3,0,0,0,0,0,1,,,,,,,,,,,,,,,,,,,,,,,13419709,88019,OTT,Ottawa RedBlacks,Regular Season,2026-09-05T13:09:45.302148,2026
1488448,97,Jelani Stafford,Jelani Stafford,Defensive_DefensiveLineman,Started,,,,,,,,,,,,,,,,,,,,,,,,1,0,0,0,0,0,0,,,,,,,,,,,,,,,,,,,,,,,13419709,88019,OTT,Ottawa RedBlacks,Regular Season,2026-09-05T13:09:45.302148,2026
1495270,28,Shadwel Nkuba II,Shadwel Nkuba II,Defensive_DefensiveBack,Started,,,,,,,,,,,,,,,,,,,,,,,,3,0,0,0,0,0,0,,,,,,,,,,,,,,,,,,,,,,,13419709,88019,OTT,Ottawa RedBlacks,Regular Season,2026-09-05T13:09:45.302148,2026
1497161,81,Keelan White,Keelan White,Offensive_WideReceiver,Started,,,,,,,,,,,,,,,8.0,8.0,66.0,17.0,1.0,19.0,8.25,8.25,1.0,,,,,,,,,,,,,,,,,,,,,,,,,,,,,,13419709,88019,OTT,Ottawa RedBlacks,Regular Season,2026-09-05T13:09:45.302148,2026
1509624,54,Julian Pearl,Julian Pearl,Offensive_OffensiveLineman,Started,,,,,,,,,,,,,,,,,,,,,,,,1,0,0,0,0,0,0,,,,,,,,,,,,,,,,,,,,,,,13419709,88019,OTT,Ottawa RedBlacks,Regular Season,2026-09-05T13:09:45.302148,2026
1509655,36,Aaron Casey,Aaron Casey,Defensive_Linebacker,Started,,,,,,,,,,,,,,,,,,,,,,,,7,0,0,0,0,0,0,,,,,,,,,,,,,,,,,,,,,,,13419709,88019,OTT,Ottawa RedBlacks,Regular Season,2026-09-05T13:09:45.302148,2026
1515021,17,Bryson Barnes,Bryson Barnes,Offensive_Quarterback,ActiveNotPlayed,,,,,,,,,,1.0,1.0,1,1,1.0,,,,,,,,,,,,,,,,,,,,,,,,,,,,,,,,,,,,,,,13419709,88019,OTT,Ottawa RedBlacks,Regular Season,2026-09-05T13:09:45.302148,2026
1516637,85,Cade McDonald,Cade McDonald,Offensive_WideReceiver,Started,,,,,,,,,,,,,,,7.0,3.0,43.0,10.0,0.0,19.0,14.333,6.143,0.429,,,,,,,,,,,,,,,,,,,,,,,,,,,,,,13419709,88019,OTT,Ottawa RedBlacks,Regular Season,2026-09-05T13:09:45.302148,2026
1521340,27,King Ambers,King Ambers,Defensive_DefensiveBack,ActiveNotPlayed,,,,,,,,,,,,,,,,,,,,,,,,0,0,0,0,0,0,1,,,,,,,,,,,,,,,,,,,,,,,13419709,88019,OTT,Ottawa RedBlacks,Regular Season,2026-09-05T13:09:45.302148,2026
1649894,68,Giordano Vaccaro,Giordano Vaccaro,Offensive_OffensiveLineman,Started,,,,,,,,,,,,,,,,,,,,,,,,1,0,0,0,0,0,0,,,,,,,,,,,,,,,,,,,,,,,13419709,88019,OTT,Ottawa RedBlacks,Regular Season,2026-09-05T13:09:45.302148,2026
1752414,30,Emeric Boutin,Emeric Boutin,Offensive_Fullback,ActiveNotPlayed,,,,,,,,,,,,,,,,,,,,,,,,0,0,0,0,0,0,1,,,,,,,,,,,,,,,,,,,,,,,13419709,88019,OTT,Ottawa RedBlacks,Regular Season,2026-09-05T13:09:45.302148,2026
719463,3,McLeod Bethel-Thompson,McLeod Bethel-Thompson,Offensive_Quarterback,ActiveNotPlayed,2.0,3.0,0.667,18.0,0.0,0.0,12.0,6.0,6.0,,,,,,,,,,,,,,,,,,,,,,,,,,,,,,,,,,,,,,,,,,,,13419709,88019,OTT,Ottawa RedBlacks,Regular Season,2026-09-05T13:09:45.302148,2026
835400,2,Justin Hardy,Justin Hardy,Offensive_WideReceiver,Started,,,,,,,,,,,,,,,4.0,4.0,79.0,25.0,1.0,25.0,19.75,19.75,1.0,,,,,,,,,,,,,,,,,,,,,,,,,,,,,,13419709,88019,OTT,Ottawa RedBlacks,Regular Season,2026-09-05T13:09:45.302148,2026
1002690,10,Davis Alexander,Davis Alexander,Offensive_Quarterback,Started,22.0,28.0,0.786,352.0,4.0,1.0,56.0,12.571,13.821428571428571,1.0,10.0,1,10,10.0,,,,,,,,,,,,,,,,,,,,,,,,,,,,,,,,,,,,,,,13419710,86680,MTL,Montreal Alouettes,Regular Season,2026-09-05T13:09:45.302148,2026
1012540,20,Lorenzo Burns,Lorenzo Burns,Defensive_DefensiveBack,Started,,,,,,,,,,,,,,,,,,,,,,,,8,0,1,0,0,0,0,,,,,,,,,,,,,,,,,,,,,,,13419710,86680,MTL,Montreal Alouettes,Regular Season,2026-09-05T13:09:45.302148,2026
1014914,95,Daniel Wise,Daniel Wise,Defensive_Tackle,Started,,,,,,,,,,,,,,,,,,,,,,,,1,0,0,0,0,0,0,,,,,,,,,,,,,,,,,,,,,,,13419710,86680,MTL,Montreal Alouettes,Regular Season,2026-09-05T13:09:45.302148,2026
1017226,48,Kabion Ento,Kabion Ento,Defensive_DefensiveBack,Started,,,,,,,,,,,,,,,,,,,,,,,,1,0,0,0,1,0,0,,,,,,,,,,,,,,,,,,,,,,,13419710,86680,MTL,Montreal Alouettes,Regular Season,2026-09-05T13:09:45.302148,2026
1017444,31,Faion Hicks,Faion Hicks,Defensive_DefensiveBack,Started,,,,,,,,,,,,,,,,,,,,,,,,1,0,0,0,0,0,0,,,,,,,,,,,,,,,,,,,,,,,13419710,86680,MTL,Montreal Alouettes,Regular Season,2026-09-05T13:09:45.302148,2026
1067123,26,Tyrice Beverette,Tyrice Beverette,Defensive_Linebacker,Started,,,,,,,,,,,,,,,,,,,,,,,,2,0,0,1,0,0,0,,,,,,,,,,,,,,,,,,,,,,,13419710,86680,MTL,Montreal Alouettes,Regular Season,2026-09-05T13:09:45.302148,2026
1077936,0,Jonathan Sutherland,Jonathan Sutherland,Defensive_DefensiveBack,ActiveNotPlayed,,,,,,,,,,,,,,,,,,,,,,,,0,0,0,0,0,0,1,,,,,,,,,,,,,,,,,,,,,,,13419710,86680,MTL,Montreal Alouettes,Regular Season,2026-09-05T13:09:45.302148,2026
1080618,43,Gemon Green,Gemon Green,Defensive_Linebacker,Started,,,,,,,,,,,,,,,,,,,,,,,,3,0,0,0,0,1,0,,,,,,,,,,,,,,,,,,,,,,,13419710,86680,MTL,Montreal Alouettes,Regular Season,2026-09-05T13:09:45.302148,2026
1081310,85,Tyler Snead,Tyler Snead,Offensive_WideReceiver,Started,0.0,1.0,0.0,0.0,0.0,1.0,0.0,0.0,-45.0,,,,,,5.0,5.0,146.0,45.0,1.0,56.0,29.2,29.2,1.0,1,0,0,0,0,0,0,,,,,,,,,,,,,,,,,,,,,,,13419710,86680,MTL,Montreal Alouettes,Regular Season,2026-09-05T13:09:45.302148,2026
1081324,7,DeVonte Dedmon,DeVonte Dedmon,Offensive_WideReceiver,ActiveNotPlayed,,,,,,,,,,,,,,,,,,,,,,,,,,,,,,,,,,,,,,,,,,,,,3.0,86.0,39.0,28.667,3.0,51.0,38.0,17.0,13419710,86680,MTL,Montreal Alouettes,Regular Season,2026-09-05T13:09:45.302148,2026
1084787,91,Isaac Adeyemi-Berglund,Isaac Adeyemi-Berglund,Defensive_End,Started,,,,,,,,,,,,,,,,,,,,,,,,2,0,0,0,0,0,0,,,,,,,,,,,,,,,,,,,,,,,13419710,86680,MTL,Montreal Alouettes,Regular Season,2026-09-05T13:09:45.302148,2026
1349552,36,Joseph Zema,Joseph Zema,Punter,ActiveNotPlayed,,,,,,,,,,,,,,,,,,,,,,,,,,,,,,,,,,,,,,,,3.0,166.0,55.333,61.0,1.0,,,,,,,,,13419710,86680,MTL,Montreal Alouettes,Regular Season,2026-09-05T13:09:45.302148,2026
1349566,6,Tyson Philpot,Tyson Philpot,Offensive_WideReceiver,Started,,,,,,,,,,,,,,,12.0,10.0,131.0,44.0,3.0,56.0,13.1,10.917,0.833,,,,,,,,,,,,,,,,,,,,,,1.0,0.0,0.0,0.0,,,,,13419710,86680,MTL,Montreal Alouettes,Regular Season,2026-09-05T13:09:45.302148,2026
1349573,42,Tyrell Richards,Tyrell Richards,Defensive_Linebacker,ActiveNotPlayed,,,,,,,,,,,,,,,,,,,,,,,,5,0,0,0,0,0,1,,,,,,,,,,,,,,,1.0,2.0,2.0,2.0,,,,,13419710,86680,MTL,Montreal Alouettes,Regular Season,2026-09-05T13:09:45.302148,2026
1349615,17,Cole Spieker,Cole Spieker,Offensive_WideReceiver,Started,,,,,,,,,,,,,,,7.0,4.0,34.0,27.0,0.0,14.0,8.5,4.857,0.571,1,0,0,0,0,0,0,,,,,,,,,,,,,,,,,,,,,,,13419710,86680,MTL,Montreal Alouettes,Regular Season,2026-09-05T13:09:45.302148,2026
1350957,19,Jose Maltos Diaz,Jose Maltos Diaz,Kicker,ActiveNotPlayed,,,,,,,,,,,,,,,,,,,,,,,,,,,,,,,2.0,2.0,1.0,38,6.0,0.0,7.0,456.0,74.0,,,,,,,,,,,,,,13419710,86680,MTL,Montreal Alouettes,Regular Season,2026-09-05T13:09:45.302148,2026
1399407,99,David Perales,David Perales,Defensive_DefensiveLineman,Started,,,,,,,,,,,,,,,,,,,,,,,,1,0,0,0,0,0,0,,,,,,,,,,,,,,,,,,,,,,,13419710,86680,MTL,Montreal Alouettes,Regular Season,2026-09-05T13:09:45.302148,2026
1403971,38,Jacob Mason,Jacob Mason,Offensive_Fullback,ActiveNotPlayed,,,,,,,,,,,,,,,1.0,0.0,0.0,0.0,0.0,0.0,,,0.0,,,,,,,,,,,,,,,,,,,,,,,,,,,,,,13419710,86680,MTL,Montreal Alouettes,Regular Season,2026-09-05T13:09:45.302148,2026
1405112,97,Joshua Archibald,Joshua Archibald,Defensive_End,ActiveNotPlayed,,,,,,,,,,,,,,,,,,,,,,,,3,0,1,0,0,0,3,,,,,,,,,,,,,,,,,,,,,,,13419710,86680,MTL,Montreal Alouettes,Regular Season,2026-09-05T13:09:45.302148,2026
1439775,14,Terry Wilson,Terry Wilson,Offensive_Quarterback,ActiveNotPlayed,,,,,,,,,,4.0,7.0,1,4,1.75,,,,,,,,,,,,,,,,,,,,,,,,,,,,,,,,,,,,,,,13419710,86680,MTL,Montreal Alouettes,Regular Season,2026-09-05T13:09:45.302148,2026
1483380,1,Robert Kennedy,Robert Kennedy,Defensive_DefensiveBack,Started,,,,,,,,,,,,,,,,,,,,,,,,3,0,0,0,0,0,0,,,,,,,,,,,,,,,,,,,,,,,13419710,86680,MTL,Montreal Alouettes,Regular Season,2026-09-05T13:09:45.302148,2026
1486099,32,Rushawn Baker,Rushawn Baker,Offensive_RunningBack,ActiveNotPlayed,,,,,,,,,,3.0,12.0,0,9,4.0,,,,,,,,,,,,,,,,,,,,,,,,,,,,,,,,,,,,,,,13419710,86680,MTL,Montreal Alouettes,Regular Season,2026-09-05T13:09:45.302148,2026
1501674,22,Shakespeare Louis,Shakespeare Louis,Defensive_DefensiveBack,ActiveNotPlayed,,,,,,,,,,,,,,,,,,,,,,,,0,0,0,0,0,0,1,,,,,,,,,,,,,,,,,,,,,,,13419710,86680,MTL,Montreal Alouettes,Regular Season,2026-09-05T13:09:45.302148,2026
1507435,44,Kylan Guidry,Kylan Guidry,Defensive_End,ActiveNotPlayed,,,,,,,,,,,,,,,,,,,,,,,,5,0,0,0,0,0,1,,,,,,,,,,,,,,,,,,,,,,,13419710,86680,MTL,Montreal Alouettes,Regular Season,2026-09-05T13:09:45.302148,2026
1520977,5,Travis Theis,Travis Theis,Offensive_RunningBack,Started,,,,,,,,,,14.0,100.0,0,24,7.143,3.0,3.0,41.0,39.0,0.0,27.0,13.667,13.667,1.0,,,,,,,,,,,,,,,,,,,,,,,,,,,,,,13419710,86680,MTL,Montreal Alouettes,Regular Season,2026-09-05T13:09:45.302148,2026
1602296,82,Kaseem Ferdinand,Kaseem Ferdinand,Offensive_WideReceiver,ActiveNotPlayed,,,,,,,,,,,,,,,1.0,0.0,0.0,0.0,0.0,0.0,,,0.0,,,,,,,,,,,,,,,,,,,,,,,,,,,,,,13419710,86680,MTL,Montreal Alouettes,Regular Season,2026-09-05T13:09:45.302148,2026
1602445,23,Nate Beauchemin,Nate Beauchemin,Defensive_DefensiveBack,Started,,,,,,,,,,,,,,,,,,,,,,,,5,0,0,0,0,0,0,,,,,,,,,,,,,,,,,,,,,,,13419710,86680,MTL,Montreal Alouettes,Regular Season,2026-09-05T13:09:45.302148,2026
1726378,46,Donovan Manuel,Donovan Manuel,Defensive_Linebacker,ActiveNotPlayed,,,,,,,,,,,,,,,,,,,,,,,,0,0,0,0,0,1,2,,,,,,,,,,,,,,,,,,,,,,,13419710,86680,MTL,Montreal Alouettes,Regular Season,2026-09-05T13:09:45.302148,2026
1005323,3,Austin Mack,Austin Mack,Offensive_WideReceiver,Started,,,,,,,,,,,,,,,13.0,9.0,110.0,31.0,1.0,33.0,12.222,8.462,0.692,1,0,0,0,0,0,0,,,,,,,,,,,,,,,,,,,,,,,13419710,114347,EDM,Edmonton Elks,Regular Season,2026-09-05T13:09:45.302148,2026
1005963,0,Kobe Williams,Kobe Williams,Defensive_DefensiveBack,Started,,,,,,,,,,,,,,,,,,,,,,,,3,0,0,0,0,0,0,,,,,,,,,,,,,,,,,,,,,,,13419710,114347,EDM,Edmonton Elks,Regular Season,2026-09-05T13:09:45.302148,2026
1006559,10,Jake Julien,Jake Julien,Punter,ActiveNotPlayed,,,,,,,,,,,,,,,,,,,,,,,,,,,,,,,,,,,,,,,,3.0,125.0,41.667,51.0,0.0,,,,,,,,,13419710,114347,EDM,Edmonton Elks,Regular Season,2026-09-05T13:09:45.302148,2026
1007365,5,Justin Rankin,Justin Rankin,Offensive_RunningBack,Started,,,,,,,,,,7.0,62.0,0,20,8.857,,,,,,,,,,,,,,,,,,,,,,,,,,,,,,,,,,,,,,,13419710,114347,EDM,Edmonton Elks,Regular Season,2026-09-05T13:09:45.302148,2026
1008706,92,Noah Curtis,Noah Curtis,Defensive_DefensiveLineman,ActiveNotPlayed,,,,,,,,,,,,,,,,,,,,,,,,1,0,1,0,0,0,0,,,,,,,,,,,,,,,,,,,,,,,13419710,114347,EDM,Edmonton Elks,Regular Season,2026-09-05T13:09:45.302148,2026
1009107,22,Javon Leake,Javon Leake,Offensive_RunningBack,ActiveNotPlayed,,,,,,,,,,4.0,13.0,0,7,3.25,,,,,,,,,,,,,,,,,,,,,,,,,,,,,,,7.0,158.0,33.0,22.571,2.0,34.0,19.0,17.0,13419710,114347,EDM,Edmonton Elks,Regular Season,2026-09-05T13:09:45.302148,2026
1011445,50,Joel Dublanko,Joel Dublanko,Defensive_Linebacker,Started,,,,,,,,,,,,,,,,,,,,,,,,4,0,0,0,0,0,0,,,,,,,,,,,,,,,,,,,,,,,13419710,114347,EDM,Edmonton Elks,Regular Season,2026-09-05T13:09:45.302148,2026
1013556,6,Brendan O'Leary-Orange,Brendan O'Leary-Orange,Offensive_WideReceiver,Started,,,,,,,,,,,,,,,7.0,6.0,56.0,16.0,0.0,12.0,9.333,8.0,0.857,,,,,,,,,,,,,,,,,,,,,,,,,,,,,,13419710,114347,EDM,Edmonton Elks,Regular Season,2026-09-05T13:09:45.302148,2026
1014004,32,Leonard Johnson,Leonard Johnson,Defensive_DefensiveBack,ActiveNotPlayed,,,,,,,,,,,,,,,,,,,,,,,,1,0,0,0,0,0,0,,,,,,,,,,,,,,,,,,,,,,,13419710,114347,EDM,Edmonton Elks,Regular Season,2026-09-05T13:09:45.302148,2026
1016182,2,Malik Carney,Malik Carney,Defensive_DefensiveLineman,Started,,,,,,,,,,,,,,,,,,,,,,,,3,0,0,0,0,0,0,,,,,,,,,,,,,,,,,,,,,,,13419710,114347,EDM,Edmonton Elks,Regular Season,2026-09-05T13:09:45.302148,2026
1074386,68,Jordan Murray,Jordan Murray,Offensive_OffensiveLineman,Started,,,,,,,,,,,,,,,,,,,,,,,,1,0,0,0,0,0,0,,,,,,,,,,,,,,,,,,,,,,,13419710,114347,EDM,Edmonton Elks,Regular Season,2026-09-05T13:09:45.302148,2026
1079457,43,Brock Mogensen,Brock Mogensen,Defensive_Linebacker,ActiveNotPlayed,,,,,,,,,,,,,,,,,,,,,,,,3,0,0,0,0,0,0,,,,,,,,,,,,,,,,,,,,,,,13419710,114347,EDM,Edmonton Elks,Regular Season,2026-09-05T13:09:45.302148,2026
1084057,91,Jared Brinkman,Jared Brinkman,Defensive_DefensiveLineman,Started,,,,,,,,,,,,,,,,,,,,,,,,3,0,0,0,0,0,0,,,,,,,,,,,,,,,,,,,,,,,13419710,114347,EDM,Edmonton Elks,Regular Season,2026-09-05T13:09:45.302148,2026
1349498,40,Robbie Smith,Robbie Smith,Defensive_DefensiveLineman,ActiveNotPlayed,,,,,,,,,,,,,,,,,,,,,,,,0,0,0,0,0,0,2,,,,,,,,,,,,,,,,,,,,,,,13419710,114347,EDM,Edmonton Elks,Regular Season,2026-09-05T13:09:45.302148,2026
1349527,30,Tyrell Ford,Tyrell Ford,Defensive_DefensiveBack,Started,,,,,,,,,,,,,,,,,,,,,,,,2,0,0,2,0,0,1,,,,,,,,,,,,,,,,,,,,,,,13419710,114347,EDM,Edmonton Elks,Regular Season,2026-09-05T13:09:45.302148,2026
1349549,11,Kaion Julien-Grant,Kaion Julien-Grant,Offensive_WideReceiver,Started,,,,,,,,,,,,,,,7.0,3.0,32.0,13.0,0.0,16.0,10.667,4.571,0.429,,,,,,,,,,,,,,,,,,,,,,,,,,,,,,13419710,114347,EDM,Edmonton Elks,Regular Season,2026-09-05T13:09:45.302148,2026
1350572,7,Cody Fajardo,Cody Fajardo,Offensive_Quarterback,Started,21.0,35.0,0.6,231.0,2.0,1.0,33.0,6.6,6.457142857142857,6.0,43.0,1,13,7.167,,,,,,,,,,,,,,,,,,,,,,,,,,,,,,,,,,,,,,,13419710,114347,EDM,Edmonton Elks,Regular Season,2026-09-05T13:09:45.302148,2026
1399418,48,Nick Anderson,Nick Anderson,Defensive_Linebacker,Started,,,,,,,,,,,,,,,,,,,,,,,,5,0,0,0,0,0,0,,,,,,,,,,,,,,,,,,,,,,,13419710,114347,EDM,Edmonton Elks,Regular Season,2026-09-05T13:09:45.302148,2026
1405199,8,Taylor Powell,Taylor Powell,Offensive_Quarterback,ActiveNotPlayed,6.0,7.0,0.857,55.0,1.0,0.0,17.0,7.857,10.714285714285714,1.0,7.0,0,7,7.0,,,,,,,,,,,,,,,,,,,,,,,,,,,,,,,,,,,,,,,13419710,114347,EDM,Edmonton Elks,Regular Season,2026-09-05T13:09:45.302148,2026
1408288,88,T.J. Luther,T.J. Luther,Offensive_WideReceiver,Started,,,,,,,,,,,,,,,8.0,3.0,38.0,15.0,0.0,18.0,12.667,4.75,0.375,,,,,,,,,,,,,,,,,,,,,,,,,,,,,,13419710,114347,EDM,Edmonton Elks,Regular Season,2026-09-05T13:09:45.302148,2026
1464749,20,Kenneth Logan Jr.,Kenneth Logan Jr.,Defensive_Linebacker,Started,,,,,,,,,,,,,,,,,,,,,,,,1,0,0,0,0,0,0,,,,,,,,,,,,,,,,,,,,,,,13419710,114347,EDM,Edmonton Elks,Regular Season,2026-09-05T13:09:45.302148,2026
1468042,26,Vincent Blanchard,Vincent Blanchard,Kicker,ActiveNotPlayed,,,,,,,,,,,,,,,,,,,,,,,,,,,,,,,1.0,2.0,0.5,25,2.0,1.0,5.0,259.0,74.0,,,,,,,,,,,,,,13419710,114347,EDM,Edmonton Elks,Regular Season,2026-09-05T13:09:45.302148,2026
1470612,23,Tyshon Blackburn,Tyshon Blackburn,Defensive_DefensiveBack,ActiveNotPlayed,,,,,,,,,,,,,,,,,,,,,,,,0,0,0,0,0,0,1,,,,,,,,,,,,,,,,,,,,,,,13419710,114347,EDM,Edmonton Elks,Regular Season,2026-09-05T13:09:45.302148,2026
1470656,13,Kordell Jackson,Kordell Jackson,Defensive_DefensiveBack,Started,,,,,,,,,,,,,,,,,,,,,,,,3,0,0,0,0,0,0,,,,,,,,,,,,,,,,,,,,,,,13419710,114347,EDM,Edmonton Elks,Regular Season,2026-09-05T13:09:45.302148,2026
1470657,47,D.K. Bonhomme,D.K. Bonhomme,Defensive_DefensiveLineman,ActiveNotPlayed,,,,,,,,,,,,,,,,,,,,,,,,0,0,0,0,0,0,2,,,,,,,,,,,,,,,,,,,,,,,13419710,114347,EDM,Edmonton Elks,Regular Season,2026-09-05T13:09:45.302148,2026
1482936,25,Chelen Garnes,Chelen Garnes,Defensive_DefensiveBack,Started,,,,,,,,,,,,,,,,,,,,,,,,4,0,0,0,0,0,0,,,,,,,,,,,,,,,,,,,,,,,13419710,114347,EDM,Edmonton Elks,Regular Season,2026-09-05T13:09:45.302148,2026
1483150,95,Tomari Fox,Tomari Fox,Defensive_DefensiveLineman,Started,,,,,,,,,,,,,,,,,,,,,,,,1,0,0,0,0,0,0,,,,,,,,,,,,,,,,,,,,,,,13419710,114347,EDM,Edmonton Elks,Regular Season,2026-09-05T13:09:45.302148,2026
1483155,18,Joshua Cephus,Joshua Cephus,Offensive_WideReceiver,Started,,,,,,,,,,,,,,,2.0,2.0,14.0,1.0,1.0,8.0,7.0,7.0,1.0,,,,,,,,,,,,,,,,,,,,,,,,,,,,,,13419710,114347,EDM,Edmonton Elks,Regular Season,2026-09-05T13:09:45.302148,2026
1501819,45,Dariel Djabome,Dariel Djabome,Defensive_Linebacker,ActiveNotPlayed,,,,,,,,,,,,,,,,,,,,,,,,1,0,0,0,0,0,0,,,,,,,,,,,,,,,,,,,,,,,13419710,114347,EDM,Edmonton Elks,Regular Season,2026-09-05T13:09:45.302148,2026
1507833,97,Gavin Meyer,Gavin Meyer,Defensive_DefensiveLineman,ActiveNotPlayed,,,,,,,,,,,,,,,,,,,,,,,,3,0,0,0,0,0,0,,,,,,,,,,,,,,,,,,,,,,,13419710,114347,EDM,Edmonton Elks,Regular Season,2026-09-05T13:09:45.302148,2026
1518031,29,JJ Ross,JJ Ross,Defensive_DefensiveBack,Started,,,,,,,,,,,,,,,,,,,,,,,,1,0,0,0,0,0,0,,,,,,,,,,,,,,,,,,,,,,,13419710,114347,EDM,Edmonton Elks,Regular Season,2026-09-05T13:09:45.302148,2026
1602302,34,Isaiah Knight,Isaiah Knight,Offensive_RunningBack,ActiveNotPlayed,,,,,,,,,,,,,,,2.0,2.0,20.0,15.0,0.0,17.0,10.0,10.0,1.0,,,,,,,,,,,,,,,,,,,,,,,,,,,,,,13419710,114347,EDM,Edmonton Elks,Regular Season,2026-09-05T13:09:45.302148,2026
1602462,99,Silas Hubert,Silas Hubert,Defensive_DefensiveLineman,ActiveNotPlayed,,,,,,,,,,,,,,,,,,,,,,,,0,0,0,0,0,0,1,,,,,,,,,,,,,,,,,,,,,,,13419710,114347,EDM,Edmonton Elks,Regular Season,2026-09-05T13:09:45.302148,2026
1604187,44,Skyler Griffith,Skyler Griffith,Offensive_Fullback,ActiveNotPlayed,,,,,,,,,,,,,,,1.0,0.0,0.0,0.0,0.0,0.0,,,0.0,,,,,,,,,,,,,,,,,,,,,,,,,,,,,,13419710,114347,EDM,Edmonton Elks,Regular Season,2026-09-05T13:09:45.302148,2026
1752321,80,Carter Kettyle,Carter Kettyle,Offensive_WideReceiver,ActiveNotPlayed,,,,,,,,,,,,,,,2.0,2.0,16.0,9.0,1.0,10.0,8.0,8.0,1.0,,,,,,,,,,,,,,,,,,,,,,,,,,,,,,13419710,114347,EDM,Edmonton Elks,Regular Season,2026-09-05T13:09:45.302148,2026
1752327,49,Justin Pace,Justin Pace,Defensive_Linebacker,ActiveNotPlayed,,,,,,,,,,,,,,,,,,,,,,,,0,0,0,0,0,0,1,,,,,,,,,,,,,,,,,,,,,,,13419710,114347,EDM,Edmonton Elks,Regular Season,2026-09-05T13:09:45.302148,2026
1007090,3,C.J. Coldon,C.J. Coldon,Defensive_DefensiveBack,Started,,,,,,,,,,,,,,,,,,,,,,,,5,0,0,0,0,0,0,,,,,,,,,,,,,,,,,,,,,,,13419711,93775,BC,BC Lions,Regular Season,2026-09-05T13:09:45.302148,2026
1008481,23,Stantley Thomas-Oliver III,Stantley Thomas-Oliver III,Defensive_DefensiveBack,Started,,,,,,,,,,,,,,,,,,,,,,,,2,0,0,0,0,0,0,,,,,,,,,,,,,,,,,,,,,,,13419711,93775,BC,BC Lions,Regular Season,2026-09-05T13:09:45.302148,2026
1012377,18,Justin McInnis,Justin McInnis,Offensive_WideReceiver,Started,,,,,,,,,,,,,,,11.0,5.0,159.0,85.0,1.0,82.0,31.8,14.455,0.455,,,,,,,,,,,,,,,,,,,,,,,,,,,,,,13419711,93775,BC,BC Lions,Regular Season,2026-09-05T13:09:45.302148,2026
1015592,24,Patrice Rene,Patrice Rene,Defensive_DefensiveBack,ActiveNotPlayed,,,,,,,,,,,,,,,,,,,,,,,,0,0,0,0,0,0,1,,,,,,,,,,,,,,,,,,,,,,,13419711,93775,BC,BC Lions,Regular Season,2026-09-05T13:09:45.302148,2026
1021684,12,Nathan Rourke,Nathan Rourke,Offensive_Quarterback,Started,22.0,39.0,0.564,370.0,2.0,1.0,82.0,9.487,9.35897435897436,,,,,,,,,,,,,,,,,,,,,,,,,,,,,,,,,,,,,,,,,,,,13419711,93775,BC,BC Lions,Regular Season,2026-09-05T13:09:45.302148,2026
1080752,9,Deontai Williams,Deontai Williams,Defensive_Linebacker,Started,,,,,,,,,,,,,,,,,,,,,,,,0,0,0,1,0,0,0,,,,,,,,,,,,,,,,,,,,,,,13419711,93775,BC,BC Lions,Regular Season,2026-09-05T13:09:45.302148,2026
1349478,27,Josh Hagerty,Josh Hagerty,Defensive_DefensiveBack,ActiveNotPlayed,,,,,,,,,,,,,,,,,,,,,,,,0,0,0,0,0,0,1,,,,,,,,,,,,,,,,,,,,,,,13419711,93775,BC,BC Lions,Regular Season,2026-09-05T13:09:45.302148,2026
1349807,20,James Butler,James Butler,Offensive_RunningBack,Started,,,,,,,,,,4.0,15.0,0,7,3.75,4.0,2.0,17.0,10.0,0.0,12.0,8.5,4.25,0.5,,,,,,,,,,,,,,,,,,,,,,,,,,,,,,13419711,93775,BC,BC Lions,Regular Season,2026-09-05T13:09:45.302148,2026
1349811,86,Jevon Cottoy,Jevon Cottoy,Offensive_WideReceiver,Started,,,,,,,,,,,,,,,7.0,7.0,109.0,67.0,0.0,32.0,15.571,15.571,1.0,,,,,,,,,,,,,,,,,,,,,,,,,,,,,,13419711,93775,BC,BC Lions,Regular Season,2026-09-05T13:09:45.302148,2026
1349819,6,T.J Lee,T.J Lee,Defensive_DefensiveBack,Started,,,,,,,,,,,,,,,,,,,,,,,,3,0,0,0,0,0,0,,,,,,,,,,,,,,,,,,,,,,,13419711,93775,BC,BC Lions,Regular Season,2026-09-05T13:09:45.302148,2026
1349844,10,Sean Whyte,Sean Whyte,Kicker,ActiveNotPlayed,,,,,,,,,,,,,,,,,,,,,,,,,,,,,,,2.0,3.0,0.667,33,3.0,0.0,,,,,,,,,,,,,,,,,13419711,93775,BC,BC Lions,Regular Season,2026-09-05T13:09:45.302148,2026
1350486,31,Adam Konar,Adam Konar,Defensive_Linebacker,ActiveNotPlayed,,,,,,,,,,,,,,,,,,,,,,,,0,0,0,0,0,0,2,,,,,,,,,,,,,,,,,,,,,,,13419711,93775,BC,BC Lions,Regular Season,2026-09-05T13:09:45.302148,2026
1357246,34,Zander Horvath,Zander Horvath,Offensive_RunningBack,ActiveNotPlayed,,,,,,,,,,16.0,62.0,1,11,3.875,2.0,1.0,7.0,7.0,1.0,7.0,7.0,3.5,0.5,0,0,0,0,0,0,1,,,,,,,,,,,,,,,,,,,,,,,13419711,93775,BC,BC Lions,Regular Season,2026-09-05T13:09:45.302148,2026
1397554,35,Woodly Appolon,Woodly Appolon,Defensive_Linebacker,ActiveNotPlayed,,,,,,,,,,,,,,,,,,,,,,,,0,0,0,0,0,0,1,,,,,,,,,,,,,,,,,,,,,,,13419711,93775,BC,BC Lions,Regular Season,2026-09-05T13:09:45.302148,2026
1400561,98,Levi Bell,Levi Bell,Defensive_DefensiveLineman,Started,,,,,,,,,,,,,,,,,,,,,,,,2,0,0,0,0,0,0,,,,,,,,,,,,,,,,,,,,,,,13419711,93775,BC,BC Lions,Regular Season,2026-09-05T13:09:45.302148,2026
1404963,82,Kieran Poissant,Kieran Poissant,Offensive_WideReceiver,Started,,,,,,,,,,,,,,,3.0,2.0,21.0,6.0,0.0,13.0,10.5,7.0,0.667,,,,,,,,,,,,,,,,,,,,,,,,,,,,,,13419711,93775,BC,BC Lions,Regular Season,2026-09-05T13:09:45.302148,2026
1470674,17,Carl Meyer,Carl Meyer,Kicker,ActiveNotPlayed,,,,,,,,,,,,,,,,,,,,,,,,,,,,,,,,,,,,,5.0,319.0,70.0,7.0,331.0,47.286,60.0,0.0,,,,,,,,,13419711,93775,BC,BC Lions,Regular Season,2026-09-05T13:09:45.302148,2026
1483768,84,Jermaine Jackson,Jermaine Jackson,Offensive_WideReceiver,Started,,,,,,,,,,,,,,,5.0,3.0,29.0,16.0,0.0,24.0,9.667,5.8,0.6,1,0,0,0,0,0,0,,,,,,,,,,,,,,,,,,,,,,,13419711,93775,BC,BC Lions,Regular Season,2026-09-05T13:09:45.302148,2026
1492402,85,Nick Cenacle,Nick Cenacle,Offensive_WideReceiver,ActiveNotPlayed,,,,,,,,,,,,,,,1.0,0.0,0.0,0.0,0.0,0.0,,,0.0,,,,,,,,,,,,,,,,,,,,,,,,,,,,,,13419711,93775,BC,BC Lions,Regular Season,2026-09-05T13:09:45.302148,2026
1506991,96,David Gusta,David Gusta,Defensive_DefensiveLineman,Started,,,,,,,,,,,,,,,,,,,,,,,,1,0,0,0,0,0,0,,,,,,,,,,,,,,,,,,,,,,,13419711,93775,BC,BC Lions,Regular Season,2026-09-05T13:09:45.302148,2026
1521552,42,Parker McKenna,Parker McKenna,Defensive_Linebacker,Started,,,,,,,,,,,,,,,,,,,,,,,,7,0,0,0,0,0,0,,,,,,,,,,,,,,,,,,,,,,,13419711,93775,BC,BC Lions,Regular Season,2026-09-05T13:09:45.302148,2026
1601197,33,Jackson Findlay,Jackson Findlay,Defensive_DefensiveBack,Started,,,,,,,,,,,,,,,,,,,,,,,,5,0,0,0,0,0,3,,,,,,,,,,,,,,,,,,,,,,,13419711,93775,BC,BC Lions,Regular Season,2026-09-05T13:09:45.302148,2026
1601212,36,Jacob Bond,Jacob Bond,Offensive_Fullback,ActiveNotPlayed,,,,,,,,,,,,,,,,,,,,,,,,0,0,0,0,0,0,2,,,,,,,,,,,,,,,,,,,,,,,13419711,93775,BC,BC Lions,Regular Season,2026-09-05T13:09:45.302148,2026
1761491,80,Jaden Williams,Jaden Williams,Offensive_WideReceiver,ActiveNotPlayed,,,,,,,,,,,,,,,,,,,,,,,,,,,,,,,,,,,,,,,,,,,,,4.0,58.0,19.0,14.5,8.0,107.0,18.0,13.375,13419711,93775,BC,BC Lions,Regular Season,2026-09-05T13:09:45.302148,2026
998538,4,Keon Hatcher,Keon Hatcher,Offensive_WideReceiver,Started,,,,,,,,,,,,,,,6.0,2.0,28.0,13.0,0.0,14.0,14.0,4.667,0.333,,,,,,,,,,,,,,,,,,,,,,,,,,,,,,13419711,93775,BC,BC Lions,Regular Season,2026-09-05T13:09:45.302148,2026
999245,53,Darnell Sankey,Darnell Sankey,Defensive_Linebacker,Started,,,,,,,,,,,,,,,,,,,,,,,,4,1,0,0,0,0,0,,,,,,,,,,,,,,,,,,,,,,,13419711,93775,BC,BC Lions,Regular Season,2026-09-05T13:09:45.302148,2026
1010914,20,Devodric Bynum,Devodric Bynum,Defensive_DefensiveBack,Started,,,,,,,,,,,,,,,,,,,,,,,,6,0,0,0,0,0,0,,,,,,,,,,,,,,,,,,,,,,,13419711,83579,HAM,Hamilton Tiger-Cats,Regular Season,2026-09-05T13:09:45.302148,2026
1012742,2,Jamal Peters,Jamal Peters,Defensive_DefensiveBack,Started,,,,,,,,,,,,,,,,,,,,,,,,1,0,0,1,0,0,0,,,,,,,,,,,,,,,,,,,,,,,13419711,83579,HAM,Hamilton Tiger-Cats,Regular Season,2026-09-05T13:09:45.302148,2026
1014479,37,Larry Rountree III,Larry Rountree III,Offensive_RunningBack,Started,,,,,,,,,,3.0,13.0,0,8,4.333,4.0,2.0,7.0,6.0,0.0,4.0,3.5,1.75,0.5,,,,,,,,,,,,,,,,,,,,,,,,,,,,,,13419711,83579,HAM,Hamilton Tiger-Cats,Regular Season,2026-09-05T13:09:45.302148,2026
1018050,16,Jake Dolegala,Jake Dolegala,Offensive_Quarterback,ActiveNotPlayed,,,,,,,,,,4.0,5.0,2,2,1.25,,,,,,,,,,,,,,,,,,,,,,,,,,,,,,,,,,,,,,,13419711,83579,HAM,Hamilton Tiger-Cats,Regular Season,2026-09-05T13:09:45.302148,2026
1022381,91,Miles Fox,Miles Fox,Defensive_DefensiveLineman,Started,,,,,,,,,,,,,,,,,,,,,,,,3,0,0,0,0,0,0,,,,,,,,,,,,,,,,,,,,,,,13419711,83579,HAM,Hamilton Tiger-Cats,Regular Season,2026-09-05T13:09:45.302148,2026
1024286,96,Charbel Dabire,Charbel Dabire,Defensive_DefensiveLineman,ActiveNotPlayed,,,,,,,,,,,,,,,,,,,,,,,,1,0,0,0,0,0,0,,,,,,,,,,,,,,,,,,,,,,,13419711,83579,HAM,Hamilton Tiger-Cats,Regular Season,2026-09-05T13:09:45.302148,2026
1032189,18,Harrison Frost,Harrison Frost,Offensive_Quarterback,Started,20.0,33.0,0.606,239.0,1.0,1.0,46.0,7.242,6.484848484848484,1.0,3.0,0,3,3.0,,,,,,,,,,,,,,,,,,,,,,,,,,,,,,,,,,,,,,,13419711,83579,HAM,Hamilton Tiger-Cats,Regular Season,2026-09-05T13:09:45.302148,2026
1082505,44,Daniel Bell,Daniel Bell,Offensive_Fullback,ActiveNotPlayed,,,,,,,,,,,,,,,,,,,,,,,,0,0,0,0,0,0,1,,,,,,,,,,,,,,,,,,,,,,,13419711,83579,HAM,Hamilton Tiger-Cats,Regular Season,2026-09-05T13:09:45.302148,2026
1290182,7,Myron Mitchell,Myron Mitchell,Offensive_WideReceiver,Started,,,,,,,,,,,,,,,2.0,2.0,61.0,11.0,0.0,46.0,30.5,30.5,1.0,,,,,,,,,,,,,,,,,,,,,,,,,,,,,,13419711,83579,HAM,Hamilton Tiger-Cats,Regular Season,2026-09-05T13:09:45.302148,2026
1297961,48,Wynton McManis,Wynton McManis,Defensive_Linebacker,Started,,,,,,,,,,,,,,,,,,,,,,,,4,0,0,0,0,0,0,,,,,,,,,,,,,,,,,,,,,,,13419711,83579,HAM,Hamilton Tiger-Cats,Regular Season,2026-09-05T13:09:45.302148,2026
1345719,8,Keric Wheatfall,Keric Wheatfall,Offensive_WideReceiver,Started,,,,,,,,,,,,,,,6.0,3.0,30.0,23.0,0.0,23.0,10.0,5.0,0.5,,,,,,,,,,,,,,,,,,,,,,,,,,,,,,13419711,83579,HAM,Hamilton Tiger-Cats,Regular Season,2026-09-05T13:09:45.302148,2026
1349477,14,Kurleigh Gittens Jr.,Kurleigh Gittens Jr.,Offensive_WideReceiver,Started,,,,,,,,,,,,,,,9.0,7.0,54.0,15.0,1.0,19.0,7.714,6.0,0.778,,,,,,,,,,,,,,,,,,,,,,,,,,,,,,13419711,83579,HAM,Hamilton Tiger-Cats,Regular Season,2026-09-05T13:09:45.302148,2026
1349505,27,Johnny Augustine,Johnny Augustine,Offensive_RunningBack,ActiveNotPlayed,,,,,,,,,,1.0,3.0,0,3,3.0,,,,,,,,,,,,,,,,,,,,,,,,,,,,,,,,,,,,,,,13419711,83579,HAM,Hamilton Tiger-Cats,Regular Season,2026-09-05T13:09:45.302148,2026
1349542,33,Marc Liegghio,Marc Liegghio,Kicker,ActiveNotPlayed,,,,,,,,,,,,,,,,,,,,,,,,,,,,,,,1.0,2.0,0.5,47,3.0,0.0,4.0,260.0,68.0,,,,,,,,,,,,,,13419711,83579,HAM,Hamilton Tiger-Cats,Regular Season,2026-09-05T13:09:45.302148,2026
1349621,30,Stavros Katsantonis,Stavros Katsantonis,Defensive_DefensiveBack,Started,,,,,,,,,,,,,,,,,,,,,,,,1,0,0,0,0,0,0,,,,,,,,,,,,,,,,,,,,,,,13419711,83579,HAM,Hamilton Tiger-Cats,Regular Season,2026-09-05T13:09:45.302148,2026
1349633,85,Kiondre Smith,Kiondre Smith,Offensive_WideReceiver,Started,,,,,,,,,,,,,,,5.0,3.0,39.0,11.0,0.0,16.0,13.0,7.8,0.6,,,,,,,,,,,,,,,,,,,,,,,,,,,,,,13419711,83579,HAM,Hamilton Tiger-Cats,Regular Season,2026-09-05T13:09:45.302148,2026
1350454,83,Tyson Middlemost,Tyson Middlemost,Offensive_WideReceiver,ActiveNotPlayed,,,,,,,,,,,,,,,,,,,,,,,,0,0,0,0,0,0,2,,,,,,,,,,,,,,,,,,,,,,,13419711,83579,HAM,Hamilton Tiger-Cats,Regular Season,2026-09-05T13:09:45.302148,2026
1350503,34,Ante Milanovic-Litre,Ante Milanovic-Litre,Offensive_Fullback,ActiveNotPlayed,,,,,,,,,,1.0,2.0,0,2,2.0,,,,,,,,,,0,0,0,0,0,0,1,,,,,,,,,,,,,,,,,,,,,,,13419711,83579,HAM,Hamilton Tiger-Cats,Regular Season,2026-09-05T13:09:45.302148,2026
1400232,1,Reggie Stubblefield,Reggie Stubblefield,Defensive_Linebacker,Started,,,,,,,,,,,,,,,,,,,,,,,,6,0,0,0,0,0,0,,,,,,,,,,,,,,,,,,,,,,,13419711,83579,HAM,Hamilton Tiger-Cats,Regular Season,2026-09-05T13:09:45.302148,2026
1405203,24,Robert Panabaker,Robert Panabaker,Defensive_DefensiveBack,ActiveNotPlayed,,,,,,,,,,,,,,,,,,,,,,,,1,0,0,0,0,0,1,,,,,,,,,,,,,,,,,,,,,,,13419711,83579,HAM,Hamilton Tiger-Cats,Regular Season,2026-09-05T13:09:45.302148,2026
1407991,56,Trevor Reid,Trevor Reid,Offensive_OffensiveLineman,Started,,,,,,,,,,,,,,,,,,,,,,,,1,0,0,0,0,0,0,,,,,,,,,,,,,,,,,,,,,,,13419711,83579,HAM,Hamilton Tiger-Cats,Regular Season,2026-09-05T13:09:45.302148,2026
1464500,11,Isaiah Wooden,Isaiah Wooden,Offensive_WideReceiver,ActiveNotPlayed,,,,,,,,,,,,,,,,,,,,,,,,,,,,,,,,,,,,,,,,,,,,,4.0,90.0,30.0,22.5,6.0,115.0,42.0,19.167,13419711,83579,HAM,Hamilton Tiger-Cats,Regular Season,2026-09-05T13:09:45.302148,2026
1468467,47,Owen Hubert,Owen Hubert,Defensive_DefensiveLineman,ActiveNotPlayed,,,,,,,,,,,,,,,,,,,,,,,,,,,,,,,,,,,,,,,,,,,,,1.0,21.0,21.0,21.0,,,,,13419711,83579,HAM,Hamilton Tiger-Cats,Regular Season,2026-09-05T13:09:45.302148,2026
1470629,25,Destin Talbert,Destin Talbert,Defensive_DefensiveBack,Started,,,,,,,,,,,,,,,,,,,,,,,,2,0,0,0,0,0,0,,,,,,,,,,,,,,,,,,,,,,,13419711,83579,HAM,Hamilton Tiger-Cats,Regular Season,2026-09-05T13:09:45.302148,2026
1483388,6,Zamari Walton,Zamari Walton,Defensive_DefensiveBack,Started,,,,,,,,,,,,,,,,,,,,,,,,3,0,0,0,0,0,0,,,,,,,,,,,,,,,,,,,,,,,13419711,83579,HAM,Hamilton Tiger-Cats,Regular Season,2026-09-05T13:09:45.302148,2026
1483410,22,Mario Kendricks,Mario Kendricks,Defensive_DefensiveLineman,Started,,,,,,,,,,,,,,,,,,,,,,,,3,0,0,0,0,0,0,,,,,,,,,,,,,,,,,,,,,,,13419711,83579,HAM,Hamilton Tiger-Cats,Regular Season,2026-09-05T13:09:45.302148,2026
1487519,70,Mitch McCarthy,Mitch McCarthy,Punter,ActiveNotPlayed,,,,,,,,,,,,,,,,,,,,,,,,,,,,,,,,,,,,,,,,9.0,458.0,50.889,63.0,0.0,,,,,,,,,13419711,83579,HAM,Hamilton Tiger-Cats,Regular Season,2026-09-05T13:09:45.302148,2026
1518663,32,Jordan Crook,Jordan Crook,Defensive_Linebacker,ActiveNotPlayed,,,,,,,,,,,,,,,,,,,,,,,,1,0,0,0,0,0,3,,,,,,,,,,,,,,,,,,,,,,,13419711,83579,HAM,Hamilton Tiger-Cats,Regular Season,2026-09-05T13:09:45.302148,2026
1596980,35,Ronan Horrall,Ronan Horrall,Defensive_DefensiveBack,ActiveNotPlayed,,,,,,,,,,,,,,,,,,,,,,,,0,0,0,0,0,0,2,,,,,,,,,,,,,,,,,,,,,,,13419711,83579,HAM,Hamilton Tiger-Cats,Regular Season,2026-09-05T13:09:45.302148,2026
1602418,38,Braxton Hill,Braxton Hill,Defensive_Linebacker,Started,,,,,,,,,,,,,,,,,,,,,,,,6,0,1,0,0,0,0,,,,,,,,,,,,,,,,,,,,,,,13419711,83579,HAM,Hamilton Tiger-Cats,Regular Season,2026-09-05T13:09:45.302148,2026
1602441,46,Philip Ossai,Philip Ossai,Defensive_DefensiveLineman,Started,,,,,,,,,,,,,,,,,,,,,,,,0,0,0,0,0,1,0,,,,,,,,,,,,,,,,,,,,,,,13419711,83579,HAM,Hamilton Tiger-Cats,Regular Season,2026-09-05T13:09:45.302148,2026
941538,95,Julian Howsare,Julian Howsare,Defensive_DefensiveLineman,Started,,,,,,,,,,,,,,,,,,,,,,,,1,0,0,0,0,0,0,,,,,,,,,,,,,,,,,,,,,,,13419711,83579,HAM,Hamilton Tiger-Cats,Regular Season,2026-09-05T13:09:45.302148,2026
998924,89,Kenny Lawler,Kenny Lawler,Offensive_WideReceiver,Started,,,,,,,,,,,,,,,7.0,3.0,48.0,6.0,0.0,34.0,16.0,6.857,0.429,,,,,,,,,,,,,,,,,,,,,,,,,,,,,,13419711,83579,HAM,Hamilton Tiger-Cats,Regular Season,2026-09-05T13:09:45.302148,2026
1004590,12,Josh Love,Josh Love,Offensive_Quarterback,ActiveNotPlayed,6.0,10.0,0.6,58.0,0.0,1.0,32.0,5.8,1.3,,,,,,,,,,,,,,,,,,,,,,,,,,,,,,,,,,,,,,,,,,,,13419712,112939,CGY,Calgary Stampeders,Regular Season,2026-09-05T13:09:45.302148,2026
1005315,9,Damon Webb,Damon Webb,Defensive_DefensiveBack,Started,,,,,,,,,,,,,,,,,,,,,,,,4,0,0,0,0,0,1,,,,,,,,,,,,,,,,,,,,,,,13419712,112939,CGY,Calgary Stampeders,Regular Season,2026-09-05T13:09:45.302148,2026
1012374,2,Kyle Wilson,Kyle Wilson,Defensive_Linebacker,Started,,,,,,,,,,,,,,,,,,,,,,,,4,0,1,0,0,0,0,,,,,,,,,,,,,,,,,,,,,,,13419712,112939,CGY,Calgary Stampeders,Regular Season,2026-09-05T13:09:45.302148,2026
1031686,90,Miles Brown,Miles Brown,Defensive_DefensiveLineman,Started,,,,,,,,,,,,,,,,,,,,,,,,2,0,1,0,0,0,0,,,,,,,,,,,,,,,,,,,,,,,13419712,112939,CGY,Calgary Stampeders,Regular Season,2026-09-05T13:09:45.302148,2026
1081744,87,Erik Brooks,Erik Brooks,Offensive_WideReceiver,Started,,,,,,,,,,,,,,,2.0,2.0,27.0,12.0,1.0,15.0,13.5,13.5,1.0,,,,,,,,,,,,,,,,,,,,,,,,,,1.0,6.0,6.0,6.0,13419712,112939,CGY,Calgary Stampeders,Regular Season,2026-09-05T13:09:45.302148,2026
1290033,26,Dedrick Mills,Dedrick Mills,Offensive_RunningBack,Started,,,,,,,,,,10.0,49.0,0,19,4.9,4.0,2.0,18.0,16.0,0.0,10.0,9.0,4.5,0.5,,,,,,,,,,,,,,,,,,,,,,,,,,,,,,13419712,112939,CGY,Calgary Stampeders,Regular Season,2026-09-05T13:09:45.302148,2026
1297989,6,Derrick Moncrief,Derrick Moncrief,Defensive_Linebacker,Started,,,,,,,,,,,,,,,,,,,,,,,,3,0,0,0,0,0,0,,,,,,,,,,,,,,,,,,,,,,,13419712,112939,CGY,Calgary Stampeders,Regular Season,2026-09-05T13:09:45.302148,2026
1345697,34,Tyreik McAllister,Tyreik McAllister,Offensive_RunningBack,ActiveNotPlayed,,,,,,,,,,,,,,,,,,,,,,,,,,,,,,,,,,,,,,,,,,,,,5.0,142.0,38.0,28.4,3.0,33.0,12.0,11.0,13419712,112939,CGY,Calgary Stampeders,Regular Season,2026-09-05T13:09:45.302148,2026
1345703,1,Clarence Hicks,Clarence Hicks,Defensive_DefensiveLineman,Started,,,,,,,,,,,,,,,,,,,,,,,,4,1,1,0,0,0,0,,,,,,,,,,,,,,,,,,,,,,,13419712,112939,CGY,Calgary Stampeders,Regular Season,2026-09-05T13:09:45.302148,2026
1349467,17,Dejon Brissett,Dejon Brissett,Offensive_WideReceiver,Started,,,,,,,,,,,,,,,7.0,3.0,40.0,12.0,0.0,32.0,13.333,5.714,0.429,,,,,,,,,,,,,,,,,,,,,,,,,,,,,,13419712,112939,CGY,Calgary Stampeders,Regular Season,2026-09-05T13:09:45.302148,2026
1349494,3,Vernon Adams Jr.,Vernon Adams Jr.,Offensive_Quarterback,Started,13.0,23.0,0.565,148.0,1.0,0.0,17.0,6.435,7.304347826086956,3.0,25.0,0,11,8.333,,,,,,,,,,,,,,,,,,,,,,,,,,,,,,,,,,,,,,,13419712,112939,CGY,Calgary Stampeders,Regular Season,2026-09-05T13:09:45.302148,2026
1360678,85,Jalen Philpot,Jalen Philpot,Offensive_WideReceiver,Started,,,,,,,,,,1.0,8.0,0,8,8.0,6.0,4.0,36.0,14.0,0.0,15.0,9.0,6.0,0.667,,,,,,,,,,,,,,,,,,,,,,,,,,,,,,13419712,112939,CGY,Calgary Stampeders,Regular Season,2026-09-05T13:09:45.302148,2026
1397525,77,Kelon Thomas,Kelon Thomas,Defensive_DefensiveLineman,ActiveNotPlayed,,,,,,,,,,,,,,,,,,,,,,,,0,0,0,0,0,1,1,,,,,,,,,,,,,,,,,,,,,,,13419712,112939,CGY,Calgary Stampeders,Regular Season,2026-09-05T13:09:45.302148,2026
1403599,14,Clark Barnes,Clark Barnes,Offensive_WideReceiver,Started,,,,,,,,,,,,,,,5.0,2.0,19.0,9.0,0.0,14.0,9.5,3.8,0.4,,,,,,,,,,,,,,,,,,,,,,,,,,,,,,13419712,112939,CGY,Calgary Stampeders,Regular Season,2026-09-05T13:09:45.302148,2026
1468040,29,Benjamin Labrosse,Benjamin Labrosse,Defensive_DefensiveBack,Started,,,,,,,,,,,,,,,,,,,,,,,,3,0,1,0,0,0,0,,,,,,,,,,,,,,,,,,,,,,,13419712,112939,CGY,Calgary Stampeders,Regular Season,2026-09-05T13:09:45.302148,2026
1468461,89,Ajou Ajou,Ajou Ajou,Offensive_WideReceiver,ActiveNotPlayed,,,,,,,,,,,,,,,3.0,1.0,15.0,2.0,0.0,15.0,15.0,5.0,0.333,,,,,,,,,,,,,,,,,,,,,,,,,,,,,,13419712,112939,CGY,Calgary Stampeders,Regular Season,2026-09-05T13:09:45.302148,2026
1470696,47,George Idoko,George Idoko,Defensive_DefensiveLineman,ActiveNotPlayed,,,,,,,,,,,,,,,,,,,,,,,,1,0,0,0,0,0,0,,,,,,,,,,,,,,,,,,,,,,,13419712,112939,CGY,Calgary Stampeders,Regular Season,2026-09-05T13:09:45.302148,2026
1483424,37,Jude McAtamney,Jude McAtamney,Kicker,ActiveNotPlayed,,,,,,,,,,,,,,,,,,,,,,,,,,,,,,,4.0,5.0,0.8,55,0.0,0.0,3.0,202.0,75.0,,,,,,,,,,,,,,13419712,112939,CGY,Calgary Stampeders,Regular Season,2026-09-05T13:09:45.302148,2026
1489484,15,Mark Vassett,Mark Vassett,Punter,ActiveNotPlayed,,,,,,,,,,,,,,,,,,,,,,,,,,,,,,,,,,,,,,,,6.0,303.0,50.5,64.0,0.0,,,,,,,,,13419712,112939,CGY,Calgary Stampeders,Regular Season,2026-09-05T13:09:45.302148,2026
1490845,48,R.J. Moten,R.J. Moten,Defensive_Linebacker,ActiveNotPlayed,,,,,,,,,,,,,,,,,,,,,,,,2,0,0,0,0,0,0,,,,,,,,,,,,,,,,,,,,,,,13419712,112939,CGY,Calgary Stampeders,Regular Season,2026-09-05T13:09:45.302148,2026
1494922,33,Zy Alexander,Zy Alexander,Defensive_DefensiveBack,Started,,,,,,,,,,,,,,,,,,,,,,,,2,0,0,0,0,1,0,,,,,,,,,,,,,,,,,,,,,,,13419712,112939,CGY,Calgary Stampeders,Regular Season,2026-09-05T13:09:45.302148,2026
1502602,80,Damien Alford,Damien Alford,Offensive_WideReceiver,ActiveNotPlayed,,,,,,,,,,,,,,,2.0,2.0,20.0,9.0,0.0,17.0,10.0,10.0,1.0,,,,,,,,,,,,,,,,,,,,,,,,,,,,,,13419712,112939,CGY,Calgary Stampeders,Regular Season,2026-09-05T13:09:45.302148,2026
1510987,96,Jaylon Hutchings,Jaylon Hutchings,Defensive_DefensiveLineman,Started,,,,,,,,,,,,,,,,,,,,,,,,3,0,0,0,0,0,0,,,,,,,,,,,,,,,,,,,,,,,13419712,112939,CGY,Calgary Stampeders,Regular Season,2026-09-05T13:09:45.302148,2026
1513983,19,Quincy Vaughn,Quincy Vaughn,Offensive_Quarterback,ActiveNotPlayed,,,,,,,,,,3.0,4.0,1,2,1.333,,,,,,,,,,,,,,,,,,,,,,,,,,,,,,,,,,,,,,,13419712,112939,CGY,Calgary Stampeders,Regular Season,2026-09-05T13:09:45.302148,2026
1515457,94,Elijah Hills,Elijah Hills,Defensive_DefensiveLineman,ActiveNotPlayed,,,,,,,,,,,,,,,,,,,,,,,,1,0,1,0,0,0,0,,,,,,,,,,,,,,,,,,,,,,,13419712,112939,CGY,Calgary Stampeders,Regular Season,2026-09-05T13:09:45.302148,2026
1520021,28,Ludovick Choquette,Ludovick Choquette,Offensive_RunningBack,ActiveNotPlayed,,,,,,,,,,3.0,11.0,0,4,3.667,,,,,,,,,,1,0,0,0,0,0,0,,,,,,,,,,,,,,,,,,,,,,,13419712,112939,CGY,Calgary Stampeders,Regular Season,2026-09-05T13:09:45.302148,2026
1601214,24,Ashton Miller-Melancon,Ashton Miller-Melancon,Defensive_DefensiveBack,ActiveNotPlayed,,,,,,,,,,,,,,,,,,,,,,,,0,0,0,0,0,0,1,,,,,,,,,,,,,,,,,,,,,,,13419712,112939,CGY,Calgary Stampeders,Regular Season,2026-09-05T13:09:45.302148,2026
1601219,44,Anthony Jr Johnson,Anthony Jr Johnson,Defensive_DefensiveBack,Started,,,,,,,,,,,,,,,,,,,,,,,,5,0,0,1,0,0,0,,,,,,,,,,,,,,,,,,,,,,,13419712,112939,CGY,Calgary Stampeders,Regular Season,2026-09-05T13:09:45.302148,2026
1756863,82,Jesulayomi Ojutalayo,Jesulayomi Ojutalayo,Offensive_WideReceiver,ActiveNotPlayed,,,,,,,,,,,,,,,,,,,,,,,,0,0,0,0,0,0,3,,,,,,,,,,,,,,,,,,,,,,,13419712,112939,CGY,Calgary Stampeders,Regular Season,2026-09-05T13:09:45.302148,2026
998543,8,Marquel Lee,Marquel Lee,Defensive_Linebacker,Started,,,,,,,,,,,,,,,,,,,,,,,,1,0,0,0,0,0,0,,,,,,,,,,,,,,,,,,,,,,,13419712,112939,CGY,Calgary Stampeders,Regular Season,2026-09-05T13:09:45.302148,2026
998863,4,Tevin Jones,Tevin Jones,Offensive_WideReceiver,Started,,,,,,,,,,,,,,,4.0,3.0,31.0,31.0,0.0,14.0,10.333,7.75,0.75,,,,,,,,,,,,,,,,,,,,,,,,,,,,,,13419712,112939,CGY,Calgary Stampeders,Regular Season,2026-09-05T13:09:45.302148,2026
1012377,18,Justin McInnis,Justin McInnis,Offensive_WideReceiver,Started,,,,,,,,,,,,,,,3.0,2.0,86.0,68.0,0.0,59.0,43.0,28.667,0.667,,,,,,,,,,,,,,,,,,,,,,,,,,,,,,13419712,93775,BC,BC Lions,Regular Season,2026-09-05T13:09:45.302148,2026
1013402,83,Stanley Berryhill III,Stanley Berryhill III,Offensive_WideReceiver,Started,,,,,,,,,,,,,,,1.0,0.0,0.0,0.0,0.0,0.0,,,0.0,,,,,,,,,,,,,,,,,,,,,,3.0,73.0,31.0,24.333,3.0,37.0,18.0,12.333,13419712,93775,BC,BC Lions,Regular Season,2026-09-05T13:09:45.302148,2026
1015592,24,Patrice Rene,Patrice Rene,Defensive_DefensiveBack,ActiveNotPlayed,,,,,,,,,,,,,,,,,,,,,,,,0,0,0,0,0,0,1,,,,,,,,,,,,,,,,,,,,,,,13419712,93775,BC,BC Lions,Regular Season,2026-09-05T13:09:45.302148,2026
1021684,12,Nathan Rourke,Nathan Rourke,Offensive_Quarterback,Started,15.0,22.0,0.682,301.0,2.0,1.0,85.0,13.682,13.454545454545455,3.0,39.0,1,29,13.0,,,,,,,,,,,,,,,,,,,,,,,,,,,,,,,,,,,,,,,13419712,93775,BC,BC Lions,Regular Season,2026-09-05T13:09:45.302148,2026
1080752,9,Deontai Williams,Deontai Williams,Defensive_Linebacker,Started,,,,,,,,,,,,,,,,,,,,,,,,4,0,0,0,0,0,2,,,,,,,,,,,,,,,,,,,,,,,13419712,93775,BC,BC Lions,Regular Season,2026-09-05T13:09:45.302148,2026
1086308,21,Ronald Kent Jr.,Ronald Kent Jr.,Defensive_DefensiveBack,Started,,,,,,,,,,,,,,,,,,,,,,,,6,0,0,0,0,0,0,,,,,,,,,,,,,,,,,,,,,,,13419712,93775,BC,BC Lions,Regular Season,2026-09-05T13:09:45.302148,2026
1130072,90,Mathieu Betts,Mathieu Betts,Defensive_DefensiveLineman,Started,,,,,,,,,,,,,,,,,,,,,,,,2,1,0,0,0,0,0,,,,,,,,,,,,,,,,,,,,,,,13419712,93775,BC,BC Lions,Regular Season,2026-09-05T13:09:45.302148,2026
1349478,27,Josh Hagerty,Josh Hagerty,Defensive_DefensiveBack,ActiveNotPlayed,,,,,,,,,,,,,,,,,,,,,,,,0,0,0,0,0,0,1,,,,,,,,,,,,,,,,,,,,,,,13419712,93775,BC,BC Lions,Regular Season,2026-09-05T13:09:45.302148,2026
1349807,20,James Butler,James Butler,Offensive_RunningBack,Started,,,,,,,,,,6.0,11.0,0,9,1.833,,,,,,,,,,,,,,,,,,,,,,,,,,,,,,,,,,,,,,,13419712,93775,BC,BC Lions,Regular Season,2026-09-05T13:09:45.302148,2026
1349811,86,Jevon Cottoy,Jevon Cottoy,Offensive_WideReceiver,Started,,,,,,,,,,,,,,,2.0,1.0,11.0,2.0,0.0,11.0,11.0,5.5,0.5,,,,,,,,,,,,,,,,,,,,,,,,,,,,,,13419712,93775,BC,BC Lions,Regular Season,2026-09-05T13:09:45.302148,2026
1349819,6,T.J Lee,T.J Lee,Defensive_DefensiveBack,Started,,,,,,,,,,,,,,,,,,,,,,,,9,0,0,1,0,0,0,,,,,,,,,,,,,,,,,,,,,,,13419712,93775,BC,BC Lions,Regular Season,2026-09-05T13:09:45.302148,2026
1349833,45,Riley Pickett,Riley Pickett,Offensive_Fullback,ActiveNotPlayed,,,,,,,,,,,,,,,,,,,,,,,,0,0,0,0,0,0,2,,,,,,,,,,,,,,,,,,,,,,,13419712,93775,BC,BC Lions,Regular Season,2026-09-05T13:09:45.302148,2026
1349844,10,Sean Whyte,Sean Whyte,Kicker,ActiveNotPlayed,,,,,,,,,,,,,,,,,,,,,,,,,,,,,,,1.0,1.0,1.0,45,3.0,0.0,,,,,,,,,,,,,,,,,13419712,93775,BC,BC Lions,Regular Season,2026-09-05T13:09:45.302148,2026
1350486,31,Adam Konar,Adam Konar,Defensive_Linebacker,ActiveNotPlayed,,,,,,,,,,,,,,,,,,,,,,,,0,0,0,0,0,0,1,,,,,,,,,,,,,,,,,,,,,,,13419712,93775,BC,BC Lions,Regular Season,2026-09-05T13:09:45.302148,2026
1357246,34,Zander Horvath,Zander Horvath,Offensive_RunningBack,ActiveNotPlayed,,,,,,,,,,15.0,102.0,1,40,6.8,3.0,3.0,32.0,20.0,0.0,15.0,10.667,10.667,1.0,,,,,,,,,,,,,,,,,,,,,,,,,,,,,,13419712,93775,BC,BC Lions,Regular Season,2026-09-05T13:09:45.302148,2026
1397554,35,Woodly Appolon,Woodly Appolon,Defensive_Linebacker,ActiveNotPlayed,,,,,,,,,,,,,,,,,,,,,,,,0,0,0,0,0,0,1,,,,,,,,,,,,,,,,,,,,,,,13419712,93775,BC,BC Lions,Regular Season,2026-09-05T13:09:45.302148,2026
1400561,98,Levi Bell,Levi Bell,Defensive_DefensiveLineman,Started,,,,,,,,,,,,,,,,,,,,,,,,2,0,0,0,0,0,0,,,,,,,,,,,,,,,,,,,,,,,13419712,93775,BC,BC Lions,Regular Season,2026-09-05T13:09:45.302148,2026
1470671,61,George Una,George Una,Offensive_OffensiveLineman,Started,,,,,,,,,,,,,,,,,,,,,,,,1,0,0,0,0,0,0,,,,,,,,,,,,,,,,,,,,,,,13419712,93775,BC,BC Lions,Regular Season,2026-09-05T13:09:45.302148,2026
1470674,17,Carl Meyer,Carl Meyer,Kicker,ActiveNotPlayed,,,,,,,,,,,,,,,,,,,,,,,,,,,,,,,,,,,,,5.0,337.0,72.0,5.0,227.0,45.4,58.0,0.0,,,,,,,,,13419712,93775,BC,BC Lions,Regular Season,2026-09-05T13:09:45.302148,2026
1483768,84,Jermaine Jackson,Jermaine Jackson,Offensive_WideReceiver,Started,,,,,,,,,,,,,,,3.0,2.0,89.0,33.0,0.0,85.0,44.5,29.667,0.667,,,,,,,,,,,,,,,,,,,,,,,,,,1.0,5.0,5.0,5.0,13419712,93775,BC,BC Lions,Regular Season,2026-09-05T13:09:45.302148,2026
1497134,48,Hayden Harris,Hayden Harris,Defensive_DefensiveLineman,ActiveNotPlayed,,,,,,,,,,,,,,,,,,,,,,,,1,1,0,0,0,0,0,,,,,,,,,,,,,,,,,,,,,,,13419712,93775,BC,BC Lions,Regular Season,2026-09-05T13:09:45.302148,2026
1506991,96,David Gusta,David Gusta,Defensive_DefensiveLineman,Started,,,,,,,,,,,,,,,,,,,,,,,,2,0,0,0,0,0,0,,,,,,,,,,,,,,,,,,,,,,,13419712,93775,BC,BC Lions,Regular Season,2026-09-05T13:09:45.302148,2026
1513942,13,Pierre Kemeni,Pierre Kemeni,Defensive_Linebacker,ActiveNotPlayed,,,,,,,,,,,,,,,,,,,,,,,,0,0,0,0,0,0,1,,,,,,,,,,,,,,,,,,,,,,,13419712,93775,BC,BC Lions,Regular Season,2026-09-05T13:09:45.302148,2026
1521552,42,Parker McKenna,Parker McKenna,Defensive_Linebacker,Started,,,,,,,,,,,,,,,,,,,,,,,,2,0,1,0,0,0,0,,,,,,,,,,,,,,,,,,,,,,,13419712,93775,BC,BC Lions,Regular Season,2026-09-05T13:09:45.302148,2026
1601197,33,Jackson Findlay,Jackson Findlay,Defensive_DefensiveBack,Started,,,,,,,,,,,,,,,,,,,,,,,,4,0,0,0,0,0,1,,,,,,,,,,,,,,,,,,,,,,,13419712,93775,BC,BC Lions,Regular Season,2026-09-05T13:09:45.302148,2026
835951,93,Lorenzo Mauldin IV,Lorenzo Mauldin IV,Defensive_DefensiveLineman,ActiveNotPlayed,,,,,,,,,,,,,,,,,,,,,,,,1,0,0,0,0,0,0,,,,,,,,,,,,,,,,,,,,,,,13419712,93775,BC,BC Lions,Regular Season,2026-09-05T13:09:45.302148,2026
998538,4,Keon Hatcher,Keon Hatcher,Offensive_WideReceiver,Started,,,,,,,,,,,,,,,10.0,7.0,83.0,20.0,2.0,21.0,11.857,8.3,0.7,,,,,,,,,,,,,,,,,,,,,,,,,,,,,,13419712,93775,BC,BC Lions,Regular Season,2026-09-05T13:09:45.302148,2026
999245,53,Darnell Sankey,Darnell Sankey,Defensive_Linebacker,Started,,,,,,,,,,,,,,,,,,,,,,,,5,0,0,0,0,0,0,,,,,,,,,,,,,,,,,,,,,,,13419712,93775,BC,BC Lions,Regular Season,2026-09-05T13:09:45.302148,2026
1003413,4,Dru Brown,Dru Brown,Offensive_Quarterback,ActiveNotPlayed,1.0,1.0,1.0,17.0,0.0,0.0,17.0,17.0,17.0,,,,,,,,,,,,,,,,,,,,,,,,,,,,,,,,,,,,,,,,,,,,13419713,110380,WPG,Winnipeg Blue Bombers,Regular Season,2026-09-05T13:09:45.302148,2026
1003939,1,Deatrick Nichols,Deatrick Nichols,Defensive_DefensiveBack,Started,,,,,,,,,,,,,,,,,,,,,,,,3,0,0,0,0,0,0,,,,,,,,,,,,,,,,,,,,,,,13419713,110380,WPG,Winnipeg Blue Bombers,Regular Season,2026-09-05T13:09:45.302148,2026
1012104,39,Jaylen Smith,Jaylen Smith,Defensive_Linebacker,Started,,,,,,,,,,,,,,,,,,,,,,,,7,0,0,0,0,0,0,,,,,,,,,,,,,,,,,,,,,,,13419713,110380,WPG,Winnipeg Blue Bombers,Regular Season,2026-09-05T13:09:45.302148,2026
1014288,33,Tony Jones,Tony Jones,Defensive_Linebacker,Started,,,,,,,,,,,,,,,,,,,,,,,,3,0,0,0,0,0,0,,,,,,,,,,,,,,,,,,,,,,,13419713,110380,WPG,Winnipeg Blue Bombers,Regular Season,2026-09-05T13:09:45.302148,2026
1015193,80,Ontaria Wilson,Ontaria Wilson,Offensive_WideReceiver,Started,,,,,,,,,,,,,,,5.0,0.0,0.0,0.0,0.0,0.0,,,0.0,,,,,,,,,,,,,,,,,,,,,,,,,,,,,,13419713,110380,WPG,Winnipeg Blue Bombers,Regular Season,2026-09-05T13:09:45.302148,2026
1018781,12,Tim White,Tim White,Offensive_WideReceiver,Started,,,,,,,,,,,,,,,10.0,8.0,85.0,39.0,0.0,20.0,10.625,8.5,0.8,,,,,,,,,,,,,,,,,,,,,,,,,,,,,,13419713,110380,WPG,Winnipeg Blue Bombers,Regular Season,2026-09-05T13:09:45.302148,2026
1073269,3,Jaiden Woodbey,Jaiden Woodbey,Defensive_Linebacker,ActiveNotPlayed,,,,,,,,,,,,,,,,,,,,,,,,3,0,0,0,0,0,0,,,,,,,,,,,,,,,,,,,,,,,13419713,110380,WPG,Winnipeg Blue Bombers,Regular Season,2026-09-05T13:09:45.302148,2026
1078857,9,Bryce Perkins,Bryce Perkins,Offensive_Quarterback,ActiveNotPlayed,1.0,1.0,1.0,10.0,0.0,0.0,10.0,10.0,10.0,4.0,11.0,2,6,2.75,,,,,,,,,,,,,,,,,,,,,,,,,,,,,,,,,,,,,,,13419713,110380,WPG,Winnipeg Blue Bombers,Regular Season,2026-09-05T13:09:45.302148,2026
1082157,31,Evan Holm,Evan Holm,Defensive_DefensiveBack,Started,,,,,,,,,,,,,,,,,,,,,,,,2,0,0,0,0,0,0,,,,,,,,,,,,,,,,,,,,,,,13419713,110380,WPG,Winnipeg Blue Bombers,Regular Season,2026-09-05T13:09:45.302148,2026
1082183,20,Brady Oliveira,Brady Oliveira,Offensive_RunningBack,Started,,,,,,,,,,11.0,74.0,1,22,6.727,8.0,8.0,80.0,68.0,0.0,17.0,10.0,10.0,1.0,,,,,,,,,,,,,,,,,,,,,,,,,,,,,,13419713,110380,WPG,Winnipeg Blue Bombers,Regular Season,2026-09-05T13:09:45.302148,2026
1131290,94,Jake Ceresna,Jake Ceresna,Defensive_Tackle,Started,,,,,,,,,,,,,,,,,,,,,,,,1,0,0,0,0,0,0,,,,,,,,,,,,,,,,,,,,,,,13419713,110380,WPG,Winnipeg Blue Bombers,Regular Season,2026-09-05T13:09:45.302148,2026
1243886,14,Sergio Castillo,Sergio Castillo,Kicker,ActiveNotPlayed,,,,,,,,,,,,,,,,,,,,,,,,,,,,,,,4.0,4.0,1.0,56,3.0,0.0,4.0,275.0,72.0,,,,,,,,,,,,,,13419713,110380,WPG,Winnipeg Blue Bombers,Regular Season,2026-09-05T13:09:45.302148,2026
1349490,83,Tommy Nield,Tommy Nield,Offensive_WideReceiver,Started,,,,,,,,,,,,,,,1.0,1.0,5.0,1.0,0.0,5.0,5.0,5.0,1.0,,,,,,,,,,,,,,,,,,,,,,,,,,,,,,13419713,110380,WPG,Winnipeg Blue Bombers,Regular Season,2026-09-05T13:09:45.302148,2026
1349512,47,Tanner Cadwallader,Tanner Cadwallader,Defensive_Linebacker,ActiveNotPlayed,,,,,,,,,,,,,,,,,,,,,,,,0,0,0,0,0,0,1,,,,,,,,,,,,,,,,,,,,,,,13419713,110380,WPG,Winnipeg Blue Bombers,Regular Season,2026-09-05T13:09:45.302148,2026
1349515,8,Zach Collaros,Zach Collaros,Offensive_Quarterback,Started,21.0,31.0,0.677,222.0,0.0,0.0,33.0,7.161,7.161290322580645,1.0,9.0,0,9,9.0,,,,,,,,,,,,,,,,,,,,,,,,,,,,,,,,,,,,,,,13419713,110380,WPG,Winnipeg Blue Bombers,Regular Season,2026-09-05T13:09:45.302148,2026
1349519,10,Nic Demski,Nic Demski,Offensive_WideReceiver,Started,,,,,,,,,,,,,,,7.0,6.0,79.0,33.0,0.0,33.0,13.167,11.286,0.857,,,,,,,,,,,,,,,,,,,,,,,,,,,,,,13419713,110380,WPG,Winnipeg Blue Bombers,Regular Season,2026-09-05T13:09:45.302148,2026
1349534,21,Nick Hallett,Nick Hallett,Defensive_DefensiveBack,ActiveNotPlayed,,,,,,,,,,,,,,,,,,,,,,,,0,0,0,0,0,0,3,,,,,,,,,,,,,,,,,,,,,,,13419713,110380,WPG,Winnipeg Blue Bombers,Regular Season,2026-09-05T13:09:45.302148,2026
1349541,99,Cameron Lawson,Cameron Lawson,Defensive_Tackle,Started,,,,,,,,,,,,,,,,,,,,,,,,1,0,0,0,0,0,0,,,,,,,,,,,,,,,,,,,,,,,13419713,110380,WPG,Winnipeg Blue Bombers,Regular Season,2026-09-05T13:09:45.302148,2026
1349561,19,Kyrie Wilson,Kyrie Wilson,Defensive_Linebacker,Started,,,,,,,,,,,,,,,,,,,,,,,,4,0,0,0,0,0,0,,,,,,,,,,,,,,,,,,,,,,,13419713,110380,WPG,Winnipeg Blue Bombers,Regular Season,2026-09-05T13:09:45.302148,2026
1384562,82,Gavin Cobb,Gavin Cobb,Offensive_WideReceiver,Started,,,,,,,,,,,,,,,1.0,0.0,0.0,0.0,0.0,0.0,,,0.0,,,,,,,,,,,,,,,,,,,,,,,,,,,,,,13419713,110380,WPG,Winnipeg Blue Bombers,Regular Season,2026-09-05T13:09:45.302148,2026
1401587,49,Michael Ayers,Michael Ayers,Defensive_Linebacker,ActiveNotPlayed,,,,,,,,,,,,,,,,,,,,,,,,0,0,0,0,0,0,2,,,,,,,,,,,,,,,,,,,,,,,13419713,110380,WPG,Winnipeg Blue Bombers,Regular Season,2026-09-05T13:09:45.302148,2026
1403880,16,Jake Kelly,Jake Kelly,Defensive_DefensiveBack,Started,,,,,,,,,,,,,,,,,,,,,,,,2,0,0,0,0,0,0,,,,,,,,,,,,,,,,,,,,,,,13419713,110380,WPG,Winnipeg Blue Bombers,Regular Season,2026-09-05T13:09:45.302148,2026
1403894,18,Jamieson Sheahan,Jamieson Sheahan,Punter,ActiveNotPlayed,,,,,,,,,,,,,,,,,,,,,,,,,,,,,,,,,,,,,,,,6.0,298.0,49.667,55.0,1.0,,,,,,,,,13419713,110380,WPG,Winnipeg Blue Bombers,Regular Season,2026-09-05T13:09:45.302148,2026
1464504,23,Trey Vaval,Trey Vaval,Defensive_DefensiveBack,ActiveNotPlayed,,,,,,,,,,,,,,,,,,,,,,,,,,,,,,,,,,,,,,,,,,,,,4.0,136.0,50.0,34.0,6.0,85.0,28.0,14.167,13419713,110380,WPG,Winnipeg Blue Bombers,Regular Season,2026-09-05T13:09:45.302148,2026
1468039,25,Michael Chris-Ike,Michael Chris-Ike,Offensive_RunningBack,ActiveNotPlayed,,,,,,,,,,,,,,,,,,,,,,,,0,0,0,0,0,0,2,,,,,,,,,,,,,,,,,,,,,,,13419713,110380,WPG,Winnipeg Blue Bombers,Regular Season,2026-09-05T13:09:45.302148,2026
1485301,93,Michael Fletcher,Michael Fletcher,Defensive_Tackle,ActiveNotPlayed,,,,,,,,,,,,,,,,,,,,,,,,1,1,0,0,0,0,0,,,,,,,,,,,,,,,,,,,,,,,13419713,110380,WPG,Winnipeg Blue Bombers,Regular Season,2026-09-05T13:09:45.302148,2026
1487645,45,David Reese,David Reese,Defensive_End,Started,,,,,,,,,,,,,,,,,,,,,,,,0,0,0,1,0,0,0,,,,,,,,,,,,,,,,,,,,,,,13419713,110380,WPG,Winnipeg Blue Bombers,Regular Season,2026-09-05T13:09:45.302148,2026
1498915,29,Ethan Ball,Ethan Ball,Defensive_DefensiveBack,ActiveNotPlayed,,,,,,,,,,,,,,,,,,,,,,,,1,0,0,0,0,0,0,,,,,,,,,,,,,,,,,,,,,,,13419713,110380,WPG,Winnipeg Blue Bombers,Regular Season,2026-09-05T13:09:45.302148,2026
1636948,24,Major Williams,Major Williams,Defensive_DefensiveBack,Started,,,,,,,,,,,,,,,,,,,,,,,,3,0,0,0,0,0,0,,,,,,,,,,,,,,,,,,,,,,,13419713,110380,WPG,Winnipeg Blue Bombers,Regular Season,2026-09-05T13:09:45.302148,2026
757943,5,Willie Jefferson,Willie Jefferson,Defensive_End,Started,,,,,,,,,,,,,,,,,,,,,,,,1,0,1,0,0,0,0,,,,,,,,,,,,,,,,,,,,,,,13419713,110380,WPG,Winnipeg Blue Bombers,Regular Season,2026-09-05T13:09:45.302148,2026
999581,2,Jonathan Moxey,Jonathan Moxey,Defensive_DefensiveBack,Started,,,,,,,,,,,,,,,,,,,,,,,,3,0,0,0,0,0,0,,,,,,,,,,,,,,,,,,,,,,,13419713,110380,WPG,Winnipeg Blue Bombers,Regular Season,2026-09-05T13:09:45.302148,2026
1007078,7,Ayden Eberhardt,Ayden Eberhardt,Offensive_WideReceiver,Started,,,,,,,,,,,,,,,10.0,6.0,40.0,9.0,1.0,13.0,6.667,4.0,0.6,,,,,,,,,,,,,,,,,,,,,,,,,,,,,,13419713,88019,OTT,Ottawa RedBlacks,Regular Season,2026-09-05T13:09:45.302148,2026
1011917,8,C.J. Reavis,C.J. Reavis,Defensive_Linebacker,Started,,,,,,,,,,,,,,,,,,,,,,,,2,0,0,0,0,0,1,,,,,,,,,,,,,,,,,,,,,,,13419713,88019,OTT,Ottawa RedBlacks,Regular Season,2026-09-05T13:09:45.302148,2026
1015046,83,Kalil Pimpleton,Kalil Pimpleton,Offensive_WideReceiver,Started,0.0,1.0,0.0,0.0,0.0,0.0,0.0,0.0,0.0,,,,,,7.0,6.0,61.0,23.0,0.0,25.0,10.167,8.714,0.857,,,,,,,,,,,,,,,,,,,,,,4.0,136.0,75.0,34.0,4.0,62.0,22.0,15.5,13419713,88019,OTT,Ottawa RedBlacks,Regular Season,2026-09-05T13:09:45.302148,2026
1021346,16,Dionte Ruffin,Dionte Ruffin,Defensive_DefensiveBack,Started,,,,,,,,,,,,,,,,,,,,,,,,2,0,0,0,0,0,0,,,,,,,,,,,,,,,,,,,,,,,13419713,88019,OTT,Ottawa RedBlacks,Regular Season,2026-09-05T13:09:45.302148,2026
1067264,89,Jevoni Robinson,Jevoni Robinson,Offensive_Fullback,ActiveNotPlayed,,,,,,,,,,,,,,,1.0,1.0,32.0,20.0,0.0,32.0,32.0,32.0,1.0,,,,,,,,,,,,,,,,,,,,,,,,,,,,,,13419713,88019,OTT,Ottawa RedBlacks,Regular Season,2026-09-05T13:09:45.302148,2026
1077845,95,Habakkuk Baldonado,Habakkuk Baldonado,Defensive_End,Started,,,,,,,,,,,,,,,,,,,,,,,,2,1,0,0,0,0,0,,,,,,,,,,,,,,,,,,,,,,,13419713,88019,OTT,Ottawa RedBlacks,Regular Season,2026-09-05T13:09:45.302148,2026
1080661,44,Luiji Vilain,Luiji Vilain,Defensive_End,Started,,,,,,,,,,,,,,,,,,,,,,,,1,0,0,0,0,0,0,,,,,,,,,,,,,,,,,,,,,,,13419713,88019,OTT,Ottawa RedBlacks,Regular Season,2026-09-05T13:09:45.302148,2026
1080706,5,Greg Bell,Greg Bell,Offensive_RunningBack,Started,,,,,,,,,,6.0,17.0,0,6,2.833,6.0,3.0,24.0,10.0,1.0,12.0,8.0,4.0,0.5,,,,,,,,,,,,,,,,,,,,,,,,,,,,,,13419713,88019,OTT,Ottawa RedBlacks,Regular Season,2026-09-05T13:09:45.302148,2026
1083949,13,Jake Maier,Jake Maier,Offensive_Quarterback,Started,28.0,43.0,0.651,314.0,2.0,1.0,41.0,7.302,7.186046511627907,,,,,,,,,,,,,,,,,,,,,,,,,,,,,,,,,,,,,,,,,,,,13419713,88019,OTT,Ottawa RedBlacks,Regular Season,2026-09-05T13:09:45.302148,2026
1092881,20,Alonzo Addae,Alonzo Addae,Defensive_DefensiveBack,Started,,,,,,,,,,,,,,,,,,,,,,,,5,0,1,0,0,0,0,,,,,,,,,,,,,,,,,,,,,,,13419713,88019,OTT,Ottawa RedBlacks,Regular Season,2026-09-05T13:09:45.302148,2026
1349458,25,Daniel Adeboboye,Daniel Adeboboye,Offensive_RunningBack,ActiveNotPlayed,,,,,,,,,,2.0,10.0,0,6,5.0,,,,,,,,,,,,,,,,,,,,,,,,,,,,,,,,,,,,,,,13419713,88019,OTT,Ottawa RedBlacks,Regular Season,2026-09-05T13:09:45.302148,2026
1350583,21,Brett Lauther,Brett Lauther,Kicker,ActiveNotPlayed,,,,,,,,,,,,,,,,,,,,,,,,,,,,,,,3.0,3.0,1.0,51,0.0,0.0,,,,,,,,,,,,,,,,,13419713,88019,OTT,Ottawa RedBlacks,Regular Season,2026-09-05T13:09:45.302148,2026
1384790,0,A.J. Allen,A.J. Allen,Defensive_Linebacker,ActiveNotPlayed,,,,,,,,,,,,,,,,,,,,,,,,3,2,0,0,0,0,0,,,,,,,,,,,,,,,,,,,,,,,13419713,88019,OTT,Ottawa RedBlacks,Regular Season,2026-09-05T13:09:45.302148,2026
1397558,33,Noah Gettman,Noah Gettman,Kicker,ActiveNotPlayed,,,,,,,,,,,,,,,,,,,,,,,,0,0,0,0,0,0,1,,,,,,,4.0,277.0,73.0,6.0,293.0,48.833,59.0,1.0,,,,,,,,,13419713,88019,OTT,Ottawa RedBlacks,Regular Season,2026-09-05T13:09:45.302148,2026
1397561,1,Nyles Morgan,Nyles Morgan,Defensive_Linebacker,Started,,,,,,,,,,,,,,,,,,,,,,,,4,0,0,0,0,0,0,,,,,,,,,,,,,,,,,,,,,,,13419713,88019,OTT,Ottawa RedBlacks,Regular Season,2026-09-05T13:09:45.302148,2026
1403950,19,Lucas Cormier,Lucas Cormier,Defensive_Linebacker,Started,,,,,,,,,,,,,,,,,,,,,,,,5,1,0,0,0,0,3,,,,,,,,,,,,,,,,,,,,,,,13419713,88019,OTT,Ottawa RedBlacks,Regular Season,2026-09-05T13:09:45.302148,2026
1488448,97,Jelani Stafford,Jelani Stafford,Defensive_DefensiveLineman,Started,,,,,,,,,,,,,,,,,,,,,,,,4,0,0,0,0,0,0,,,,,,,,,,,,,,,,,,,,,,,13419713,88019,OTT,Ottawa RedBlacks,Regular Season,2026-09-05T13:09:45.302148,2026
1492261,63,Zachary Barlev,Zachary Barlev,Offensive_OffensiveLineman,Started,,,,,,,,,,,,,,,,,,,,,,,,1,0,0,0,0,0,0,,,,,,,,,,,,,,,,,,,,,,,13419713,88019,OTT,Ottawa RedBlacks,Regular Season,2026-09-05T13:09:45.302148,2026
1495270,28,Shadwel Nkuba II,Shadwel Nkuba II,Defensive_DefensiveBack,Started,,,,,,,,,,,,,,,,,,,,,,,,2,0,0,0,0,0,0,,,,,,,,,,,,,,,,,,,,,,,13419713,88019,OTT,Ottawa RedBlacks,Regular Season,2026-09-05T13:09:45.302148,2026
1495437,29,Jessie Evans,Jessie Evans,Defensive_DefensiveLineman,ActiveNotPlayed,,,,,,,,,,,,,,,,,,,,,,,,1,0,0,0,0,0,0,,,,,,,,,,,,,,,,,,,,,,,13419713,88019,OTT,Ottawa RedBlacks,Regular Season,2026-09-05T13:09:45.302148,2026
1497161,81,Keelan White,Keelan White,Offensive_WideReceiver,Started,,,,,,,,,,,,,,,8.0,6.0,79.0,34.0,0.0,24.0,13.167,9.875,0.75,,,,,,,,,,,,,,,,,,,,,,,,,,,,,,13419713,88019,OTT,Ottawa RedBlacks,Regular Season,2026-09-05T13:09:45.302148,2026
1507770,37,Marcus Barnes,Marcus Barnes,Defensive_DefensiveBack,Started,,,,,,,,,,,,,,,,,,,,,,,,5,0,0,0,0,0,1,,,,,,,,,,,,,,,,,,,,,,,13419713,88019,OTT,Ottawa RedBlacks,Regular Season,2026-09-05T13:09:45.302148,2026
1510991,32,K.J. Cloyd,K.J. Cloyd,Defensive_Linebacker,ActiveNotPlayed,,,,,,,,,,,,,,,,,,,,,,,,0,0,0,0,0,0,2,,,,,,,,,,,,,,,,,,,,,,,13419713,88019,OTT,Ottawa RedBlacks,Regular Season,2026-09-05T13:09:45.302148,2026
1516637,85,Cade McDonald,Cade McDonald,Offensive_WideReceiver,Started,,,,,,,,,,,,,,,6.0,3.0,57.0,3.0,0.0,41.0,19.0,9.5,0.5,,,,,,,,,,,,,,,,,,,,,,,,,,,,,,13419713,88019,OTT,Ottawa RedBlacks,Regular Season,2026-09-05T13:09:45.302148,2026
1519874,99,Dennis Briggs Jr.,Dennis Briggs Jr.,Defensive_End,Started,,,,,,,,,,,,,,,,,,,,,,,,1,0,0,0,0,0,0,,,,,,,,,,,,,,,,,,,,,,,13419713,88019,OTT,Ottawa RedBlacks,Regular Season,2026-09-05T13:09:45.302148,2026
1521340,27,King Ambers,King Ambers,Defensive_DefensiveBack,Started,,,,,,,,,,,,,,,,,,,,,,,,3,0,0,0,0,0,0,,,,,,,,,,,,,,,,,,,,,,,13419713,88019,OTT,Ottawa RedBlacks,Regular Season,2026-09-05T13:09:45.302148,2026
1750491,59,Lucus Spencer,Lucus Spencer,LongSnapper,ActiveNotPlayed,,,,,,,,,,,,,,,,,,,,,,,,0,0,0,0,0,0,2,,,,,,,,,,,,,,,,,,,,,,,13419713,88019,OTT,Ottawa RedBlacks,Regular Season,2026-09-05T13:09:45.302148,2026
835400,2,Justin Hardy,Justin Hardy,Offensive_WideReceiver,Started,,,,,,,,,,,,,,,6.0,3.0,21.0,1.0,0.0,11.0,7.0,3.5,0.5,,,,,,,,,,,,,,,,,,,,,,,,,,,,,,13419713,88019,OTT,Ottawa RedBlacks,Regular Season,2026-09-05T13:09:45.302148,2026
1005323,3,Austin Mack,Austin Mack,Offensive_WideReceiver,Started,,,,,,,,,,,,,,,6.0,4.0,58.0,13.0,0.0,20.0,14.5,9.667,0.667,,,,,,,,,,,,,,,,,,,,,,,,,,,,,,13419714,114347,EDM,Edmonton Elks,Regular Season,2026-09-05T13:09:45.302148,2026
1005963,0,Kobe Williams,Kobe Williams,Defensive_DefensiveBack,Started,,,,,,,,,,,,,,,,,,,,,,,,1,0,0,0,0,0,0,,,,,,,,,,,,,,,,,,,,,,,13419714,114347,EDM,Edmonton Elks,Regular Season,2026-09-05T13:09:45.302148,2026
1006559,10,Jake Julien,Jake Julien,Punter,ActiveNotPlayed,,,,,,,,,,,,,,,,,,,,,,,,,,,,,,,,,,,,,,,,7.0,338.0,48.286,62.0,0.0,,,,,,,,,13419714,114347,EDM,Edmonton Elks,Regular Season,2026-09-05T13:09:45.302148,2026
1007365,5,Justin Rankin,Justin Rankin,Offensive_RunningBack,Started,,,,,,,,,,16.0,47.0,1,24,2.938,5.0,4.0,61.0,15.0,0.0,37.0,15.25,12.2,0.8,,,,,,,,,,,,,,,,,,,,,,,,,,,,,,13419714,114347,EDM,Edmonton Elks,Regular Season,2026-09-05T13:09:45.302148,2026
1009107,22,Javon Leake,Javon Leake,Offensive_RunningBack,ActiveNotPlayed,,,,,,,,,,6.0,58.0,0,26,9.667,1.0,1.0,3.0,3.0,0.0,3.0,3.0,3.0,1.0,,,,,,,,,,,,,,,,,,,,,,2.0,44.0,23.0,22.0,3.0,11.0,7.0,3.667,13419714,114347,EDM,Edmonton Elks,Regular Season,2026-09-05T13:09:45.302148,2026
1011445,50,Joel Dublanko,Joel Dublanko,Defensive_Linebacker,Started,,,,,,,,,,,,,,,,,,,,,,,,4,0,0,0,0,1,0,,,,,,,,,,,,,,,,,,,,,,,13419714,114347,EDM,Edmonton Elks,Regular Season,2026-09-05T13:09:45.302148,2026
1013556,6,Brendan O'Leary-Orange,Brendan O'Leary-Orange,Offensive_WideReceiver,Started,,,,,,,,,,,,,,,5.0,5.0,55.0,18.0,0.0,15.0,11.0,11.0,1.0,,,,,,,,,,,,,,,,,,,,,,,,,,,,,,13419714,114347,EDM,Edmonton Elks,Regular Season,2026-09-05T13:09:45.302148,2026
1014004,32,Leonard Johnson,Leonard Johnson,Defensive_DefensiveBack,ActiveNotPlayed,,,,,,,,,,,,,,,,,,,,,,,,0,0,0,0,0,0,1,,,,,,,,,,,,,,,,,,,,,,,13419714,114347,EDM,Edmonton Elks,Regular Season,2026-09-05T13:09:45.302148,2026
1016182,2,Malik Carney,Malik Carney,Defensive_End,Started,,,,,,,,,,,,,,,,,,,,,,,,3,2,0,0,0,0,0,,,,,,,,,,,,,,,,,,,,,,,13419714,114347,EDM,Edmonton Elks,Regular Season,2026-09-05T13:09:45.302148,2026
1079457,43,Brock Mogensen,Brock Mogensen,Defensive_Linebacker,ActiveNotPlayed,,,,,,,,,,,,,,,,,,,,,,,,1,0,0,0,0,1,0,,,,,,,,,,,,,,,,,,,,,,,13419714,114347,EDM,Edmonton Elks,Regular Season,2026-09-05T13:09:45.302148,2026
1084057,91,Jared Brinkman,Jared Brinkman,Defensive_DefensiveLineman,Started,,,,,,,,,,,,,,,,,,,,,,,,1,0,0,0,0,0,0,,,,,,,,,,,,,,,,,,,,,,,13419714,114347,EDM,Edmonton Elks,Regular Season,2026-09-05T13:09:45.302148,2026
1349498,40,Robbie Smith,Robbie Smith,Defensive_DefensiveLineman,ActiveNotPlayed,,,,,,,,,,,,,,,,,,,,,,,,1,0,0,0,0,0,1,,,,,,,,,,,,,,,,,,,,,,,13419714,114347,EDM,Edmonton Elks,Regular Season,2026-09-05T13:09:45.302148,2026
1349527,30,Tyrell Ford,Tyrell Ford,Defensive_DefensiveBack,Started,,,,,,,,,,,,,,,,,,,,,,,,4,0,0,0,0,0,1,,,,,,,,,,,,,,,,,,,,,,,13419714,114347,EDM,Edmonton Elks,Regular Season,2026-09-05T13:09:45.302148,2026
1349549,11,Kaion Julien-Grant,Kaion Julien-Grant,Offensive_WideReceiver,Started,,,,,,,,,,,,,,,1.0,0.0,0.0,0.0,0.0,0.0,,,0.0,,,,,,,,,,,,,,,,,,,,,,,,,,,,,,13419714,114347,EDM,Edmonton Elks,Regular Season,2026-09-05T13:09:45.302148,2026
1350572,7,Cody Fajardo,Cody Fajardo,Offensive_Quarterback,Started,25.0,31.0,0.806,301.0,1.0,0.0,37.0,9.71,10.35483870967742,3.0,50.0,0,44,16.667,,,,,,,,,,,,,,,,,,,,,,,,,,,,,,,,,,,,,,,13419714,114347,EDM,Edmonton Elks,Regular Season,2026-09-05T13:09:45.302148,2026
1384571,65,Mark Korte,Mark Korte,Offensive_OffensiveLineman,ActiveNotPlayed,,,,,,,,,,,,,,,,,,,,,,,,1,0,0,0,0,0,0,,,,,,,,,,,,,,,,,,,,,,,13419714,114347,EDM,Edmonton Elks,Regular Season,2026-09-05T13:09:45.302148,2026
1399418,48,Nick Anderson,Nick Anderson,Defensive_Linebacker,Started,,,,,,,,,,,,,,,,,,,,,,,,3,0,0,0,0,0,0,,,,,,,,,,,,,,,,,,,,,,,13419714,114347,EDM,Edmonton Elks,Regular Season,2026-09-05T13:09:45.302148,2026
1408288,88,T.J. Luther,T.J. Luther,Offensive_WideReceiver,Started,,,,,,,,,,,,,,,4.0,4.0,47.0,15.0,0.0,18.0,11.75,11.75,1.0,,,,,,,,,,,,,,,,,,,,,,,,,,,,,,13419714,114347,EDM,Edmonton Elks,Regular Season,2026-09-05T13:09:45.302148,2026
1468042,26,Vincent Blanchard,Vincent Blanchard,Kicker,ActiveNotPlayed,,,,,,,,,,,,,,,,,,,,,,,,,,,,,,,4.0,4.0,1.0,52,4.0,0.0,6.0,412.0,96.0,,,,,,,,,,,,,,13419714,114347,EDM,Edmonton Elks,Regular Season,2026-09-05T13:09:45.302148,2026
1470612,23,Tyshon Blackburn,Tyshon Blackburn,Defensive_DefensiveBack,ActiveNotPlayed,,,,,,,,,,,,,,,,,,,,,,,,0,0,0,0,0,0,1,,,,,,,,,,,,,,,,,,,,,,,13419714,114347,EDM,Edmonton Elks,Regular Season,2026-09-05T13:09:45.302148,2026
1470656,13,Kordell Jackson,Kordell Jackson,Defensive_Linebacker,Started,,,,,,,,,,,,,,,,,,,,,,,,3,0,1,0,0,0,0,,,,,,,,,,,,,,,,,,,,,,,13419714,114347,EDM,Edmonton Elks,Regular Season,2026-09-05T13:09:45.302148,2026
1470657,47,D.K. Bonhomme,D.K. Bonhomme,Defensive_DefensiveLineman,ActiveNotPlayed,,,,,,,,,,,,,,,,,,,,,,,,0,0,0,0,0,0,1,,,,,,,,,,,,,,,,,,,,,,,13419714,114347,EDM,Edmonton Elks,Regular Season,2026-09-05T13:09:45.302148,2026
1482936,25,Chelen Garnes,Chelen Garnes,Defensive_DefensiveBack,Started,,,,,,,,,,,,,,,,,,,,,,,,1,0,0,0,0,0,0,,,,,,,,,,,,,,,,,,,,,,,13419714,114347,EDM,Edmonton Elks,Regular Season,2026-09-05T13:09:45.302148,2026
1483155,18,Joshua Cephus,Joshua Cephus,Offensive_WideReceiver,Started,,,,,,,,,,,,,,,8.0,6.0,55.0,23.0,1.0,23.0,9.167,6.875,0.75,,,,,,,,,,,,,,,,,,,,,,,,,,,,,,13419714,114347,EDM,Edmonton Elks,Regular Season,2026-09-05T13:09:45.302148,2026
1483633,42,Noah Taylor,Noah Taylor,Defensive_End,Started,,,,,,,,,,,,,,,,,,,,,,,,4,1,1,0,0,0,0,,,,,,,,,,,,,,,,,,,,,,,13419714,114347,EDM,Edmonton Elks,Regular Season,2026-09-05T13:09:45.302148,2026
1507833,97,Gavin Meyer,Gavin Meyer,Defensive_DefensiveLineman,Started,,,,,,,,,,,,,,,,,,,,,,,,1,0,0,0,0,0,0,,,,,,,,,,,,,,,,,,,,,,,13419714,114347,EDM,Edmonton Elks,Regular Season,2026-09-05T13:09:45.302148,2026
1518031,29,JJ Ross,JJ Ross,Defensive_DefensiveBack,Started,,,,,,,,,,,,,,,,,,,,,,,,4,0,0,2,1,0,0,,,,,,,,,,,,,,,,,,,,,,,13419714,114347,EDM,Edmonton Elks,Regular Season,2026-09-05T13:09:45.302148,2026
1521937,14,Cole Snyder,Cole Snyder,Offensive_Quarterback,ActiveNotPlayed,,,,,,,,,,2.0,3.0,1,2,1.5,,,,,,,,,,,,,,,,,,,,,,,,,,,,,,,,,,,,,,,13419714,114347,EDM,Edmonton Elks,Regular Season,2026-09-05T13:09:45.302148,2026
1604186,96,Richard Jibunor,Richard Jibunor,Defensive_DefensiveLineman,ActiveNotPlayed,,,,,,,,,,,,,,,,,,,,,,,,0,0,0,0,1,0,1,,,,,,,,,,,,,,,,,,,,,,,13419714,114347,EDM,Edmonton Elks,Regular Season,2026-09-05T13:09:45.302148,2026
1604187,44,Skyler Griffith,Skyler Griffith,Offensive_Fullback,ActiveNotPlayed,,,,,,,,,,,,,,,1.0,1.0,22.0,19.0,0.0,22.0,22.0,22.0,1.0,,,,,,,,,,,,,,,,,,,,,,,,,,,,,,13419714,114347,EDM,Edmonton Elks,Regular Season,2026-09-05T13:09:45.302148,2026
1650447,41,Terez Reid,Terez Reid,Defensive_DefensiveBack,Started,,,,,,,,,,,,,,,,,,,,,,,,5,0,0,0,0,0,0,,,,,,,,,,,,,,,,,,,,,,,13419714,114347,EDM,Edmonton Elks,Regular Season,2026-09-05T13:09:45.302148,2026
1752327,49,Justin Pace,Justin Pace,Defensive_Linebacker,ActiveNotPlayed,,,,,,,,,,,,,,,,,,,,,,,,0,0,0,0,0,0,1,,,,,,,,,,,,,,,,,,,,,,,13419714,114347,EDM,Edmonton Elks,Regular Season,2026-09-05T13:09:45.302148,2026
1005577,86,Damonte Coxie,Damonte Coxie,Offensive_WideReceiver,Started,,,,,,,,,,,,,,,9.0,5.0,37.0,10.0,0.0,9.0,7.4,4.111,0.556,,,,,,,,,,,,,,,,,,,,,,,,,,,,,,13419714,122345,TOR,Toronto Argonauts,Regular Season,2026-09-05T13:09:45.302148,2026
1006437,3,Janarion Grant,Janarion Grant,Offensive_WideReceiver,ActiveNotPlayed,,,,,,,,,,,,,,,1.0,0.0,0.0,0.0,0.0,0.0,,,0.0,,,,,,,,,,,,,,,,,,,,,,4.0,83.0,31.0,20.75,4.0,49.0,20.0,12.25,13419714,122345,TOR,Toronto Argonauts,Regular Season,2026-09-05T13:09:45.302148,2026
1011747,99,Ralph Holley,Ralph Holley,Defensive_DefensiveLineman,Started,,,,,,,,,,,,,,,,,,,,,,,,2,0,0,0,0,0,0,,,,,,,,,,,,,,,,,,,,,,,13419714,122345,TOR,Toronto Argonauts,Regular Season,2026-09-05T13:09:45.302148,2026
1015150,2,Tarvarus McFadden,Tarvarus McFadden,Defensive_DefensiveBack,Started,,,,,,,,,,,,,,,,,,,,,,,,2,0,0,0,0,0,0,,,,,,,,,,,,,,,,,,,,,,,13419714,122345,TOR,Toronto Argonauts,Regular Season,2026-09-05T13:09:45.302148,2026
1016527,97,Dewayne Hendrix,Dewayne Hendrix,Defensive_DefensiveLineman,ActiveNotPlayed,,,,,,,,,,,,,,,,,,,,,,,,2,0,0,0,0,0,0,,,,,,,,,,,,,,,,,,,,,,,13419714,122345,TOR,Toronto Argonauts,Regular Season,2026-09-05T13:09:45.302148,2026
1022794,83,David Ungerer III,David Ungerer III,Offensive_WideReceiver,Started,,,,,,,,,,,,,,,6.0,5.0,48.0,27.0,0.0,16.0,9.6,8.0,0.833,,,,,,,,,,,,,,,,,,,,,,,,,,,,,,13419714,122345,TOR,Toronto Argonauts,Regular Season,2026-09-05T13:09:45.302148,2026
1078483,34,Bubba Bolden,Bubba Bolden,Defensive_DefensiveBack,Started,,,,,,,,,,,,,,,,,,,,,,,,10,1,0,0,0,0,0,,,,,,,,,,,,,,,,,,,,,,,13419714,122345,TOR,Toronto Argonauts,Regular Season,2026-09-05T13:09:45.302148,2026
1084913,87,Jake Herslow,Jake Herslow,Offensive_WideReceiver,Started,,,,,,,,,,,,,,,2.0,1.0,25.0,3.0,0.0,25.0,25.0,12.5,0.5,,,,,,,,,,,,,,,,,,,,,,,,,,,,,,13419714,122345,TOR,Toronto Argonauts,Regular Season,2026-09-05T13:09:45.302148,2026
1349460,1,DaShaun Amos,DaShaun Amos,Defensive_DefensiveBack,Started,,,,,,,,,,,,,,,,,,,,,,,,5,0,1,0,0,0,0,,,,,,,,,,,,,,,,,,,,,,,13419714,122345,TOR,Toronto Argonauts,Regular Season,2026-09-05T13:09:45.302148,2026
1349471,45,Jack Cassar,Jack Cassar,Offensive_Fullback,ActiveNotPlayed,,,,,,,,,,,,,,,,,,,,,,,,0,0,0,0,0,0,1,,,,,,,,,,,,,,,,,,,,,,,13419714,122345,TOR,Toronto Argonauts,Regular Season,2026-09-05T13:09:45.302148,2026
1349488,52,Peter Nicastro,Peter Nicastro,Offensive_OffensiveLineman,Started,,,,,,,,,,,,,,,,,,,,,,,,1,0,0,0,0,0,0,,,,,,,,,,,,,,,,,,,,,,,13419714,122345,TOR,Toronto Argonauts,Regular Season,2026-09-05T13:09:45.302148,2026
1349532,26,Brian Harelimana,Brian Harelimana,Defensive_Linebacker,ActiveNotPlayed,,,,,,,,,,,,,,,,,,,,,,,,0,0,0,0,0,0,1,,,,,,,,,,,,,,,,,,,,,,,13419714,122345,TOR,Toronto Argonauts,Regular Season,2026-09-05T13:09:45.302148,2026
1349568,6,Adarius Pickett,Adarius Pickett,Defensive_Linebacker,Started,,,,,,,,,,,,,,,,,,,,,,,,7,0,2,0,1,1,0,,,,,,,,,,,,,,,,,,,,,,,13419714,122345,TOR,Toronto Argonauts,Regular Season,2026-09-05T13:09:45.302148,2026
1350444,8,Cameron Judge,Cameron Judge,Defensive_Linebacker,Started,,,,,,,,,,,,,,,,,,,,,,,,4,0,0,0,0,0,0,,,,,,,,,,,,,,,,,,,,,,,13419714,122345,TOR,Toronto Argonauts,Regular Season,2026-09-05T13:09:45.302148,2026
1350449,42,Shawn Lemon,Shawn Lemon,Defensive_DefensiveLineman,ActiveNotPlayed,,,,,,,,,,,,,,,,,,,,,,,,1,1,0,0,0,0,0,,,,,,,,,,,,,,,,,,,,,,,13419714,122345,TOR,Toronto Argonauts,Regular Season,2026-09-05T13:09:45.302148,2026
1350456,4,Nick Arbuckle,Nick Arbuckle,Offensive_Quarterback,ActiveNotPlayed,2.0,4.0,0.5,12.0,0.0,1.0,8.0,3.0,-8.25,1.0,1.0,1,1,1.0,,,,,,,,,,,,,,,,,,,,,,,,,,,,,,,,,,,,,,,13419714,122345,TOR,Toronto Argonauts,Regular Season,2026-09-05T13:09:45.302148,2026
1357160,23,Benjie Franklin,Benjie Franklin,Defensive_DefensiveBack,Started,,,,,,,,,,,,,,,,,,,,,,,,3,0,0,0,0,0,0,,,,,,,,,,,,,,,,,,,,,,,13419714,122345,TOR,Toronto Argonauts,Regular Season,2026-09-05T13:09:45.302148,2026
1401657,35,Isaac Darkangelo,Isaac Darkangelo,Defensive_Linebacker,Started,,,,,,,,,,,,,,,,,,,,,,,,9,0,0,0,0,0,0,,,,,,,,,,,,,,,,,,,,,,,13419714,122345,TOR,Toronto Argonauts,Regular Season,2026-09-05T13:09:45.302148,2026
1468482,10,Kevin Mital,Kevin Mital,Offensive_WideReceiver,Started,,,,,,,,,,,,,,,8.0,6.0,89.0,56.0,0.0,51.0,14.833,11.125,0.75,,,,,,,,,,,,,,,,,,,,,,,,,,,,,,13419714,122345,TOR,Toronto Argonauts,Regular Season,2026-09-05T13:09:45.302148,2026
1484829,14,James Burnip,James Burnip,Punter,ActiveNotPlayed,,,,,,,,,,,,,,,,,,,,,,,,,,,,,,,,,,,,,,,,5.0,235.0,47.0,61.0,0.0,,,,,,,,,13419714,122345,TOR,Toronto Argonauts,Regular Season,2026-09-05T13:09:45.302148,2026
1489868,40,Darius McKenzie,Darius McKenzie,Defensive_Linebacker,ActiveNotPlayed,,,,,,,,,,,,,,,,,,,,,,,,0,0,0,0,0,0,2,,,,,,,,,,,,,,,,,,,,,,,13419714,122345,TOR,Toronto Argonauts,Regular Season,2026-09-05T13:09:45.302148,2026
1490316,17,Nolan Ulm,Nolan Ulm,Offensive_WideReceiver,ActiveNotPlayed,,,,,,,,,,,,,,,1.0,1.0,8.0,8.0,0.0,8.0,8.0,8.0,1.0,1,0,0,0,0,0,0,,,,,,,,,,,,,,,,,,,,,,,13419714,122345,TOR,Toronto Argonauts,Regular Season,2026-09-05T13:09:45.302148,2026
1494910,92,Paris Shand,Paris Shand,Defensive_DefensiveLineman,ActiveNotPlayed,,,,,,,,,,,,,,,,,,,,,,,,1,0,0,0,0,0,0,,,,,,,,,,,,,,,,,,,,,,,13419714,122345,TOR,Toronto Argonauts,Regular Season,2026-09-05T13:09:45.302148,2026
1502167,91,Soane Toia,Soane Toia,Defensive_DefensiveLineman,Started,,,,,,,,,,,,,,,,,,,,,,,,4,1,1,0,0,0,0,,,,,,,,,,,,,,,,,,,,,,,13419714,122345,TOR,Toronto Argonauts,Regular Season,2026-09-05T13:09:45.302148,2026
1508196,37,Dathan Hickey,Dathan Hickey,Defensive_DefensiveBack,ActiveNotPlayed,,,,,,,,,,,,,,,,,,,,,,,,0,0,0,0,0,0,1,,,,,,,,,,,,,,,,,,,,,,,13419714,122345,TOR,Toronto Argonauts,Regular Season,2026-09-05T13:09:45.302148,2026
1598895,82,Tyler Kahmann,Tyler Kahmann,Offensive_WideReceiver,Started,,,,,,,,,,,,,,,6.0,4.0,56.0,11.0,0.0,25.0,14.0,9.333,0.667,,,,,,,,,,,,,,,,,,,,,,,,,,,,,,13419714,122345,TOR,Toronto Argonauts,Regular Season,2026-09-05T13:09:45.302148,2026
1722195,28,James Ceasar,James Ceasar,Defensive_DefensiveBack,Started,,,,,,,,,,,,,,,,,,,,,,,,1,0,0,0,1,0,0,,,,,,,,,,,,,,,,,,,,,,,13419714,122345,TOR,Toronto Argonauts,Regular Season,2026-09-05T13:09:45.302148,2026
1752323,25,Samuel Hicks,Samuel Hicks,Offensive_RunningBack,Started,,,,,,,,,,5.0,10.0,0,4,2.0,2.0,1.0,14.0,14.0,0.0,14.0,14.0,7.0,0.5,,,,,,,,,,,,,,,,,,,,,,1.0,25.0,25.0,25.0,,,,,13419714,122345,TOR,Toronto Argonauts,Regular Season,2026-09-05T13:09:45.302148,2026
1752348,41,Sebastian Parsalidis,Sebastian Parsalidis,Offensive_Fullback,ActiveNotPlayed,,,,,,,,,,,,,,,,,,,,,,,,0,0,0,0,0,0,2,,,,,,,,,,,,,,,,,,,,,,,13419714,122345,TOR,Toronto Argonauts,Regular Season,2026-09-05T13:09:45.302148,2026
1752352,16,Brady Lidster,Brady Lidster,Kicker,ActiveNotPlayed,,,,,,,,,,,,,,,,,,,,,,,,,,,,,,,2.0,4.0,0.5,36,0.0,0.0,2.0,128.0,68.0,,,,,,,,,,,,,,13419714,122345,TOR,Toronto Argonauts,Regular Season,2026-09-05T13:09:45.302148,2026
1752362,21,Isaiah Smith,Isaiah Smith,Offensive_RunningBack,ActiveNotPlayed,,,,,,,,,,4.0,23.0,0,18,5.75,,,,,,,,,,,,,,,,,,,,,,,,,,,,,,,,,,,,,,,13419714,122345,TOR,Toronto Argonauts,Regular Season,2026-09-05T13:09:45.302148,2026
998710,12,Chad Kelly,Chad Kelly,Offensive_Quarterback,Started,21.0,31.0,0.677,265.0,0.0,1.0,51.0,8.548,7.096774193548387,2.0,11.0,0,11,5.5,,,,,,,,,,,,,,,,,,,,,,,,,,,,,,,,,,,,,,,13419714,122345,TOR,Toronto Argonauts,Regular Season,2026-09-05T13:09:45.302148,2026
1012742,2,Jamal Peters,Jamal Peters,Defensive_DefensiveBack,Started,,,,,,,,,,,,,,,,,,,,,,,,1,0,0,0,0,0,0,,,,,,,,,,,,,,,,,,,,,,,13419715,83579,HAM,Hamilton Tiger-Cats,Regular Season,2026-09-05T13:09:45.302148,2026
1014479,37,Larry Rountree III,Larry Rountree III,Offensive_RunningBack,Started,,,,,,,,,,12.0,47.0,0,7,3.917,4.0,3.0,17.0,17.0,0.0,10.0,5.667,4.25,0.75,,,,,,,,,,,,,,,,,,,,,,,,,,,,,,13419715,83579,HAM,Hamilton Tiger-Cats,Regular Season,2026-09-05T13:09:45.302148,2026
1018050,16,Jake Dolegala,Jake Dolegala,Offensive_Quarterback,ActiveNotPlayed,,,,,,,,,,1.0,2.0,0,2,2.0,,,,,,,,,,,,,,,,,,,,,,,,,,,,,,,,,,,,,,,13419715,83579,HAM,Hamilton Tiger-Cats,Regular Season,2026-09-05T13:09:45.302148,2026
1032189,18,Harrison Frost,Harrison Frost,Offensive_Quarterback,Started,12.0,16.0,0.75,112.0,1.0,0.0,27.0,7.0,8.25,,,,,,,,,,,,,,,,,,,,,,,,,,,,,,,,,,,,,,,,,,,,13419715,83579,HAM,Hamilton Tiger-Cats,Regular Season,2026-09-05T13:09:45.302148,2026
1080994,3,Quavian White,Quavian White,Defensive_DefensiveBack,Started,,,,,,,,,,,,,,,,,,,,,,,,4,0,0,0,0,0,0,,,,,,,,,,,,,,,,,,,,,,,13419715,83579,HAM,Hamilton Tiger-Cats,Regular Season,2026-09-05T13:09:45.302148,2026
1082505,44,Daniel Bell,Daniel Bell,Offensive_Fullback,ActiveNotPlayed,,,,,,,,,,,,,,,,,,,,,,,,0,0,0,0,0,0,1,,,,,,,,,,,,,,,,,,,,,,,13419715,83579,HAM,Hamilton Tiger-Cats,Regular Season,2026-09-05T13:09:45.302148,2026
1290182,7,Myron Mitchell,Myron Mitchell,Offensive_WideReceiver,ActiveNotPlayed,,,,,,,,,,,,,,,5.0,5.0,51.0,11.0,1.0,27.0,10.2,10.2,1.0,,,,,,,,,,,,,,,,,,,,,,1.0,12.0,12.0,12.0,1.0,13.0,13.0,13.0,13419715,83579,HAM,Hamilton Tiger-Cats,Regular Season,2026-09-05T13:09:45.302148,2026
1297961,48,Wynton McManis,Wynton McManis,Defensive_Linebacker,Started,,,,,,,,,,,,,,,,,,,,,,,,4,0,0,0,0,0,0,,,,,,,,,,,,,,,,,,,,,,,13419715,83579,HAM,Hamilton Tiger-Cats,Regular Season,2026-09-05T13:09:45.302148,2026
1345719,8,Keric Wheatfall,Keric Wheatfall,Offensive_WideReceiver,Started,,,,,,,,,,,,,,,11.0,9.0,108.0,43.0,1.0,41.0,12.0,9.818,0.818,,,,,,,,,,,,,,,,,,,,,,,,,,,,,,13419715,83579,HAM,Hamilton Tiger-Cats,Regular Season,2026-09-05T13:09:45.302148,2026
1349477,14,Kurleigh Gittens Jr.,Kurleigh Gittens Jr.,Offensive_WideReceiver,Started,,,,,,,,,,,,,,,3.0,3.0,35.0,9.0,0.0,14.0,11.667,11.667,1.0,,,,,,,,,,,,,,,,,,,,,,,,,,,,,,13419715,83579,HAM,Hamilton Tiger-Cats,Regular Season,2026-09-05T13:09:45.302148,2026
1349542,33,Marc Liegghio,Marc Liegghio,Kicker,ActiveNotPlayed,,,,,,,,,,,,,,,,,,,,,,,,,,,,,,,4.0,4.0,1.0,38,2.0,0.0,4.0,244.0,65.0,,,,,,,,,,,,,,13419715,83579,HAM,Hamilton Tiger-Cats,Regular Season,2026-09-05T13:09:45.302148,2026
1349621,30,Stavros Katsantonis,Stavros Katsantonis,Defensive_DefensiveBack,Started,,,,,,,,,,,,,,,,,,,,,,,,1,0,0,1,0,0,0,,,,,,,,,,,,,,,,,,,,,,,13419715,83579,HAM,Hamilton Tiger-Cats,Regular Season,2026-09-05T13:09:45.302148,2026
1349633,85,Kiondre Smith,Kiondre Smith,Offensive_WideReceiver,Started,,,,,,,,,,,,,,,2.0,1.0,9.0,0.0,0.0,9.0,9.0,4.5,0.5,,,,,,,,,,,,,,,,,,,,,,,,,,,,,,13419715,83579,HAM,Hamilton Tiger-Cats,Regular Season,2026-09-05T13:09:45.302148,2026
1350470,5,Tre Ford,Tre Ford,Offensive_Quarterback,ActiveNotPlayed,13.0,17.0,0.765,151.0,1.0,0.0,41.0,8.882,10.058823529411764,4.0,38.0,0,15,9.5,,,,,,,,,,,,,,,,,,,,,,,,,,,,,,,,,,,,,,,13419715,83579,HAM,Hamilton Tiger-Cats,Regular Season,2026-09-05T13:09:45.302148,2026
1350503,34,Ante Milanovic-Litre,Ante Milanovic-Litre,Offensive_Fullback,ActiveNotPlayed,,,,,,,,,,,,,,,,,,,,,,,,0,0,0,0,0,0,1,,,,,,,,,,,,,,,,,,,,,,,13419715,83579,HAM,Hamilton Tiger-Cats,Regular Season,2026-09-05T13:09:45.302148,2026
1400232,1,Reggie Stubblefield,Reggie Stubblefield,Defensive_Linebacker,Started,,,,,,,,,,,,,,,,,,,,,,,,3,0,2,1,0,0,0,,,,,,,,,,,,,,,,,,,,,,,13419715,83579,HAM,Hamilton Tiger-Cats,Regular Season,2026-09-05T13:09:45.302148,2026
1401593,45,Mitchell Agude,Mitchell Agude,Defensive_DefensiveLineman,ActiveNotPlayed,,,,,,,,,,,,,,,,,,,,,,,,1,0,0,0,0,0,0,,,,,,,,,,,,,,,,,,,,,,,13419715,83579,HAM,Hamilton Tiger-Cats,Regular Season,2026-09-05T13:09:45.302148,2026
1464500,11,Isaiah Wooden,Isaiah Wooden,Offensive_WideReceiver,ActiveNotPlayed,,,,,,,,,,,,,,,1.0,1.0,15.0,15.0,0.0,15.0,15.0,15.0,1.0,,,,,,,,,,,,,,,,,,,,,,1.0,19.0,19.0,19.0,4.0,45.0,18.0,11.25,13419715,83579,HAM,Hamilton Tiger-Cats,Regular Season,2026-09-05T13:09:45.302148,2026
1470629,25,Destin Talbert,Destin Talbert,Defensive_DefensiveBack,Started,,,,,,,,,,,,,,,,,,,,,,,,2,0,0,0,0,0,0,,,,,,,,,,,,,,,,,,,,,,,13419715,83579,HAM,Hamilton Tiger-Cats,Regular Season,2026-09-05T13:09:45.302148,2026
1470649,36,Ryan Baker,Ryan Baker,Defensive_Linebacker,ActiveNotPlayed,,,,,,,,,,,,,,,,,,,,,,,,1,0,0,0,0,0,1,,,,,,,,,,,,,,,,,,,,,,,13419715,83579,HAM,Hamilton Tiger-Cats,Regular Season,2026-09-05T13:09:45.302148,2026
1483388,6,Zamari Walton,Zamari Walton,Defensive_DefensiveBack,Started,,,,,,,,,,,,,,,,,,,,,,,,2,0,0,0,0,0,0,,,,,,,,,,,,,,,,,,,,,,,13419715,83579,HAM,Hamilton Tiger-Cats,Regular Season,2026-09-05T13:09:45.302148,2026
1487519,70,Mitch McCarthy,Mitch McCarthy,Punter,ActiveNotPlayed,,,,,,,,,,,,,,,,,,,,,,,,,,,,,,,,,,,,,,,,4.0,190.0,47.5,53.0,0.0,,,,,,,,,13419715,83579,HAM,Hamilton Tiger-Cats,Regular Season,2026-09-05T13:09:45.302148,2026
1493140,93,Aamarii Notice,Aamarii Notice,Defensive_DefensiveLineman,ActiveNotPlayed,,,,,,,,,,,,,,,,,,,,,,,,2,0,0,0,0,0,0,,,,,,,,,,,,,,,,,,,,,,,13419715,83579,HAM,Hamilton Tiger-Cats,Regular Season,2026-09-05T13:09:45.302148,2026
1502620,82,Maximilian Mang,Maximilian Mang,Offensive_TightEnd,ActiveNotPlayed,,,,,,,,,,,,,,,2.0,1.0,6.0,1.0,0.0,6.0,6.0,3.0,0.5,,,,,,,,,,,,,,,,,,,,,,,,,,,,,,13419715,83579,HAM,Hamilton Tiger-Cats,Regular Season,2026-09-05T13:09:45.302148,2026
1518663,32,Jordan Crook,Jordan Crook,Defensive_Linebacker,ActiveNotPlayed,,,,,,,,,,,,,,,,,,,,,,,,4,0,0,0,0,0,0,,,,,,,,,,,,,,,,,,,,,,,13419715,83579,HAM,Hamilton Tiger-Cats,Regular Season,2026-09-05T13:09:45.302148,2026
1596980,35,Ronan Horrall,Ronan Horrall,Defensive_DefensiveBack,ActiveNotPlayed,,,,,,,,,,,,,,,,,,,,,,,,0,0,0,0,0,0,3,,,,,,,,,,,,,,,,,,,,,,,13419715,83579,HAM,Hamilton Tiger-Cats,Regular Season,2026-09-05T13:09:45.302148,2026
1602418,38,Braxton Hill,Braxton Hill,Defensive_Linebacker,Started,,,,,,,,,,,,,,,,,,,,,,,,3,0,0,0,0,0,1,,,,,,,,,,,,,,,,,,,,,,,13419715,83579,HAM,Hamilton Tiger-Cats,Regular Season,2026-09-05T13:09:45.302148,2026
1602441,46,Philip Ossai,Philip Ossai,Defensive_DefensiveLineman,Started,,,,,,,,,,,,,,,,,,,,,,,,4,1,0,0,0,0,0,,,,,,,,,,,,,,,,,,,,,,,13419715,83579,HAM,Hamilton Tiger-Cats,Regular Season,2026-09-05T13:09:45.302148,2026
941538,95,Julian Howsare,Julian Howsare,Defensive_DefensiveLineman,Started,,,,,,,,,,,,,,,,,,,,,,,,3,0,0,0,0,0,0,,,,,,,,,,,,,,,,,,,,,,,13419715,83579,HAM,Hamilton Tiger-Cats,Regular Season,2026-09-05T13:09:45.302148,2026
998924,89,Kenny Lawler,Kenny Lawler,Offensive_WideReceiver,Started,,,,,,,,,,,,,,,5.0,2.0,22.0,1.0,0.0,14.0,11.0,4.4,0.4,,,,,,,,,,,,,,,,,,,,,,,,,,,,,,13419715,83579,HAM,Hamilton Tiger-Cats,Regular Season,2026-09-05T13:09:45.302148,2026
1004002,50,Derick Roberson,Derick Roberson,Defensive_End,Started,,,,,,,,,,,,,,,,,,,,,,,,1,0,0,0,0,0,0,,,,,,,,,,,,,,,,,,,,,,,13419715,106752,SSK,Saskatchewan Roughriders,Regular Season,2026-09-05T13:09:45.302148,2026
1007936,17,Tommy Stevens,Tommy Stevens,Offensive_Quarterback,ActiveNotPlayed,,,,,,,,,,3.0,9.0,0,5,3.0,,,,,,,,,,,,,,,,,,,,,,,,,,,,,,,,,,,,,,,13419715,106752,SSK,Saskatchewan Roughriders,Regular Season,2026-09-05T13:09:45.302148,2026
1008130,5,Antoine Brooks Jr.,Antoine Brooks Jr.,Defensive_Linebacker,Started,,,,,,,,,,,,,,,,,,,,,,,,5,0,0,0,0,0,0,,,,,,,,,,,,,,,,,,,,,,,13419715,106752,SSK,Saskatchewan Roughriders,Regular Season,2026-09-05T13:09:45.302148,2026
1012862,2,Josh Woods,Josh Woods,Defensive_Linebacker,Started,,,,,,,,,,,,,,,,,,,,,,,,7,0,0,0,0,0,0,,,,,,,,,,,,,,,,,,,,,,,13419715,106752,SSK,Saskatchewan Roughriders,Regular Season,2026-09-05T13:09:45.302148,2026
1014314,22,Damarcus Fields,Damarcus Fields,Defensive_DefensiveBack,Started,,,,,,,,,,,,,,,,,,,,,,,,1,0,0,0,0,0,0,,,,,,,,,,,,,,,,,,,,,,,13419715,106752,SSK,Saskatchewan Roughriders,Regular Season,2026-09-05T13:09:45.302148,2026
1020372,3,KeeSean Johnson,KeeSean Johnson,Offensive_WideReceiver,Started,,,,,,,,,,,,,,,8.0,4.0,51.0,16.0,0.0,20.0,12.75,6.375,0.5,,,,,,,,,,,,,,,,,,,,,,,,,,,,,,13419715,106752,SSK,Saskatchewan Roughriders,Regular Season,2026-09-05T13:09:45.302148,2026
1080069,99,Caleb Sanders,Caleb Sanders,Defensive_DefensiveLineman,Started,,,,,,,,,,,,,,,,,,,,,,,,1,0,0,0,0,0,0,,,,,,,,,,,,,,,,,,,,,,,13419715,106752,SSK,Saskatchewan Roughriders,Regular Season,2026-09-05T13:09:45.302148,2026
1130108,6,Jameer Thurman,Jameer Thurman,Defensive_Linebacker,Started,,,,,,,,,,,,,,,,,,,,,,,,6,0,0,0,0,0,0,,,,,,,,,,,,,,,,,,,,,,,13419715,106752,SSK,Saskatchewan Roughriders,Regular Season,2026-09-05T13:09:45.302148,2026
1130112,9,James Vaughters,James Vaughters,Defensive_DefensiveLineman,Started,,,,,,,,,,,,,,,,,,,,,,,,1,0,0,0,0,0,0,,,,,,,,,,,,,,,,,,,,,,,13419715,106752,SSK,Saskatchewan Roughriders,Regular Season,2026-09-05T13:09:45.302148,2026
1349520,20,Kerfalla Exume,Kerfalla Exume,Defensive_DefensiveBack,ActiveNotPlayed,,,,,,,,,,,,,,,,,,,,,,,,0,0,0,0,0,0,1,,,,,,,,,,,,,,,,,,,,,,,13419715,106752,SSK,Saskatchewan Roughriders,Regular Season,2026-09-05T13:09:45.302148,2026
1349536,7,Trevor Harris,Trevor Harris,Offensive_Quarterback,Started,23.0,35.0,0.657,207.0,1.0,2.0,21.0,5.914,3.914285714285714,,,,,,,,,,,,,,,1,0,0,0,0,0,0,,,,,,,,,,,,,,,,,,,,,,,13419715,106752,SSK,Saskatchewan Roughriders,Regular Season,2026-09-05T13:09:45.302148,2026
1350586,25,Nelson Lokombo,Nelson Lokombo,Defensive_DefensiveBack,Started,,,,,,,,,,,,,,,,,,,,,,,,4,0,0,0,0,0,0,,,,,,,,,,,,,,,,,,,,,,,13419715,106752,SSK,Saskatchewan Roughriders,Regular Season,2026-09-05T13:09:45.302148,2026
1384818,31,Jonathan Edouard,Jonathan Edouard,Defensive_DefensiveBack,Started,,,,,,,,,,,,,,,,,,,,,,,,1,0,0,0,0,0,2,,,,,,,,,,,,,,,,,,,,,,,13419715,106752,SSK,Saskatchewan Roughriders,Regular Season,2026-09-05T13:09:45.302148,2026
1404980,21,Jaxon Ford,Jaxon Ford,Defensive_DefensiveBack,Started,,,,,,,,,,,,,,,,,,,,,,,,6,0,0,0,0,0,0,,,,,,,,,,,,,,,,,,,,,,,13419715,106752,SSK,Saskatchewan Roughriders,Regular Season,2026-09-05T13:09:45.302148,2026
1468449,18,Dhel Duncan-Busby,Dhel Duncan-Busby,Offensive_WideReceiver,Started,,,,,,,,,,,,,,,6.0,4.0,43.0,12.0,0.0,15.0,10.75,7.167,0.667,,,,,,,,,,,,,,,,,,,,,,,,,,,,,,13419715,106752,SSK,Saskatchewan Roughriders,Regular Season,2026-09-05T13:09:45.302148,2026
1468451,28,Melique Straker,Melique Straker,Defensive_Linebacker,ActiveNotPlayed,,,,,,,,,,,,,,,,,,,,,,,,0,0,0,0,0,0,1,,,,,,,,,,,,,,,,,,,,,,,13419715,106752,SSK,Saskatchewan Roughriders,Regular Season,2026-09-05T13:09:45.302148,2026
1499039,98,Desmond Evans,Desmond Evans,Defensive_DefensiveLineman,ActiveNotPlayed,,,,,,,,,,,,,,,,,,,,,,,,2,0,0,0,0,0,0,,,,,,,,,,,,,,,,,,,,,,,13419715,106752,SSK,Saskatchewan Roughriders,Regular Season,2026-09-05T13:09:45.302148,2026
1507913,80,Dylan Djete,Dylan Djete,Offensive_WideReceiver,Started,,,,,,,,,,,,,,,7.0,5.0,33.0,5.0,0.0,14.0,6.6,4.714,0.714,,,,,,,,,,,,,,,,,,,,,,,,,,,,,,13419715,106752,SSK,Saskatchewan Roughriders,Regular Season,2026-09-05T13:09:45.302148,2026
1510443,11,Alex Hale,Alex Hale,Kicker,ActiveNotPlayed,,,,,,,,,,,,,,,,,,,,,,,,,,,,,,,4.0,4.0,1.0,52,1.0,0.0,2.0,122.0,69.0,,,,,,,,,,,,,,13419715,106752,SSK,Saskatchewan Roughriders,Regular Season,2026-09-05T13:09:45.302148,2026
1512298,91,Oscar Chapman,Oscar Chapman,Punter,ActiveNotPlayed,,,,,,,,,,,,,,,,,,,,,,,,,,,,,,,,,,,,,,,,5.0,228.0,45.6,47.0,0.0,,,,,,,,,13419715,106752,SSK,Saskatchewan Roughriders,Regular Season,2026-09-05T13:09:45.302148,2026
1514403,88,Johnny Johnson III,Johnny Johnson III,Offensive_WideReceiver,Started,,,,,,,,,,,,,,,6.0,5.0,45.0,7.0,1.0,21.0,9.0,7.5,0.833,1,0,0,0,0,0,0,,,,,,,,,,,,,,,4.0,75.0,33.0,18.75,,,,,13419715,106752,SSK,Saskatchewan Roughriders,Regular Season,2026-09-05T13:09:45.302148,2026
1514743,48,David Gbenda,David Gbenda,Defensive_Linebacker,ActiveNotPlayed,,,,,,,,,,,,,,,,,,,,,,,,0,0,0,0,0,0,1,,,,,,,,,,,,,,,,,,,,,,,13419715,106752,SSK,Saskatchewan Roughriders,Regular Season,2026-09-05T13:09:45.302148,2026
1515774,43,Nick Wiebe,Nick Wiebe,Defensive_Linebacker,ActiveNotPlayed,,,,,,,,,,,,,,,,,,,,,,,,0,0,0,0,0,0,1,,,,,,,,,,,,,,,,,,,,,,,13419715,106752,SSK,Saskatchewan Roughriders,Regular Season,2026-09-05T13:09:45.302148,2026
1600404,85,D'Sean Mimbs,D'Sean Mimbs,Offensive_WideReceiver,Started,,,,,,,,,,,,,,,5.0,2.0,10.0,0.0,0.0,6.0,5.0,2.0,0.4,,,,,,,,,,,,,,,,,,,,,,,,,,,,,,13419715,106752,SSK,Saskatchewan Roughriders,Regular Season,2026-09-05T13:09:45.302148,2026
1602300,87,Daniel Wiebe,Daniel Wiebe,Offensive_WideReceiver,ActiveNotPlayed,,,,,,,,,,,,,,,,,,,,,,,,,,,,,,,,,,,,,,,,,,,,,,,,,4.0,60.0,20.0,15.0,13419715,106752,SSK,Saskatchewan Roughriders,Regular Season,2026-09-05T13:09:45.302148,2026
1652098,29,Star Thomas,Star Thomas,Offensive_RunningBack,Started,,,,,,,,,,9.0,36.0,0,9,4.0,3.0,3.0,25.0,13.0,0.0,15.0,8.333,8.333,1.0,,,,,,,,,,,,,,,,,,,,,,,,,,,,,,13419715,106752,SSK,Saskatchewan Roughriders,Regular Season,2026-09-05T13:09:45.302148,2026
999126,8,Marcus Sayles,Marcus Sayles,Defensive_DefensiveBack,Started,,,,,,,,,,,,,,,,,,,,,,,,5,0,0,0,0,0,0,,,,,,,,,,,,,,,,,,,,,,,13419715,106752,SSK,Saskatchewan Roughriders,Regular Season,2026-09-05T13:09:45.302148,2026
1002690,10,Davis Alexander,Davis Alexander,Offensive_Quarterback,Started,20.0,23.0,0.87,260.0,2.0,0.0,42.0,11.304,13.043478260869565,1.0,12.0,0,12,12.0,,,,,,,,,,,,,,,,,,,,,,,,,,,,,,,,,,,,,,,13419716,86680,MTL,Montreal Alouettes,Regular Season,2026-09-05T13:09:45.302148,2026
1007370,16,Dustin Crum,Dustin Crum,Offensive_Quarterback,ActiveNotPlayed,4.0,5.0,0.8,31.0,0.0,0.0,12.0,6.2,6.2,,,,,,,,,,,,,,,,,,,,,,,,,,,,,,,,,,,,,,,,,,,,13419716,86680,MTL,Montreal Alouettes,Regular Season,2026-09-05T13:09:45.302148,2026
1012540,20,Lorenzo Burns,Lorenzo Burns,Defensive_DefensiveBack,Started,,,,,,,,,,,,,,,,,,,,,,,,2,0,0,0,0,0,0,,,,,,,,,,,,,,,,,,,,,,,13419716,86680,MTL,Montreal Alouettes,Regular Season,2026-09-05T13:09:45.302148,2026
1017226,48,Kabion Ento,Kabion Ento,Defensive_DefensiveBack,Started,,,,,,,,,,,,,,,,,,,,,,,,1,0,0,1,1,1,0,,,,,,,,,,,,,,,,,,,,,,,13419716,86680,MTL,Montreal Alouettes,Regular Season,2026-09-05T13:09:45.302148,2026
1067123,26,Tyrice Beverette,Tyrice Beverette,Defensive_Linebacker,Started,,,,,,,,,,,,,,,,,,,,,,,,5,0,0,0,0,0,1,,,,,,,,,,,,,,,,,,,,,,,13419716,86680,MTL,Montreal Alouettes,Regular Season,2026-09-05T13:09:45.302148,2026
1075914,94,Mustafa Johnson,Mustafa Johnson,Defensive_Tackle,Started,,,,,,,,,,,,,,,,,,,,,,,,1,0,0,0,0,0,0,,,,,,,,,,,,,,,,,,,,,,,13419716,86680,MTL,Montreal Alouettes,Regular Season,2026-09-05T13:09:45.302148,2026
1077936,0,Jonathan Sutherland,Jonathan Sutherland,Defensive_DefensiveBack,ActiveNotPlayed,,,,,,,,,,,,,,,,,,,,,,,,0,0,0,0,0,0,1,,,,,,,,,,,,,,,,,,,,,,,13419716,86680,MTL,Montreal Alouettes,Regular Season,2026-09-05T13:09:45.302148,2026
1079000,15,Alexander Hollins,Alexander Hollins,Offensive_WideReceiver,Started,,,,,,,,,,,,,,,3.0,2.0,32.0,11.0,0.0,22.0,16.0,10.667,0.667,,,,,,,,,,,,,,,,,,,,,,,,,,,,,,13419716,86680,MTL,Montreal Alouettes,Regular Season,2026-09-05T13:09:45.302148,2026
1080618,43,Gemon Green,Gemon Green,Defensive_DefensiveBack,ActiveNotPlayed,,,,,,,,,,,,,,,,,,,,,,,,0,0,0,0,0,0,1,,,,,,,,,,,,,,,,,,,,,,,13419716,86680,MTL,Montreal Alouettes,Regular Season,2026-09-05T13:09:45.302148,2026
1081310,85,Tyler Snead,Tyler Snead,Offensive_WideReceiver,Started,,,,,,,,,,,,,,,4.0,3.0,42.0,26.0,0.0,22.0,14.0,10.5,0.75,1,0,0,0,0,0,0,,,,,,,,,,,,,,,,,,,,,,,13419716,86680,MTL,Montreal Alouettes,Regular Season,2026-09-05T13:09:45.302148,2026
1081324,7,DeVonte Dedmon,DeVonte Dedmon,Offensive_WideReceiver,ActiveNotPlayed,,,,,,,,,,,,,,,,,,,,,,,,,,,,,,,,,,,,,,,,,,,,,2.0,81.0,50.0,40.5,1.0,2.0,2.0,2.0,13419716,86680,MTL,Montreal Alouettes,Regular Season,2026-09-05T13:09:45.302148,2026
1084787,91,Isaac Adeyemi-Berglund,Isaac Adeyemi-Berglund,Defensive_End,Started,,,,,,,,,,,,,,,,,,,,,,,,3,0,0,0,0,1,0,,,,,,,,,,,,,,,,,,,,,,,13419716,86680,MTL,Montreal Alouettes,Regular Season,2026-09-05T13:09:45.302148,2026
1086247,96,Lwal Uguak,Lwal Uguak,Defensive_End,ActiveNotPlayed,,,,,,,,,,,,,,,,,,,,,,,,2,0,0,0,0,0,0,,,,,,,,,,,,,,,,,,,,,,,13419716,86680,MTL,Montreal Alouettes,Regular Season,2026-09-05T13:09:45.302148,2026
1349552,36,Joseph Zema,Joseph Zema,Punter,ActiveNotPlayed,,,,,,,,,,,,,,,,,,,,,,,,,,,,,,,,,,,,,,,,2.0,65.0,32.5,42.0,0.0,,,,,,,,,13419716,86680,MTL,Montreal Alouettes,Regular Season,2026-09-05T13:09:45.302148,2026
1349560,12,Najee Murray,Najee Murray,Defensive_Linebacker,Started,,,,,,,,,,,,,,,,,,,,,,,,2,1,0,1,0,0,0,,,,,,,,,,,,,,,,,,,,,,,13419716,86680,MTL,Montreal Alouettes,Regular Season,2026-09-05T13:09:45.302148,2026
1349566,6,Tyson Philpot,Tyson Philpot,Offensive_WideReceiver,Started,,,,,,,,,,,,,,,10.0,9.0,75.0,33.0,2.0,12.0,8.333,7.5,0.9,,,,,,,,,,,,,,,,,,,,,,,,,,,,,,13419716,86680,MTL,Montreal Alouettes,Regular Season,2026-09-05T13:09:45.302148,2026
1349569,37,Wesley Sutton,Wesley Sutton,Defensive_DefensiveBack,Started,,,,,,,,,,,,,,,,,,,,,,,,3,0,0,0,0,0,0,,,,,,,,,,,,,,,,,,,,,,,13419716,86680,MTL,Montreal Alouettes,Regular Season,2026-09-05T13:09:45.302148,2026
1349573,42,Tyrell Richards,Tyrell Richards,Defensive_Linebacker,ActiveNotPlayed,,,,,,,,,,,,,,,,,,,,,,,,2,0,0,0,0,0,0,,,,,,,,,,,,,,,,,,,,,,,13419716,86680,MTL,Montreal Alouettes,Regular Season,2026-09-05T13:09:45.302148,2026
1349580,50,Louis-Philippe Bourassa,Louis-Philippe Bourassa,LongSnapper,ActiveNotPlayed,,,,,,,,,,,,,,,,,,,,,,,,0,0,0,0,0,0,1,,,,,,,,,,,,,,,,,,,,,,,13419716,86680,MTL,Montreal Alouettes,Regular Season,2026-09-05T13:09:45.302148,2026
1349583,88,Marco Dubois,Marco Dubois,Offensive_WideReceiver,Started,,,,,,,,,,,,,,,1.0,1.0,6.0,5.0,0.0,6.0,6.0,6.0,1.0,,,,,,,,,,,,,,,,,,,,,,,,,,,,,,13419716,86680,MTL,Montreal Alouettes,Regular Season,2026-09-05T13:09:45.302148,2026
1349615,17,Cole Spieker,Cole Spieker,Offensive_WideReceiver,Started,,,,,,,,,,,,,,,5.0,4.0,89.0,17.0,0.0,42.0,22.25,17.8,0.8,,,,,,,,,,,,,,,,,,,,,,1.0,0.0,0.0,0.0,,,,,13419716,86680,MTL,Montreal Alouettes,Regular Season,2026-09-05T13:09:45.302148,2026
1349805,2,Micah Awe,Micah Awe,Defensive_Linebacker,ActiveNotPlayed,,,,,,,,,,,,,,,,,,,,,,,,3,0,0,0,0,0,1,,,,,,,,,,,,,,,,,,,,,,,13419716,86680,MTL,Montreal Alouettes,Regular Season,2026-09-05T13:09:45.302148,2026
1350957,19,Jose Maltos Diaz,Jose Maltos Diaz,Kicker,ActiveNotPlayed,,,,,,,,,,,,,,,,,,,,,,,,,,,,,,,1.0,1.0,1.0,33,6.0,0.0,7.0,475.0,92.0,,,,,,,,,,,,,,13419716,86680,MTL,Montreal Alouettes,Regular Season,2026-09-05T13:09:45.302148,2026
1399407,99,David Perales,David Perales,Defensive_End,Started,,,,,,,,,,,,,,,,,,,,,,,,1,0,0,0,0,0,0,,,,,,,,,,,,,,,,,,,,,,,13419716,86680,MTL,Montreal Alouettes,Regular Season,2026-09-05T13:09:45.302148,2026
1403971,38,Jacob Mason,Jacob Mason,Offensive_Fullback,ActiveNotPlayed,,,,,,,,,,,,,,,,,,,,,,,,1,0,0,0,0,0,0,,,,,,,,,,,,,,,,,,,,,,,13419716,86680,MTL,Montreal Alouettes,Regular Season,2026-09-05T13:09:45.302148,2026
1405112,97,Joshua Archibald,Joshua Archibald,Defensive_End,ActiveNotPlayed,,,,,,,,,,,,,,,,,,,,,,,,0,0,0,0,0,0,1,,,,,,,,,,,,,,,,,,,,,,,13419716,86680,MTL,Montreal Alouettes,Regular Season,2026-09-05T13:09:45.302148,2026
1439775,14,Terry Wilson,Terry Wilson,Offensive_Quarterback,ActiveNotPlayed,,,,,,,,,,3.0,4.0,2,2,1.333,,,,,,,,,,,,,,,,,,,,,,,,,,,,,,,,,,,,,,,13419716,86680,MTL,Montreal Alouettes,Regular Season,2026-09-05T13:09:45.302148,2026
1468035,9,Geoffrey Cantin-Arku,Geoffrey Cantin-Arku,Defensive_Linebacker,Started,,,,,,,,,,,,,,,,,,,,,,,,8,1,0,0,1,0,0,,,,,,,,,,,,,,,,,,,,,,,13419716,86680,MTL,Montreal Alouettes,Regular Season,2026-09-05T13:09:45.302148,2026
1483380,1,Robert Kennedy,Robert Kennedy,Defensive_DefensiveBack,Started,,,,,,,,,,,,,,,,,,,,,,,,2,0,0,0,0,0,0,,,,,,,,,,,,,,,,,,,,,,,13419716,86680,MTL,Montreal Alouettes,Regular Season,2026-09-05T13:09:45.302148,2026
1490240,35,Shomari Lawrence,Shomari Lawrence,Offensive_RunningBack,ActiveNotPlayed,,,,,,,,,,10.0,71.0,0,17,7.1,,,,,,,,,,,,,,,,,,,,,,,,,,,,,,,,,,,,,,,13419716,86680,MTL,Montreal Alouettes,Regular Season,2026-09-05T13:09:45.302148,2026
1520977,5,Travis Theis,Travis Theis,Offensive_RunningBack,Started,,,,,,,,,,11.0,88.0,1,17,8.0,3.0,3.0,33.0,33.0,0.0,14.0,11.0,11.0,1.0,,,,,,,,,,,,,,,,,,,,,,,,,,,,,,13419716,86680,MTL,Montreal Alouettes,Regular Season,2026-09-05T13:09:45.302148,2026
1602296,82,Kaseem Ferdinand,Kaseem Ferdinand,Offensive_WideReceiver,ActiveNotPlayed,,,,,,,,,,,,,,,2.0,2.0,14.0,0.0,0.0,9.0,7.0,7.0,1.0,,,,,,,,,,,,,,,,,,,,,,,,,,,,,,13419716,86680,MTL,Montreal Alouettes,Regular Season,2026-09-05T13:09:45.302148,2026
1602445,23,Nate Beauchemin,Nate Beauchemin,Defensive_DefensiveBack,Started,,,,,,,,,,,,,,,,,,,,,,,,3,0,0,1,0,0,0,,,,,,,,,,,,,,,,,,,,,,,13419716,86680,MTL,Montreal Alouettes,Regular Season,2026-09-05T13:09:45.302148,2026
1007078,7,Ayden Eberhardt,Ayden Eberhardt,Offensive_WideReceiver,Started,,,,,,,,,,,,,,,6.0,2.0,18.0,6.0,0.0,9.0,9.0,3.0,0.333,1,0,0,0,0,0,0,,,,,,,,,,,,,,,,,,,,,,,13419716,88019,OTT,Ottawa RedBlacks,Regular Season,2026-09-05T13:09:45.302148,2026
1011917,8,C.J. Reavis,C.J. Reavis,Defensive_Linebacker,Started,,,,,,,,,,,,,,,,,,,,,,,,4,0,0,0,0,0,0,,,,,,,,,,,,,,,,,,,,,,,13419716,88019,OTT,Ottawa RedBlacks,Regular Season,2026-09-05T13:09:45.302148,2026
1012789,41,Brian Cole,Brian Cole,Defensive_Linebacker,ActiveNotPlayed,,,,,,,,,,,,,,,,,,,,,,,,1,0,0,0,0,0,1,,,,,,,,,,,,,,,,,,,,,,,13419716,88019,OTT,Ottawa RedBlacks,Regular Season,2026-09-05T13:09:45.302148,2026
1015046,83,Kalil Pimpleton,Kalil Pimpleton,Offensive_WideReceiver,Started,,,,,,,,,,,,,,,7.0,3.0,22.0,13.0,0.0,10.0,7.333,3.143,0.429,,,,,,,,,,,,,,,,,,,,,,6.0,76.0,20.0,12.667,1.0,16.0,16.0,16.0,13419716,88019,OTT,Ottawa RedBlacks,Regular Season,2026-09-05T13:09:45.302148,2026
1080706,5,Greg Bell,Greg Bell,Offensive_RunningBack,Started,,,,,,,,,,8.0,55.0,0,12,6.875,1.0,1.0,3.0,0.0,0.0,3.0,3.0,3.0,1.0,,,,,,,,,,,,,,,,,,,,,,,,,,,,,,13419716,88019,OTT,Ottawa RedBlacks,Regular Season,2026-09-05T13:09:45.302148,2026
1083949,13,Jake Maier,Jake Maier,Offensive_Quarterback,Started,14.0,23.0,0.609,126.0,0.0,2.0,17.0,5.478,1.565217391304348,,,,,,,,,,,,,,,1,0,0,0,0,0,0,,,,,,,,,,,,,,,,,,,,,,,13419716,88019,OTT,Ottawa RedBlacks,Regular Season,2026-09-05T13:09:45.302148,2026
1092881,20,Alonzo Addae,Alonzo Addae,Defensive_DefensiveBack,Started,,,,,,,,,,,,,,,,,,,,,,,,1,0,0,0,0,1,0,,,,,,,,,,,,,,,,,,,,,,,13419716,88019,OTT,Ottawa RedBlacks,Regular Season,2026-09-05T13:09:45.302148,2026
1130120,48,Sione Teuhema,Sione Teuhema,Defensive_DefensiveLineman,ActiveNotPlayed,,,,,,,,,,,,,,,,,,,,,,,,3,0,0,0,0,0,0,,,,,,,,,,,,,,,,,,,,,,,13419716,88019,OTT,Ottawa RedBlacks,Regular Season,2026-09-05T13:09:45.302148,2026
1349458,25,Daniel Adeboboye,Daniel Adeboboye,Offensive_RunningBack,ActiveNotPlayed,,,,,,,,,,2.0,10.0,0,6,5.0,,,,,,,,,,,,,,,,,,,,,,,,,,,,,,,1.0,26.0,26.0,26.0,,,,,13419716,88019,OTT,Ottawa RedBlacks,Regular Season,2026-09-05T13:09:45.302148,2026
1350583,21,Brett Lauther,Brett Lauther,Kicker,ActiveNotPlayed,,,,,,,,,,,,,,,,,,,,,,,,,,,,,,,1.0,2.0,0.5,36,1.0,0.0,,,,,,,,,,,,,,,,,13419716,88019,OTT,Ottawa RedBlacks,Regular Season,2026-09-05T13:09:45.302148,2026
1357386,61,Drew Desjarlais,Drew Desjarlais,Offensive_OffensiveLineman,Started,,,,,,,,,,,,,,,,,,,,,,,,1,0,0,0,0,0,0,,,,,,,,,,,,,,,,,,,,,,,13419716,88019,OTT,Ottawa RedBlacks,Regular Season,2026-09-05T13:09:45.302148,2026
1384790,0,A.J. Allen,A.J. Allen,Defensive_Linebacker,ActiveNotPlayed,,,,,,,,,,,,,,,,,,,,,,,,2,0,0,0,0,0,1,,,,,,,,,,,,,,,,,,,,,,,13419716,88019,OTT,Ottawa RedBlacks,Regular Season,2026-09-05T13:09:45.302148,2026
1397558,33,Noah Gettman,Noah Gettman,Kicker,ActiveNotPlayed,,,,,,,,,,,,,,,,,,,,,,,,,,,,,,,,,,,,,3.0,175.0,73.0,1.0,42.0,42.0,42.0,0.0,,,,,,,,,13419716,88019,OTT,Ottawa RedBlacks,Regular Season,2026-09-05T13:09:45.302148,2026
1402692,55,Blessman Ta'ala,Blessman Ta'ala,Defensive_DefensiveLineman,ActiveNotPlayed,,,,,,,,,,,,,,,,,,,,,,,,2,0,0,0,0,0,0,,,,,,,,,,,,,,,,,,,,,,,13419716,88019,OTT,Ottawa RedBlacks,Regular Season,2026-09-05T13:09:45.302148,2026
1403950,19,Lucas Cormier,Lucas Cormier,Defensive_Linebacker,Started,,,,,,,,,,,,,,,,,,,,,,,,7,0,0,0,0,0,0,,,,,,,,,,,,,,,,,,,,,,,13419716,88019,OTT,Ottawa RedBlacks,Regular Season,2026-09-05T13:09:45.302148,2026
1488448,97,Jelani Stafford,Jelani Stafford,Defensive_DefensiveLineman,Started,,,,,,,,,,,,,,,,,,,,,,,,4,1,0,0,0,0,0,,,,,,,,,,,,,,,,,,,,,,,13419716,88019,OTT,Ottawa RedBlacks,Regular Season,2026-09-05T13:09:45.302148,2026
1495270,28,Shadwel Nkuba II,Shadwel Nkuba II,Defensive_DefensiveBack,Started,,,,,,,,,,,,,,,,,,,,,,,,3,0,0,0,0,1,0,,,,,,,,,,,,,,,,,,,,,,,13419716,88019,OTT,Ottawa RedBlacks,Regular Season,2026-09-05T13:09:45.302148,2026
1495437,29,Jessie Evans,Jessie Evans,Defensive_DefensiveLineman,ActiveNotPlayed,,,,,,,,,,,,,,,,,,,,,,,,0,0,0,0,1,0,0,,,,,,,,,,,,,,,,,,,,,,,13419716,88019,OTT,Ottawa RedBlacks,Regular Season,2026-09-05T13:09:45.302148,2026
1497161,81,Keelan White,Keelan White,Offensive_WideReceiver,Started,,,,,,,,,,,,,,,6.0,6.0,70.0,20.0,0.0,31.0,11.667,11.667,1.0,,,,,,,,,,,,,,,,,,,,,,,,,,,,,,13419716,88019,OTT,Ottawa RedBlacks,Regular Season,2026-09-05T13:09:45.302148,2026
1507770,37,Marcus Barnes,Marcus Barnes,Defensive_DefensiveBack,Started,,,,,,,,,,,,,,,,,,,,,,,,5,0,0,0,0,0,0,,,,,,,,,,,,,,,,,,,,,,,13419716,88019,OTT,Ottawa RedBlacks,Regular Season,2026-09-05T13:09:45.302148,2026
1510991,32,K.J. Cloyd,K.J. Cloyd,Defensive_Linebacker,Started,,,,,,,,,,,,,,,,,,,,,,,,5,0,0,0,0,0,0,,,,,,,,,,,,,,,,,,,,,,,13419716,88019,OTT,Ottawa RedBlacks,Regular Season,2026-09-05T13:09:45.302148,2026
1515021,17,Bryson Barnes,Bryson Barnes,Offensive_Quarterback,ActiveNotPlayed,,,,,,,,,,8.0,20.0,2,10,2.5,,,,,,,,,,,,,,,,,,,,,,,,,,,,,,,,,,,,,,,13419716,88019,OTT,Ottawa RedBlacks,Regular Season,2026-09-05T13:09:45.302148,2026
1516637,85,Cade McDonald,Cade McDonald,Offensive_WideReceiver,Started,,,,,,,,,,,,,,,4.0,1.0,9.0,0.0,0.0,9.0,9.0,2.25,0.25,,,,,,,,,,,,,,,,,,,,,,,,,,,,,,13419716,88019,OTT,Ottawa RedBlacks,Regular Season,2026-09-05T13:09:45.302148,2026
1519874,99,Dennis Briggs Jr.,Dennis Briggs Jr.,Defensive_DefensiveLineman,Started,,,,,,,,,,,,,,,,,,,,,,,,1,0,0,0,0,0,0,,,,,,,,,,,,,,,,,,,,,,,13419716,88019,OTT,Ottawa RedBlacks,Regular Season,2026-09-05T13:09:45.302148,2026
1521340,27,King Ambers,King Ambers,Defensive_DefensiveBack,Started,,,,,,,,,,,,,,,,,,,,,,,,2,0,0,0,0,0,1,,,,,,,,,,,,,,,,,,,,,,,13419716,88019,OTT,Ottawa RedBlacks,Regular Season,2026-09-05T13:09:45.302148,2026
1600476,0,Mario Anderson,Mario Anderson,Offensive_RunningBack,ActiveNotPlayed,,,,,,,,,,3.0,11.0,0,5,3.667,1.0,1.0,7.0,6.0,0.0,7.0,7.0,7.0,1.0,,,,,,,,,,,,,,,,,,,,,,,,,,,,,,13419716,88019,OTT,Ottawa RedBlacks,Regular Season,2026-09-05T13:09:45.302148,2026
1602463,15,Eric Cumberbatch,Eric Cumberbatch,Defensive_DefensiveBack,Started,,,,,,,,,,,,,,,,,,,,,,,,4,0,0,0,0,0,0,,,,,,,,,,,,,,,,,,,,,,,13419716,88019,OTT,Ottawa RedBlacks,Regular Season,2026-09-05T13:09:45.302148,2026
1752418,47,Josh Connors,Josh Connors,Defensive_Linebacker,ActiveNotPlayed,,,,,,,,,,,,,,,,,,,,,,,,0,0,0,0,0,0,1,,,,,,,,,,,,,,,,,,,,,,,13419716,88019,OTT,Ottawa RedBlacks,Regular Season,2026-09-05T13:09:45.302148,2026
719463,3,McLeod Bethel-Thompson,McLeod Bethel-Thompson,Offensive_Quarterback,ActiveNotPlayed,4.0,9.0,0.444,55.0,0.0,1.0,31.0,6.111,1.1111111111111112,,,,,,,,,,,,,,,,,,,,,,,,,,,,,,,,,,,,,,,,,,,,13419716,88019,OTT,Ottawa RedBlacks,Regular Season,2026-09-05T13:09:45.302148,2026
835400,2,Justin Hardy,Justin Hardy,Offensive_WideReceiver,Started,,,,,,,,,,,,,,,6.0,4.0,52.0,9.0,0.0,16.0,13.0,8.667,0.667,,,,,,,,,,,,,,,,,,,,,,,,,,,,,,13419716,88019,OTT,Ottawa RedBlacks,Regular Season,2026-09-05T13:09:45.302148,2026
1005323,3,Austin Mack,Austin Mack,Offensive_WideReceiver,Started,,,,,,,,,,,,,,,8.0,6.0,68.0,16.0,1.0,15.0,11.333,8.5,0.75,1,0,0,0,0,0,0,,,,,,,,,,,,,,,,,,,,,,,13419717,114347,EDM,Edmonton Elks,Regular Season,2026-09-05T13:09:45.302148,2026
1005963,0,Kobe Williams,Kobe Williams,Defensive_DefensiveBack,Started,,,,,,,,,,,,,,,,,,,,,,,,3,0,0,0,0,0,0,,,,,,,,,,,,,,,,,,,,,,,13419717,114347,EDM,Edmonton Elks,Regular Season,2026-09-05T13:09:45.302148,2026
1006559,10,Jake Julien,Jake Julien,Punter,ActiveNotPlayed,,,,,,,,,,,,,,,,,,,,,,,,,,,,,,,,,,,,,,,,5.0,265.0,53.0,59.0,0.0,,,,,,,,,13419717,114347,EDM,Edmonton Elks,Regular Season,2026-09-05T13:09:45.302148,2026
1007365,5,Justin Rankin,Justin Rankin,Offensive_RunningBack,Started,,,,,,,,,,19.0,93.0,0,15,4.895,4.0,4.0,48.0,33.0,0.0,17.0,12.0,12.0,1.0,,,,,,,,,,,,,,,,,,,,,,,,,,,,,,13419717,114347,EDM,Edmonton Elks,Regular Season,2026-09-05T13:09:45.302148,2026
1009107,22,Javon Leake,Javon Leake,Offensive_RunningBack,ActiveNotPlayed,,,,,,,,,,1.0,2.0,0,2,2.0,,,,,,,,,,,,,,,,,,,,,,,,,,,,,,,2.0,38.0,24.0,19.0,4.0,46.0,15.0,11.5,13419717,114347,EDM,Edmonton Elks,Regular Season,2026-09-05T13:09:45.302148,2026
1011445,50,Joel Dublanko,Joel Dublanko,Defensive_Linebacker,Started,,,,,,,,,,,,,,,,,,,,,,,,7,0,1,0,0,0,0,,,,,,,,,,,,,,,,,,,,,,,13419717,114347,EDM,Edmonton Elks,Regular Season,2026-09-05T13:09:45.302148,2026
1013556,6,Brendan O'Leary-Orange,Brendan O'Leary-Orange,Offensive_WideReceiver,Started,,,,,,,,,,,,,,,4.0,1.0,41.0,4.0,0.0,41.0,41.0,10.25,0.25,,,,,,,,,,,,,,,,,,,,,,,,,,,,,,13419717,114347,EDM,Edmonton Elks,Regular Season,2026-09-05T13:09:45.302148,2026
1014004,32,Leonard Johnson,Leonard Johnson,Defensive_DefensiveBack,ActiveNotPlayed,,,,,,,,,,,,,,,,,,,,,,,,0,0,0,0,0,0,2,,,,,,,,,,,,,,,,,,,,,,,13419717,114347,EDM,Edmonton Elks,Regular Season,2026-09-05T13:09:45.302148,2026
1016182,2,Malik Carney,Malik Carney,Defensive_DefensiveLineman,Started,,,,,,,,,,,,,,,,,,,,,,,,1,0,1,0,0,0,0,,,,,,,,,,,,,,,,,,,,,,,13419717,114347,EDM,Edmonton Elks,Regular Season,2026-09-05T13:09:45.302148,2026
1074386,68,Jordan Murray,Jordan Murray,Offensive_OffensiveLineman,Started,,,,,,,,,,,,,,,,,,,,,,,,1,0,0,0,0,0,0,,,,,,,,,,,,,,,,,,,,,,,13419717,114347,EDM,Edmonton Elks,Regular Season,2026-09-05T13:09:45.302148,2026
1079457,43,Brock Mogensen,Brock Mogensen,Defensive_Linebacker,ActiveNotPlayed,,,,,,,,,,,,,,,,,,,,,,,,1,0,0,0,0,0,0,,,,,,,,,,,,,,,,,,,,,,,13419717,114347,EDM,Edmonton Elks,Regular Season,2026-09-05T13:09:45.302148,2026
1084057,91,Jared Brinkman,Jared Brinkman,Defensive_DefensiveLineman,Started,,,,,,,,,,,,,,,,,,,,,,,,1,0,0,0,0,0,0,,,,,,,,,,,,,,,,,,,,,,,13419717,114347,EDM,Edmonton Elks,Regular Season,2026-09-05T13:09:45.302148,2026
1349549,11,Kaion Julien-Grant,Kaion Julien-Grant,Offensive_WideReceiver,Started,,,,,,,,,,,,,,,3.0,0.0,0.0,0.0,0.0,0.0,,,0.0,1,0,0,0,0,0,0,,,,,,,,,,,,,,,,,,,,,,,13419717,114347,EDM,Edmonton Elks,Regular Season,2026-09-05T13:09:45.302148,2026
1350572,7,Cody Fajardo,Cody Fajardo,Offensive_Quarterback,Started,20.0,32.0,0.625,259.0,1.0,1.0,41.0,8.094,7.3125,6.0,28.0,1,8,4.667,,,,,,,,,,,,,,,,,,,,,,,,,,,,,,,,,,,,,,,13419717,114347,EDM,Edmonton Elks,Regular Season,2026-09-05T13:09:45.302148,2026
1399418,48,Nick Anderson,Nick Anderson,Defensive_Linebacker,Started,,,,,,,,,,,,,,,,,,,,,,,,7,0,0,0,0,0,0,,,,,,,,,,,,,,,,,,,,,,,13419717,114347,EDM,Edmonton Elks,Regular Season,2026-09-05T13:09:45.302148,2026
1408288,88,T.J. Luther,T.J. Luther,Offensive_WideReceiver,Started,,,,,,,,,,,,,,,9.0,7.0,85.0,30.0,0.0,28.0,12.143,9.444,0.778,,,,,,,,,,,,,,,,,,,,,,,,,,,,,,13419717,114347,EDM,Edmonton Elks,Regular Season,2026-09-05T13:09:45.302148,2026
1468042,26,Vincent Blanchard,Vincent Blanchard,Kicker,ActiveNotPlayed,,,,,,,,,,,,,,,,,,,,,,,,,,,,,,,3.0,3.0,1.0,42,1.0,0.0,3.0,201.0,79.0,,,,,,,,,,,,,,13419717,114347,EDM,Edmonton Elks,Regular Season,2026-09-05T13:09:45.302148,2026
1470612,23,Tyshon Blackburn,Tyshon Blackburn,Defensive_DefensiveBack,ActiveNotPlayed,,,,,,,,,,,,,,,,,,,,,,,,0,0,0,0,0,0,1,,,,,,,,,,,,,,,,,,,,,,,13419717,114347,EDM,Edmonton Elks,Regular Season,2026-09-05T13:09:45.302148,2026
1470656,13,Kordell Jackson,Kordell Jackson,Defensive_Linebacker,Started,,,,,,,,,,,,,,,,,,,,,,,,5,1,0,0,0,0,0,,,,,,,,,,,,,,,,,,,,,,,13419717,114347,EDM,Edmonton Elks,Regular Season,2026-09-05T13:09:45.302148,2026
1470657,47,D.K. Bonhomme,D.K. Bonhomme,Defensive_DefensiveLineman,ActiveNotPlayed,,,,,,,,,,,,,,,,,,,,,,,,0,0,0,0,0,0,2,,,,,,,,,,,,,,,,,,,,,,,13419717,114347,EDM,Edmonton Elks,Regular Season,2026-09-05T13:09:45.302148,2026
1482936,25,Chelen Garnes,Chelen Garnes,Defensive_DefensiveBack,Started,,,,,,,,,,,,,,,,,,,,,,,,2,0,0,0,0,0,0,,,,,,,,,,,,,,,,,,,,,,,13419717,114347,EDM,Edmonton Elks,Regular Season,2026-09-05T13:09:45.302148,2026
1483155,18,Joshua Cephus,Joshua Cephus,Offensive_WideReceiver,Started,,,,,,,,,,,,,,,4.0,2.0,17.0,0.0,0.0,13.0,8.5,4.25,0.5,,,,,,,,,,,,,,,,,,,,,,1.0,17.0,17.0,17.0,1.0,12.0,12.0,12.0,13419717,114347,EDM,Edmonton Elks,Regular Season,2026-09-05T13:09:45.302148,2026
1483633,42,Noah Taylor,Noah Taylor,Defensive_DefensiveLineman,Started,,,,,,,,,,,,,,,,,,,,,,,,2,1,0,0,0,0,0,,,,,,,,,,,,,,,,,,,,,,,13419717,114347,EDM,Edmonton Elks,Regular Season,2026-09-05T13:09:45.302148,2026
1501819,45,Dariel Djabome,Dariel Djabome,Defensive_Linebacker,ActiveNotPlayed,,,,,,,,,,,,,,,,,,,,,,,,1,0,0,0,0,0,0,,,,,,,,,,,,,,,,,,,,,,,13419717,114347,EDM,Edmonton Elks,Regular Season,2026-09-05T13:09:45.302148,2026
1507833,97,Gavin Meyer,Gavin Meyer,Defensive_DefensiveLineman,Started,,,,,,,,,,,,,,,,,,,,,,,,3,0,0,0,0,0,0,,,,,,,,,,,,,,,,,,,,,,,13419717,114347,EDM,Edmonton Elks,Regular Season,2026-09-05T13:09:45.302148,2026
1518031,29,JJ Ross,JJ Ross,Defensive_DefensiveBack,Started,,,,,,,,,,,,,,,,,,,,,,,,3,0,0,0,0,0,0,,,,,,,,,,,,,,,,,,,,,,,13419717,114347,EDM,Edmonton Elks,Regular Season,2026-09-05T13:09:45.302148,2026
1604186,96,Richard Jibunor,Richard Jibunor,Defensive_DefensiveLineman,ActiveNotPlayed,,,,,,,,,,,,,,,,,,,,,,,,0,0,0,0,0,0,2,,,,,,,,,,,,,,,,,,,,,,,13419717,114347,EDM,Edmonton Elks,Regular Season,2026-09-05T13:09:45.302148,2026
1650447,41,Terez Reid,Terez Reid,Defensive_DefensiveBack,Started,,,,,,,,,,,,,,,,,,,,,,,,4,0,0,1,0,0,0,,,,,,,,,,,,,,,,,,,,,,,13419717,114347,EDM,Edmonton Elks,Regular Season,2026-09-05T13:09:45.302148,2026
1752327,49,Justin Pace,Justin Pace,Defensive_Linebacker,ActiveNotPlayed,,,,,,,,,,,,,,,,,,,,,,,,0,0,0,0,0,0,1,,,,,,,,,,,,,,,,,,,,,,,13419717,114347,EDM,Edmonton Elks,Regular Season,2026-09-05T13:09:45.302148,2026
1003939,1,Deatrick Nichols,Deatrick Nichols,Defensive_DefensiveBack,Started,,,,,,,,,,,,,,,,,,,,,,,,2,0,0,0,0,0,0,,,,,,,,,,,,,,,,,,,,,,,13419717,110380,WPG,Winnipeg Blue Bombers,Regular Season,2026-09-05T13:09:45.302148,2026
1012104,39,Jaylen Smith,Jaylen Smith,Defensive_Linebacker,Started,,,,,,,,,,,,,,,,,,,,,,,,8,0,1,0,0,0,2,,,,,,,,,,,,,,,,,,,,,,,13419717,110380,WPG,Winnipeg Blue Bombers,Regular Season,2026-09-05T13:09:45.302148,2026
1014288,33,Tony Jones,Tony Jones,Defensive_Linebacker,Started,,,,,,,,,,,,,,,,,,,,,,,,4,0,1,0,0,1,1,,,,,,,,,,,,,,,,,,,,,,,13419717,110380,WPG,Winnipeg Blue Bombers,Regular Season,2026-09-05T13:09:45.302148,2026
1015193,80,Ontaria Wilson,Ontaria Wilson,Offensive_WideReceiver,Started,,,,,,,,,,,,,,,7.0,4.0,35.0,29.0,0.0,14.0,8.75,5.0,0.571,1,0,0,0,0,0,0,,,,,,,,,,,,,,,,,,,,,,,13419717,110380,WPG,Winnipeg Blue Bombers,Regular Season,2026-09-05T13:09:45.302148,2026
1018781,12,Tim White,Tim White,Offensive_WideReceiver,Started,,,,,,,,,,,,,,,6.0,3.0,57.0,0.0,1.0,30.0,19.0,9.5,0.5,,,,,,,,,,,,,,,,,,,,,,,,,,,,,,13419717,110380,WPG,Winnipeg Blue Bombers,Regular Season,2026-09-05T13:09:45.302148,2026
1073269,3,Jaiden Woodbey,Jaiden Woodbey,Defensive_Linebacker,ActiveNotPlayed,,,,,,,,,,,,,,,,,,,,,,,,3,0,0,0,0,0,0,,,,,,,,,,,,,,,,,,,,,,,13419717,110380,WPG,Winnipeg Blue Bombers,Regular Season,2026-09-05T13:09:45.302148,2026
1078857,9,Bryce Perkins,Bryce Perkins,Offensive_Quarterback,ActiveNotPlayed,,,,,,,,,,1.0,0.0,0,0,0.0,,,,,,,,,,,,,,,,,,,,,,,,,,,,,,,,,,,,,,,13419717,110380,WPG,Winnipeg Blue Bombers,Regular Season,2026-09-05T13:09:45.302148,2026
1082157,31,Evan Holm,Evan Holm,Defensive_DefensiveBack,Started,,,,,,,,,,,,,,,,,,,,,,,,1,0,0,0,1,0,0,,,,,,,,,,,,,,,,,,,,,,,13419717,110380,WPG,Winnipeg Blue Bombers,Regular Season,2026-09-05T13:09:45.302148,2026
1082183,20,Brady Oliveira,Brady Oliveira,Offensive_RunningBack,Started,,,,,,,,,,16.0,118.0,0,35,7.375,2.0,2.0,11.0,4.0,0.0,6.0,5.5,5.5,1.0,,,,,,,,,,,,,,,,,,,,,,,,,,,,,,13419717,110380,WPG,Winnipeg Blue Bombers,Regular Season,2026-09-05T13:09:45.302148,2026
1131290,94,Jake Ceresna,Jake Ceresna,Defensive_Tackle,Started,,,,,,,,,,,,,,,,,,,,,,,,2,0,0,0,0,0,0,,,,,,,,,,,,,,,,,,,,,,,13419717,110380,WPG,Winnipeg Blue Bombers,Regular Season,2026-09-05T13:09:45.302148,2026
1243886,14,Sergio Castillo,Sergio Castillo,Kicker,ActiveNotPlayed,,,,,,,,,,,,,,,,,,,,,,,,,,,,,,,4.0,4.0,1.0,53,1.0,0.0,3.0,225.0,78.0,,,,,,,,,,,,,,13419717,110380,WPG,Winnipeg Blue Bombers,Regular Season,2026-09-05T13:09:45.302148,2026
1349490,83,Tommy Nield,Tommy Nield,Offensive_WideReceiver,Started,,,,,,,,,,,,,,,6.0,4.0,28.0,12.0,0.0,11.0,7.0,4.667,0.667,,,,,,,,,,,,,,,,,,,,,,,,,,,,,,13419717,110380,WPG,Winnipeg Blue Bombers,Regular Season,2026-09-05T13:09:45.302148,2026
1349515,8,Zach Collaros,Zach Collaros,Offensive_Quarterback,Started,19.0,30.0,0.633,219.0,1.0,1.0,30.0,7.3,6.466666666666667,2.0,2.0,0,1,1.0,,,,,,,,,,,,,,,,,,,,,,,,,,,,,,,,,,,,,,,13419717,110380,WPG,Winnipeg Blue Bombers,Regular Season,2026-09-05T13:09:45.302148,2026
1349519,10,Nic Demski,Nic Demski,Offensive_WideReceiver,Started,,,,,,,,,,1.0,-3.0,0,-3,-3.0,7.0,5.0,80.0,23.0,0.0,28.0,16.0,11.429,0.714,,,,,,,,,,,,,,,,,,,,,,,,,,,,,,13419717,110380,WPG,Winnipeg Blue Bombers,Regular Season,2026-09-05T13:09:45.302148,2026
1349541,99,Cameron Lawson,Cameron Lawson,Defensive_Tackle,Started,,,,,,,,,,,,,,,,,,,,,,,,1,0,0,0,0,1,0,,,,,,,,,,,,,,,,,,,,,,,13419717,110380,WPG,Winnipeg Blue Bombers,Regular Season,2026-09-05T13:09:45.302148,2026
1349561,19,Kyrie Wilson,Kyrie Wilson,Defensive_Linebacker,Started,,,,,,,,,,,,,,,,,,,,,,,,3,0,1,0,0,0,0,,,,,,,,,,,,,,,,,,,,,,,13419717,110380,WPG,Winnipeg Blue Bombers,Regular Season,2026-09-05T13:09:45.302148,2026
1384562,82,Gavin Cobb,Gavin Cobb,Offensive_WideReceiver,Started,,,,,,,,,,,,,,,1.0,1.0,8.0,8.0,0.0,8.0,8.0,8.0,1.0,,,,,,,,,,,,,,,,,,,,,,,,,,,,,,13419717,110380,WPG,Winnipeg Blue Bombers,Regular Season,2026-09-05T13:09:45.302148,2026
1401587,49,Michael Ayers,Michael Ayers,Defensive_Linebacker,ActiveNotPlayed,,,,,,,,,,,,,,,,,,,,,,,,0,0,0,0,0,0,2,,,,,,,,,,,,,,,,,,,,,,,13419717,110380,WPG,Winnipeg Blue Bombers,Regular Season,2026-09-05T13:09:45.302148,2026
1403880,16,Jake Kelly,Jake Kelly,Defensive_DefensiveBack,Started,,,,,,,,,,,,,,,,,,,,,,,,5,0,0,0,0,0,1,,,,,,,,,,,,,,,,,,,,,,,13419717,110380,WPG,Winnipeg Blue Bombers,Regular Season,2026-09-05T13:09:45.302148,2026
1403894,18,Jamieson Sheahan,Jamieson Sheahan,Punter,ActiveNotPlayed,,,,,,,,,,,,,,,,,,,,,,,,,,,,,,,,,,,,,,,,5.0,251.0,50.2,54.0,0.0,,,,,,,,,13419717,110380,WPG,Winnipeg Blue Bombers,Regular Season,2026-09-05T13:09:45.302148,2026
1464504,23,Trey Vaval,Trey Vaval,Defensive_DefensiveBack,ActiveNotPlayed,,,,,,,,,,,,,,,,,,,,,,,,3,0,0,0,0,0,0,,,,,,,,,,,,,,,3.0,61.0,24.0,20.333,5.0,61.0,22.0,12.2,13419717,110380,WPG,Winnipeg Blue Bombers,Regular Season,2026-09-05T13:09:45.302148,2026
1487645,45,David Reese,David Reese,Defensive_End,Started,,,,,,,,,,,,,,,,,,,,,,,,2,0,0,0,1,0,0,,,,,,,,,,,,,,,,,,,,,,,13419717,110380,WPG,Winnipeg Blue Bombers,Regular Season,2026-09-05T13:09:45.302148,2026
1507088,30,Dylan Hazen,Dylan Hazen,Defensive_Linebacker,ActiveNotPlayed,,,,,,,,,,,,,,,,,,,,,,,,0,0,0,0,0,0,1,,,,,,,,,,,,,,,,,,,,,,,13419717,110380,WPG,Winnipeg Blue Bombers,Regular Season,2026-09-05T13:09:45.302148,2026
1636948,24,Major Williams,Major Williams,Defensive_DefensiveBack,Started,,,,,,,,,,,,,,,,,,,,,,,,7,0,0,0,0,0,0,,,,,,,,,,,,,,,,,,,,,,,13419717,110380,WPG,Winnipeg Blue Bombers,Regular Season,2026-09-05T13:09:45.302148,2026
1752355,27,Brody Clark,Brody Clark,Defensive_Linebacker,ActiveNotPlayed,,,,,,,,,,,,,,,,,,,,,,,,0,0,0,0,0,0,1,,,,,,,,,,,,,,,,,,,,,,,13419717,110380,WPG,Winnipeg Blue Bombers,Regular Season,2026-09-05T13:09:45.302148,2026
1752357,87,Dante Daniels,Dante Daniels,Offensive_TightEnd,ActiveNotPlayed,,,,,,,,,,,,,,,1.0,0.0,0.0,0.0,0.0,0.0,,,0.0,,,,,,,,,,,,,,,,,,,,,,,,,,,,,,13419717,110380,WPG,Winnipeg Blue Bombers,Regular Season,2026-09-05T13:09:45.302148,2026
999581,2,Jonathan Moxey,Jonathan Moxey,Defensive_DefensiveBack,Started,,,,,,,,,,,,,,,,,,,,,,,,1,0,0,1,0,0,0,,,,,,,,,,,,,,,,,,,,,,,13419717,110380,WPG,Winnipeg Blue Bombers,Regular Season,2026-09-05T13:09:45.302148,2026
1005577,86,Damonte Coxie,Damonte Coxie,Offensive_WideReceiver,Started,,,,,,,,,,,,,,,5.0,4.0,75.0,8.0,2.0,35.0,18.75,15.0,0.8,,,,,,,,,,,,,,,,,,,,,,,,,,,,,,13419718,122345,TOR,Toronto Argonauts,Regular Season,2026-09-05T13:09:45.302148,2026
1006437,3,Janarion Grant,Janarion Grant,Offensive_WideReceiver,ActiveNotPlayed,,,,,,,,,,,,,,,,,,,,,,,,,,,,,,,,,,,,,,,,,,,,,2.0,44.0,23.0,22.0,5.0,98.0,46.0,19.6,13419718,122345,TOR,Toronto Argonauts,Regular Season,2026-09-05T13:09:45.302148,2026
1015150,2,Tarvarus McFadden,Tarvarus McFadden,Defensive_DefensiveBack,Started,,,,,,,,,,,,,,,,,,,,,,,,3,0,0,0,0,0,0,,,,,,,,,,,,,,,,,,,,,,,13419718,122345,TOR,Toronto Argonauts,Regular Season,2026-09-05T13:09:45.302148,2026
1016260,95,Jonathan Kongbo,Jonathan Kongbo,Defensive_DefensiveLineman,Started,,,,,,,,,,,,,,,,,,,,,,,,1,0,1,0,0,1,0,,,,,,,,,,,,,,,,,,,,,,,13419718,122345,TOR,Toronto Argonauts,Regular Season,2026-09-05T13:09:45.302148,2026
1016527,97,Dewayne Hendrix,Dewayne Hendrix,Defensive_DefensiveLineman,ActiveNotPlayed,,,,,,,,,,,,,,,,,,,,,,,,2,1,0,0,0,0,0,,,,,,,,,,,,,,,,,,,,,,,13419718,122345,TOR,Toronto Argonauts,Regular Season,2026-09-05T13:09:45.302148,2026
1022794,83,David Ungerer III,David Ungerer III,Offensive_WideReceiver,Started,,,,,,,,,,,,,,,5.0,3.0,27.0,0.0,0.0,13.0,9.0,5.4,0.6,,,,,,,,,,,,,,,,,,,,,,,,,,,,,,13419718,122345,TOR,Toronto Argonauts,Regular Season,2026-09-05T13:09:45.302148,2026
1078483,34,Bubba Bolden,Bubba Bolden,Defensive_DefensiveBack,Started,,,,,,,,,,,,,,,,,,,,,,,,4,1,0,0,0,0,0,,,,,,,,,,,,,,,,,,,,,,,13419718,122345,TOR,Toronto Argonauts,Regular Season,2026-09-05T13:09:45.302148,2026
1084913,87,Jake Herslow,Jake Herslow,Offensive_WideReceiver,Started,,,,,,,,,,,,,,,2.0,2.0,32.0,18.0,0.0,18.0,16.0,16.0,1.0,,,,,,,,,,,,,,,,,,,,,,,,,,,,,,13419718,122345,TOR,Toronto Argonauts,Regular Season,2026-09-05T13:09:45.302148,2026
1349460,1,DaShaun Amos,DaShaun Amos,Defensive_DefensiveBack,Started,,,,,,,,,,,,,,,,,,,,,,,,2,0,0,0,0,0,0,,,,,,,,,,,,,,,,,,,,,,,13419718,122345,TOR,Toronto Argonauts,Regular Season,2026-09-05T13:09:45.302148,2026
1349568,6,Adarius Pickett,Adarius Pickett,Defensive_Linebacker,Started,,,,,,,,,,,,,,,,,,,,,,,,5,0,0,0,0,0,0,,,,,,,,,,,,,,,,,,,,,,,13419718,122345,TOR,Toronto Argonauts,Regular Season,2026-09-05T13:09:45.302148,2026
1350449,42,Shawn Lemon,Shawn Lemon,Defensive_DefensiveLineman,ActiveNotPlayed,,,,,,,,,,,,,,,,,,,,,,,,4,2,0,0,1,0,0,,,,,,,,,,,,,,,,,,,,,,,13419718,122345,TOR,Toronto Argonauts,Regular Season,2026-09-05T13:09:45.302148,2026
1350456,4,Nick Arbuckle,Nick Arbuckle,Offensive_Quarterback,ActiveNotPlayed,,,,,,,,,,1.0,2.0,0,2,2.0,,,,,,,,,,,,,,,,,,,,,,,,,,,,,,,,,,,,,,,13419718,122345,TOR,Toronto Argonauts,Regular Season,2026-09-05T13:09:45.302148,2026
1357160,23,Benjie Franklin,Benjie Franklin,Defensive_DefensiveBack,Started,,,,,,,,,,,,,,,,,,,,,,,,1,0,0,0,0,0,0,,,,,,,,,,,,,,,,,,,,,,,13419718,122345,TOR,Toronto Argonauts,Regular Season,2026-09-05T13:09:45.302148,2026
1401657,35,Isaac Darkangelo,Isaac Darkangelo,Defensive_Linebacker,Started,,,,,,,,,,,,,,,,,,,,,,,,8,0,0,0,0,0,0,,,,,,,,,,,,,,,,,,,,,,,13419718,122345,TOR,Toronto Argonauts,Regular Season,2026-09-05T13:09:45.302148,2026
1468482,10,Kevin Mital,Kevin Mital,Offensive_WideReceiver,Started,,,,,,,,,,,,,,,10.0,7.0,53.0,11.0,1.0,28.0,7.571,5.3,0.7,,,,,,,,,,,,,,,,,,,,,,,,,,,,,,13419718,122345,TOR,Toronto Argonauts,Regular Season,2026-09-05T13:09:45.302148,2026
1473233,20,Derek Slywka,Derek Slywka,Defensive_DefensiveBack,ActiveNotPlayed,,,,,,,,,,,,,,,,,,,,,,,,0,0,0,0,0,0,1,,,,,,,,,,,,,,,,,,,,,,,13419718,122345,TOR,Toronto Argonauts,Regular Season,2026-09-05T13:09:45.302148,2026
1484829,14,James Burnip,James Burnip,Punter,ActiveNotPlayed,,,,,,,,,,,,,,,,,,,,,,,,,,,,,,,,,,,,,,,,3.0,139.0,46.333,57.0,0.0,,,,,,,,,13419718,122345,TOR,Toronto Argonauts,Regular Season,2026-09-05T13:09:45.302148,2026
1489868,40,Darius McKenzie,Darius McKenzie,Defensive_Linebacker,ActiveNotPlayed,,,,,,,,,,,,,,,,,,,,,,,,0,0,0,0,0,0,1,,,,,,,,,,,,,,,,,,,,,,,13419718,122345,TOR,Toronto Argonauts,Regular Season,2026-09-05T13:09:45.302148,2026
1502167,91,Soane Toia,Soane Toia,Defensive_DefensiveLineman,Started,,,,,,,,,,,,,,,,,,,,,,,,1,0,0,0,0,0,0,,,,,,,,,,,,,,,,,,,,,,,13419718,122345,TOR,Toronto Argonauts,Regular Season,2026-09-05T13:09:45.302148,2026
1514567,7,Qualan Jones,Qualan Jones,Offensive_RunningBack,ActiveNotPlayed,,,,,,,,,,9.0,37.0,0,11,4.111,3.0,3.0,28.0,19.0,0.0,11.0,9.333,9.333,1.0,,,,,,,,,,,,,,,,,,,,,,,,,,,,,,13419718,122345,TOR,Toronto Argonauts,Regular Season,2026-09-05T13:09:45.302148,2026
1598895,82,Tyler Kahmann,Tyler Kahmann,Offensive_WideReceiver,Started,,,,,,,,,,,,,,,9.0,7.0,74.0,26.0,0.0,21.0,10.571,8.222,0.778,1,0,0,0,0,0,0,,,,,,,,,,,,,,,,,,,,,,,13419718,122345,TOR,Toronto Argonauts,Regular Season,2026-09-05T13:09:45.302148,2026
1602451,79,Gabriel Maisonneuve,Gabriel Maisonneuve,Defensive_DefensiveLineman,ActiveNotPlayed,,,,,,,,,,,,,,,,,,,,,,,,0,0,0,0,0,0,1,,,,,,,,,,,,,,,,,,,,,,,13419718,122345,TOR,Toronto Argonauts,Regular Season,2026-09-05T13:09:45.302148,2026
1651882,24,Ethan John,Ethan John,Defensive_DefensiveBack,ActiveNotPlayed,,,,,,,,,,,,,,,,,,,,,,,,0,0,0,0,0,0,1,,,,,,,,,,,,,,,,,,,,,,,13419718,122345,TOR,Toronto Argonauts,Regular Season,2026-09-05T13:09:45.302148,2026
1722195,28,James Ceasar,James Ceasar,Defensive_DefensiveBack,Started,,,,,,,,,,,,,,,,,,,,,,,,2,0,0,0,0,0,0,,,,,,,,,,,,,,,,,,,,,,,13419718,122345,TOR,Toronto Argonauts,Regular Season,2026-09-05T13:09:45.302148,2026
1752314,9,Louis Philippe Gauthier,Louis Philippe Gauthier,Defensive_DefensiveBack,ActiveNotPlayed,,,,,,,,,,,,,,,,,,,,,,,,1,0,0,0,0,0,1,,,,,,,,,,,,,,,,,,,,,,,13419718,122345,TOR,Toronto Argonauts,Regular Season,2026-09-05T13:09:45.302148,2026
1752348,41,Sebastian Parsalidis,Sebastian Parsalidis,Offensive_Fullback,ActiveNotPlayed,,,,,,,,,,,,,,,,,,,,,,,,0,0,0,0,0,0,1,,,,,,,,,,,,,,,,,,,,,,,13419718,122345,TOR,Toronto Argonauts,Regular Season,2026-09-05T13:09:45.302148,2026
1752352,16,Brady Lidster,Brady Lidster,Kicker,ActiveNotPlayed,,,,,,,,,,,,,,,,,,,,,,,,,,,,,,,4.0,5.0,0.8,49,3.0,0.0,5.0,315.0,72.0,,,,,,,,,,,,,,13419718,122345,TOR,Toronto Argonauts,Regular Season,2026-09-05T13:09:45.302148,2026
1752362,21,Isaiah Smith,Isaiah Smith,Offensive_RunningBack,Started,,,,,,,,,,15.0,99.0,0,29,6.6,,,,,,,,,,,,,,,,,,,,,,,,,,,,,,,,,,,,,,,13419718,122345,TOR,Toronto Argonauts,Regular Season,2026-09-05T13:09:45.302148,2026
998710,12,Chad Kelly,Chad Kelly,Offensive_Quarterback,Started,26.0,34.0,0.765,289.0,3.0,1.0,35.0,8.5,8.941176470588236,2.0,7.0,1,6,3.5,,,,,,,,,,,,,,,,,,,,,,,,,,,,,,,,,,,,,,,13419718,122345,TOR,Toronto Argonauts,Regular Season,2026-09-05T13:09:45.302148,2026
1012742,2,Jamal Peters,Jamal Peters,Defensive_DefensiveBack,Started,,,,,,,,,,,,,,,,,,,,,,,,1,0,0,0,0,0,0,,,,,,,,,,,,,,,,,,,,,,,13419718,83579,HAM,Hamilton Tiger-Cats,Regular Season,2026-09-05T13:09:45.302148,2026
1014479,37,Larry Rountree III,Larry Rountree III,Offensive_RunningBack,Started,,,,,,,,,,9.0,32.0,1,8,3.556,1.0,0.0,0.0,0.0,0.0,0.0,,,0.0,,,,,,,,,,,,,,,,,,,,,,,,,,,,,,13419718,83579,HAM,Hamilton Tiger-Cats,Regular Season,2026-09-05T13:09:45.302148,2026
1018050,16,Jake Dolegala,Jake Dolegala,Offensive_Quarterback,ActiveNotPlayed,,,,,,,,,,1.0,1.0,1,1,1.0,,,,,,,,,,,,,,,,,,,,,,,,,,,,,,,,,,,,,,,13419718,83579,HAM,Hamilton Tiger-Cats,Regular Season,2026-09-05T13:09:45.302148,2026
1022381,91,Miles Fox,Miles Fox,Defensive_DefensiveLineman,Started,,,,,,,,,,,,,,,,,,,,,,,,1,0,0,0,0,0,0,,,,,,,,,,,,,,,,,,,,,,,13419718,83579,HAM,Hamilton Tiger-Cats,Regular Season,2026-09-05T13:09:45.302148,2026
1024286,96,Charbel Dabire,Charbel Dabire,Defensive_DefensiveLineman,ActiveNotPlayed,,,,,,,,,,,,,,,,,,,,,,,,3,0,0,0,0,0,0,,,,,,,,,,,,,,,,,,,,,,,13419718,83579,HAM,Hamilton Tiger-Cats,Regular Season,2026-09-05T13:09:45.302148,2026
1080994,3,Quavian White,Quavian White,Defensive_DefensiveBack,Started,,,,,,,,,,,,,,,,,,,,,,,,9,0,1,0,0,0,0,,,,,,,,,,,,,,,,,,,,,,,13419718,83579,HAM,Hamilton Tiger-Cats,Regular Season,2026-09-05T13:09:45.302148,2026
1082505,44,Daniel Bell,Daniel Bell,Offensive_Fullback,ActiveNotPlayed,,,,,,,,,,,,,,,,,,,,,,,,0,0,0,0,0,0,1,,,,,,,,,,,,,,,,,,,,,,,13419718,83579,HAM,Hamilton Tiger-Cats,Regular Season,2026-09-05T13:09:45.302148,2026
1290182,7,Myron Mitchell,Myron Mitchell,Offensive_WideReceiver,Started,,,,,,,,,,,,,,,2.0,2.0,19.0,14.0,0.0,13.0,9.5,9.5,1.0,,,,,,,,,,,,,,,,,,,,,,,,,,,,,,13419718,83579,HAM,Hamilton Tiger-Cats,Regular Season,2026-09-05T13:09:45.302148,2026
1297961,48,Wynton McManis,Wynton McManis,Defensive_Linebacker,Started,,,,,,,,,,,,,,,,,,,,,,,,4,0,0,0,0,0,0,,,,,,,,,,,,,,,,,,,,,,,13419718,83579,HAM,Hamilton Tiger-Cats,Regular Season,2026-09-05T13:09:45.302148,2026
1345719,8,Keric Wheatfall,Keric Wheatfall,Offensive_WideReceiver,Started,,,,,,,,,,,,,,,5.0,3.0,124.0,24.0,0.0,53.0,41.333,24.8,0.6,,,,,,,,,,,,,,,,,,,,,,,,,,,,,,13419718,83579,HAM,Hamilton Tiger-Cats,Regular Season,2026-09-05T13:09:45.302148,2026
1349477,14,Kurleigh Gittens Jr.,Kurleigh Gittens Jr.,Offensive_WideReceiver,Started,,,,,,,,,,,,,,,2.0,2.0,11.0,8.0,0.0,8.0,5.5,5.5,1.0,,,,,,,,,,,,,,,,,,,,,,,,,,,,,,13419718,83579,HAM,Hamilton Tiger-Cats,Regular Season,2026-09-05T13:09:45.302148,2026
1349505,27,Johnny Augustine,Johnny Augustine,Offensive_RunningBack,ActiveNotPlayed,,,,,,,,,,1.0,7.0,0,7,7.0,,,,,,,,,,,,,,,,,,,,,,,,,,,,,,,,,,,,,,,13419718,83579,HAM,Hamilton Tiger-Cats,Regular Season,2026-09-05T13:09:45.302148,2026
1349542,33,Marc Liegghio,Marc Liegghio,Kicker,ActiveNotPlayed,,,,,,,,,,,,,,,,,,,,,,,,,,,,,,,2.0,2.0,1.0,40,2.0,0.0,2.0,123.0,64.0,,,,,,,,,,,,,,13419718,83579,HAM,Hamilton Tiger-Cats,Regular Season,2026-09-05T13:09:45.302148,2026
1349621,30,Stavros Katsantonis,Stavros Katsantonis,Defensive_DefensiveBack,Started,,,,,,,,,,,,,,,,,,,,,,,,3,0,0,1,0,0,0,,,,,,,,,,,,,,,,,,,,,,,13419718,83579,HAM,Hamilton Tiger-Cats,Regular Season,2026-09-05T13:09:45.302148,2026
1349633,85,Kiondre Smith,Kiondre Smith,Offensive_WideReceiver,Started,,,,,,,,,,,,,,,8.0,6.0,111.0,24.0,0.0,34.0,18.5,13.875,0.75,,,,,,,,,,,,,,,,,,,,,,,,,,,,,,13419718,83579,HAM,Hamilton Tiger-Cats,Regular Season,2026-09-05T13:09:45.302148,2026
1349636,58,Gordon Whyte,Gordon Whyte,LongSnapper,ActiveNotPlayed,,,,,,,,,,,,,,,,,,,,,,,,0,0,0,0,0,0,1,,,,,,,,,,,,,,,,,,,,,,,13419718,83579,HAM,Hamilton Tiger-Cats,Regular Season,2026-09-05T13:09:45.302148,2026
1350454,83,Tyson Middlemost,Tyson Middlemost,Offensive_WideReceiver,ActiveNotPlayed,,,,,,,,,,,,,,,1.0,1.0,25.0,1.0,0.0,25.0,25.0,25.0,1.0,,,,,,,,,,,,,,,,,,,,,,,,,,,,,,13419718,83579,HAM,Hamilton Tiger-Cats,Regular Season,2026-09-05T13:09:45.302148,2026
1350470,5,Tre Ford,Tre Ford,Offensive_Quarterback,Started,19.0,32.0,0.594,356.0,0.0,0.0,53.0,11.125,11.125,4.0,33.0,0,11,8.25,,,,,,,,,,,,,,,,,,,,,,,,,,,,,,,,,,,,,,,13419718,83579,HAM,Hamilton Tiger-Cats,Regular Season,2026-09-05T13:09:45.302148,2026
1350503,34,Ante Milanovic-Litre,Ante Milanovic-Litre,Offensive_Fullback,ActiveNotPlayed,,,,,,,,,,,,,,,,,,,,,,,,0,0,0,0,0,0,1,,,,,,,,,,,,,,,,,,,,,,,13419718,83579,HAM,Hamilton Tiger-Cats,Regular Season,2026-09-05T13:09:45.302148,2026
1400232,1,Reggie Stubblefield,Reggie Stubblefield,Defensive_Linebacker,Started,,,,,,,,,,,,,,,,,,,,,,,,8,0,0,0,0,0,0,,,,,,,,,,,,,,,,,,,,,,,13419718,83579,HAM,Hamilton Tiger-Cats,Regular Season,2026-09-05T13:09:45.302148,2026
1401593,45,Mitchell Agude,Mitchell Agude,Defensive_DefensiveLineman,ActiveNotPlayed,,,,,,,,,,,,,,,,,,,,,,,,2,0,1,0,0,0,0,,,,,,,,,,,,,,,,,,,,,,,13419718,83579,HAM,Hamilton Tiger-Cats,Regular Season,2026-09-05T13:09:45.302148,2026
1464500,11,Isaiah Wooden,Isaiah Wooden,Offensive_WideReceiver,ActiveNotPlayed,,,,,,,,,,,,,,,,,,,,,,,,,,,,,,,,,,,,,,,,,,,,,5.0,108.0,39.0,21.6,2.0,17.0,16.0,8.5,13419718,83579,HAM,Hamilton Tiger-Cats,Regular Season,2026-09-05T13:09:45.302148,2026
1468467,47,Owen Hubert,Owen Hubert,Defensive_DefensiveLineman,ActiveNotPlayed,,,,,,,,,,,,,,,,,,,,,,,,0,0,0,0,0,0,1,,,,,,,,,,,,,,,,,,,,,,,13419718,83579,HAM,Hamilton Tiger-Cats,Regular Season,2026-09-05T13:09:45.302148,2026
1470629,25,Destin Talbert,Destin Talbert,Defensive_DefensiveBack,Started,,,,,,,,,,,,,,,,,,,,,,,,4,0,0,0,0,0,0,,,,,,,,,,,,,,,,,,,,,,,13419718,83579,HAM,Hamilton Tiger-Cats,Regular Season,2026-09-05T13:09:45.302148,2026
1470649,36,Ryan Baker,Ryan Baker,Defensive_Linebacker,ActiveNotPlayed,,,,,,,,,,,,,,,,,,,,,,,,0,0,0,0,0,0,1,,,,,,,,,,,,,,,,,,,,,,,13419718,83579,HAM,Hamilton Tiger-Cats,Regular Season,2026-09-05T13:09:45.302148,2026
1483388,6,Zamari Walton,Zamari Walton,Defensive_DefensiveBack,Started,,,,,,,,,,,,,,,,,,,,,,,,3,0,0,0,0,0,0,,,,,,,,,,,,,,,,,,,,,,,13419718,83579,HAM,Hamilton Tiger-Cats,Regular Season,2026-09-05T13:09:45.302148,2026
1486123,0,Isaiah Bagnah,Isaiah Bagnah,Defensive_DefensiveLineman,ActiveNotPlayed,,,,,,,,,,,,,,,,,,,,,,,,1,0,0,0,0,0,0,,,,,,,,,,,,,,,,,,,,,,,13419718,83579,HAM,Hamilton Tiger-Cats,Regular Season,2026-09-05T13:09:45.302148,2026
1487519,70,Mitch McCarthy,Mitch McCarthy,Punter,ActiveNotPlayed,,,,,,,,,,,,,,,,,,,,,,,,,,,,,,,,,,,,,,,,6.0,279.0,46.5,59.0,0.0,,,,,,,,,13419718,83579,HAM,Hamilton Tiger-Cats,Regular Season,2026-09-05T13:09:45.302148,2026
1502620,82,Maximilian Mang,Maximilian Mang,Offensive_TightEnd,ActiveNotPlayed,,,,,,,,,,,,,,,2.0,1.0,9.0,1.0,0.0,9.0,9.0,4.5,0.5,1,0,0,0,0,0,0,,,,,,,,,,,,,,,,,,,,,,,13419718,83579,HAM,Hamilton Tiger-Cats,Regular Season,2026-09-05T13:09:45.302148,2026
1513936,79,De'jon Benton,De'jon Benton,Defensive_DefensiveLineman,Started,,,,,,,,,,,,,,,,,,,,,,,,1,0,0,0,0,0,0,,,,,,,,,,,,,,,,,,,,,,,13419718,83579,HAM,Hamilton Tiger-Cats,Regular Season,2026-09-05T13:09:45.302148,2026
1518663,32,Jordan Crook,Jordan Crook,Defensive_Linebacker,ActiveNotPlayed,,,,,,,,,,,,,,,,,,,,,,,,1,0,0,0,0,0,1,,,,,,,,,,,,,,,,,,,,,,,13419718,83579,HAM,Hamilton Tiger-Cats,Regular Season,2026-09-05T13:09:45.302148,2026
1596980,35,Ronan Horrall,Ronan Horrall,Defensive_DefensiveBack,ActiveNotPlayed,,,,,,,,,,,,,,,,,,,,,,,,0,0,0,0,0,0,1,,,,,,,,,,,,,,,,,,,,,,,13419718,83579,HAM,Hamilton Tiger-Cats,Regular Season,2026-09-05T13:09:45.302148,2026
1602418,38,Braxton Hill,Braxton Hill,Defensive_Linebacker,Started,,,,,,,,,,,,,,,,,,,,,,,,3,0,0,0,0,0,0,,,,,,,,,,,,,,,,,,,,,,,13419718,83579,HAM,Hamilton Tiger-Cats,Regular Season,2026-09-05T13:09:45.302148,2026
1602441,46,Philip Ossai,Philip Ossai,Defensive_DefensiveLineman,Started,,,,,,,,,,,,,,,,,,,,,,,,1,0,0,0,0,0,0,,,,,,,,,,,,,,,,,,,,,,,13419718,83579,HAM,Hamilton Tiger-Cats,Regular Season,2026-09-05T13:09:45.302148,2026
941538,95,Julian Howsare,Julian Howsare,Defensive_DefensiveLineman,Started,,,,,,,,,,,,,,,,,,,,,,,,4,0,0,0,0,0,0,,,,,,,,,,,,,,,,,,,,,,,13419718,83579,HAM,Hamilton Tiger-Cats,Regular Season,2026-09-05T13:09:45.302148,2026
998924,89,Kenny Lawler,Kenny Lawler,Offensive_WideReceiver,Started,,,,,,,,,,,,,,,10.0,4.0,57.0,3.0,0.0,30.0,14.25,5.7,0.4,,,,,,,,,,,,,,,,,,,,,,,,,,,,,,13419718,83579,HAM,Hamilton Tiger-Cats,Regular Season,2026-09-05T13:09:45.302148,2026
1007090,3,C.J. Coldon,C.J. Coldon,Defensive_DefensiveBack,Started,,,,,,,,,,,,,,,,,,,,,,,,4,0,0,0,0,0,0,,,,,,,,,,,,,,,,,,,,,,,13419719,93775,BC,BC Lions,Regular Season,2026-09-05T13:09:45.302148,2026
1008481,23,Stantley Thomas-Oliver III,Stantley Thomas-Oliver III,Defensive_DefensiveBack,Started,,,,,,,,,,,,,,,,,,,,,,,,1,0,0,1,0,0,0,,,,,,,,,,,,,,,,,,,,,,,13419719,93775,BC,BC Lions,Regular Season,2026-09-05T13:09:45.302148,2026
1012377,18,Justin McInnis,Justin McInnis,Offensive_WideReceiver,Started,,,,,,,,,,,,,,,5.0,5.0,47.0,22.0,0.0,18.0,9.4,9.4,1.0,,,,,,,,,,,,,,,,,,,,,,,,,,,,,,13419719,93775,BC,BC Lions,Regular Season,2026-09-05T13:09:45.302148,2026
1013402,83,Stanley Berryhill III,Stanley Berryhill III,Offensive_WideReceiver,Started,,,,,,,,,,,,,,,1.0,1.0,58.0,29.0,0.0,58.0,58.0,58.0,1.0,,,,,,,,,,,,,,,,,,,,,,1.0,22.0,22.0,22.0,3.0,35.0,15.0,11.667,13419719,93775,BC,BC Lions,Regular Season,2026-09-05T13:09:45.302148,2026
1015592,24,Patrice Rene,Patrice Rene,Defensive_DefensiveBack,ActiveNotPlayed,,,,,,,,,,,,,,,,,,,,,,,,1,0,0,0,0,0,0,,,,,,,,,,,,,,,,,,,,,,,13419719,93775,BC,BC Lions,Regular Season,2026-09-05T13:09:45.302148,2026
1021684,12,Nathan Rourke,Nathan Rourke,Offensive_Quarterback,Started,22.0,28.0,0.786,355.0,2.0,1.0,58.0,12.679,12.5,1.0,19.0,0,19,19.0,,,,,,,,,,,,,,,,,,,,,,,,,,,,,,,,,,,,,,,13419719,93775,BC,BC Lions,Regular Season,2026-09-05T13:09:45.302148,2026
1080752,9,Deontai Williams,Deontai Williams,Defensive_Linebacker,Started,,,,,,,,,,,,,,,,,,,,,,,,1,0,0,0,1,1,0,,,,,,,,,,,,,,,,,,,,,,,13419719,93775,BC,BC Lions,Regular Season,2026-09-05T13:09:45.302148,2026
1086308,21,Ronald Kent Jr.,Ronald Kent Jr.,Defensive_DefensiveBack,Started,,,,,,,,,,,,,,,,,,,,,,,,3,0,0,0,0,0,0,,,,,,,,,,,,,,,,,,,,,,,13419719,93775,BC,BC Lions,Regular Season,2026-09-05T13:09:45.302148,2026
1349478,27,Josh Hagerty,Josh Hagerty,Defensive_DefensiveBack,ActiveNotPlayed,,,,,,,,,,,,,,,,,,,,,,,,1,0,0,0,0,0,0,,,,,,,,,,,,,,,,,,,,,,,13419719,93775,BC,BC Lions,Regular Season,2026-09-05T13:09:45.302148,2026
1349807,20,James Butler,James Butler,Offensive_RunningBack,ActiveNotPlayed,,,,,,,,,,3.0,14.0,0,13,4.667,3.0,3.0,23.0,23.0,0.0,12.0,7.667,7.667,1.0,1,0,0,0,0,0,0,,,,,,,,,,,,,,,,,,,,,,,13419719,93775,BC,BC Lions,Regular Season,2026-09-05T13:09:45.302148,2026
1349808,91,Nathan Cherry,Nathan Cherry,Defensive_DefensiveLineman,ActiveNotPlayed,,,,,,,,,,,,,,,,,,,,,,,,1,0,0,0,0,0,0,,,,,,,,,,,,,,,,,,,,,,,13419719,93775,BC,BC Lions,Regular Season,2026-09-05T13:09:45.302148,2026
1349811,86,Jevon Cottoy,Jevon Cottoy,Offensive_WideReceiver,Started,,,,,,,,,,,,,,,6.0,6.0,110.0,39.0,1.0,29.0,18.333,18.333,1.0,,,,,,,,,,,,,,,,,,,,,,,,,,,,,,13419719,93775,BC,BC Lions,Regular Season,2026-09-05T13:09:45.302148,2026
1349819,6,T.J Lee,T.J Lee,Defensive_DefensiveBack,Started,,,,,,,,,,,,,,,,,,,,,,,,6,0,0,1,0,0,0,,,,,,,,,,,,,,,,,,,,,,,13419719,93775,BC,BC Lions,Regular Season,2026-09-05T13:09:45.302148,2026
1349844,10,Sean Whyte,Sean Whyte,Kicker,ActiveNotPlayed,,,,,,,,,,,,,,,,,,,,,,,,,,,,,,,3.0,3.0,1.0,44,3.0,0.0,,,,,,,,,,,,,,,,,13419719,93775,BC,BC Lions,Regular Season,2026-09-05T13:09:45.302148,2026
1350486,31,Adam Konar,Adam Konar,Defensive_Linebacker,ActiveNotPlayed,,,,,,,,,,,,,,,,,,,,,,,,0,0,0,0,0,0,1,,,,,,,,,,,,,,,,,,,,,,,13419719,93775,BC,BC Lions,Regular Season,2026-09-05T13:09:45.302148,2026
1357246,34,Zander Horvath,Zander Horvath,Offensive_RunningBack,Started,,,,,,,,,,10.0,43.0,1,14,4.3,3.0,1.0,33.0,4.0,0.0,33.0,33.0,11.0,0.333,,,,,,,,,,,,,,,,,,,,,,,,,,,,,,13419719,93775,BC,BC Lions,Regular Season,2026-09-05T13:09:45.302148,2026
1397554,35,Woodly Appolon,Woodly Appolon,Defensive_Linebacker,ActiveNotPlayed,,,,,,,,,,,,,,,,,,,,,,,,0,0,0,0,0,0,1,,,,,,,,,,,,,,,,,,,,,,,13419719,93775,BC,BC Lions,Regular Season,2026-09-05T13:09:45.302148,2026
1400561,98,Levi Bell,Levi Bell,Defensive_DefensiveLineman,Started,,,,,,,,,,,,,,,,,,,,,,,,2,0,0,0,0,0,0,,,,,,,,,,,,,,,,,,,,,,,13419719,93775,BC,BC Lions,Regular Season,2026-09-05T13:09:45.302148,2026
1404963,82,Kieran Poissant,Kieran Poissant,Offensive_WideReceiver,ActiveNotPlayed,,,,,,,,,,,,,,,,,,,,,,,,0,0,0,0,0,0,1,,,,,,,,,,,,,,,,,,,,,,,13419719,93775,BC,BC Lions,Regular Season,2026-09-05T13:09:45.302148,2026
1464510,44,Ralen Goforth,Ralen Goforth,Defensive_Linebacker,ActiveNotPlayed,,,,,,,,,,,,,,,,,,,,,,,,0,0,0,0,0,0,1,,,,,,,,,,,,,,,,,,,,,,,13419719,93775,BC,BC Lions,Regular Season,2026-09-05T13:09:45.302148,2026
1470674,17,Carl Meyer,Carl Meyer,Kicker,ActiveNotPlayed,,,,,,,,,,,,,,,,,,,,,,,,,,,,,,,,,,,,,4.0,254.0,67.0,4.0,225.0,56.25,60.0,0.0,,,,,,,,,13419719,93775,BC,BC Lions,Regular Season,2026-09-05T13:09:45.302148,2026
1483768,84,Jermaine Jackson,Jermaine Jackson,Offensive_WideReceiver,Started,,,,,,,,,,,,,,,3.0,1.0,24.0,4.0,0.0,24.0,24.0,8.0,0.333,,,,,,,,,,,,,,,,,,,,,,1.0,19.0,19.0,19.0,,,,,13419719,93775,BC,BC Lions,Regular Season,2026-09-05T13:09:45.302148,2026
1497134,48,Hayden Harris,Hayden Harris,Defensive_DefensiveLineman,ActiveNotPlayed,,,,,,,,,,,,,,,,,,,,,,,,1,0,0,0,0,0,0,,,,,,,,,,,,,,,,,,,,,,,13419719,93775,BC,BC Lions,Regular Season,2026-09-05T13:09:45.302148,2026
1506991,96,David Gusta,David Gusta,Defensive_DefensiveLineman,Started,,,,,,,,,,,,,,,,,,,,,,,,1,0,0,0,0,0,0,,,,,,,,,,,,,,,,,,,,,,,13419719,93775,BC,BC Lions,Regular Season,2026-09-05T13:09:45.302148,2026
1521552,42,Parker McKenna,Parker McKenna,Defensive_Linebacker,Started,,,,,,,,,,,,,,,,,,,,,,,,7,0,0,0,0,0,2,,,,,,,,,,,,,,,,,,,,,,,13419719,93775,BC,BC Lions,Regular Season,2026-09-05T13:09:45.302148,2026
1596551,41,Cameron Foran,Cameron Foran,LongSnapper,ActiveNotPlayed,,,,,,,,,,,,,,,,,,,,,,,,0,0,0,0,0,0,1,,,,,,,,,,,,,,,,,,,,,,,13419719,93775,BC,BC Lions,Regular Season,2026-09-05T13:09:45.302148,2026
1601197,33,Jackson Findlay,Jackson Findlay,Defensive_DefensiveBack,Started,,,,,,,,,,,,,,,,,,,,,,,,5,0,0,0,0,0,0,,,,,,,,,,,,,,,,,,,,,,,13419719,93775,BC,BC Lions,Regular Season,2026-09-05T13:09:45.302148,2026
835951,93,Lorenzo Mauldin IV,Lorenzo Mauldin IV,Defensive_DefensiveLineman,ActiveNotPlayed,,,,,,,,,,,,,,,,,,,,,,,,3,2,0,0,0,0,0,,,,,,,,,,,,,,,,,,,,,,,13419719,93775,BC,BC Lions,Regular Season,2026-09-05T13:09:45.302148,2026
998538,4,Keon Hatcher,Keon Hatcher,Offensive_WideReceiver,Started,,,,,,,,,,,,,,,6.0,5.0,60.0,32.0,1.0,23.0,12.0,10.0,0.833,,,,,,,,,,,,,,,,,,,,,,,,,,,,,,13419719,93775,BC,BC Lions,Regular Season,2026-09-05T13:09:45.302148,2026
999245,53,Darnell Sankey,Darnell Sankey,Defensive_Linebacker,Started,,,,,,,,,,,,,,,,,,,,,,,,7,0,1,0,1,0,0,,,,,,,,,,,,,,,,,,,,,,,13419719,93775,BC,BC Lions,Regular Season,2026-09-05T13:09:45.302148,2026
999389,2,Casey Sayles,Casey Sayles,Defensive_DefensiveLineman,Started,,,,,,,,,,,,,,,,,,,,,,,,1,1,0,0,0,0,0,,,,,,,,,,,,,,,,,,,,,,,13419719,93775,BC,BC Lions,Regular Season,2026-09-05T13:09:45.302148,2026
1004002,50,Derick Roberson,Derick Roberson,Defensive_End,Started,,,,,,,,,,,,,,,,,,,,,,,,3,0,0,0,0,0,0,,,,,,,,,,,,,,,,,,,,,,,13419719,106752,SSK,Saskatchewan Roughriders,Regular Season,2026-09-05T13:09:45.302148,2026
1007936,17,Tommy Stevens,Tommy Stevens,Offensive_Quarterback,ActiveNotPlayed,,,,,,,,,,4.0,11.0,0,5,2.75,,,,,,,,,,,,,,,,,,,,,,,,,,,,,,,,,,,,,,,13419719,106752,SSK,Saskatchewan Roughriders,Regular Season,2026-09-05T13:09:45.302148,2026
1008130,5,Antoine Brooks Jr.,Antoine Brooks Jr.,Defensive_Linebacker,Started,,,,,,,,,,,,,,,,,,,,,,,,4,0,0,0,0,0,0,,,,,,,,,,,,,,,,,,,,,,,13419719,106752,SSK,Saskatchewan Roughriders,Regular Season,2026-09-05T13:09:45.302148,2026
1012862,2,Josh Woods,Josh Woods,Defensive_Linebacker,Started,,,,,,,,,,,,,,,,,,,,,,,,1,0,0,0,0,0,0,,,,,,,,,,,,,,,,,,,,,,,13419719,106752,SSK,Saskatchewan Roughriders,Regular Season,2026-09-05T13:09:45.302148,2026
1014314,22,Damarcus Fields,Damarcus Fields,Defensive_DefensiveBack,Started,,,,,,,,,,,,,,,,,,,,,,,,4,0,0,0,0,0,0,,,,,,,,,,,,,,,,,,,,,,,13419719,106752,SSK,Saskatchewan Roughriders,Regular Season,2026-09-05T13:09:45.302148,2026
1014484,47,Aubrey Miller Jr.,Aubrey Miller Jr.,Defensive_Linebacker,ActiveNotPlayed,,,,,,,,,,,,,,,,,,,,,,,,0,0,0,0,0,0,1,,,,,,,,,,,,,,,,,,,,,,,13419719,106752,SSK,Saskatchewan Roughriders,Regular Season,2026-09-05T13:09:45.302148,2026
1020372,3,KeeSean Johnson,KeeSean Johnson,Offensive_WideReceiver,Started,,,,,,,,,,,,,,,9.0,6.0,79.0,19.0,0.0,24.0,13.167,8.778,0.667,,,,,,,,,,,,,,,,,,,,,,,,,,,,,,13419719,106752,SSK,Saskatchewan Roughriders,Regular Season,2026-09-05T13:09:45.302148,2026
1077098,19,Samuel Emilus,Samuel Emilus,Offensive_WideReceiver,Started,,,,,,,,,,,,,,,12.0,7.0,66.0,8.0,0.0,14.0,9.429,5.5,0.583,2,0,0,0,0,0,0,,,,,,,,,,,,,,,,,,,,,,,13419719,106752,SSK,Saskatchewan Roughriders,Regular Season,2026-09-05T13:09:45.302148,2026
1130108,6,Jameer Thurman,Jameer Thurman,Defensive_Linebacker,Started,,,,,,,,,,,,,,,,,,,,,,,,5,1,0,0,0,0,0,,,,,,,,,,,,,,,,,,,,,,,13419719,106752,SSK,Saskatchewan Roughriders,Regular Season,2026-09-05T13:09:45.302148,2026
1130112,9,James Vaughters,James Vaughters,Defensive_DefensiveLineman,Started,,,,,,,,,,,,,,,,,,,,,,,,1,0,1,0,0,0,0,,,,,,,,,,,,,,,,,,,,,,,13419719,106752,SSK,Saskatchewan Roughriders,Regular Season,2026-09-05T13:09:45.302148,2026
1349536,7,Trevor Harris,Trevor Harris,Offensive_Quarterback,Started,28.0,42.0,0.667,356.0,1.0,2.0,36.0,8.476,6.809523809523809,2.0,20.0,0,10,10.0,,,,,,,,,,,,,,,,,,,,,,,,,,,,,,,,,,,,,,,13419719,106752,SSK,Saskatchewan Roughriders,Regular Season,2026-09-05T13:09:45.302148,2026
1350465,42,Mike Rose,Mike Rose,Defensive_DefensiveLineman,Started,,,,,,,,,,,,,,,,,,,,,,,,2,1,0,0,0,0,0,,,,,,,,,,,,,,,,,,,,,,,13419719,106752,SSK,Saskatchewan Roughriders,Regular Season,2026-09-05T13:09:45.302148,2026
1350586,25,Nelson Lokombo,Nelson Lokombo,Defensive_DefensiveBack,Started,,,,,,,,,,,,,,,,,,,,,,,,3,0,0,0,0,0,0,,,,,,,,,,,,,,,,,,,,,,,13419719,106752,SSK,Saskatchewan Roughriders,Regular Season,2026-09-05T13:09:45.302148,2026
1384818,31,Jonathan Edouard,Jonathan Edouard,Defensive_DefensiveBack,Started,,,,,,,,,,,,,,,,,,,,,,,,5,0,0,0,0,0,0,,,,,,,,,,,,,,,,,,,,,,,13419719,106752,SSK,Saskatchewan Roughriders,Regular Season,2026-09-05T13:09:45.302148,2026
1403970,1,James Letcher Jr.,James Letcher Jr.,Offensive_WideReceiver,ActiveNotPlayed,,,,,,,,,,,,,,,,,,,,,,,,,,,,,,,,,,,,,,,,,,,,,3.0,84.0,31.0,28.0,4.0,62.0,23.0,15.5,13419719,106752,SSK,Saskatchewan Roughriders,Regular Season,2026-09-05T13:09:45.302148,2026
1404092,30,Thomas Bertrand-Hudon,Thomas Bertrand-Hudon,Offensive_RunningBack,ActiveNotPlayed,,,,,,,,,,2.0,5.0,0,5,2.5,4.0,4.0,31.0,14.0,0.0,13.0,7.75,7.75,1.0,,,,,,,,,,,,,,,,,,,,,,1.0,19.0,19.0,19.0,,,,,13419719,106752,SSK,Saskatchewan Roughriders,Regular Season,2026-09-05T13:09:45.302148,2026
1404980,21,Jaxon Ford,Jaxon Ford,Defensive_DefensiveBack,Started,,,,,,,,,,,,,,,,,,,,,,,,2,0,0,1,0,0,0,,,,,,,,,,,,,,,,,,,,,,,13419719,106752,SSK,Saskatchewan Roughriders,Regular Season,2026-09-05T13:09:45.302148,2026
1468043,65,Daniel Johnson,Daniel Johnson,Offensive_OffensiveLineman,ActiveNotPlayed,,,,,,,,,,,,,,,1.0,1.0,17.0,12.0,0.0,17.0,17.0,17.0,1.0,,,,,,,,,,,,,,,,,,,,,,,,,,,,,,13419719,106752,SSK,Saskatchewan Roughriders,Regular Season,2026-09-05T13:09:45.302148,2026
1468449,18,Dhel Duncan-Busby,Dhel Duncan-Busby,Offensive_WideReceiver,Started,,,,,,,,,,,,,,,5.0,4.0,85.0,19.0,1.0,32.0,21.25,17.0,0.8,,,,,,,,,,,,,,,,,,,,,,,,,,,,,,13419719,106752,SSK,Saskatchewan Roughriders,Regular Season,2026-09-05T13:09:45.302148,2026
1468451,28,Melique Straker,Melique Straker,Defensive_Linebacker,ActiveNotPlayed,,,,,,,,,,,,,,,,,,,,,,,,0,0,0,0,0,0,1,,,,,,,,,,,,,,,,,,,,,,,13419719,106752,SSK,Saskatchewan Roughriders,Regular Season,2026-09-05T13:09:45.302148,2026
1485313,24,Quali Conley,Quali Conley,Offensive_RunningBack,Started,,,,,,,,,,8.0,33.0,0,11,4.125,2.0,1.0,11.0,9.0,0.0,11.0,11.0,5.5,0.5,,,,,,,,,,,,,,,,,,,,,,,,,,,,,,13419719,106752,SSK,Saskatchewan Roughriders,Regular Season,2026-09-05T13:09:45.302148,2026
1487114,96,Ali Saad,Ali Saad,Defensive_DefensiveLineman,ActiveNotPlayed,,,,,,,,,,,,,,,,,,,,,,,,1,0,0,0,0,0,0,,,,,,,,,,,,,,,,,,,,,,,13419719,106752,SSK,Saskatchewan Roughriders,Regular Season,2026-09-05T13:09:45.302148,2026
1488508,12,Malcolm Bell,Malcolm Bell,Defensive_DefensiveBack,ActiveNotPlayed,,,,,,,,,,,,,,,,,,,,,,,,0,0,0,0,0,0,1,,,,,,,,,,,,,,,,,,,,,,,13419719,106752,SSK,Saskatchewan Roughriders,Regular Season,2026-09-05T13:09:45.302148,2026
1499039,98,Desmond Evans,Desmond Evans,Defensive_DefensiveLineman,ActiveNotPlayed,,,,,,,,,,,,,,,,,,,,,,,,2,1,0,0,0,0,0,,,,,,,,,,,,,,,,,,,,,,,13419719,106752,SSK,Saskatchewan Roughriders,Regular Season,2026-09-05T13:09:45.302148,2026
1507913,80,Dylan Djete,Dylan Djete,Offensive_WideReceiver,Started,,,,,,,,,,,,,,,3.0,2.0,22.0,4.0,0.0,13.0,11.0,7.333,0.667,,,,,,,,,,,,,,,,,,,,,,,,,,,,,,13419719,106752,SSK,Saskatchewan Roughriders,Regular Season,2026-09-05T13:09:45.302148,2026
1510443,11,Alex Hale,Alex Hale,Kicker,ActiveNotPlayed,,,,,,,,,,,,,,,,,,,,,,,,,,,,,,,3.0,3.0,1.0,47,1.0,0.0,2.0,133.0,68.0,,,,,,,,,,,,,,13419719,106752,SSK,Saskatchewan Roughriders,Regular Season,2026-09-05T13:09:45.302148,2026
1512298,91,Oscar Chapman,Oscar Chapman,Punter,ActiveNotPlayed,,,,,,,,,,,,,,,,,,,,,,,,,,,,,,,,,,,,,,,,4.0,187.0,46.75,52.0,0.0,,,,,,,,,13419719,106752,SSK,Saskatchewan Roughriders,Regular Season,2026-09-05T13:09:45.302148,2026
1514403,88,Johnny Johnson III,Johnny Johnson III,Offensive_WideReceiver,Started,,,,,,,,,,,,,,,6.0,3.0,45.0,20.0,0.0,36.0,15.0,7.5,0.5,,,,,,,,,,,,,,,,,,,,,,,,,,,,,,13419719,106752,SSK,Saskatchewan Roughriders,Regular Season,2026-09-05T13:09:45.302148,2026
1514743,48,David Gbenda,David Gbenda,Defensive_Linebacker,ActiveNotPlayed,,,,,,,,,,,,,,,,,,,,,,,,0,0,0,0,0,0,2,,,,,,,,,,,,,,,,,,,,,,,13419719,106752,SSK,Saskatchewan Roughriders,Regular Season,2026-09-05T13:09:45.302148,2026
999126,8,Marcus Sayles,Marcus Sayles,Defensive_DefensiveBack,Started,,,,,,,,,,,,,,,,,,,,,,,,3,0,0,0,0,0,0,,,,,,,,,,,,,,,,,,,,,,,13419719,106752,SSK,Saskatchewan Roughriders,Regular Season,2026-09-05T13:09:45.302148,2026
1012104,39,Jaylen Smith,Jaylen Smith,Defensive_Linebacker,Started,,,,,,,,,,,,,,,,,,,,,,,,3,0,0,0,0,0,1,,,,,,,,,,,,,,,,,,,,,,,13419720,110380,WPG,Winnipeg Blue Bombers,Regular Season,2026-09-05T13:09:45.302148,2026
1014288,33,Tony Jones,Tony Jones,Defensive_Linebacker,Started,,,,,,,,,,,,,,,,,,,,,,,,5,0,0,0,0,1,0,,,,,,,,,,,,,,,,,,,,,,,13419720,110380,WPG,Winnipeg Blue Bombers,Regular Season,2026-09-05T13:09:45.302148,2026
1015193,80,Ontaria Wilson,Ontaria Wilson,Offensive_WideReceiver,Started,,,,,,,,,,,,,,,10.0,9.0,114.0,69.0,2.0,26.0,12.667,11.4,0.9,,,,,,,,,,,,,,,,,,,,,,,,,,,,,,13419720,110380,WPG,Winnipeg Blue Bombers,Regular Season,2026-09-05T13:09:45.302148,2026
1018781,12,Tim White,Tim White,Offensive_WideReceiver,Started,,,,,,,,,,,,,,,8.0,6.0,96.0,47.0,0.0,26.0,16.0,12.0,0.75,,,,,,,,,,,,,,,,,,,,,,,,,,,,,,13419720,110380,WPG,Winnipeg Blue Bombers,Regular Season,2026-09-05T13:09:45.302148,2026
1078857,9,Bryce Perkins,Bryce Perkins,Offensive_Quarterback,ActiveNotPlayed,,,,,,,,,,9.0,12.0,2,2,1.333,,,,,,,,,,,,,,,,,,,,,,,,,,,,,,,,,,,,,,,13419720,110380,WPG,Winnipeg Blue Bombers,Regular Season,2026-09-05T13:09:45.302148,2026
1082157,31,Evan Holm,Evan Holm,Defensive_DefensiveBack,Started,,,,,,,,,,,,,,,,,,,,,,,,3,0,0,0,0,0,1,,,,,,,,,,,,,,,1.0,1.0,1.0,1.0,,,,,13419720,110380,WPG,Winnipeg Blue Bombers,Regular Season,2026-09-05T13:09:45.302148,2026
1082183,20,Brady Oliveira,Brady Oliveira,Offensive_RunningBack,Started,,,,,,,,,,16.0,106.0,1,16,6.625,2.0,1.0,2.0,1.0,0.0,2.0,2.0,1.0,0.5,1,0,0,0,0,0,0,,,,,,,,,,,,,,,,,,,,,,,13419720,110380,WPG,Winnipeg Blue Bombers,Regular Season,2026-09-05T13:09:45.302148,2026
1131290,94,Jake Ceresna,Jake Ceresna,Defensive_Tackle,Started,,,,,,,,,,,,,,,,,,,,,,,,1,0,0,0,0,0,0,,,,,,,,,,,,,,,,,,,,,,,13419720,110380,WPG,Winnipeg Blue Bombers,Regular Season,2026-09-05T13:09:45.302148,2026
1243886,14,Sergio Castillo,Sergio Castillo,Kicker,ActiveNotPlayed,,,,,,,,,,,,,,,,,,,,,,,,,,,,,,,3.0,3.0,1.0,51,5.0,0.0,6.0,396.0,71.0,,,,,,,,,,,,,,13419720,110380,WPG,Winnipeg Blue Bombers,Regular Season,2026-09-05T13:09:45.302148,2026
1349490,83,Tommy Nield,Tommy Nield,Offensive_WideReceiver,Started,,,,,,,,,,,,,,,5.0,5.0,62.0,9.0,0.0,22.0,12.4,12.4,1.0,,,,,,,,,,,,,,,,,,,,,,,,,,,,,,13419720,110380,WPG,Winnipeg Blue Bombers,Regular Season,2026-09-05T13:09:45.302148,2026
1349515,8,Zach Collaros,Zach Collaros,Offensive_Quarterback,Started,26.0,32.0,0.812,324.0,2.0,0.0,26.0,10.125,11.375,2.0,9.0,0,5,4.5,,,,,,,,,,,,,,,,,,,,,,,,,,,,,,,,,,,,,,,13419720,110380,WPG,Winnipeg Blue Bombers,Regular Season,2026-09-05T13:09:45.302148,2026
1349519,10,Nic Demski,Nic Demski,Offensive_WideReceiver,Started,,,,,,,,,,,,,,,2.0,2.0,17.0,13.0,0.0,13.0,8.5,8.5,1.0,,,,,,,,,,,,,,,,,,,,,,,,,,,,,,13419720,110380,WPG,Winnipeg Blue Bombers,Regular Season,2026-09-05T13:09:45.302148,2026
1349541,99,Cameron Lawson,Cameron Lawson,Defensive_Tackle,Started,,,,,,,,,,,,,,,,,,,,,,,,1,0,0,0,0,0,0,,,,,,,,,,,,,,,,,,,,,,,13419720,110380,WPG,Winnipeg Blue Bombers,Regular Season,2026-09-05T13:09:45.302148,2026
1349561,19,Kyrie Wilson,Kyrie Wilson,Defensive_Linebacker,Started,,,,,,,,,,,,,,,,,,,,,,,,2,0,0,0,0,0,1,,,,,,,,,,,,,,,,,,,,,,,13419720,110380,WPG,Winnipeg Blue Bombers,Regular Season,2026-09-05T13:09:45.302148,2026
1384562,82,Gavin Cobb,Gavin Cobb,Offensive_WideReceiver,Started,,,,,,,,,,,,,,,1.0,0.0,0.0,0.0,0.0,0.0,,,0.0,,,,,,,,,,,,,,,,,,,,,,,,,,,,,,13419720,110380,WPG,Winnipeg Blue Bombers,Regular Season,2026-09-05T13:09:45.302148,2026
1401587,49,Michael Ayers,Michael Ayers,Defensive_Linebacker,ActiveNotPlayed,,,,,,,,,,,,,,,,,,,,,,,,0,0,0,0,0,0,1,,,,,,,,,,,,,,,,,,,,,,,13419720,110380,WPG,Winnipeg Blue Bombers,Regular Season,2026-09-05T13:09:45.302148,2026
1403880,16,Jake Kelly,Jake Kelly,Defensive_DefensiveBack,Started,,,,,,,,,,,,,,,,,,,,,,,,2,0,0,0,0,0,1,,,,,,,,,,,,,,,,,,,,,,,13419720,110380,WPG,Winnipeg Blue Bombers,Regular Season,2026-09-05T13:09:45.302148,2026
1403894,18,Jamieson Sheahan,Jamieson Sheahan,Punter,ActiveNotPlayed,,,,,,,,,,,,,,,,,,,,,,,,,,,,,,,,,,,,,,,,2.0,105.0,52.5,54.0,0.0,,,,,,,,,13419720,110380,WPG,Winnipeg Blue Bombers,Regular Season,2026-09-05T13:09:45.302148,2026
1464504,23,Trey Vaval,Trey Vaval,Defensive_DefensiveBack,Started,,,,,,,,,,,,,,,,,,,,,,,,3,0,0,0,0,0,0,,,,,,,,,,,,,,,3.0,90.0,43.0,30.0,3.0,34.0,16.0,11.333,13419720,110380,WPG,Winnipeg Blue Bombers,Regular Season,2026-09-05T13:09:45.302148,2026
1468039,25,Michael Chris-Ike,Michael Chris-Ike,Offensive_RunningBack,ActiveNotPlayed,,,,,,,,,,,,,,,,,,,,,,,,0,0,0,0,0,0,1,,,,,,,,,,,,,,,,,,,,,,,13419720,110380,WPG,Winnipeg Blue Bombers,Regular Season,2026-09-05T13:09:45.302148,2026
1468454,86,Kevens Clercius,Kevens Clercius,Offensive_WideReceiver,ActiveNotPlayed,,,,,,,,,,,,,,,2.0,2.0,24.0,16.0,0.0,14.0,12.0,12.0,1.0,,,,,,,,,,,,,,,,,,,,,,,,,,,,,,13419720,110380,WPG,Winnipeg Blue Bombers,Regular Season,2026-09-05T13:09:45.302148,2026
1485301,93,Michael Fletcher,Michael Fletcher,Defensive_Tackle,ActiveNotPlayed,,,,,,,,,,,,,,,,,,,,,,,,2,1,0,0,0,0,0,,,,,,,,,,,,,,,,,,,,,,,13419720,110380,WPG,Winnipeg Blue Bombers,Regular Season,2026-09-05T13:09:45.302148,2026
1487645,45,David Reese,David Reese,Defensive_End,Started,,,,,,,,,,,,,,,,,,,,,,,,0,0,0,0,0,1,0,,,,,,,,,,,,,,,,,,,,,,,13419720,110380,WPG,Winnipeg Blue Bombers,Regular Season,2026-09-05T13:09:45.302148,2026
1507852,34,Connor Shay,Connor Shay,Defensive_Linebacker,ActiveNotPlayed,,,,,,,,,,,,,,,,,,,,,,,,0,0,0,0,0,0,1,,,,,,,,,,,,,,,,,,,,,,,13419720,110380,WPG,Winnipeg Blue Bombers,Regular Season,2026-09-05T13:09:45.302148,2026
1602442,48,Lane Novak,Lane Novak,Defensive_Linebacker,ActiveNotPlayed,,,,,,,,,,,,,,,,,,,,,,,,0,0,0,0,0,0,1,,,,,,,,,,,,,,,,,,,,,,,13419720,110380,WPG,Winnipeg Blue Bombers,Regular Season,2026-09-05T13:09:45.302148,2026
1636948,24,Major Williams,Major Williams,Defensive_DefensiveBack,Started,,,,,,,,,,,,,,,,,,,,,,,,4,0,0,0,0,0,0,,,,,,,,,,,,,,,,,,,,,,,13419720,110380,WPG,Winnipeg Blue Bombers,Regular Season,2026-09-05T13:09:45.302148,2026
1752357,87,Dante Daniels,Dante Daniels,Offensive_TightEnd,ActiveNotPlayed,,,,,,,,,,,,,,,1.0,1.0,9.0,9.0,0.0,9.0,9.0,9.0,1.0,,,,,,,,,,,,,,,,,,,,,,,,,,,,,,13419720,110380,WPG,Winnipeg Blue Bombers,Regular Season,2026-09-05T13:09:45.302148,2026
757943,5,Willie Jefferson,Willie Jefferson,Defensive_End,Started,,,,,,,,,,,,,,,,,,,,,,,,1,0,0,0,0,0,0,,,,,,,,,,,,,,,,,,,,,,,13419720,110380,WPG,Winnipeg Blue Bombers,Regular Season,2026-09-05T13:09:45.302148,2026
1002690,10,Davis Alexander,Davis Alexander,Offensive_Quarterback,Started,20.0,31.0,0.645,257.0,4.0,0.0,36.0,8.29,10.870967741935484,1.0,17.0,0,17,17.0,,,,,,,,,,,,,,,,,,,,,,,,,,,,,,,,,,,,,,,13419720,86680,MTL,Montreal Alouettes,Regular Season,2026-09-05T13:09:45.302148,2026
1012540,20,Lorenzo Burns,Lorenzo Burns,Defensive_DefensiveBack,Started,,,,,,,,,,,,,,,,,,,,,,,,4,0,0,0,0,0,0,,,,,,,,,,,,,,,,,,,,,,,13419720,86680,MTL,Montreal Alouettes,Regular Season,2026-09-05T13:09:45.302148,2026
1017226,48,Kabion Ento,Kabion Ento,Defensive_DefensiveBack,Started,,,,,,,,,,,,,,,,,,,,,,,,4,0,0,0,0,1,0,,,,,,,,,,,,,,,,,,,,,,,13419720,86680,MTL,Montreal Alouettes,Regular Season,2026-09-05T13:09:45.302148,2026
1067123,26,Tyrice Beverette,Tyrice Beverette,Defensive_Linebacker,Started,,,,,,,,,,,,,,,,,,,,,,,,3,0,0,0,0,0,1,,,,,,,,,,,,,,,,,,,,,,,13419720,86680,MTL,Montreal Alouettes,Regular Season,2026-09-05T13:09:45.302148,2026
1075914,94,Mustafa Johnson,Mustafa Johnson,Defensive_Tackle,Started,,,,,,,,,,,,,,,,,,,,,,,,2,0,0,0,0,0,0,,,,,,,,,,,,,,,,,,,,,,,13419720,86680,MTL,Montreal Alouettes,Regular Season,2026-09-05T13:09:45.302148,2026
1077936,0,Jonathan Sutherland,Jonathan Sutherland,Defensive_DefensiveBack,ActiveNotPlayed,,,,,,,,,,,,,,,,,,,,,,,,0,0,0,0,0,0,1,,,,,,,,,,,,,,,,,,,,,,,13419720,86680,MTL,Montreal Alouettes,Regular Season,2026-09-05T13:09:45.302148,2026
1079000,15,Alexander Hollins,Alexander Hollins,Offensive_WideReceiver,Started,,,,,,,,,,,,,,,4.0,1.0,8.0,8.0,0.0,8.0,8.0,2.0,0.25,,,,,,,,,,,,,,,,,,,,,,,,,,,,,,13419720,86680,MTL,Montreal Alouettes,Regular Season,2026-09-05T13:09:45.302148,2026
1081310,85,Tyler Snead,Tyler Snead,Offensive_WideReceiver,Started,,,,,,,,,,,,,,,7.0,6.0,107.0,33.0,3.0,36.0,17.833,15.286,0.857,,,,,,,,,,,,,,,,,,,,,,,,,,,,,,13419720,86680,MTL,Montreal Alouettes,Regular Season,2026-09-05T13:09:45.302148,2026
1081324,7,DeVonte Dedmon,DeVonte Dedmon,Offensive_WideReceiver,ActiveNotPlayed,,,,,,,,,,,,,,,,,,,,,,,,,,,,,,,,,,,,,,,,,,,,,6.0,147.0,36.0,24.5,1.0,34.0,34.0,34.0,13419720,86680,MTL,Montreal Alouettes,Regular Season,2026-09-05T13:09:45.302148,2026
1084787,91,Isaac Adeyemi-Berglund,Isaac Adeyemi-Berglund,Defensive_End,Started,,,,,,,,,,,,,,,,,,,,,,,,2,0,1,0,0,0,0,,,,,,,,,,,,,,,,,,,,,,,13419720,86680,MTL,Montreal Alouettes,Regular Season,2026-09-05T13:09:45.302148,2026
1086247,96,Lwal Uguak,Lwal Uguak,Defensive_End,ActiveNotPlayed,,,,,,,,,,,,,,,,,,,,,,,,1,0,0,0,0,0,0,,,,,,,,,,,,,,,,,,,,,,,13419720,86680,MTL,Montreal Alouettes,Regular Season,2026-09-05T13:09:45.302148,2026
1349524,34,Alexandre Gagne,Alexandre Gagne,Defensive_Linebacker,ActiveNotPlayed,,,,,,,,,,,,,,,,,,,,,,,,0,0,0,0,0,0,1,,,,,,,,,,,,,,,,,,,,,,,13419720,86680,MTL,Montreal Alouettes,Regular Season,2026-09-05T13:09:45.302148,2026
1349552,36,Joseph Zema,Joseph Zema,Punter,ActiveNotPlayed,,,,,,,,,,,,,,,,,,,,,,,,,,,,,,,,,,,,,,,,4.0,179.0,44.75,54.0,0.0,,,,,,,,,13419720,86680,MTL,Montreal Alouettes,Regular Season,2026-09-05T13:09:45.302148,2026
1349560,12,Najee Murray,Najee Murray,Defensive_Linebacker,Started,,,,,,,,,,,,,,,,,,,,,,,,5,0,0,0,0,0,0,,,,,,,,,,,,,,,,,,,,,,,13419720,86680,MTL,Montreal Alouettes,Regular Season,2026-09-05T13:09:45.302148,2026
1349566,6,Tyson Philpot,Tyson Philpot,Offensive_WideReceiver,Started,,,,,,,,,,,,,,,10.0,7.0,87.0,60.0,1.0,23.0,12.429,8.7,0.7,,,,,,,,,,,,,,,,,,,,,,,,,,,,,,13419720,86680,MTL,Montreal Alouettes,Regular Season,2026-09-05T13:09:45.302148,2026
1349569,37,Wesley Sutton,Wesley Sutton,Defensive_DefensiveBack,Started,,,,,,,,,,,,,,,,,,,,,,,,4,0,0,0,0,0,0,,,,,,,,,,,,,,,,,,,,,,,13419720,86680,MTL,Montreal Alouettes,Regular Season,2026-09-05T13:09:45.302148,2026
1349573,42,Tyrell Richards,Tyrell Richards,Defensive_Linebacker,ActiveNotPlayed,,,,,,,,,,,,,,,,,,,,,,,,2,0,0,0,1,0,2,,,,,,,,,,,,,,,,,,,,,,,13419720,86680,MTL,Montreal Alouettes,Regular Season,2026-09-05T13:09:45.302148,2026
1349590,59,Cyrille Hogan-Saindon,Cyrille Hogan-Saindon,Offensive_OffensiveLineman,Started,,,,,,,,,,,,,,,,,,,,,,,,1,0,0,0,0,0,0,,,,,,,,,,,,,,,,,,,,,,,13419720,86680,MTL,Montreal Alouettes,Regular Season,2026-09-05T13:09:45.302148,2026
1349615,17,Cole Spieker,Cole Spieker,Offensive_WideReceiver,Started,,,,,,,,,,,,,,,4.0,3.0,51.0,4.0,0.0,30.0,17.0,12.75,0.75,,,,,,,,,,,,,,,,,,,,,,,,,,,,,,13419720,86680,MTL,Montreal Alouettes,Regular Season,2026-09-05T13:09:45.302148,2026
1349805,2,Micah Awe,Micah Awe,Defensive_Linebacker,ActiveNotPlayed,,,,,,,,,,,,,,,,,,,,,,,,5,0,0,0,0,0,0,,,,,,,,,,,,,,,,,,,,,,,13419720,86680,MTL,Montreal Alouettes,Regular Season,2026-09-05T13:09:45.302148,2026
1350957,19,Jose Maltos Diaz,Jose Maltos Diaz,Kicker,ActiveNotPlayed,,,,,,,,,,,,,,,,,,,,,,,,,,,,,,,0.0,0.0,,0,4.0,0.0,5.0,305.0,67.0,,,,,,,,,,,,,,13419720,86680,MTL,Montreal Alouettes,Regular Season,2026-09-05T13:09:45.302148,2026
1399407,99,David Perales,David Perales,Defensive_End,Started,,,,,,,,,,,,,,,,,,,,,,,,1,0,0,0,0,0,1,,,,,,,,,,,,,,,,,,,,,,,13419720,86680,MTL,Montreal Alouettes,Regular Season,2026-09-05T13:09:45.302148,2026
1403971,38,Jacob Mason,Jacob Mason,Offensive_Fullback,ActiveNotPlayed,,,,,,,,,,,,,,,,,,,,,,,,1,0,0,0,0,0,0,,,,,,,,,,,,,,,,,,,,,,,13419720,86680,MTL,Montreal Alouettes,Regular Season,2026-09-05T13:09:45.302148,2026
1405112,97,Joshua Archibald,Joshua Archibald,Defensive_End,ActiveNotPlayed,,,,,,,,,,,,,,,,,,,,,,,,2,0,0,0,0,0,0,,,,,,,,,,,,,,,,,,,,,,,13419720,86680,MTL,Montreal Alouettes,Regular Season,2026-09-05T13:09:45.302148,2026
1439775,14,Terry Wilson,Terry Wilson,Offensive_Quarterback,ActiveNotPlayed,,,,,,,,,,2.0,3.0,0,2,1.5,,,,,,,,,,,,,,,,,,,,,,,,,,,,,,,,,,,,,,,13419720,86680,MTL,Montreal Alouettes,Regular Season,2026-09-05T13:09:45.302148,2026
1468035,9,Geoffrey Cantin-Arku,Geoffrey Cantin-Arku,Defensive_Linebacker,Started,,,,,,,,,,,,,,,,,,,,,,,,2,1,0,0,0,0,0,,,,,,,,,,,,,,,,,,,,,,,13419720,86680,MTL,Montreal Alouettes,Regular Season,2026-09-05T13:09:45.302148,2026
1483380,1,Robert Kennedy,Robert Kennedy,Defensive_DefensiveBack,Started,,,,,,,,,,,,,,,,,,,,,,,,6,0,0,0,0,0,0,,,,,,,,,,,,,,,,,,,,,,,13419720,86680,MTL,Montreal Alouettes,Regular Season,2026-09-05T13:09:45.302148,2026
1501674,22,Shakespeare Louis,Shakespeare Louis,Defensive_DefensiveBack,ActiveNotPlayed,,,,,,,,,,,,,,,,,,,,,,,,0,0,0,0,0,0,1,,,,,,,,,,,,,,,,,,,,,,,13419720,86680,MTL,Montreal Alouettes,Regular Season,2026-09-05T13:09:45.302148,2026
1507435,44,Kylan Guidry,Kylan Guidry,Defensive_End,ActiveNotPlayed,,,,,,,,,,,,,,,,,,,,,,,,1,0,0,0,0,0,0,,,,,,,,,,,,,,,,,,,,,,,13419720,86680,MTL,Montreal Alouettes,Regular Season,2026-09-05T13:09:45.302148,2026
1520977,5,Travis Theis,Travis Theis,Offensive_RunningBack,Started,,,,,,,,,,8.0,31.0,0,6,3.875,1.0,1.0,-12.0,-12.0,0.0,-12.0,-12.0,-12.0,1.0,,,,,,,,,,,,,,,,,,,,,,,,,,,,,,13419720,86680,MTL,Montreal Alouettes,Regular Season,2026-09-05T13:09:45.302148,2026
1602296,82,Kaseem Ferdinand,Kaseem Ferdinand,Offensive_WideReceiver,ActiveNotPlayed,,,,,,,,,,,,,,,3.0,2.0,16.0,7.0,0.0,11.0,8.0,5.333,0.667,,,,,,,,,,,,,,,,,,,,,,,,,,1.0,18.0,18.0,18.0,13419720,86680,MTL,Montreal Alouettes,Regular Season,2026-09-05T13:09:45.302148,2026
1602445,23,Nate Beauchemin,Nate Beauchemin,Defensive_DefensiveBack,Started,,,,,,,,,,,,,,,,,,,,,,,,4,0,0,0,1,0,0,,,,,,,,,,,,,,,,,,,,,,,13419720,86680,MTL,Montreal Alouettes,Regular Season,2026-09-05T13:09:45.302148,2026
1003154,25,Jaydon Grant,Jaydon Grant,Defensive_DefensiveBack,Started,,,,,,,,,,,,,,,,,,,,,,,,1,0,0,0,0,0,0,,,,,,,,,,,,,,,,,,,,,,,13419721,112939,CGY,Calgary Stampeders,Regular Season,2026-09-05T13:09:45.302148,2026
1004590,12,Josh Love,Josh Love,Offensive_Quarterback,Started,25.0,36.0,0.694,274.0,1.0,1.0,55.0,7.611,6.916666666666667,,,,,,,,,,,,,,,,,,,,,,,,,,,,,,,,,,,,,,,,,,,,13419721,112939,CGY,Calgary Stampeders,Regular Season,2026-09-05T13:09:45.302148,2026
1005315,9,Damon Webb,Damon Webb,Defensive_DefensiveBack,Started,,,,,,,,,,,,,,,,,,,,,,,,3,0,0,0,0,0,0,,,,,,,,,,,,,,,,,,,,,,,13419721,112939,CGY,Calgary Stampeders,Regular Season,2026-09-05T13:09:45.302148,2026
1012374,2,Kyle Wilson,Kyle Wilson,Defensive_Linebacker,Started,,,,,,,,,,,,,,,,,,,,,,,,1,0,0,1,0,0,0,,,,,,,,,,,,,,,,,,,,,,,13419721,112939,CGY,Calgary Stampeders,Regular Season,2026-09-05T13:09:45.302148,2026
1014170,93,Charles Wiley,Charles Wiley,Defensive_DefensiveLineman,ActiveNotPlayed,,,,,,,,,,,,,,,,,,,,,,,,1,0,0,0,0,0,0,,,,,,,,,,,,,,,,,,,,,,,13419721,112939,CGY,Calgary Stampeders,Regular Season,2026-09-05T13:09:45.302148,2026
1031686,90,Miles Brown,Miles Brown,Defensive_DefensiveLineman,Started,,,,,,,,,,,,,,,,,,,,,,,,2,1,1,0,0,0,0,,,,,,,,,,,,,,,,,,,,,,,13419721,112939,CGY,Calgary Stampeders,Regular Season,2026-09-05T13:09:45.302148,2026
1081744,87,Erik Brooks,Erik Brooks,Offensive_WideReceiver,Started,,,,,,,,,,,,,,,7.0,5.0,49.0,16.0,0.0,17.0,9.8,7.0,0.714,,,,,,,,,,,,,,,,,,,,,,,,,,,,,,13419721,112939,CGY,Calgary Stampeders,Regular Season,2026-09-05T13:09:45.302148,2026
1084560,51,Kelechi Anyalebechi,Kelechi Anyalebechi,Defensive_Linebacker,ActiveNotPlayed,,,,,,,,,,,,,,,,,,,,,,,,0,0,0,0,0,0,2,,,,,,,,,,,,,,,,,,,,,,,13419721,112939,CGY,Calgary Stampeders,Regular Season,2026-09-05T13:09:45.302148,2026
1290033,26,Dedrick Mills,Dedrick Mills,Offensive_RunningBack,Started,,,,,,,,,,14.0,118.0,1,49,8.429,4.0,4.0,23.0,15.0,0.0,10.0,5.75,5.75,1.0,,,,,,,,,,,,,,,,,,,,,,,,,,,,,,13419721,112939,CGY,Calgary Stampeders,Regular Season,2026-09-05T13:09:45.302148,2026
1297989,6,Derrick Moncrief,Derrick Moncrief,Defensive_Linebacker,Started,,,,,,,,,,,,,,,,,,,,,,,,7,0,1,0,0,0,0,,,,,,,,,,,,,,,,,,,,,,,13419721,112939,CGY,Calgary Stampeders,Regular Season,2026-09-05T13:09:45.302148,2026
1345697,34,Tyreik McAllister,Tyreik McAllister,Offensive_RunningBack,ActiveNotPlayed,,,,,,,,,,1.0,3.0,0,3,3.0,1.0,1.0,9.0,8.0,0.0,9.0,9.0,9.0,1.0,,,,,,,,,,,,,,,,,,,,,,3.0,74.0,28.0,24.667,4.0,62.0,27.0,15.5,13419721,112939,CGY,Calgary Stampeders,Regular Season,2026-09-05T13:09:45.302148,2026
1345703,1,Clarence Hicks,Clarence Hicks,Defensive_End,Started,,,,,,,,,,,,,,,,,,,,,,,,2,1,1,0,0,0,0,,,,,,,,,,,,,,,,,,,,,,,13419721,112939,CGY,Calgary Stampeders,Regular Season,2026-09-05T13:09:45.302148,2026
1349467,17,Dejon Brissett,Dejon Brissett,Offensive_WideReceiver,Started,,,,,,,,,,,,,,,5.0,2.0,70.0,7.0,0.0,55.0,35.0,14.0,0.4,1,0,0,0,0,0,0,,,,,,,,,,,,,,,,,,,,,,,13419721,112939,CGY,Calgary Stampeders,Regular Season,2026-09-05T13:09:45.302148,2026
1350459,30,Rene Paredes,Rene Paredes,Kicker,ActiveNotPlayed,,,,,,,,,,,,,,,,,,,,,,,,,,,,,,,5.0,6.0,0.833,51,1.0,0.0,4.0,276.0,81.0,,,,,,,,,,,,,,13419721,112939,CGY,Calgary Stampeders,Regular Season,2026-09-05T13:09:45.302148,2026
1360678,85,Jalen Philpot,Jalen Philpot,Offensive_WideReceiver,Started,,,,,,,,,,,,,,,9.0,7.0,61.0,14.0,0.0,15.0,8.714,6.778,0.778,,,,,,,,,,,,,,,,,,,,,,,,,,,,,,13419721,112939,CGY,Calgary Stampeders,Regular Season,2026-09-05T13:09:45.302148,2026
1384845,42,Micah Teitz,Micah Teitz,Defensive_Linebacker,ActiveNotPlayed,,,,,,,,,,,,,,,,,,,,,,,,0,0,0,0,0,0,2,,,,,,,,,,,,,,,,,,,,,,,13419721,112939,CGY,Calgary Stampeders,Regular Season,2026-09-05T13:09:45.302148,2026
1403599,14,Clark Barnes,Clark Barnes,Offensive_WideReceiver,Started,,,,,,,,,,1.0,2.0,0,2,2.0,4.0,3.0,41.0,11.0,0.0,19.0,13.667,10.25,0.75,,,,,,,,,,,,,,,,,,,,,,,,,,,,,,13419721,112939,CGY,Calgary Stampeders,Regular Season,2026-09-05T13:09:45.302148,2026
1468040,29,Benjamin Labrosse,Benjamin Labrosse,Defensive_DefensiveBack,Started,,,,,,,,,,,,,,,,,,,,,,,,2,0,0,0,0,0,0,,,,,,,,,,,,,,,,,,,,,,,13419721,112939,CGY,Calgary Stampeders,Regular Season,2026-09-05T13:09:45.302148,2026
1468461,89,Ajou Ajou,Ajou Ajou,Offensive_WideReceiver,ActiveNotPlayed,,,,,,,,,,,,,,,2.0,1.0,5.0,0.0,1.0,5.0,5.0,2.5,0.5,,,,,,,,,,,,,,,,,,,,,,,,,,,,,,13419721,112939,CGY,Calgary Stampeders,Regular Season,2026-09-05T13:09:45.302148,2026
1489484,15,Mark Vassett,Mark Vassett,Punter,ActiveNotPlayed,,,,,,,,,,,,,,,,,,,,,,,,,,,,,,,,,,,,,,,,3.0,147.0,49.0,56.0,0.0,,,,,,,,,13419721,112939,CGY,Calgary Stampeders,Regular Season,2026-09-05T13:09:45.302148,2026
1490845,48,R.J. Moten,R.J. Moten,Defensive_Linebacker,ActiveNotPlayed,,,,,,,,,,,,,,,,,,,,,,,,3,1,0,0,0,0,0,,,,,,,,,,,,,,,,,,,,,,,13419721,112939,CGY,Calgary Stampeders,Regular Season,2026-09-05T13:09:45.302148,2026
1494922,33,Zy Alexander,Zy Alexander,Defensive_DefensiveBack,Started,,,,,,,,,,,,,,,,,,,,,,,,3,0,0,0,0,0,0,,,,,,,,,,,,,,,,,,,,,,,13419721,112939,CGY,Calgary Stampeders,Regular Season,2026-09-05T13:09:45.302148,2026
1502602,80,Damien Alford,Damien Alford,Offensive_WideReceiver,Started,,,,,,,,,,,,,,,4.0,2.0,16.0,10.0,0.0,9.0,8.0,4.0,0.5,,,,,,,,,,,,,,,,,,,,,,,,,,,,,,13419721,112939,CGY,Calgary Stampeders,Regular Season,2026-09-05T13:09:45.302148,2026
1510987,96,Jaylon Hutchings,Jaylon Hutchings,Defensive_DefensiveLineman,Started,,,,,,,,,,,,,,,,,,,,,,,,1,0,0,0,0,0,0,,,,,,,,,,,,,,,,,,,,,,,13419721,112939,CGY,Calgary Stampeders,Regular Season,2026-09-05T13:09:45.302148,2026
1513983,19,Quincy Vaughn,Quincy Vaughn,Offensive_Quarterback,ActiveNotPlayed,,,,,,,,,,1.0,3.0,0,3,3.0,,,,,,,,,,,,,,,,,,,,,,,,,,,,,,,,,,,,,,,13419721,112939,CGY,Calgary Stampeders,Regular Season,2026-09-05T13:09:45.302148,2026
1601219,44,Anthony Jr Johnson,Anthony Jr Johnson,Defensive_DefensiveBack,Started,,,,,,,,,,,,,,,,,,,,,,,,1,0,0,0,0,0,0,,,,,,,,,,,,,,,,,,,,,,,13419721,112939,CGY,Calgary Stampeders,Regular Season,2026-09-05T13:09:45.302148,2026
1756863,82,Jesulayomi Ojutalayo,Jesulayomi Ojutalayo,Offensive_WideReceiver,ActiveNotPlayed,,,,,,,,,,,,,,,,,,,,,,,,0,0,0,0,0,0,1,,,,,,,,,,,,,,,,,,,,,,,13419721,112939,CGY,Calgary Stampeders,Regular Season,2026-09-05T13:09:45.302148,2026
998543,8,Marquel Lee,Marquel Lee,Defensive_Linebacker,Started,,,,,,,,,,,,,,,,,,,,,,,,7,0,1,0,0,0,0,,,,,,,,,,,,,,,,,,,,,,,13419721,112939,CGY,Calgary Stampeders,Regular Season,2026-09-05T13:09:45.302148,2026
999377,7,Folarin Orimolade,Folarin Orimolade,Defensive_End,Started,,,,,,,,,,,,,,,,,,,,,,,,1,0,0,0,0,0,0,,,,,,,,,,,,,,,,,,,,,,,13419721,112939,CGY,Calgary Stampeders,Regular Season,2026-09-05T13:09:45.302148,2026
1012742,2,Jamal Peters,Jamal Peters,Defensive_DefensiveBack,Started,,,,,,,,,,,,,,,,,,,,,,,,7,0,0,0,0,0,0,,,,,,,,,,,,,,,,,,,,,,,13419721,83579,HAM,Hamilton Tiger-Cats,Regular Season,2026-09-05T13:09:45.302148,2026
1014479,37,Larry Rountree III,Larry Rountree III,Offensive_RunningBack,Started,,,,,,,,,,10.0,31.0,0,15,3.1,2.0,2.0,16.0,10.0,0.0,10.0,8.0,8.0,1.0,,,,,,,,,,,,,,,,,,,,,,,,,,,,,,13419721,83579,HAM,Hamilton Tiger-Cats,Regular Season,2026-09-05T13:09:45.302148,2026
1018050,16,Jake Dolegala,Jake Dolegala,Offensive_Quarterback,ActiveNotPlayed,0.0,1.0,0.0,0.0,0.0,1.0,0.0,0.0,-45.0,3.0,7.0,0,3,2.333,,,,,,,,,,,,,,,,,,,,,,,,,,,,,,,,,,,,,,,13419721,83579,HAM,Hamilton Tiger-Cats,Regular Season,2026-09-05T13:09:45.302148,2026
1022381,91,Miles Fox,Miles Fox,Defensive_DefensiveLineman,Started,,,,,,,,,,,,,,,,,,,,,,,,2,1,0,0,0,0,0,,,,,,,,,,,,,,,,,,,,,,,13419721,83579,HAM,Hamilton Tiger-Cats,Regular Season,2026-09-05T13:09:45.302148,2026
1024286,96,Charbel Dabire,Charbel Dabire,Defensive_DefensiveLineman,ActiveNotPlayed,,,,,,,,,,,,,,,,,,,,,,,,1,0,0,1,0,0,0,,,,,,,,,,,,,,,,,,,,,,,13419721,83579,HAM,Hamilton Tiger-Cats,Regular Season,2026-09-05T13:09:45.302148,2026
1080994,3,Quavian White,Quavian White,Defensive_DefensiveBack,Started,,,,,,,,,,,,,,,,,,,,,,,,3,0,0,0,0,0,0,,,,,,,,,,,,,,,,,,,,,,,13419721,83579,HAM,Hamilton Tiger-Cats,Regular Season,2026-09-05T13:09:45.302148,2026
1082505,44,Daniel Bell,Daniel Bell,Offensive_Fullback,ActiveNotPlayed,,,,,,,,,,,,,,,,,,,,,,,,0,0,0,0,0,0,2,,,,,,,,,,,,,,,,,,,,,,,13419721,83579,HAM,Hamilton Tiger-Cats,Regular Season,2026-09-05T13:09:45.302148,2026
1290182,7,Myron Mitchell,Myron Mitchell,Offensive_WideReceiver,Started,,,,,,,,,,,,,,,3.0,2.0,55.0,12.0,1.0,51.0,27.5,18.333,0.667,,,,,,,,,,,,,,,,,,,,,,1.0,8.0,8.0,8.0,,,,,13419721,83579,HAM,Hamilton Tiger-Cats,Regular Season,2026-09-05T13:09:45.302148,2026
1297961,48,Wynton McManis,Wynton McManis,Defensive_Linebacker,Started,,,,,,,,,,,,,,,,,,,,,,,,5,0,0,0,0,0,0,,,,,,,,,,,,,,,,,,,,,,,13419721,83579,HAM,Hamilton Tiger-Cats,Regular Season,2026-09-05T13:09:45.302148,2026
1345719,8,Keric Wheatfall,Keric Wheatfall,Offensive_WideReceiver,Started,,,,,,,,,,,,,,,5.0,2.0,23.0,8.0,0.0,15.0,11.5,4.6,0.4,,,,,,,,,,,,,,,,,,,,,,,,,,,,,,13419721,83579,HAM,Hamilton Tiger-Cats,Regular Season,2026-09-05T13:09:45.302148,2026
1349477,14,Kurleigh Gittens Jr.,Kurleigh Gittens Jr.,Offensive_WideReceiver,Started,,,,,,,,,,,,,,,4.0,2.0,40.0,17.0,0.0,21.0,20.0,10.0,0.5,,,,,,,,,,,,,,,,,,,,,,,,,,,,,,13419721,83579,HAM,Hamilton Tiger-Cats,Regular Season,2026-09-05T13:09:45.302148,2026
1349505,27,Johnny Augustine,Johnny Augustine,Offensive_RunningBack,ActiveNotPlayed,,,,,,,,,,1.0,-2.0,0,-2,-2.0,1.0,0.0,0.0,0.0,0.0,0.0,,,0.0,,,,,,,,,,,,,,,,,,,,,,,,,,,,,,13419721,83579,HAM,Hamilton Tiger-Cats,Regular Season,2026-09-05T13:09:45.302148,2026
1349542,33,Marc Liegghio,Marc Liegghio,Kicker,ActiveNotPlayed,,,,,,,,,,,,,,,,,,,,,,,,,,,,,,,3.0,3.0,1.0,38,2.0,0.0,3.0,220.0,77.0,,,,,,,,,,,,,,13419721,83579,HAM,Hamilton Tiger-Cats,Regular Season,2026-09-05T13:09:45.302148,2026
1349621,30,Stavros Katsantonis,Stavros Katsantonis,Defensive_DefensiveBack,Started,,,,,,,,,,,,,,,,,,,,,,,,1,0,0,0,0,0,0,,,,,,,,,,,,,,,,,,,,,,,13419721,83579,HAM,Hamilton Tiger-Cats,Regular Season,2026-09-05T13:09:45.302148,2026
1349633,85,Kiondre Smith,Kiondre Smith,Offensive_WideReceiver,Started,,,,,,,,,,,,,,,2.0,1.0,18.0,0.0,0.0,18.0,18.0,9.0,0.5,,,,,,,,,,,,,,,,,,,,,,,,,,,,,,13419721,83579,HAM,Hamilton Tiger-Cats,Regular Season,2026-09-05T13:09:45.302148,2026
1350470,5,Tre Ford,Tre Ford,Offensive_Quarterback,Started,15.0,24.0,0.625,212.0,2.0,0.0,51.0,8.833,10.5,6.0,80.0,0,20,13.333,,,,,,,,,,,,,,,,,,,,,,,,,,,,,,,,,,,,,,,13419721,83579,HAM,Hamilton Tiger-Cats,Regular Season,2026-09-05T13:09:45.302148,2026
1350503,34,Ante Milanovic-Litre,Ante Milanovic-Litre,Offensive_Fullback,ActiveNotPlayed,,,,,,,,,,,,,,,,,,,,,,,,0,0,0,0,0,0,1,,,,,,,,,,,,,,,,,,,,,,,13419721,83579,HAM,Hamilton Tiger-Cats,Regular Season,2026-09-05T13:09:45.302148,2026
1400232,1,Reggie Stubblefield,Reggie Stubblefield,Defensive_Linebacker,Started,,,,,,,,,,,,,,,,,,,,,,,,5,0,0,0,0,0,0,,,,,,,,,,,,,,,,,,,,,,,13419721,83579,HAM,Hamilton Tiger-Cats,Regular Season,2026-09-05T13:09:45.302148,2026
1401593,45,Mitchell Agude,Mitchell Agude,Defensive_DefensiveLineman,ActiveNotPlayed,,,,,,,,,,,,,,,,,,,,,,,,1,0,0,0,0,0,0,,,,,,,,,,,,,,,,,,,,,,,13419721,83579,HAM,Hamilton Tiger-Cats,Regular Season,2026-09-05T13:09:45.302148,2026
1464500,11,Isaiah Wooden,Isaiah Wooden,Offensive_WideReceiver,ActiveNotPlayed,,,,,,,,,,,,,,,,,,,,,,,,,,,,,,,,,,,,,,,,,,,,,3.0,77.0,32.0,25.667,1.0,11.0,11.0,11.0,13419721,83579,HAM,Hamilton Tiger-Cats,Regular Season,2026-09-05T13:09:45.302148,2026
1468467,47,Owen Hubert,Owen Hubert,Defensive_DefensiveLineman,ActiveNotPlayed,,,,,,,,,,,,,,,,,,,,,,,,0,0,0,0,0,0,1,,,,,,,,,,,,,,,,,,,,,,,13419721,83579,HAM,Hamilton Tiger-Cats,Regular Season,2026-09-05T13:09:45.302148,2026
1470629,25,Destin Talbert,Destin Talbert,Defensive_DefensiveBack,Started,,,,,,,,,,,,,,,,,,,,,,,,6,1,0,0,0,0,0,,,,,,,,,,,,,,,,,,,,,,,13419721,83579,HAM,Hamilton Tiger-Cats,Regular Season,2026-09-05T13:09:45.302148,2026
1483388,6,Zamari Walton,Zamari Walton,Defensive_DefensiveBack,Started,,,,,,,,,,,,,,,,,,,,,,,,1,0,0,0,0,0,0,,,,,,,,,,,,,,,,,,,,,,,13419721,83579,HAM,Hamilton Tiger-Cats,Regular Season,2026-09-05T13:09:45.302148,2026
1487519,70,Mitch McCarthy,Mitch McCarthy,Punter,ActiveNotPlayed,,,,,,,,,,,,,,,,,,,,,,,,,,,,,,,,,,,,,,,,6.0,306.0,51.0,60.0,1.0,,,,,,,,,13419721,83579,HAM,Hamilton Tiger-Cats,Regular Season,2026-09-05T13:09:45.302148,2026
1488096,54,Brayden Swartout,Brayden Swartout,Offensive_OffensiveLineman,Started,,,,,,,,,,,,,,,,,,,,,,,,1,0,0,0,0,0,0,,,,,,,,,,,,,,,,,,,,,,,13419721,83579,HAM,Hamilton Tiger-Cats,Regular Season,2026-09-05T13:09:45.302148,2026
1502620,82,Maximilian Mang,Maximilian Mang,Offensive_TightEnd,ActiveNotPlayed,,,,,,,,,,,,,,,2.0,2.0,18.0,9.0,0.0,12.0,9.0,9.0,1.0,,,,,,,,,,,,,,,,,,,,,,,,,,,,,,13419721,83579,HAM,Hamilton Tiger-Cats,Regular Season,2026-09-05T13:09:45.302148,2026
1518663,32,Jordan Crook,Jordan Crook,Defensive_Linebacker,ActiveNotPlayed,,,,,,,,,,,,,,,,,,,,,,,,1,0,0,0,0,0,1,,,,,,,,,,,,,,,,,,,,,,,13419721,83579,HAM,Hamilton Tiger-Cats,Regular Season,2026-09-05T13:09:45.302148,2026
1596980,35,Ronan Horrall,Ronan Horrall,Defensive_DefensiveBack,ActiveNotPlayed,,,,,,,,,,,,,,,,,,,,,,,,0,0,0,0,0,0,1,,,,,,,,,,,,,,,,,,,,,,,13419721,83579,HAM,Hamilton Tiger-Cats,Regular Season,2026-09-05T13:09:45.302148,2026
1602418,38,Braxton Hill,Braxton Hill,Defensive_Linebacker,Started,,,,,,,,,,,,,,,,,,,,,,,,7,0,0,0,0,0,0,,,,,,,,,,,,,,,,,,,,,,,13419721,83579,HAM,Hamilton Tiger-Cats,Regular Season,2026-09-05T13:09:45.302148,2026
1602437,29,Jake Nitychoruk,Jake Nitychoruk,Defensive_DefensiveBack,ActiveNotPlayed,,,,,,,,,,,,,,,,,,,,,,,,0,0,0,0,0,0,1,,,,,,,,,,,,,,,,,,,,,,,13419721,83579,HAM,Hamilton Tiger-Cats,Regular Season,2026-09-05T13:09:45.302148,2026
1602441,46,Philip Ossai,Philip Ossai,Defensive_End,Started,,,,,,,,,,,,,,,,,,,,,,,,2,1,0,0,0,0,0,,,,,,,,,,,,,,,,,,,,,,,13419721,83579,HAM,Hamilton Tiger-Cats,Regular Season,2026-09-05T13:09:45.302148,2026
941538,95,Julian Howsare,Julian Howsare,Defensive_End,Started,,,,,,,,,,,,,,,,,,,,,,,,1,0,0,0,0,0,0,,,,,,,,,,,,,,,,,,,,,,,13419721,83579,HAM,Hamilton Tiger-Cats,Regular Season,2026-09-05T13:09:45.302148,2026
998924,89,Kenny Lawler,Kenny Lawler,Offensive_WideReceiver,Started,,,,,,,,,,,,,,,6.0,4.0,42.0,0.0,1.0,14.0,10.5,7.0,0.667,,,,,,,,,,,,,,,,,,,,,,,,,,,,,,13419721,83579,HAM,Hamilton Tiger-Cats,Regular Season,2026-09-05T13:09:45.302148,2026
1004002,50,Derick Roberson,Derick Roberson,Defensive_End,Started,,,,,,,,,,,,,,,,,,,,,,,,0,0,0,0,0,0,1,,,,,,,,,,,,,,,,,,,,,,,13419722,106752,SSK,Saskatchewan Roughriders,Regular Season,2026-09-05T13:09:45.302148,2026
1007936,17,Tommy Stevens,Tommy Stevens,Offensive_Quarterback,ActiveNotPlayed,,,,,,,,,,10.0,25.0,1,6,2.5,,,,,,,,,,,,,,,,,,,,,,,,,,,,,,,,,,,,,,,13419722,106752,SSK,Saskatchewan Roughriders,Regular Season,2026-09-05T13:09:45.302148,2026
1012862,2,Josh Woods,Josh Woods,Defensive_Linebacker,Started,,,,,,,,,,,,,,,,,,,,,,,,4,0,1,0,0,0,0,,,,,,,,,,,,,,,,,,,,,,,13419722,106752,SSK,Saskatchewan Roughriders,Regular Season,2026-09-05T13:09:45.302148,2026
1014314,22,Damarcus Fields,Damarcus Fields,Defensive_DefensiveBack,Started,,,,,,,,,,,,,,,,,,,,,,,,4,0,0,0,0,0,0,,,,,,,,,,,,,,,,,,,,,,,13419722,106752,SSK,Saskatchewan Roughriders,Regular Season,2026-09-05T13:09:45.302148,2026
1020372,3,KeeSean Johnson,KeeSean Johnson,Offensive_WideReceiver,Started,,,,,,,,,,,,,,,14.0,10.0,146.0,36.0,1.0,38.0,14.6,10.429,0.714,,,,,,,,,,,,,,,,,,,,,,,,,,,,,,13419722,106752,SSK,Saskatchewan Roughriders,Regular Season,2026-09-05T13:09:45.302148,2026
1080069,99,Caleb Sanders,Caleb Sanders,Defensive_DefensiveLineman,Started,,,,,,,,,,,,,,,,,,,,,,,,3,2,0,0,0,0,0,,,,,,,,,,,,,,,,,,,,,,,13419722,106752,SSK,Saskatchewan Roughriders,Regular Season,2026-09-05T13:09:45.302148,2026
1130108,6,Jameer Thurman,Jameer Thurman,Defensive_Linebacker,Started,,,,,,,,,,,,,,,,,,,,,,,,2,0,0,0,1,0,0,,,,,,,,,,,,,,,,,,,,,,,13419722,106752,SSK,Saskatchewan Roughriders,Regular Season,2026-09-05T13:09:45.302148,2026
1344426,84,Shemar Bridges,Shemar Bridges,Offensive_WideReceiver,Started,,,,,,,,,,,,,,,5.0,2.0,11.0,0.0,0.0,6.0,5.5,2.2,0.4,,,,,,,,,,,,,,,,,,,,,,,,,,,,,,13419722,106752,SSK,Saskatchewan Roughriders,Regular Season,2026-09-05T13:09:45.302148,2026
1349486,93,Benoit Marion,Benoit Marion,Defensive_DefensiveLineman,ActiveNotPlayed,,,,,,,,,,,,,,,,,,,,,,,,,,,,,,,,,,,,,,,,,,,,,1.0,11.0,11.0,11.0,,,,,13419722,106752,SSK,Saskatchewan Roughriders,Regular Season,2026-09-05T13:09:45.302148,2026
1349520,20,Kerfalla Exume,Kerfalla Exume,Defensive_DefensiveBack,ActiveNotPlayed,,,,,,,,,,,,,,,,,,,,,,,,0,0,0,0,0,0,1,,,,,,,,,,,,,,,,,,,,,,,13419722,106752,SSK,Saskatchewan Roughriders,Regular Season,2026-09-05T13:09:45.302148,2026
1349536,7,Trevor Harris,Trevor Harris,Offensive_Quarterback,Started,23.0,36.0,0.639,313.0,2.0,0.0,38.0,8.694,9.805555555555555,1.0,7.0,0,7,7.0,,,,,,,,,,,,,,,,,,,,,,,,,,,,,,,,,,,,,,,13419722,106752,SSK,Saskatchewan Roughriders,Regular Season,2026-09-05T13:09:45.302148,2026
1350586,25,Nelson Lokombo,Nelson Lokombo,Defensive_DefensiveBack,Started,,,,,,,,,,,,,,,,,,,,,,,,4,0,0,1,0,0,0,,,,,,,,,,,,,,,,,,,,,,,13419722,106752,SSK,Saskatchewan Roughriders,Regular Season,2026-09-05T13:09:45.302148,2026
1384818,31,Jonathan Edouard,Jonathan Edouard,Defensive_DefensiveBack,Started,,,,,,,,,,,,,,,,,,,,,,,,4,0,0,0,0,0,0,,,,,,,,,,,,,,,,,,,,,,,13419722,106752,SSK,Saskatchewan Roughriders,Regular Season,2026-09-05T13:09:45.302148,2026
1397320,33,Ryder Varga,Ryder Varga,Defensive_Linebacker,ActiveNotPlayed,,,,,,,,,,,,,,,,,,,,,,,,0,0,0,0,0,0,1,,,,,,,,,,,,,,,,,,,,,,,13419722,106752,SSK,Saskatchewan Roughriders,Regular Season,2026-09-05T13:09:45.302148,2026
1403970,1,James Letcher Jr.,James Letcher Jr.,Offensive_WideReceiver,ActiveNotPlayed,,,,,,,,,,,,,,,,,,,,,,,,,,,,,,,,,,,,,,,,,,,,,3.0,87.0,43.0,29.0,7.0,76.0,19.0,10.857,13419722,106752,SSK,Saskatchewan Roughriders,Regular Season,2026-09-05T13:09:45.302148,2026
1404092,30,Thomas Bertrand-Hudon,Thomas Bertrand-Hudon,Offensive_RunningBack,ActiveNotPlayed,,,,,,,,,,3.0,14.0,0,10,4.667,,,,,,,,,,,,,,,,,,,,,,,,,,,,,,,,,,,,,,,13419722,106752,SSK,Saskatchewan Roughriders,Regular Season,2026-09-05T13:09:45.302148,2026
1468043,65,Daniel Johnson,Daniel Johnson,Offensive_OffensiveLineman,ActiveNotPlayed,,,,,,,,,,,,,,,,,,,,,,,,0,0,0,0,0,0,1,,,,,,,,,,,,,,,,,,,,,,,13419722,106752,SSK,Saskatchewan Roughriders,Regular Season,2026-09-05T13:09:45.302148,2026
1468449,18,Dhel Duncan-Busby,Dhel Duncan-Busby,Offensive_WideReceiver,Started,,,,,,,,,,,,,,,6.0,4.0,82.0,24.0,1.0,34.0,20.5,13.667,0.667,,,,,,,,,,,,,,,,,,,,,,,,,,,,,,13419722,106752,SSK,Saskatchewan Roughriders,Regular Season,2026-09-05T13:09:45.302148,2026
1468451,28,Melique Straker,Melique Straker,Defensive_Linebacker,ActiveNotPlayed,,,,,,,,,,,,,,,,,,,,,,,,0,0,0,0,0,0,3,,,,,,,,,,,,,,,,,,,,,,,13419722,106752,SSK,Saskatchewan Roughriders,Regular Season,2026-09-05T13:09:45.302148,2026
1484800,27,James Burgess,James Burgess,Defensive_Cornerback,Started,,,,,,,,,,,,,,,,,,,,,,,,0,0,0,1,0,0,0,,,,,,,,,,,,,,,,,,,,,,,13419722,106752,SSK,Saskatchewan Roughriders,Regular Season,2026-09-05T13:09:45.302148,2026
1485313,24,Quali Conley,Quali Conley,Offensive_RunningBack,Started,,,,,,,,,,10.0,78.0,0,21,7.8,1.0,0.0,0.0,0.0,0.0,0.0,,,0.0,,,,,,,,,,,,,,,,,,,,,,,,,,,,,,13419722,106752,SSK,Saskatchewan Roughriders,Regular Season,2026-09-05T13:09:45.302148,2026
1487114,96,Ali Saad,Ali Saad,Defensive_DefensiveLineman,ActiveNotPlayed,,,,,,,,,,,,,,,,,,,,,,,,1,0,0,0,0,0,0,,,,,,,,,,,,,,,,,,,,,,,13419722,106752,SSK,Saskatchewan Roughriders,Regular Season,2026-09-05T13:09:45.302148,2026
1487216,35,Seyi Oladipo,Seyi Oladipo,Defensive_Linebacker,Started,,,,,,,,,,,,,,,,,,,,,,,,3,0,0,0,0,0,0,,,,,,,,,,,,,,,,,,,,,,,13419722,106752,SSK,Saskatchewan Roughriders,Regular Season,2026-09-05T13:09:45.302148,2026
1488508,12,Malcolm Bell,Malcolm Bell,Defensive_DefensiveBack,ActiveNotPlayed,,,,,,,,,,,,,,,,,,,,,,,,0,0,0,0,0,0,1,,,,,,,,,,,,,,,,,,,,,,,13419722,106752,SSK,Saskatchewan Roughriders,Regular Season,2026-09-05T13:09:45.302148,2026
1510443,11,Alex Hale,Alex Hale,Kicker,ActiveNotPlayed,,,,,,,,,,,,,,,,,,,,,,,,,,,,,,,2.0,3.0,0.667,55,2.0,0.0,5.0,311.0,70.0,,,,,,,,,,,,,,13419722,106752,SSK,Saskatchewan Roughriders,Regular Season,2026-09-05T13:09:45.302148,2026
1512298,91,Oscar Chapman,Oscar Chapman,Punter,ActiveNotPlayed,,,,,,,,,,,,,,,,,,,,,,,,0,0,0,0,0,0,1,,,,,,,,,,6.0,244.0,40.667,54.0,0.0,,,,,,,,,13419722,106752,SSK,Saskatchewan Roughriders,Regular Season,2026-09-05T13:09:45.302148,2026
1514743,48,David Gbenda,David Gbenda,Defensive_Linebacker,ActiveNotPlayed,,,,,,,,,,,,,,,,,,,,,,,,0,0,0,0,0,0,1,,,,,,,,,,,,,,,,,,,,,,,13419722,106752,SSK,Saskatchewan Roughriders,Regular Season,2026-09-05T13:09:45.302148,2026
1600404,85,D'Sean Mimbs,D'Sean Mimbs,Offensive_WideReceiver,Started,,,,,,,,,,,,,,,2.0,1.0,18.0,4.0,0.0,18.0,18.0,9.0,0.5,,,,,,,,,,,,,,,,,,,,,,,,,,,,,,13419722,106752,SSK,Saskatchewan Roughriders,Regular Season,2026-09-05T13:09:45.302148,2026
1602300,87,Daniel Wiebe,Daniel Wiebe,Offensive_WideReceiver,Started,,,,,,,,,,,,,,,8.0,6.0,56.0,36.0,0.0,16.0,9.333,7.0,0.75,,,,,,,,,,,,,,,,,,,,,,,,,,,,,,13419722,106752,SSK,Saskatchewan Roughriders,Regular Season,2026-09-05T13:09:45.302148,2026
999126,8,Marcus Sayles,Marcus Sayles,Defensive_DefensiveBack,Started,,,,,,,,,,,,,,,,,,,,,,,,7,0,0,0,0,0,1,,,,,,,,,,,,,,,,,,,,,,,13419722,106752,SSK,Saskatchewan Roughriders,Regular Season,2026-09-05T13:09:45.302148,2026
1005577,86,Damonte Coxie,Damonte Coxie,Offensive_WideReceiver,Started,,,,,,,,,,,,,,,8.0,5.0,146.0,6.0,0.0,58.0,29.2,18.25,0.625,,,,,,,,,,,,,,,,,,,,,,,,,,,,,,13419722,122345,TOR,Toronto Argonauts,Regular Season,2026-09-05T13:09:45.302148,2026
1006437,3,Janarion Grant,Janarion Grant,Offensive_WideReceiver,ActiveNotPlayed,,,,,,,,,,,,,,,,,,,,,,,,,,,,,,,,,,,,,,,,,,,,,1.0,19.0,19.0,19.0,1.0,32.0,19.0,32.0,13419722,122345,TOR,Toronto Argonauts,Regular Season,2026-09-05T13:09:45.302148,2026
1015150,2,Tarvarus McFadden,Tarvarus McFadden,Defensive_DefensiveBack,Started,,,,,,,,,,,,,,,,,,,,,,,,3,0,0,0,0,0,0,,,,,,,,,,,,,,,,,,,,,,,13419722,122345,TOR,Toronto Argonauts,Regular Season,2026-09-05T13:09:45.302148,2026
1016527,97,Dewayne Hendrix,Dewayne Hendrix,Defensive_DefensiveLineman,ActiveNotPlayed,,,,,,,,,,,,,,,,,,,,,,,,1,0,0,0,0,0,0,,,,,,,,,,,,,,,,,,,,,,,13419722,122345,TOR,Toronto Argonauts,Regular Season,2026-09-05T13:09:45.302148,2026
1022794,83,David Ungerer III,David Ungerer III,Offensive_WideReceiver,Started,,,,,,,,,,,,,,,4.0,2.0,49.0,10.0,0.0,39.0,24.5,12.25,0.5,,,,,,,,,,,,,,,,,,,,,,,,,,4.0,32.0,17.0,8.0,13419722,122345,TOR,Toronto Argonauts,Regular Season,2026-09-05T13:09:45.302148,2026
1078483,34,Bubba Bolden,Bubba Bolden,Defensive_DefensiveBack,Started,,,,,,,,,,,,,,,,,,,,,,,,5,0,0,0,0,0,0,,,,,,,,,,,,,,,,,,,,,,,13419722,122345,TOR,Toronto Argonauts,Regular Season,2026-09-05T13:09:45.302148,2026
1084913,87,Jake Herslow,Jake Herslow,Offensive_WideReceiver,Started,,,,,,,,,,,,,,,7.0,4.0,55.0,13.0,0.0,27.0,13.75,7.857,0.571,1,0,0,0,0,0,0,,,,,,,,,,,,,,,4.0,87.0,35.0,21.75,,,,,13419722,122345,TOR,Toronto Argonauts,Regular Season,2026-09-05T13:09:45.302148,2026
1349460,1,DaShaun Amos,DaShaun Amos,Defensive_DefensiveBack,Started,,,,,,,,,,,,,,,,,,,,,,,,3,0,0,0,0,0,0,,,,,,,,,,,,,,,,,,,,,,,13419722,122345,TOR,Toronto Argonauts,Regular Season,2026-09-05T13:09:45.302148,2026
1349471,45,Jack Cassar,Jack Cassar,Offensive_Fullback,ActiveNotPlayed,,,,,,,,,,,,,,,1.0,1.0,3.0,0.0,1.0,3.0,3.0,3.0,1.0,,,,,,,,,,,,,,,,,,,,,,,,,,,,,,13419722,122345,TOR,Toronto Argonauts,Regular Season,2026-09-05T13:09:45.302148,2026
1349568,6,Adarius Pickett,Adarius Pickett,Defensive_Linebacker,Started,,,,,,,,,,,,,,,,,,,,,,,,5,0,0,0,0,0,1,,,,,,,,,,,,,,,,,,,,,,,13419722,122345,TOR,Toronto Argonauts,Regular Season,2026-09-05T13:09:45.302148,2026
1350449,42,Shawn Lemon,Shawn Lemon,Defensive_DefensiveLineman,ActiveNotPlayed,,,,,,,,,,,,,,,,,,,,,,,,3,2,1,0,1,0,0,,,,,,,,,,,,,,,,,,,,,,,13419722,122345,TOR,Toronto Argonauts,Regular Season,2026-09-05T13:09:45.302148,2026
1350456,4,Nick Arbuckle,Nick Arbuckle,Offensive_Quarterback,ActiveNotPlayed,1.0,2.0,0.5,5.0,0.0,0.0,5.0,2.5,2.5,,,,,,,,,,,,,,,,,,,,,,,,,,,,,,,,,,,,,,,,,,,,13419722,122345,TOR,Toronto Argonauts,Regular Season,2026-09-05T13:09:45.302148,2026
1357160,23,Benjie Franklin,Benjie Franklin,Defensive_DefensiveBack,Started,,,,,,,,,,,,,,,,,,,,,,,,2,0,1,0,0,0,0,,,,,,,,,,,,,,,,,,,,,,,13419722,122345,TOR,Toronto Argonauts,Regular Season,2026-09-05T13:09:45.302148,2026
1401657,35,Isaac Darkangelo,Isaac Darkangelo,Defensive_Linebacker,Started,,,,,,,,,,,,,,,,,,,,,,,,8,0,0,0,0,0,1,,,,,,,,,,,,,,,,,,,,,,,13419722,122345,TOR,Toronto Argonauts,Regular Season,2026-09-05T13:09:45.302148,2026
1468482,10,Kevin Mital,Kevin Mital,Offensive_WideReceiver,Started,,,,,,,,,,,,,,,6.0,4.0,17.0,0.0,0.0,7.0,4.25,2.833,0.667,,,,,,,,,,,,,,,,,,,,,,,,,,,,,,13419722,122345,TOR,Toronto Argonauts,Regular Season,2026-09-05T13:09:45.302148,2026
1473233,20,Derek Slywka,Derek Slywka,Defensive_Linebacker,ActiveNotPlayed,,,,,,,,,,,,,,,,,,,,,,,,3,0,0,0,0,0,2,,,,,,,,,,,,,,,,,,,,,,,13419722,122345,TOR,Toronto Argonauts,Regular Season,2026-09-05T13:09:45.302148,2026
1484829,14,James Burnip,James Burnip,Punter,ActiveNotPlayed,,,,,,,,,,,,,,,,,,,,,,,,,,,,,,,,,,,,,,,,7.0,386.0,55.143,66.0,2.0,,,,,,,,,13419722,122345,TOR,Toronto Argonauts,Regular Season,2026-09-05T13:09:45.302148,2026
1489868,40,Darius McKenzie,Darius McKenzie,Defensive_Linebacker,ActiveNotPlayed,,,,,,,,,,,,,,,,,,,,,,,,0,0,0,0,0,0,1,,,,,,,,,,,,,,,,,,,,,,,13419722,122345,TOR,Toronto Argonauts,Regular Season,2026-09-05T13:09:45.302148,2026
1490316,17,Nolan Ulm,Nolan Ulm,Offensive_WideReceiver,ActiveNotPlayed,,,,,,,,,,,,,,,1.0,0.0,0.0,0.0,0.0,0.0,,,0.0,,,,,,,,,,,,,,,,,,,,,,,,,,,,,,13419722,122345,TOR,Toronto Argonauts,Regular Season,2026-09-05T13:09:45.302148,2026
1502167,91,Soane Toia,Soane Toia,Defensive_DefensiveLineman,Started,,,,,,,,,,,,,,,,,,,,,,,,2,0,0,0,0,0,0,,,,,,,,,,,,,,,,,,,,,,,13419722,122345,TOR,Toronto Argonauts,Regular Season,2026-09-05T13:09:45.302148,2026
1514567,7,Qualan Jones,Qualan Jones,Offensive_RunningBack,ActiveNotPlayed,,,,,,,,,,2.0,-1.0,0,1,-0.5,2.0,2.0,19.0,19.0,0.0,11.0,9.5,9.5,1.0,,,,,,,,,,,,,,,,,,,,,,,,,,,,,,13419722,122345,TOR,Toronto Argonauts,Regular Season,2026-09-05T13:09:45.302148,2026
1514818,93,Jalen Bell,Jalen Bell,Defensive_DefensiveLineman,Started,,,,,,,,,,,,,,,,,,,,,,,,1,0,0,0,0,0,1,,,,,,,,,,,,,,,,,,,,,,,13419722,122345,TOR,Toronto Argonauts,Regular Season,2026-09-05T13:09:45.302148,2026
1518855,33,Alexander Teubner,Alexander Teubner,Defensive_Linebacker,Started,,,,,,,,,,,,,,,,,,,,,,,,6,0,0,0,0,0,1,,,,,,,,,,,,,,,,,,,,,,,13419722,122345,TOR,Toronto Argonauts,Regular Season,2026-09-05T13:09:45.302148,2026
1598895,82,Tyler Kahmann,Tyler Kahmann,Offensive_WideReceiver,Started,,,,,,,,,,,,,,,9.0,8.0,115.0,60.0,2.0,25.0,14.375,12.778,0.889,,,,,,,,,,,,,,,,,,,,,,,,,,,,,,13419722,122345,TOR,Toronto Argonauts,Regular Season,2026-09-05T13:09:45.302148,2026
1712219,68,Desmond Bland,Desmond Bland,Offensive_OffensiveLineman,Started,,,,,,,,,,,,,,,,,,,,,,,,1,0,0,0,0,0,0,,,,,,,,,,,,,,,,,,,,,,,13419722,122345,TOR,Toronto Argonauts,Regular Season,2026-09-05T13:09:45.302148,2026
1722195,28,James Ceasar,James Ceasar,Defensive_DefensiveBack,Started,,,,,,,,,,,,,,,,,,,,,,,,4,0,0,0,0,0,0,,,,,,,,,,,,,,,,,,,,,,,13419722,122345,TOR,Toronto Argonauts,Regular Season,2026-09-05T13:09:45.302148,2026
1752314,9,Louis Philippe Gauthier,Louis Philippe Gauthier,Defensive_DefensiveBack,ActiveNotPlayed,,,,,,,,,,,,,,,,,,,,,,,,1,0,0,0,0,0,0,,,,,,,,,,,,,,,,,,,,,,,13419722,122345,TOR,Toronto Argonauts,Regular Season,2026-09-05T13:09:45.302148,2026
1752348,41,Sebastian Parsalidis,Sebastian Parsalidis,Offensive_Fullback,ActiveNotPlayed,,,,,,,,,,,,,,,,,,,,,,,,0,0,0,0,0,0,1,,,,,,,,,,,,,,,,,,,,,,,13419722,122345,TOR,Toronto Argonauts,Regular Season,2026-09-05T13:09:45.302148,2026
1752352,16,Brady Lidster,Brady Lidster,Kicker,ActiveNotPlayed,,,,,,,,,,,,,,,,,,,,,,,,,,,,,,,1.0,2.0,0.5,51,1.0,0.0,4.0,271.0,75.0,,,,,,,,,,,,,,13419722,122345,TOR,Toronto Argonauts,Regular Season,2026-09-05T13:09:45.302148,2026
1752362,21,Isaiah Smith,Isaiah Smith,Offensive_RunningBack,Started,,,,,,,,,,2.0,16.0,0,13,8.0,3.0,3.0,17.0,16.0,0.0,11.0,5.667,5.667,1.0,0,0,0,0,0,0,1,,,,,,,,,,,,,,,,,,,,,,,13419722,122345,TOR,Toronto Argonauts,Regular Season,2026-09-05T13:09:45.302148,2026
998710,12,Chad Kelly,Chad Kelly,Offensive_Quarterback,Started,28.0,39.0,0.718,416.0,3.0,2.0,58.0,10.667,9.897435897435898,,,,,,,,,,,,,,,,,,,,,,,,,,,,,,,,,,,,,,,,,,,,13419722,122345,TOR,Toronto Argonauts,Regular Season,2026-09-05T13:09:45.302148,2026
1007078,7,Ayden Eberhardt,Ayden Eberhardt,Offensive_WideReceiver,Started,,,,,,,,,,1.0,-6.0,0,-6,-6.0,5.0,2.0,59.0,49.0,2.0,49.0,29.5,11.8,0.4,,,,,,,,,,,,,,,,,,,,,,,,,,,,,,13419723,88019,OTT,Ottawa RedBlacks,Regular Season,2026-09-05T13:09:45.302148,2026
1015046,83,Kalil Pimpleton,Kalil Pimpleton,Offensive_WideReceiver,Started,,,,,,,,,,,,,,,2.0,0.0,0.0,0.0,0.0,0.0,,,0.0,1,0,0,0,0,0,0,,,,,,,,,,,,,,,6.0,151.0,59.0,25.167,2.0,9.0,5.0,4.5,13419723,88019,OTT,Ottawa RedBlacks,Regular Season,2026-09-05T13:09:45.302148,2026
1073969,6,Benny Sapp III,Benny Sapp III,Defensive_DefensiveBack,Started,,,,,,,,,,,,,,,,,,,,,,,,1,0,0,0,1,0,0,,,,,,,,,,,,,,,,,,,,,,,13419723,88019,OTT,Ottawa RedBlacks,Regular Season,2026-09-05T13:09:45.302148,2026
1077845,95,Habakkuk Baldonado,Habakkuk Baldonado,Defensive_DefensiveLineman,ActiveNotPlayed,,,,,,,,,,,,,,,,,,,,,,,,1,0,0,0,0,0,0,,,,,,,,,,,,,,,,,,,,,,,13419723,88019,OTT,Ottawa RedBlacks,Regular Season,2026-09-05T13:09:45.302148,2026
1080706,5,Greg Bell,Greg Bell,Offensive_RunningBack,Started,,,,,,,,,,2.0,-1.0,0,4,-0.5,5.0,4.0,39.0,38.0,0.0,11.0,9.75,7.8,0.8,,,,,,,,,,,,,,,,,,,,,,,,,,,,,,13419723,88019,OTT,Ottawa RedBlacks,Regular Season,2026-09-05T13:09:45.302148,2026
1083949,13,Jake Maier,Jake Maier,Offensive_Quarterback,Started,19.0,33.0,0.576,291.0,2.0,1.0,49.0,8.818,8.666666666666666,1.0,1.0,0,1,1.0,,,,,,,,,,,,,,,,,,,,,,,,,,,,,,,,,,,,,,,13419723,88019,OTT,Ottawa RedBlacks,Regular Season,2026-09-05T13:09:45.302148,2026
1092881,20,Alonzo Addae,Alonzo Addae,Defensive_DefensiveBack,Started,,,,,,,,,,,,,,,,,,,,,,,,3,0,0,2,0,0,1,,,,,,,,,,,,,,,,,,,,,,,13419723,88019,OTT,Ottawa RedBlacks,Regular Season,2026-09-05T13:09:45.302148,2026
1130120,48,Sione Teuhema,Sione Teuhema,Defensive_End,Started,,,,,,,,,,,,,,,,,,,,,,,,4,1,1,0,0,0,0,,,,,,,,,,,,,,,,,,,,,,,13419723,88019,OTT,Ottawa RedBlacks,Regular Season,2026-09-05T13:09:45.302148,2026
1349458,25,Daniel Adeboboye,Daniel Adeboboye,Offensive_RunningBack,ActiveNotPlayed,,,,,,,,,,1.0,1.0,0,1,1.0,1.0,0.0,0.0,0.0,0.0,0.0,,,0.0,0,0,0,0,0,0,1,,,,,,,,,,,,,,,,,,,,,,,13419723,88019,OTT,Ottawa RedBlacks,Regular Season,2026-09-05T13:09:45.302148,2026
1349587,45,Anthony Gosselin,Anthony Gosselin,Offensive_Fullback,ActiveNotPlayed,,,,,,,,,,,,,,,,,,,,,,,,0,0,0,0,0,0,2,,,,,,,,,,,,,,,,,,,,,,,13419723,88019,OTT,Ottawa RedBlacks,Regular Season,2026-09-05T13:09:45.302148,2026
1350478,23,Scott Hutter,Scott Hutter,Defensive_DefensiveBack,ActiveNotPlayed,,,,,,,,,,,,,,,,,,,,,,,,8,0,0,0,0,0,0,,,,,,,,,,,,,,,,,,,,,,,13419723,88019,OTT,Ottawa RedBlacks,Regular Season,2026-09-05T13:09:45.302148,2026
1350583,21,Brett Lauther,Brett Lauther,Kicker,ActiveNotPlayed,,,,,,,,,,,,,,,,,,,,,,,,,,,,,,,1.0,1.0,1.0,43,3.0,0.0,,,,,,,,,,,,,,,,,13419723,88019,OTT,Ottawa RedBlacks,Regular Season,2026-09-05T13:09:45.302148,2026
1397558,33,Noah Gettman,Noah Gettman,Kicker,ActiveNotPlayed,,,,,,,,,,,,,,,,,,,,,,,,,,,,,,,,,,,,,4.0,283.0,75.0,6.0,326.0,54.333,65.0,0.0,,,,,,,,,13419723,88019,OTT,Ottawa RedBlacks,Regular Season,2026-09-05T13:09:45.302148,2026
1397561,1,Nyles Morgan,Nyles Morgan,Defensive_Linebacker,Started,,,,,,,,,,,,,,,,,,,,,,,,5,0,0,0,0,0,0,,,,,,,,,,,,,,,,,,,,,,,13419723,88019,OTT,Ottawa RedBlacks,Regular Season,2026-09-05T13:09:45.302148,2026
1402692,55,Blessman Ta'ala,Blessman Ta'ala,Defensive_DefensiveLineman,ActiveNotPlayed,,,,,,,,,,,,,,,,,,,,,,,,1,0,0,0,0,0,0,,,,,,,,,,,,,,,,,,,,,,,13419723,88019,OTT,Ottawa RedBlacks,Regular Season,2026-09-05T13:09:45.302148,2026
1403950,19,Lucas Cormier,Lucas Cormier,Defensive_Linebacker,Started,,,,,,,,,,,,,,,,,,,,,,,,5,0,0,0,0,0,0,,,,,,,,,,,,,,,,,,,,,,,13419723,88019,OTT,Ottawa RedBlacks,Regular Season,2026-09-05T13:09:45.302148,2026
1468037,84,Nick Mardner,Nick Mardner,Offensive_WideReceiver,Started,,,,,,,,,,,,,,,2.0,1.0,11.0,5.0,0.0,11.0,11.0,5.5,0.5,,,,,,,,,,,,,,,,,,,,,,,,,,,,,,13419723,88019,OTT,Ottawa RedBlacks,Regular Season,2026-09-05T13:09:45.302148,2026
1488448,97,Jelani Stafford,Jelani Stafford,Defensive_DefensiveLineman,Started,,,,,,,,,,,,,,,,,,,,,,,,2,0,0,0,0,0,0,,,,,,,,,,,,,,,,,,,,,,,13419723,88019,OTT,Ottawa RedBlacks,Regular Season,2026-09-05T13:09:45.302148,2026
1495270,28,Shadwel Nkuba II,Shadwel Nkuba II,Defensive_DefensiveBack,Started,,,,,,,,,,,,,,,,,,,,,,,,6,0,0,0,0,0,0,,,,,,,,,,,,,,,,,,,,,,,13419723,88019,OTT,Ottawa RedBlacks,Regular Season,2026-09-05T13:09:45.302148,2026
1495437,29,Jessie Evans,Jessie Evans,Defensive_End,Started,,,,,,,,,,,,,,,,,,,,,,,,1,0,0,0,0,0,0,,,,,,,,,,,,,,,,,,,,,,,13419723,88019,OTT,Ottawa RedBlacks,Regular Season,2026-09-05T13:09:45.302148,2026
1497161,81,Keelan White,Keelan White,Offensive_WideReceiver,ActiveNotPlayed,,,,,,,,,,,,,,,12.0,8.0,127.0,53.0,0.0,25.0,15.875,10.583,0.667,,,,,,,,,,,,,,,,,,,,,,,,,,,,,,13419723,88019,OTT,Ottawa RedBlacks,Regular Season,2026-09-05T13:09:45.302148,2026
1507770,37,Marcus Barnes,Marcus Barnes,Defensive_DefensiveBack,Started,,,,,,,,,,,,,,,,,,,,,,,,4,0,0,0,0,0,0,,,,,,,,,,,,,,,,,,,,,,,13419723,88019,OTT,Ottawa RedBlacks,Regular Season,2026-09-05T13:09:45.302148,2026
1509655,36,Aaron Casey,Aaron Casey,Defensive_Linebacker,ActiveNotPlayed,,,,,,,,,,,,,,,,,,,,,,,,3,0,0,0,0,0,2,,,,,,,,,,,,,,,,,,,,,,,13419723,88019,OTT,Ottawa RedBlacks,Regular Season,2026-09-05T13:09:45.302148,2026
1515021,17,Bryson Barnes,Bryson Barnes,Offensive_Quarterback,ActiveNotPlayed,5.0,5.0,1.0,57.0,0.0,0.0,16.0,11.4,11.4,2.0,2.0,1,1,1.0,,,,,,,,,,,,,,,,,,,,,,,,,,,,,,,,,,,,,,,13419723,88019,OTT,Ottawa RedBlacks,Regular Season,2026-09-05T13:09:45.302148,2026
1516637,85,Cade McDonald,Cade McDonald,Offensive_WideReceiver,Started,,,,,,,,,,,,,,,1.0,1.0,16.0,12.0,0.0,16.0,16.0,16.0,1.0,,,,,,,,,,,,,,,,,,,,,,1.0,26.0,26.0,26.0,,,,,13419723,88019,OTT,Ottawa RedBlacks,Regular Season,2026-09-05T13:09:45.302148,2026
1521340,27,King Ambers,King Ambers,Defensive_DefensiveBack,Started,,,,,,,,,,,,,,,,,,,,,,,,5,0,0,0,0,1,0,,,,,,,,,,,,,,,,,,,,,,,13419723,88019,OTT,Ottawa RedBlacks,Regular Season,2026-09-05T13:09:45.302148,2026
1602463,15,Eric Cumberbatch,Eric Cumberbatch,Defensive_DefensiveBack,ActiveNotPlayed,,,,,,,,,,,,,,,,,,,,,,,,1,0,0,0,0,0,1,,,,,,,,,,,,,,,,,,,,,,,13419723,88019,OTT,Ottawa RedBlacks,Regular Season,2026-09-05T13:09:45.302148,2026
1752422,82,Ethan Jordan,Ethan Jordan,Offensive_WideReceiver,ActiveNotPlayed,,,,,,,,,,,,,,,1.0,1.0,6.0,4.0,0.0,6.0,6.0,6.0,1.0,,,,,,,,,,,,,,,,,,,,,,,,,,,,,,13419723,88019,OTT,Ottawa RedBlacks,Regular Season,2026-09-05T13:09:45.302148,2026
835400,2,Justin Hardy,Justin Hardy,Offensive_WideReceiver,Started,,,,,,,,,,,,,,,9.0,7.0,90.0,27.0,0.0,22.0,12.857,10.0,0.778,,,,,,,,,,,,,,,,,,,,,,,,,,,,,,13419723,88019,OTT,Ottawa RedBlacks,Regular Season,2026-09-05T13:09:45.302148,2026
1007090,3,C.J. Coldon,C.J. Coldon,Defensive_DefensiveBack,Started,,,,,,,,,,,,,,,,,,,,,,,,3,0,1,0,0,0,0,,,,,,,,,,,,,,,,,,,,,,,13419723,93775,BC,BC Lions,Regular Season,2026-09-05T13:09:45.302148,2026
1008481,23,Stantley Thomas-Oliver III,Stantley Thomas-Oliver III,Defensive_DefensiveBack,Started,,,,,,,,,,,,,,,,,,,,,,,,1,0,0,0,0,0,0,,,,,,,,,,,,,,,,,,,,,,,13419723,93775,BC,BC Lions,Regular Season,2026-09-05T13:09:45.302148,2026
1012377,18,Justin McInnis,Justin McInnis,Offensive_WideReceiver,Started,,,,,,,,,,,,,,,4.0,3.0,29.0,0.0,0.0,13.0,9.667,7.25,0.75,1,0,0,0,0,0,0,,,,,,,,,,,,,,,,,,,,,,,13419723,93775,BC,BC Lions,Regular Season,2026-09-05T13:09:45.302148,2026
1013402,83,Stanley Berryhill III,Stanley Berryhill III,Offensive_WideReceiver,Started,,,,,,,,,,,,,,,2.0,2.0,14.0,3.0,0.0,8.0,7.0,7.0,1.0,,,,,,,,,,,,,,,,,,,,,,4.0,86.0,35.0,21.5,3.0,45.0,22.0,15.0,13419723,93775,BC,BC Lions,Regular Season,2026-09-05T13:09:45.302148,2026
1015592,24,Patrice Rene,Patrice Rene,Defensive_DefensiveBack,ActiveNotPlayed,,,,,,,,,,,,,,,,,,,,,,,,0,0,0,0,0,0,2,,,,,,,,,,,,,,,,,,,,,,,13419723,93775,BC,BC Lions,Regular Season,2026-09-05T13:09:45.302148,2026
1021684,12,Nathan Rourke,Nathan Rourke,Offensive_Quarterback,Started,22.0,25.0,0.88,355.0,2.0,2.0,42.0,14.2,12.2,1.0,9.0,0,9,9.0,,,,,,,,,,1,0,0,0,0,0,0,,,,,,,,,,,,,,,,,,,,,,,13419723,93775,BC,BC Lions,Regular Season,2026-09-05T13:09:45.302148,2026
1080752,9,Deontai Williams,Deontai Williams,Defensive_Linebacker,Started,,,,,,,,,,,,,,,,,,,,,,,,4,1,0,0,0,0,0,,,,,,,,,,,,,,,,,,,,,,,13419723,93775,BC,BC Lions,Regular Season,2026-09-05T13:09:45.302148,2026
1349807,20,James Butler,James Butler,Offensive_RunningBack,ActiveNotPlayed,,,,,,,,,,7.0,45.0,0,17,6.429,2.0,2.0,11.0,7.0,1.0,10.0,5.5,5.5,1.0,,,,,,,,,,,,,,,,,,,,,,,,,,,,,,13419723,93775,BC,BC Lions,Regular Season,2026-09-05T13:09:45.302148,2026
1349808,91,Nathan Cherry,Nathan Cherry,Defensive_DefensiveLineman,ActiveNotPlayed,,,,,,,,,,,,,,,,,,,,,,,,1,0,0,0,0,0,0,,,,,,,,,,,,,,,,,,,,,,,13419723,93775,BC,BC Lions,Regular Season,2026-09-05T13:09:45.302148,2026
1349811,86,Jevon Cottoy,Jevon Cottoy,Offensive_WideReceiver,Started,,,,,,,,,,,,,,,4.0,4.0,62.0,41.0,1.0,20.0,15.5,15.5,1.0,1,0,0,0,0,0,0,,,,,,,,,,,,,,,,,,,,,,,13419723,93775,BC,BC Lions,Regular Season,2026-09-05T13:09:45.302148,2026
1349819,6,T.J Lee,T.J Lee,Defensive_DefensiveBack,Started,,,,,,,,,,,,,,,,,,,,,,,,8,1,0,0,0,0,0,,,,,,,,,,,,,,,,,,,,,,,13419723,93775,BC,BC Lions,Regular Season,2026-09-05T13:09:45.302148,2026
1349826,1,Garry Peters,Garry Peters,Defensive_DefensiveBack,Started,,,,,,,,,,,,,,,,,,,,,,,,1,0,0,0,0,0,0,,,,,,,,,,,,,,,,,,,,,,,13419723,93775,BC,BC Lions,Regular Season,2026-09-05T13:09:45.302148,2026
1349844,10,Sean Whyte,Sean Whyte,Kicker,ActiveNotPlayed,,,,,,,,,,,,,,,,,,,,,,,,,,,,,,,1.0,1.0,1.0,31,6.0,0.0,,,,,,,,,,,,,,,,,13419723,93775,BC,BC Lions,Regular Season,2026-09-05T13:09:45.302148,2026
1357246,34,Zander Horvath,Zander Horvath,Offensive_RunningBack,Started,,,,,,,,,,24.0,164.0,4,26,6.833,5.0,4.0,30.0,19.0,0.0,11.0,7.5,6.0,0.8,,,,,,,,,,,,,,,,,,,,,,,,,,,,,,13419723,93775,BC,BC Lions,Regular Season,2026-09-05T13:09:45.302148,2026
1397554,35,Woodly Appolon,Woodly Appolon,Defensive_Linebacker,ActiveNotPlayed,,,,,,,,,,,,,,,,,,,,,,,,0,0,0,0,0,0,1,,,,,,,,,,,,,,,,,,,,,,,13419723,93775,BC,BC Lions,Regular Season,2026-09-05T13:09:45.302148,2026
1400561,98,Levi Bell,Levi Bell,Defensive_End,Started,,,,,,,,,,,,,,,,,,,,,,,,1,1,0,0,0,0,0,,,,,,,,,,,,,,,,,,,,,,,13419723,93775,BC,BC Lions,Regular Season,2026-09-05T13:09:45.302148,2026
1404963,82,Kieran Poissant,Kieran Poissant,Offensive_WideReceiver,ActiveNotPlayed,,,,,,,,,,,,,,,,,,,,,,,,0,0,0,0,0,0,1,,,,,,,,,,,,,,,,,,,,,,,13419723,93775,BC,BC Lions,Regular Season,2026-09-05T13:09:45.302148,2026
1470674,17,Carl Meyer,Carl Meyer,Kicker,ActiveNotPlayed,,,,,,,,,,,,,,,,,,,,,,,,,,,,,,,,,,,,,7.0,461.0,72.0,3.0,122.0,40.667,53.0,0.0,,,,,,,,,13419723,93775,BC,BC Lions,Regular Season,2026-09-05T13:09:45.302148,2026
1483768,84,Jermaine Jackson,Jermaine Jackson,Offensive_WideReceiver,Started,,,,,,,,,,,,,,,4.0,4.0,128.0,70.0,0.0,41.0,32.0,32.0,1.0,,,,,,,,,,,,,,,,,,,,,,,,,,,,,,13419723,93775,BC,BC Lions,Regular Season,2026-09-05T13:09:45.302148,2026
1494637,19,Kaidon Salter,Kaidon Salter,Offensive_Quarterback,ActiveNotPlayed,,,,,,,,,,2.0,13.0,0,7,6.5,,,,,,,,,,,,,,,,,,,,,,,,,,,,,,,,,,,,,,,13419723,93775,BC,BC Lions,Regular Season,2026-09-05T13:09:45.302148,2026
1498925,16,Nate DeMontagnac,Nate DeMontagnac,Offensive_WideReceiver,ActiveNotPlayed,,,,,,,,,,,,,,,,,,,,,,,,0,0,0,0,0,0,1,,,,,,,,,,,,,,,,,,,,,,,13419723,93775,BC,BC Lions,Regular Season,2026-09-05T13:09:45.302148,2026
1506991,96,David Gusta,David Gusta,Defensive_DefensiveLineman,Started,,,,,,,,,,,,,,,,,,,,,,,,1,0,1,0,0,0,0,,,,,,,,,,,,,,,,,,,,,,,13419723,93775,BC,BC Lions,Regular Season,2026-09-05T13:09:45.302148,2026
1513942,13,Pierre Kemeni,Pierre Kemeni,Defensive_Linebacker,ActiveNotPlayed,,,,,,,,,,,,,,,,,,,,,,,,0,0,0,0,0,0,1,,,,,,,,,,,,,,,,,,,,,,,13419723,93775,BC,BC Lions,Regular Season,2026-09-05T13:09:45.302148,2026
1521552,42,Parker McKenna,Parker McKenna,Defensive_Linebacker,Started,,,,,,,,,,,,,,,,,,,,,,,,2,0,0,0,0,0,0,,,,,,,,,,,,,,,,,,,,,,,13419723,93775,BC,BC Lions,Regular Season,2026-09-05T13:09:45.302148,2026
1601197,33,Jackson Findlay,Jackson Findlay,Defensive_DefensiveBack,Started,,,,,,,,,,,,,,,,,,,,,,,,6,0,0,1,0,0,1,,,,,,,,,,,,,,,,,,,,,,,13419723,93775,BC,BC Lions,Regular Season,2026-09-05T13:09:45.302148,2026
998538,4,Keon Hatcher,Keon Hatcher,Offensive_WideReceiver,Started,,,,,,,,,,,,,,,4.0,3.0,81.0,37.0,0.0,42.0,27.0,20.25,0.75,,,,,,,,,,,,,,,,,,,,,,,,,,,,,,13419723,93775,BC,BC Lions,Regular Season,2026-09-05T13:09:45.302148,2026
999245,53,Darnell Sankey,Darnell Sankey,Defensive_Linebacker,Started,,,,,,,,,,,,,,,,,,,,,,,,3,0,0,0,0,0,0,,,,,,,,,,,,,,,,,,,,,,,13419723,93775,BC,BC Lions,Regular Season,2026-09-05T13:09:45.302148,2026
1002690,10,Davis Alexander,Davis Alexander,Offensive_Quarterback,Started,25.0,34.0,0.735,297.0,1.0,0.0,45.0,8.735,9.323529411764707,1.0,7.0,0,7,7.0,,,,,,,,,,,,,,,,,,,,,,,,,,,,,,,,,,,,,,,13419724,86680,MTL,Montreal Alouettes,Regular Season,2026-09-05T13:09:45.302148,2026
1012540,20,Lorenzo Burns,Lorenzo Burns,Defensive_DefensiveBack,Started,,,,,,,,,,,,,,,,,,,,,,,,5,0,0,0,0,0,0,,,,,,,,,,,,,,,,,,,,,,,13419724,86680,MTL,Montreal Alouettes,Regular Season,2026-09-05T13:09:45.302148,2026
1014914,95,Daniel Wise,Daniel Wise,Defensive_Tackle,Started,,,,,,,,,,,,,,,,,,,,,,,,4,0,0,0,0,0,0,,,,,,,,,,,,,,,,,,,,,,,13419724,86680,MTL,Montreal Alouettes,Regular Season,2026-09-05T13:09:45.302148,2026
1017226,48,Kabion Ento,Kabion Ento,Defensive_DefensiveBack,Started,,,,,,,,,,,,,,,,,,,,,,,,2,0,0,0,0,0,0,,,,,,,,,,,,,,,,,,,,,,,13419724,86680,MTL,Montreal Alouettes,Regular Season,2026-09-05T13:09:45.302148,2026
1067123,26,Tyrice Beverette,Tyrice Beverette,Defensive_Linebacker,Started,,,,,,,,,,,,,,,,,,,,,,,,6,0,0,1,0,0,1,,,,,,,,,,,,,,,,,,,,,,,13419724,86680,MTL,Montreal Alouettes,Regular Season,2026-09-05T13:09:45.302148,2026
1075914,94,Mustafa Johnson,Mustafa Johnson,Defensive_Tackle,Started,,,,,,,,,,,,,,,,,,,,,,,,6,0,0,0,0,0,0,,,,,,,,,,,,,,,,,,,,,,,13419724,86680,MTL,Montreal Alouettes,Regular Season,2026-09-05T13:09:45.302148,2026
1079000,15,Alexander Hollins,Alexander Hollins,Offensive_WideReceiver,Started,,,,,,,,,,,,,,,4.0,2.0,20.0,11.0,0.0,15.0,10.0,5.0,0.5,,,,,,,,,,,,,,,,,,,,,,,,,,,,,,13419724,86680,MTL,Montreal Alouettes,Regular Season,2026-09-05T13:09:45.302148,2026
1080618,43,Gemon Green,Gemon Green,Defensive_DefensiveBack,ActiveNotPlayed,,,,,,,,,,,,,,,,,,,,,,,,0,0,0,0,0,0,1,,,,,,,,,,,,,,,,,,,,,,,13419724,86680,MTL,Montreal Alouettes,Regular Season,2026-09-05T13:09:45.302148,2026
1081310,85,Tyler Snead,Tyler Snead,Offensive_WideReceiver,Started,,,,,,,,,,1.0,1.0,1,1,1.0,9.0,7.0,69.0,48.0,1.0,17.0,9.857,7.667,0.778,,,,,,,,,,,,,,,,,,,,,,,,,,,,,,13419724,86680,MTL,Montreal Alouettes,Regular Season,2026-09-05T13:09:45.302148,2026
1081324,7,DeVonte Dedmon,DeVonte Dedmon,Offensive_WideReceiver,ActiveNotPlayed,,,,,,,,,,,,,,,,,,,,,,,,,,,,,,,,,,,,,,,,,,,,,2.0,56.0,37.0,28.0,4.0,32.0,13.0,8.0,13419724,86680,MTL,Montreal Alouettes,Regular Season,2026-09-05T13:09:45.302148,2026
1082216,68,Donald Ventrelli,Donald Ventrelli,Offensive_OffensiveLineman,Started,,,,,,,,,,,,,,,1.0,1.0,22.0,10.0,0.0,22.0,22.0,22.0,1.0,,,,,,,,,,,,,,,,,,,,,,,,,,,,,,13419724,86680,MTL,Montreal Alouettes,Regular Season,2026-09-05T13:09:45.302148,2026
1084787,91,Isaac Adeyemi-Berglund,Isaac Adeyemi-Berglund,Defensive_End,Started,,,,,,,,,,,,,,,,,,,,,,,,4,0,0,0,0,0,0,,,,,,,,,,,,,,,,,,,,,,,13419724,86680,MTL,Montreal Alouettes,Regular Season,2026-09-05T13:09:45.302148,2026
1349552,36,Joseph Zema,Joseph Zema,Punter,ActiveNotPlayed,,,,,,,,,,,,,,,,,,,,,,,,,,,,,,,,,,,,,,,,5.0,247.0,49.4,52.0,0.0,,,,,,,,,13419724,86680,MTL,Montreal Alouettes,Regular Season,2026-09-05T13:09:45.302148,2026
1349560,12,Najee Murray,Najee Murray,Defensive_Linebacker,Started,,,,,,,,,,,,,,,,,,,,,,,,5,0,0,0,0,0,0,,,,,,,,,,,,,,,,,,,,,,,13419724,86680,MTL,Montreal Alouettes,Regular Season,2026-09-05T13:09:45.302148,2026
1349566,6,Tyson Philpot,Tyson Philpot,Offensive_WideReceiver,Started,,,,,,,,,,,,,,,9.0,8.0,98.0,59.0,0.0,45.0,12.25,10.889,0.889,,,,,,,,,,,,,,,,,,,,,,1.0,0.0,0.0,0.0,,,,,13419724,86680,MTL,Montreal Alouettes,Regular Season,2026-09-05T13:09:45.302148,2026
1349569,37,Wesley Sutton,Wesley Sutton,Defensive_DefensiveBack,Started,,,,,,,,,,,,,,,,,,,,,,,,1,0,0,0,0,0,0,,,,,,,,,,,,,,,,,,,,,,,13419724,86680,MTL,Montreal Alouettes,Regular Season,2026-09-05T13:09:45.302148,2026
1349573,42,Tyrell Richards,Tyrell Richards,Defensive_Linebacker,ActiveNotPlayed,,,,,,,,,,,,,,,,,,,,,,,,1,0,0,0,0,0,1,,,,,,,,,,,,,,,,,,,,,,,13419724,86680,MTL,Montreal Alouettes,Regular Season,2026-09-05T13:09:45.302148,2026
1349615,17,Cole Spieker,Cole Spieker,Offensive_WideReceiver,Started,,,,,,,,,,,,,,,3.0,1.0,21.0,21.0,0.0,21.0,21.0,7.0,0.333,,,,,,,,,,,,,,,,,,,,,,,,,,,,,,13419724,86680,MTL,Montreal Alouettes,Regular Season,2026-09-05T13:09:45.302148,2026
1350957,19,Jose Maltos Diaz,Jose Maltos Diaz,Kicker,ActiveNotPlayed,,,,,,,,,,,,,,,,,,,,,,,,,,,,,,,3.0,3.0,1.0,50,4.0,0.0,6.0,405.0,74.0,,,,,,,,,,,,,,13419724,86680,MTL,Montreal Alouettes,Regular Season,2026-09-05T13:09:45.302148,2026
1399407,99,David Perales,David Perales,Defensive_End,Started,,,,,,,,,,,,,,,,,,,,,,,,2,0,0,0,0,0,0,,,,,,,,,,,,,,,,,,,,,,,13419724,86680,MTL,Montreal Alouettes,Regular Season,2026-09-05T13:09:45.302148,2026
1403971,38,Jacob Mason,Jacob Mason,Offensive_Fullback,ActiveNotPlayed,,,,,,,,,,,,,,,3.0,3.0,38.0,15.0,0.0,15.0,12.667,12.667,1.0,1,0,0,0,0,0,0,,,,,,,,,,,,,,,,,,,,,,,13419724,86680,MTL,Montreal Alouettes,Regular Season,2026-09-05T13:09:45.302148,2026
1405112,97,Joshua Archibald,Joshua Archibald,Defensive_End,ActiveNotPlayed,,,,,,,,,,,,,,,,,,,,,,,,0,0,0,0,0,0,1,,,,,,,,,,,,,,,,,,,,,,,13419724,86680,MTL,Montreal Alouettes,Regular Season,2026-09-05T13:09:45.302148,2026
1439775,14,Terry Wilson,Terry Wilson,Offensive_Quarterback,ActiveNotPlayed,,,,,,,,,,4.0,2.0,0,2,0.5,,,,,,,,,,,,,,,,,,,,,,,,,,,,,,,,,,,,,,,13419724,86680,MTL,Montreal Alouettes,Regular Season,2026-09-05T13:09:45.302148,2026
1468035,9,Geoffrey Cantin-Arku,Geoffrey Cantin-Arku,Defensive_Linebacker,Started,,,,,,,,,,,,,,,,,,,,,,,,5,0,0,0,0,0,0,,,,,,,,,,,,,,,,,,,,,,,13419724,86680,MTL,Montreal Alouettes,Regular Season,2026-09-05T13:09:45.302148,2026
1501674,22,Shakespeare Louis,Shakespeare Louis,Defensive_DefensiveBack,ActiveNotPlayed,,,,,,,,,,,,,,,,,,,,,,,,0,0,0,0,0,0,2,,,,,,,,,,,,,,,,,,,,,,,13419724,86680,MTL,Montreal Alouettes,Regular Season,2026-09-05T13:09:45.302148,2026
1507435,44,Kylan Guidry,Kylan Guidry,Defensive_End,ActiveNotPlayed,,,,,,,,,,,,,,,,,,,,,,,,2,0,0,0,0,0,1,,,,,,,,,,,,,,,,,,,,,,,13419724,86680,MTL,Montreal Alouettes,Regular Season,2026-09-05T13:09:45.302148,2026
1520977,5,Travis Theis,Travis Theis,Offensive_RunningBack,Started,,,,,,,,,,3.0,12.0,0,5,4.0,1.0,0.0,0.0,0.0,0.0,0.0,,,0.0,,,,,,,,,,,,,,,,,,,,,,,,,,,,,,13419724,86680,MTL,Montreal Alouettes,Regular Season,2026-09-05T13:09:45.302148,2026
1602296,82,Kaseem Ferdinand,Kaseem Ferdinand,Offensive_WideReceiver,ActiveNotPlayed,,,,,,,,,,,,,,,3.0,3.0,29.0,14.0,0.0,13.0,9.667,9.667,1.0,,,,,,,,,,,,,,,,,,,,,,,,,,,,,,13419724,86680,MTL,Montreal Alouettes,Regular Season,2026-09-05T13:09:45.302148,2026
1602445,23,Nate Beauchemin,Nate Beauchemin,Defensive_DefensiveBack,Started,,,,,,,,,,,,,,,,,,,,,,,,2,0,0,0,0,0,1,,,,,,,,,,,,,,,,,,,1.0,3.0,3.0,3.0,13419724,86680,MTL,Montreal Alouettes,Regular Season,2026-09-05T13:09:45.302148,2026
1726378,46,Donovan Manuel,Donovan Manuel,Defensive_Linebacker,ActiveNotPlayed,,,,,,,,,,,,,,,,,,,,,,,,3,0,0,0,0,0,0,,,,,,,,,,,,,,,,,,,,,,,13419724,86680,MTL,Montreal Alouettes,Regular Season,2026-09-05T13:09:45.302148,2026
1752606,30,Liam Talbot,Liam Talbot,Offensive_RunningBack,ActiveNotPlayed,,,,,,,,,,5.0,19.0,1,6,3.8,1.0,0.0,0.0,0.0,0.0,0.0,,,0.0,,,,,,,,,,,,,,,,,,,,,,,,,,,,,,13419724,86680,MTL,Montreal Alouettes,Regular Season,2026-09-05T13:09:45.302148,2026
1007090,3,C.J. Coldon,C.J. Coldon,Defensive_DefensiveBack,Started,,,,,,,,,,,,,,,,,,,,,,,,3,0,0,0,0,0,0,,,,,,,,,,,,,,,,,,,,,,,13419724,93775,BC,BC Lions,Regular Season,2026-09-05T13:09:45.302148,2026
1012377,18,Justin McInnis,Justin McInnis,Offensive_WideReceiver,Started,,,,,,,,,,,,,,,6.0,6.0,100.0,32.0,1.0,35.0,16.667,16.667,1.0,,,,,,,,,,,,,,,,,,,,,,,,,,,,,,13419724,93775,BC,BC Lions,Regular Season,2026-09-05T13:09:45.302148,2026
1013402,83,Stanley Berryhill III,Stanley Berryhill III,Offensive_WideReceiver,Started,,,,,,,,,,,,,,,6.0,2.0,17.0,10.0,0.0,16.0,8.5,2.833,0.333,,,,,,,,,,,,,,,,,,,,,,2.0,50.0,26.0,25.0,,,,,13419724,93775,BC,BC Lions,Regular Season,2026-09-05T13:09:45.302148,2026
1015592,24,Patrice Rene,Patrice Rene,Defensive_DefensiveBack,ActiveNotPlayed,,,,,,,,,,,,,,,,,,,,,,,,0,0,0,0,0,0,1,,,,,,,,,,,,,,,,,,,,,,,13419724,93775,BC,BC Lions,Regular Season,2026-09-05T13:09:45.302148,2026
1021684,12,Nathan Rourke,Nathan Rourke,Offensive_Quarterback,Started,31.0,45.0,0.689,375.0,2.0,1.0,35.0,8.333,8.222222222222221,3.0,31.0,0,16,10.333,,,,,,,,,,,,,,,,,,,,,,,,,,1.0,37.0,37.0,37.0,0.0,,,,,,,,,13419724,93775,BC,BC Lions,Regular Season,2026-09-05T13:09:45.302148,2026
1080752,9,Deontai Williams,Deontai Williams,Defensive_Linebacker,Started,,,,,,,,,,,,,,,,,,,,,,,,2,0,0,0,0,0,0,,,,,,,,,,,,,,,,,,,,,,,13419724,93775,BC,BC Lions,Regular Season,2026-09-05T13:09:45.302148,2026
1130072,90,Mathieu Betts,Mathieu Betts,Defensive_DefensiveLineman,Started,,,,,,,,,,,,,,,,,,,,,,,,2,0,0,0,0,0,0,,,,,,,,,,,,,,,,,,,,,,,13419724,93775,BC,BC Lions,Regular Season,2026-09-05T13:09:45.302148,2026
1290203,11,Lawrence Woods III,Lawrence Woods III,Defensive_DefensiveBack,ActiveNotPlayed,,,,,,,,,,,,,,,,,,,,,,,,,,,,,,,,,,,,,,,,,,,,,4.0,94.0,32.0,23.5,2.0,23.0,14.0,11.5,13419724,93775,BC,BC Lions,Regular Season,2026-09-05T13:09:45.302148,2026
1349478,27,Josh Hagerty,Josh Hagerty,Defensive_DefensiveBack,ActiveNotPlayed,,,,,,,,,,,,,,,,,,,,,,,,0,0,0,0,0,0,1,,,,,,,,,,,,,,,,,,,,,,,13419724,93775,BC,BC Lions,Regular Season,2026-09-05T13:09:45.302148,2026
1349807,20,James Butler,James Butler,Offensive_RunningBack,ActiveNotPlayed,,,,,,,,,,1.0,5.0,0,5,5.0,2.0,0.0,0.0,0.0,0.0,0.0,,,0.0,,,,,,,,,,,,,,,,,,,,,,,,,,,,,,13419724,93775,BC,BC Lions,Regular Season,2026-09-05T13:09:45.302148,2026
1349808,91,Nathan Cherry,Nathan Cherry,Defensive_DefensiveLineman,ActiveNotPlayed,,,,,,,,,,,,,,,,,,,,,,,,1,0,0,0,0,0,0,,,,,,,,,,,,,,,,,,,,,,,13419724,93775,BC,BC Lions,Regular Season,2026-09-05T13:09:45.302148,2026
1349811,86,Jevon Cottoy,Jevon Cottoy,Offensive_WideReceiver,Started,,,,,,,,,,,,,,,8.0,7.0,72.0,35.0,0.0,14.0,10.286,9.0,0.875,,,,,,,,,,,,,,,,,,,,,,,,,,,,,,13419724,93775,BC,BC Lions,Regular Season,2026-09-05T13:09:45.302148,2026
1349819,6,T.J Lee,T.J Lee,Defensive_DefensiveBack,Started,,,,,,,,,,,,,,,,,,,,,,,,2,0,0,0,1,0,0,,,,,,,,,,,,,,,,,,,,,,,13419724,93775,BC,BC Lions,Regular Season,2026-09-05T13:09:45.302148,2026
1349826,1,Garry Peters,Garry Peters,Defensive_DefensiveBack,Started,,,,,,,,,,,,,,,,,,,,,,,,3,0,0,0,0,0,0,,,,,,,,,,,,,,,,,,,,,,,13419724,93775,BC,BC Lions,Regular Season,2026-09-05T13:09:45.302148,2026
1349833,45,Riley Pickett,Riley Pickett,Offensive_Fullback,ActiveNotPlayed,,,,,,,,,,,,,,,2.0,2.0,18.0,5.0,0.0,10.0,9.0,9.0,1.0,0,0,0,0,0,0,1,,,,,,,,,,,,,,,,,,,,,,,13419724,93775,BC,BC Lions,Regular Season,2026-09-05T13:09:45.302148,2026
1349844,10,Sean Whyte,Sean Whyte,Kicker,ActiveNotPlayed,,,,,,,,,,,,,,,,,,,,,,,,,,,,,,,5.0,5.0,1.0,50,1.0,0.0,1.0,16.0,16.0,,,,,,,,,,,,,,13419724,93775,BC,BC Lions,Regular Season,2026-09-05T13:09:45.302148,2026
1357246,34,Zander Horvath,Zander Horvath,Offensive_RunningBack,Started,2.0,2.0,1.0,17.0,0.0,0.0,12.0,8.5,8.5,17.0,46.0,0,7,2.706,2.0,2.0,7.0,6.0,0.0,5.0,3.5,3.5,1.0,0,0,0,0,0,0,1,,,,,,,,,,,,,,,,,,,,,,,13419724,93775,BC,BC Lions,Regular Season,2026-09-05T13:09:45.302148,2026
1400561,98,Levi Bell,Levi Bell,Defensive_DefensiveLineman,Started,,,,,,,,,,,,,,,,,,,,,,,,3,0,0,0,0,0,0,,,,,,,,,,,,,,,,,,,,,,,13419724,93775,BC,BC Lions,Regular Season,2026-09-05T13:09:45.302148,2026
1404963,82,Kieran Poissant,Kieran Poissant,Offensive_WideReceiver,ActiveNotPlayed,,,,,,,,,,,,,,,,,,,,,,,,0,0,0,0,0,0,1,,,,,,,,,,,,,,,,,,,,,,,13419724,93775,BC,BC Lions,Regular Season,2026-09-05T13:09:45.302148,2026
1408642,99,Jonah Tavai,Jonah Tavai,Defensive_DefensiveLineman,Started,,,,,,,,,,,,,,,,,,,,,,,,1,0,0,0,0,0,0,,,,,,,,,,,,,,,,,,,,,,,13419724,93775,BC,BC Lions,Regular Season,2026-09-05T13:09:45.302148,2026
1470674,17,Carl Meyer,Carl Meyer,Kicker,ActiveNotPlayed,,,,,,,,,,,,,,,,,,,,,,,,,,,,,,,,,,,,,2.0,135.0,68.0,4.0,206.0,51.5,56.0,1.0,,,,,,,,,13419724,93775,BC,BC Lions,Regular Season,2026-09-05T13:09:45.302148,2026
1483768,84,Jermaine Jackson,Jermaine Jackson,Offensive_WideReceiver,Started,,,,,,,,,,,,,,,11.0,7.0,98.0,38.0,1.0,25.0,14.0,8.909,0.636,0,0,0,0,0,0,1,,,,,,,,,,,,,,,,,,,,,,,13419724,93775,BC,BC Lions,Regular Season,2026-09-05T13:09:45.302148,2026
1498925,16,Nate DeMontagnac,Nate DeMontagnac,Offensive_WideReceiver,ActiveNotPlayed,,,,,,,,,,,,,,,,,,,,,,,,0,0,0,0,0,0,1,,,,,,,,,,,,,,,,,,,,,,,13419724,93775,BC,BC Lions,Regular Season,2026-09-05T13:09:45.302148,2026
1521552,42,Parker McKenna,Parker McKenna,Defensive_Linebacker,Started,,,,,,,,,,,,,,,,,,,,,,,,2,0,0,0,0,1,0,,,,,,,,,,,,,,,,,,,,,,,13419724,93775,BC,BC Lions,Regular Season,2026-09-05T13:09:45.302148,2026
1601197,33,Jackson Findlay,Jackson Findlay,Defensive_DefensiveBack,Started,,,,,,,,,,,,,,,,,,,,,,,,3,0,0,0,0,0,0,,,,,,,,,,,,,,,,,,,,,,,13419724,93775,BC,BC Lions,Regular Season,2026-09-05T13:09:45.302148,2026
835951,93,Lorenzo Mauldin IV,Lorenzo Mauldin IV,Defensive_DefensiveLineman,ActiveNotPlayed,,,,,,,,,,,,,,,,,,,,,,,,1,0,0,0,0,0,0,,,,,,,,,,,,,,,,,,,,,,,13419724,93775,BC,BC Lions,Regular Season,2026-09-05T13:09:45.302148,2026
998538,4,Keon Hatcher,Keon Hatcher,Offensive_WideReceiver,Started,,,,,,,,,,,,,,,8.0,5.0,63.0,21.0,0.0,18.0,12.6,7.875,0.625,,,,,,,,,,,,,,,,,,,,,,,,,,,,,,13419724,93775,BC,BC Lions,Regular Season,2026-09-05T13:09:45.302148,2026
999245,53,Darnell Sankey,Darnell Sankey,Defensive_Linebacker,Started,,,,,,,,,,,,,,,,,,,,,,,,9,0,0,0,0,0,0,,,,,,,,,,,,,,,,,,,,,,,13419724,93775,BC,BC Lions,Regular Season,2026-09-05T13:09:45.302148,2026
999389,2,Casey Sayles,Casey Sayles,Defensive_DefensiveLineman,Started,,,,,,,,,,,,,,,,,,,,,,,,1,0,0,0,0,0,0,,,,,,,,,,,,,,,,,,,,,,,13419724,93775,BC,BC Lions,Regular Season,2026-09-05T13:09:45.302148,2026
