transaction_id,description,accepted_at,distributed_at,firstname,lastname,position,nationality,college,team_abbr,action,is_distributed,player_id,resource_type,state_change,previous_state,last_update,update_date
210744,WPG REM UNS NEGOTIATION LIST AMER Dominic BAILEY (DL) Tennessee,2026-09-04,2026-09-04,Dominic,Bailey,DL,AMER,Tennessee,WPG,REM UNS NEGOTIATION LIST,True,185788,players,Eligible,Negotiation List,2026-09-05T13:30:37.057098,2026-09-05
210745,WPG ADD NEGOTIATION LIST AMER Jahfari HARVEY (DL) Southern Methodist,2026-09-04,2026-09-04,Jahfari,Harvey,DL,AMER,Southern Methodist,WPG,ADD NEGOTIATION LIST,True,169354,players,Negotiation List,Eligible,2026-09-05T13:30:37.057098,2026-09-05
210742,OTT REM UNS NEGOTIATION LIST AMER Sincere MCCORMICK (RB) Texas at San Antonio,2026-09-04,2026-09-04,Sincere,McCormick,RB,AMER,Texas at San Antonio,OTT,REM UNS NEGOTIATION LIST,True,185774,players,Eligible,Negotiation List,2026-09-05T13:30:37.057098,2026-09-05
210743,OTT ADD NEGOTIATION LIST AMER Josh BUTLER (DB) Michigan State,2026-09-04,2026-09-04,Josh,Butler,DB,AMER,Michigan State,OTT,ADD NEGOTIATION LIST,True,186397,players,Negotiation List,Eligible,2026-09-05T13:30:37.057098,2026-09-05
210741,HAM ADD NEGOTIATION LIST AMER Zachary THOMAS (OL) San Diego State,2026-09-04,2026-09-04,Zachary,THOMAS,OL,AMER,San Diego State,HAM,ADD NEGOTIATION LIST,True,167316,players,Negotiation List,Eligible,2026-09-05T13:30:37.057098,2026-09-05
210740,HAM REM UNS NEGOTIATION LIST AMER Brant BANKS (OL) Rice,2026-09-04,2026-09-04,Brant,Banks,OL,AMER,Rice,HAM,REM UNS NEGOTIATION LIST,True,169555,players,Eligible,Negotiation List,2026-09-05T13:30:37.057098,2026-09-05
210737,TOR ADD NEGOTIATION LIST AMER Elliott DAVISON (DB) Texas-San Antonio,2026-09-04,2026-09-04,Elliott,Davison,DB,AMER,Texas-San Antonio,TOR,ADD NEGOTIATION LIST,True,186396,players,Negotiation List,Eligible,2026-09-05T13:30:37.057098,2026-09-05
210736,TOR REM UNS NEGOTIATION LIST AMER Devyn BOBBY (DB) Baylor,2026-09-04,2026-09-04,Devyn,Bobby,DB,AMER,Baylor,TOR,REM UNS NEGOTIATION LIST,True,185780,players,Eligible,Negotiation List,2026-09-05T13:30:37.057098,2026-09-05
210725,EDM REM UNS NEGOTIATION LIST AMER Jason MAITRE (DB) Wisconsin,2026-09-04,2026-09-04,Jason,Maitre,DB,AMER,Wisconsin,EDM,REM UNS NEGOTIATION LIST,True,169055,players,Eligible,Negotiation List,2026-09-05T13:30:37.057098,2026-09-05
210726,EDM ADD NEGOTIATION LIST AMER Miles BATTLE (DB) Utah,2026-09-04,2026-09-04,Miles,Battle,DB,AMER,Utah,EDM,ADD NEGOTIATION LIST,True,169056,players,Negotiation List,Eligible,2026-09-05T13:30:37.057098,2026-09-05
210727,WPG REM UNS NEGOTIATION LIST AMER Jay'Viar SUGGS (DT) Wisconsin,2026-09-04,2026-09-04,Jay'Viar,Suggs,DT,AMER,Wisconsin,WPG,REM UNS NEGOTIATION LIST,True,185997,players,Eligible,Negotiation List,2026-09-05T13:30:37.057098,2026-09-05
210728,WPG ADD NEGOTIATION LIST AMER Jeremiah CRAWFORD (OL) Tennessee,2026-09-04,2026-09-04,Jeremiah,Crawford,OL,AMER,Tennessee,WPG,ADD NEGOTIATION LIST,True,169093,players,Negotiation List,Eligible,2026-09-05T13:30:37.057098,2026-09-05
210729,CGY ADD NEGOTIATION LIST AMER Jeremiah MARTIN (DL) Washington,2026-09-04,2026-09-04,Jeremiah,Martin,DL,AMER,Washington,CGY,ADD NEGOTIATION LIST,True,168353,players,Negotiation List,Eligible,2026-09-05T13:30:37.057098,2026-09-05
210730,CGY REM UNS NEGOTIATION LIST AMER Tommy MELLOTT (QB) Montana State,2026-09-04,2026-09-04,Tommy,MELLOTT,QB,AMER,Montana State,CGY,REM UNS NEGOTIATION LIST,True,167329,players,Eligible,Negotiation List,2026-09-05T13:30:37.057098,2026-09-05
210731,CGY ADD NEGOTIATION LIST AMER Dontae FLEMING (WR) Tulane,2026-09-04,2026-09-04,Dontae,Fleming,WR,AMER,Tulane,CGY,ADD NEGOTIATION LIST,True,186395,players,Negotiation List,Eligible,2026-09-05T13:30:37.057098,2026-09-05
210719,EDM ADD NEGOTIATION LIST AMER Barry WESLEY (OL) Colorado State,2026-09-03,2026-09-03,Barry,Wesley,OL,AMER,Colorado State,EDM,ADD NEGOTIATION LIST,True,169100,players,Negotiation List,Eligible,2026-09-05T13:30:37.057098,2026-09-05
210720,OTT REM UNS NEGOTIATION LIST AMER Casey WASHINGTON (WR) Illinois,2026-09-03,2026-09-03,Casey,Washington,WR,AMER,Illinois,OTT,REM UNS NEGOTIATION LIST,True,186260,players,Eligible,Negotiation List,2026-09-05T13:30:37.057098,2026-09-05
210721,OTT ADD NEGOTIATION LIST AMER EJ WILLIAMS JR (WR) Indiana,2026-09-03,2026-09-03,EJ,Williams Jr,WR,AMER,Indiana,OTT,ADD NEGOTIATION LIST,True,186394,players,Negotiation List,Eligible,2026-09-05T13:30:37.057098,2026-09-05
210718,TOR ADD NEGOTIATION LIST AMER Zelmar VEDDER (DB) Houston,2026-09-03,2026-09-03,Zelmar,Vedder,DB,AMER,Houston,TOR,ADD NEGOTIATION LIST,True,186393,players,Negotiation List,Eligible,2026-09-05T13:30:37.057098,2026-09-05
210717,TOR REM UNS NEGOTIATION LIST AMER Rakim JARRETT (WR) Maryland,2026-09-03,2026-09-03,Rakim,Jarrett,WR,AMER,Maryland,TOR,REM UNS NEGOTIATION LIST,True,185110,players,Eligible,Negotiation List,2026-09-05T13:30:37.057098,2026-09-05
210716,TOR ADD NEGOTIATION LIST AMER Davis WARREN (QB) Stanford,2026-09-03,2026-09-03,Davis,Warren,QB,AMER,Stanford,TOR,ADD NEGOTIATION LIST,True,186392,players,Negotiation List,Eligible,2026-09-05T13:30:37.057098,2026-09-05
210713,WPG REM UNS NEGOTIATION LIST AMER Amari GAINER (LB) North Carolina,2026-09-03,2026-09-03,Amari,Gainer,LB,AMER,North Carolina,WPG,REM UNS NEGOTIATION LIST,True,184975,players,Eligible,Negotiation List,2026-09-05T13:30:37.057098,2026-09-05
210714,WPG ADD NEGOTIATION LIST AMER Keshawn BANKS (DL) San Diego State,2026-09-03,2026-09-03,Keshawn,Banks,DL,AMER,San Diego State,WPG,ADD NEGOTIATION LIST,True,169460,players,Negotiation List,Eligible,2026-09-05T13:30:37.057098,2026-09-05
210715,TOR REM UNS NEGOTIATION LIST AMER Jason BEAN (QB) Kansas,2026-09-03,2026-09-03,Jason,BEAN,QB,AMER,Kansas,TOR,REM UNS NEGOTIATION LIST,True,167742,players,Eligible,Negotiation List,2026-09-05T13:30:37.057098,2026-09-05
210711,SSK ADD NEGOTIATION LIST AMER Jeremiah WILSON (DB) Florida State,2026-09-03,2026-09-03,Jeremiah,Wilson,DB,AMER,Florida State,SSK,ADD NEGOTIATION LIST,True,186391,players,Negotiation List,Eligible,2026-09-05T13:30:37.057098,2026-09-05
210710,SSK REM UNS NEGOTIATION LIST AMER D'Shawn JAMISON (DB) Texas,2026-09-03,2026-09-03,D'Shawn,Jamison,DB,AMER,Texas,SSK,REM UNS NEGOTIATION LIST,True,186361,players,Eligible,Negotiation List,2026-09-05T13:30:37.057098,2026-09-05
210709,MTL ADD NEGOTIATION LIST AMER Michael VAN BUREN JR (QB) South Florida,2026-09-03,2026-09-03,Michael,Van Buren Jr,QB,AMER,South Florida,MTL,ADD NEGOTIATION LIST,True,186390,players,Negotiation List,Eligible,2026-09-05T13:30:37.057098,2026-09-05
210708,EDM REM SGD NEGOTIATION LIST AMER Montrell WASHINGTON (WR) Samford,2026-09-03,2026-09-03,Montrell,WASHINGTON,WR,AMER,Samford,EDM,REM SGD NEGOTIATION LIST,True,166615,players,Eligible,Negotiation List,2026-09-05T13:30:37.057098,2026-09-05
210707,MTL REM SGD NEGOTIATION LIST AMER Cameron SMITH (OL) Alabama State,2026-09-03,2026-09-03,Cameron,Smith,OL,AMER,Alabama State,MTL,REM SGD NEGOTIATION LIST,True,185984,players,Eligible,Negotiation List,2026-09-05T13:30:37.057098,2026-09-05
210702,MTL ADD NEGOTIATION LIST AMER Jacobian GUILLORY II (DL) Louisiana State,2026-09-03,2026-09-03,Jacobian,Guillory II,DL,AMER,Louisiana State,MTL,ADD NEGOTIATION LIST,True,186389,players,Negotiation List,Eligible,2026-09-05T13:30:37.057098,2026-09-05
210701,MTL REM SGD NEGOTIATION LIST AMER Gafa FAGA (DL) San Jose State,2026-09-03,2026-09-03,Gafa,Faga,DL,AMER,San Jose State,MTL,REM SGD NEGOTIATION LIST,True,186265,players,Eligible,Negotiation List,2026-09-05T13:30:37.057098,2026-09-05
210699,CGY REM SGD NEGOTIATION LIST AMER Daniel GRZESIAK (DL) Cincinnati,2026-09-03,2026-09-03,Daniel,Grzesiak,DL,AMER,Cincinnati,CGY,REM SGD NEGOTIATION LIST,True,168903,players,Eligible,Negotiation List,2026-09-05T13:30:37.057098,2026-09-05
210694,SSK ADD NEGOTIATION LIST AMER Mason COBB (LB) Southern California,2026-09-03,2026-09-03,Mason,Cobb,LB,AMER,Southern California,SSK,ADD NEGOTIATION LIST,True,184044,players,Negotiation List,Eligible,2026-09-05T13:30:37.057098,2026-09-05
210695,TOR REM UNS NEGOTIATION LIST AMER Jayden FARMER (RB) Findlay,2026-09-03,2026-09-03,Jayden,Farmer,RB,AMER,Findlay,TOR,REM UNS NEGOTIATION LIST,True,186032,players,Eligible,Negotiation List,2026-09-05T13:30:37.057098,2026-09-05
210696,TOR ADD NEGOTIATION LIST AMER Cam PORTER (RB) Northwestern,2026-09-03,2026-09-03,Cam,Porter,RB,AMER,Northwestern,TOR,ADD NEGOTIATION LIST,True,186323,players,Negotiation List,Eligible,2026-09-05T13:30:37.057098,2026-09-05
210692,WPG ADD NEGOTIATION LIST AMER Roman PARODIE (DB) Ohio,2026-09-03,2026-09-03,Roman,Parodie,DB,AMER,Ohio,WPG,ADD NEGOTIATION LIST,True,184918,players,Negotiation List,Eligible,2026-09-05T13:30:37.057098,2026-09-05
210693,SSK REM UNS NEGOTIATION LIST AMER Bailey ZAPPE (QB) Western Kentucky,2026-09-03,2026-09-03,Bailey,ZAPPE,QB,AMER,Western Kentucky,SSK,REM UNS NEGOTIATION LIST,True,165462,players,Eligible,Negotiation List,2026-09-05T13:30:37.057098,2026-09-05
210691,WPG REM UNS NEGOTIATION LIST AMER Fred DAVIS II (DB) Northwestern,2026-09-03,2026-09-03,Fred,Davis II,DB,AMER,Northwestern,WPG,REM UNS NEGOTIATION LIST,True,186364,players,Eligible,Negotiation List,2026-09-05T13:30:37.057098,2026-09-05
210676,EDM ADD NEGOTIATION LIST AMER Emany JOHNSON (LB) Nevada,2026-09-02,2026-09-02,Emany,Johnson,LB,AMER,Nevada,EDM,ADD NEGOTIATION LIST,True,169009,players,Negotiation List,Eligible,2026-09-05T13:30:37.057098,2026-09-05
210677,SSK REM UNS NEGOTIATION LIST AMER Car'lin VIGERS (DB) Louisiana At Monroe (NE),2026-09-02,2026-09-02,Car'lin,Vigers,DB,AMER,Louisiana At Monroe (NE),SSK,REM UNS NEGOTIATION LIST,True,186374,players,Eligible,Negotiation List,2026-09-05T13:30:37.057098,2026-09-05
210678,SSK ADD NEGOTIATION LIST AMER Mario GOODRICH III (DB) Clemson,2026-09-02,2026-09-02,Mario,Goodrich III,DB,AMER,Clemson,SSK,ADD NEGOTIATION LIST,True,169150,players,Negotiation List,Eligible,2026-09-05T13:30:37.057098,2026-09-05
210675,EDM REM UNS NEGOTIATION LIST AMER Erick HUNTER (LB) Morgan State,2026-09-02,2026-09-02,Erick,Hunter,LB,AMER,Morgan State,EDM,REM UNS NEGOTIATION LIST,True,185884,players,Eligible,Negotiation List,2026-09-05T13:30:37.057098,2026-09-05
210669,CGY REM UNS NEGOTIATION LIST AMER Lan LARISON (RB) UC Davis,2026-09-02,2026-09-02,Lan,Larison,RB,AMER,UC Davis,CGY,REM UNS NEGOTIATION LIST,True,186368,players,Eligible,Negotiation List,2026-09-05T13:30:37.057098,2026-09-05
210670,CGY ADD NEGOTIATION LIST AMER Cam CAMPER (WR) Boise State,2026-09-02,2026-09-02,Cam,Camper,WR,AMER,Boise State,CGY,ADD NEGOTIATION LIST,True,184815,players,Negotiation List,Eligible,2026-09-05T13:30:37.057098,2026-09-05
210667,SSK REM UNS NEGOTIATION LIST AMER Howard CROSS III (DL) Notre Dame,2026-09-02,2026-09-02,Howard,Cross III,DL,AMER,Notre Dame,SSK,REM UNS NEGOTIATION LIST,True,184825,players,Eligible,Negotiation List,2026-09-05T13:30:37.057098,2026-09-05
210668,SSK ADD NEGOTIATION LIST AMER Shaun JOLLY (DB) Appalachian State,2026-09-02,2026-09-02,Shaun,JOLLY,DB,AMER,Appalachian State,SSK,ADD NEGOTIATION LIST,True,167295,players,Negotiation List,Eligible,2026-09-05T13:30:37.057098,2026-09-05
210665,SSK REM UNS NEGOTIATION LIST AMER Mac DALENA (WR) Fresno State,2026-09-02,2026-09-02,Mac,Dalena,WR,AMER,Fresno State,SSK,REM UNS NEGOTIATION LIST,True,184857,players,Eligible,Negotiation List,2026-09-05T13:30:37.057098,2026-09-05
210666,SSK ADD NEGOTIATION LIST AMER Jaheim THOMAS (LB) Wisconsin,2026-09-02,2026-09-02,Jaheim,Thomas,LB,AMER,Wisconsin,SSK,ADD NEGOTIATION LIST,True,186387,players,Negotiation List,Eligible,2026-09-05T13:30:37.057098,2026-09-05
210662,WPG ADD NEGOTIATION LIST AMER Ty PENNINGTON (QB) Northern Arizona,2026-09-02,2026-09-02,Ty,Pennington,QB,AMER,Northern Arizona,WPG,ADD NEGOTIATION LIST,True,186168,players,Negotiation List,Negotiation List,2026-09-05T13:30:37.057098,2026-09-05
210661,HAM REM UNS NEGOTIATION LIST AMER Hank BACHMEIER (QB) Wake Forest,2026-09-02,2026-09-02,Hank,BACHMEIER,QB,AMER,Wake Forest,HAM,REM UNS NEGOTIATION LIST,True,165217,players,Eligible,Negotiation List,2026-09-05T13:30:37.057098,2026-09-05
210654,TOR REM UNS NEGOTIATION LIST AMER Bradyn SWINSON (DL) Louisiana State,2026-09-02,2026-09-02,Bradyn,Swinson,DL,AMER,Louisiana State,TOR,REM UNS NEGOTIATION LIST,True,186380,players,Eligible,Negotiation List,2026-09-05T13:30:37.057098,2026-09-05
210655,TOR ADD NEGOTIATION LIST AMER Kristian WILLIAMS (DL) Missouri,2026-09-02,2026-09-02,Kristian,Williams,DL,AMER,Missouri,TOR,ADD NEGOTIATION LIST,True,186384,players,Negotiation List,Eligible,2026-09-05T13:30:37.057098,2026-09-05
210656,MTL ADD NEGOTIATION LIST AMER Michael COATS JR (DB) West Virginia,2026-09-02,2026-09-02,Michael,Coats Jr,DB,AMER,West Virginia,MTL,ADD NEGOTIATION LIST,True,186385,players,Negotiation List,Eligible,2026-09-05T13:30:37.057098,2026-09-05
210658,HAM ADD NEGOTIATION LIST AMER Cam RILEY (LB) Florida State,2026-09-02,2026-09-02,Cam,Riley,LB,AMER,Florida State,HAM,ADD NEGOTIATION LIST,True,184902,players,Negotiation List,Eligible,2026-09-05T13:30:37.057098,2026-09-05
210659,BC REM UNS NEGOTIATION LIST AMER Keyshawn JAMES-NEWBY (DL) New Mexico,2026-09-02,2026-09-02,Keyshawn,James-Newby,DL,AMER,New Mexico,BC,REM UNS NEGOTIATION LIST,True,185775,players,Eligible,Negotiation List,2026-09-05T13:30:37.057098,2026-09-05
210660,BC ADD NEGOTIATION LIST AMER Jordan BOTELHO (DL) Notre Dame,2026-09-02,2026-09-02,Jordan,Botelho,DL,AMER,Notre Dame,BC,ADD NEGOTIATION LIST,True,186386,players,Negotiation List,Eligible,2026-09-05T13:30:37.057098,2026-09-05
210652,TOR REM UNS NEGOTIATION LIST AMER Kimo MAKANE'OLE (OL) West Virginia,2026-09-02,2026-09-02,Kimo,Makane'ole,OL,AMER,West Virginia,TOR,REM UNS NEGOTIATION LIST,True,185956,players,Eligible,Negotiation List,2026-09-05T13:30:37.057098,2026-09-05
210653,TOR ADD NEGOTIATION LIST AMER Delby LEMIEUX (OL) Dartmouth,2026-09-02,2026-09-02,Delby,Lemieux,OL,AMER,Dartmouth,TOR,ADD NEGOTIATION LIST,True,186383,players,Negotiation List,Eligible,2026-09-05T13:30:37.057098,2026-09-05
210651,WPG REM SGD NEGOTIATION LIST AMER La'Vontae SHENAULT (WR) Northeastern State,2026-09-02,2026-09-02,La'Vontae,Shenault,WR,AMER,Northeastern State,WPG,REM SGD NEGOTIATION LIST,True,186147,players,Eligible,Negotiation List,2026-09-05T13:30:37.057098,2026-09-05
210645,TOR ADD NEGOTIATION LIST AMER Deontae LAWSON (LB) Alabama,2026-09-01,2026-09-01,Deontae,Lawson,LB,AMER,Alabama,TOR,ADD NEGOTIATION LIST,True,186044,players,Negotiation List,Eligible,2026-09-05T13:30:37.057098,2026-09-05
210644,TOR REM UNS NEGOTIATION LIST AMER Frank GINDA (LB) San Jose State,2026-09-01,2026-09-01,Frank,GINDA,LB,AMER,San Jose State,TOR,REM UNS NEGOTIATION LIST,True,164292,players,Eligible,Negotiation List,2026-09-05T13:30:37.057098,2026-09-05
210642,TOR REM UNS NEGOTIATION LIST AMER Jayden LOVING (DL) Wake Forest,2026-09-01,2026-09-01,Jayden,Loving,DL,AMER,Wake Forest,TOR,REM UNS NEGOTIATION LIST,True,186275,players,Eligible,Negotiation List,2026-09-05T13:30:37.057098,2026-09-05
210643,TOR ADD NEGOTIATION LIST AMER Mason KINSEY (WR) Berry College,2026-09-01,2026-09-01,Mason,KINSEY,WR,AMER,Berry College,TOR,ADD NEGOTIATION LIST,True,165689,players,Negotiation List,Eligible,2026-09-05T13:30:37.057098,2026-09-05
210639,HAM ADD NEGOTIATION LIST AMER Jimto OBIDEGWU (OL) North Texas,2026-09-01,2026-09-01,Jimto,Obidegwu,OL,AMER,North Texas,HAM,ADD NEGOTIATION LIST,True,185755,players,Negotiation List,Eligible,2026-09-05T13:30:37.057098,2026-09-05
210640,TOR REM UNS NEGOTIATION LIST AMER Rodney SHELLEY (DB) Georgia Tech,2026-09-01,2026-09-01,Rodney,Shelley,DB,AMER,Georgia Tech,TOR,REM UNS NEGOTIATION LIST,True,186313,players,Eligible,Negotiation List,2026-09-05T13:30:37.057098,2026-09-05
210641,TOR ADD NEGOTIATION LIST AMER Bishop FITZGERALD (DB) Southern California,2026-09-01,2026-09-01,Bishop,Fitzgerald,DB,AMER,Southern California,TOR,ADD NEGOTIATION LIST,True,186382,players,Negotiation List,Eligible,2026-09-05T13:30:37.057098,2026-09-05
210637,SSK ADD NEGOTIATION LIST AMER Caleb OFFORD (DB) Kennesaw State,2026-09-01,2026-09-01,Caleb,Offord,DB,AMER,Kennesaw State,SSK,ADD NEGOTIATION LIST,True,186381,players,Negotiation List,Eligible,2026-09-05T13:30:37.057098,2026-09-05
210638,HAM REM UNS NEGOTIATION LIST AMER Reid HOLSKEY (OL) Miami of Ohio,2026-09-01,2026-09-01,Reid,Holskey,OL,AMER,Miami of Ohio,HAM,REM UNS NEGOTIATION LIST,True,169532,players,Eligible,Negotiation List,2026-09-05T13:30:37.057098,2026-09-05
210636,SSK REM UNS NEGOTIATION LIST AMER Rasheed MILLER (OL) Louisville,2026-09-01,2026-09-01,Rasheed,Miller,OL,AMER,Louisville,SSK,REM UNS NEGOTIATION LIST,True,186300,players,Eligible,Negotiation List,2026-09-05T13:30:37.057098,2026-09-05
210635,OTT ADD NEGOTIATION LIST AMER DaMarcus MITCHELL (DL) Purdue,2026-09-01,2026-09-01,DaMarcus,Mitchell,DL,AMER,Purdue,OTT,ADD NEGOTIATION LIST,True,168227,players,Negotiation List,Eligible,2026-09-05T13:30:37.057098,2026-09-05
210634,OTT REM UNS NEGOTIATION LIST AMER Ulysses BENTLEY (RB) Mississippi,2026-09-01,2026-09-01,Ulysses,Bentley,RB,AMER,Mississippi,OTT,REM UNS NEGOTIATION LIST,True,168344,players,Eligible,Negotiation List,2026-09-05T13:30:37.057098,2026-09-05
210633,MTL REM SGD NEGOTIATION LIST AMER Kekoura TARNUE (DB) West Virginia,2026-09-01,2026-09-01,Kekoura,Tarnue,DB,AMER,West Virginia,MTL,REM SGD NEGOTIATION LIST,True,186273,players,Eligible,Negotiation List,2026-09-05T13:30:37.057098,2026-09-05
210630,TOR REM UNS NEGOTIATION LIST AMER Kobe HUDSON (WR) Central Florida,2026-09-01,2026-09-01,Kobe,Hudson,WR,AMER,Central Florida,TOR,REM UNS NEGOTIATION LIST,True,184947,players,Eligible,Negotiation List,2026-09-05T13:30:37.057098,2026-09-05
210631,TOR ADD NEGOTIATION LIST AMER Bradyn SWINSON (DL) Louisiana State,2026-09-01,2026-09-01,Bradyn,Swinson,DL,AMER,Louisiana State,TOR,ADD NEGOTIATION LIST,True,186380,players,Negotiation List,Eligible,2026-09-05T13:30:37.057098,2026-09-05
210625,MTL ADD NEGOTIATION LIST AMER Joseph MANJACK (WR) Texas Christian,2026-09-01,2026-09-01,Joseph,Manjack,WR,AMER,Texas Christian,MTL,ADD NEGOTIATION LIST,True,186379,players,Negotiation List,Eligible,2026-09-05T13:30:37.057098,2026-09-05
210624,MTL REM UNS NEGOTIATION LIST AMER DJ UIAGALELEI (QB) Florida State,2026-09-01,2026-09-01,DJ,Uiagalelei,QB,AMER,Florida State,MTL,REM UNS NEGOTIATION LIST,True,184827,players,Eligible,Negotiation List,2026-09-05T13:30:37.057098,2026-09-05
210622,TOR ADD NEGOTIATION LIST AMER Corey ROBINSON II (OL) Arkansas,2026-09-01,2026-09-01,Corey,Robinson II,OL,AMER,Arkansas,TOR,ADD NEGOTIATION LIST,True,186378,players,Negotiation List,Eligible,2026-09-05T13:30:37.057098,2026-09-05
210620,TOR REM UNS NEGOTIATION LIST AMER Kyre DUPLESSIS (WR) Delaware,2026-09-01,2026-09-01,Kyre,Duplessis,WR,AMER,Delaware,TOR,REM UNS NEGOTIATION LIST,True,186247,players,Eligible,Negotiation List,2026-09-05T13:30:37.057098,2026-09-05
210619,MTL ADD NEGOTIATION LIST AMER Dyontae JOHNSON (LB) Toledo,2026-09-01,2026-09-01,Dyontae,JOHNSON,LB,AMER,Toledo,MTL,ADD NEGOTIATION LIST,True,167597,players,Negotiation List,Eligible,2026-09-05T13:30:37.057098,2026-09-05
210618,MTL REM UNS NEGOTIATION LIST AMER Chandler MARTIN (LB) Memphis,2026-09-01,2026-09-01,Chandler,Martin,LB,AMER,Memphis,MTL,REM UNS NEGOTIATION LIST,True,184866,players,Eligible,Negotiation List,2026-09-05T13:30:37.057098,2026-09-05
210617,OTT ADD NEGOTIATION LIST AMER Tariq CASTRO-FIELDS (DB) Penn State,2026-09-01,2026-09-01,Tariq,Castro-Fields,DB,AMER,Penn State,OTT,ADD NEGOTIATION LIST,True,169200,players,Negotiation List,Eligible,2026-09-05T13:30:37.057098,2026-09-05
210615,CGY ADD NEGOTIATION LIST AMER Shemar BARTHOLOMEW (DB) Georgia Southern,2026-09-01,2026-09-01,Shemar,Bartholomew,DB,AMER,Georgia Southern,CGY,ADD NEGOTIATION LIST,True,169016,players,Negotiation List,Eligible,2026-09-05T13:30:37.057098,2026-09-05
210616,OTT REM UNS NEGOTIATION LIST AMER Sabastian HARSH (DL) North Carolina State,2026-09-01,2026-09-01,Sabastian,Harsh,DL,AMER,North Carolina State,OTT,REM UNS NEGOTIATION LIST,True,185959,players,Eligible,Negotiation List,2026-09-05T13:30:37.057098,2026-09-05
210613,WPG ADD NEGOTIATION LIST AMER Evan BEERNTSEN (OL) Northwestern,2026-09-01,2026-09-01,Evan,Beerntsen,OL,AMER,Northwestern,WPG,ADD NEGOTIATION LIST,True,186376,players,Negotiation List,Eligible,2026-09-05T13:30:37.057098,2026-09-05
210614,CGY REM UNS NEGOTIATION LIST AMER Darryl PETERSON (DL) Wisconsin,2026-09-01,2026-09-01,Darryl,Peterson,DL,AMER,Wisconsin,CGY,REM UNS NEGOTIATION LIST,True,186315,players,Eligible,Negotiation List,2026-09-05T13:30:37.057098,2026-09-05
210611,CGY ADD NEGOTIATION LIST AMER Timothy MCKAY (OL) North Carolina State,2026-09-01,2026-09-01,Timothy,McKay,OL,AMER,North Carolina State,CGY,ADD NEGOTIATION LIST,True,169405,players,Negotiation List,Eligible,2026-09-05T13:30:37.057098,2026-09-05
210612,WPG REM UNS NEGOTIATION LIST AMER Mitchell MELTON (DL) Virginia,2026-09-01,2026-09-01,Mitchell,Melton,DL,AMER,Virginia,WPG,REM UNS NEGOTIATION LIST,True,185135,players,Eligible,Negotiation List,2026-09-05T13:30:37.057098,2026-09-05
210610,MTL REM UNS NEGOTIATION LIST AMER Dontae MANNING (DB) Oregon,2026-09-01,2026-09-01,Dontae,Manning,DB,AMER,Oregon,MTL,REM UNS NEGOTIATION LIST,True,186356,players,Eligible,Negotiation List,2026-09-05T13:30:37.057098,2026-09-05
210608,CGY REM UNS NEGOTIATION LIST AMER Gottlieb AYEDZE (OL) Maryland,2026-09-01,2026-09-01,Gottlieb,Ayedze,OL,AMER,Maryland,CGY,REM UNS NEGOTIATION LIST,True,168556,players,Eligible,Negotiation List,2026-09-05T13:30:37.057098,2026-09-05
210609,MTL ADD NEGOTIATION LIST AMER Cortez BRAHAM JR (WR) Memphis,2026-09-01,2026-09-01,Cortez,Braham Jr,WR,AMER,Memphis,MTL,ADD NEGOTIATION LIST,True,186375,players,Negotiation List,Eligible,2026-09-05T13:30:37.057098,2026-09-05
210604,WPG ADD NEGOTIATION LIST AMER Liam FORNADEL (OL) James Madison,2026-09-01,2026-09-01,Liam,FORNADEL,OL,AMER,James Madison,WPG,ADD NEGOTIATION LIST,True,166705,players,Negotiation List,Eligible,2026-09-05T13:30:37.057098,2026-09-05
210606,MTL ADD NEGOTIATION LIST AMER Cornelius JOHNSON (WR) Michigan,2026-09-01,2026-09-01,Cornelius,Johnson,WR,AMER,Michigan,MTL,ADD NEGOTIATION LIST,True,184899,players,Negotiation List,Eligible,2026-09-05T13:30:37.057098,2026-09-05
210607,MTL REM UNS NEGOTIATION LIST AMER Omari EVANS (WR) Washington,2026-09-01,2026-09-01,Omari,Evans,WR,AMER,Washington,MTL,REM UNS NEGOTIATION LIST,True,186304,players,Eligible,Negotiation List,2026-09-05T13:30:37.057098,2026-09-05
210602,EDM ADD NEGOTIATION LIST AMER Erick HUNTER (LB) Morgan State,2026-09-01,2026-09-01,Erick,Hunter,LB,AMER,Morgan State,EDM,ADD NEGOTIATION LIST,True,185884,players,Negotiation List,Eligible,2026-09-05T13:30:37.057098,2026-09-05
210603,WPG REM UNS NEGOTIATION LIST AMER Max PULLEY (DB) Wofford College,2026-09-01,2026-09-01,Max,Pulley,DB,AMER,Wofford College,WPG,REM UNS NEGOTIATION LIST,True,185951,players,Eligible,Negotiation List,2026-09-05T13:30:37.057098,2026-09-05
210600,BC ADD NEGOTIATION LIST AMER Zavier SCOTT (WR) Maine,2026-09-01,2026-09-01,Zavier,SCOTT,WR,AMER,Maine,BC,ADD NEGOTIATION LIST,True,167824,players,Negotiation List,Eligible,2026-09-05T13:30:37.057098,2026-09-05
210601,EDM REM UNS NEGOTIATION LIST AMER Anthony KENDALL (DB) Baldwin-Wallace College,2026-09-01,2026-09-01,Anthony,Kendall,DB,AMER,Baldwin-Wallace College,EDM,REM UNS NEGOTIATION LIST,True,168221,players,Eligible,Negotiation List,2026-09-05T13:30:37.057098,2026-09-05
210599,BC REM UNS NEGOTIATION LIST AMER Sahmir HAGANS (WR) Duke,2026-09-01,2026-09-01,Sahmir,Hagans,WR,AMER,Duke,BC,REM UNS NEGOTIATION LIST,True,186352,players,Eligible,Negotiation List,2026-09-05T13:30:37.057098,2026-09-05
210598,SSK ADD NEGOTIATION LIST AMER Car'lin VIGERS (DB) Louisiana At Monroe (NE),2026-09-01,2026-09-01,Car'lin,Vigers,DB,AMER,Louisiana At Monroe (NE),SSK,ADD NEGOTIATION LIST,True,186374,players,Negotiation List,Eligible,2026-09-05T13:30:37.057098,2026-09-05
210597,SSK REM UNS NEGOTIATION LIST AMER Mario GOODRICH III (DB) Clemson,2026-09-01,2026-09-01,Mario,Goodrich III,DB,AMER,Clemson,SSK,REM UNS NEGOTIATION LIST,True,169150,players,Eligible,Negotiation List,2026-09-05T13:30:37.057098,2026-09-05
210594,CGY ADD NEGOTIATION LIST AMER AJ HENNING (WR) Northwestern,2026-09-01,2026-09-01,AJ,Henning,WR,AMER,Northwestern,CGY,ADD NEGOTIATION LIST,True,184865,players,Negotiation List,Eligible,2026-09-05T13:30:37.057098,2026-09-05
210595,SSK REM UNS NEGOTIATION LIST AMER Tyre WEST (DL) Tennessee,2026-09-01,2026-09-01,Tyre,West,DL,AMER,Tennessee,SSK,REM UNS NEGOTIATION LIST,True,185796,players,Eligible,Negotiation List,2026-09-05T13:30:37.057098,2026-09-05
210596,SSK ADD NEGOTIATION LIST AMER Durell NCHAMI (DL) Maryland,2026-09-01,2026-09-01,Durell,Nchami,DL,AMER,Maryland,SSK,ADD NEGOTIATION LIST,True,184889,players,Negotiation List,Eligible,2026-09-05T13:30:37.057098,2026-09-05
210592,SSK ADD NEGOTIATION LIST AMER Jason BROWNLEE (WR) Southern Mississippi,2026-09-01,2026-09-01,Jason,Brownlee,WR,AMER,Southern Mississippi,SSK,ADD NEGOTIATION LIST,True,186373,players,Negotiation List,Eligible,2026-09-05T13:30:37.057098,2026-09-05
210593,CGY REM UNS NEGOTIATION LIST AMER Garrett GREENE (QB) West Virginia,2026-09-01,2026-09-01,Garrett,Greene,QB,AMER,West Virginia,CGY,REM UNS NEGOTIATION LIST,True,168937,players,Eligible,Negotiation List,2026-09-05T13:30:37.057098,2026-09-05
210590,SSK ADD NEGOTIATION LIST AMER Aaron GRAVES (DL) Iowa,2026-09-01,2026-09-01,Aaron,Graves,DL,AMER,Iowa,SSK,ADD NEGOTIATION LIST,True,186372,players,Negotiation List,Eligible,2026-09-05T13:30:37.057098,2026-09-05
210591,SSK REM UNS NEGOTIATION LIST AMER Ckelby GIVENS (DL) Southern,2026-09-01,2026-09-01,Ckelby,Givens,DL,AMER,Southern,SSK,REM UNS NEGOTIATION LIST,True,184945,players,Eligible,Negotiation List,2026-09-05T13:30:37.057098,2026-09-05
210589,SSK REM UNS NEGOTIATION LIST AMER Trace FORD (DL) Oklahoma,2026-09-01,2026-09-01,Trace,Ford,DL,AMER,Oklahoma,SSK,REM UNS NEGOTIATION LIST,True,184458,players,Eligible,Negotiation List,2026-09-05T13:30:37.057098,2026-09-05
210587,EDM REM UNS NEGOTIATION LIST AMER Jamaal PRITCHETT (WR) South Alabama,2026-09-01,2026-09-01,Jamaal,Pritchett,WR,AMER,South Alabama,EDM,REM UNS NEGOTIATION LIST,True,169286,players,Eligible,Negotiation List,2026-09-05T13:30:37.057098,2026-09-05
210588,EDM ADD NEGOTIATION LIST AMER Eric ROGERS (DB) Rutgers,2026-09-01,2026-09-01,Eric,Rogers,DB,AMER,Rutgers,EDM,ADD NEGOTIATION LIST,True,186371,players,Negotiation List,Eligible,2026-09-05T13:30:37.057098,2026-09-05
210579,BC REM UNS NEGOTIATION LIST AMER Skyler GILL-HOWARD (DL) Northern Illinois,2026-08-31,2026-08-31,Skyler,Gill-Howard,DL,AMER,Northern Illinois,BC,REM UNS NEGOTIATION LIST,True,184248,players,Eligible,Negotiation List,2026-09-05T13:30:37.057098,2026-09-05
210578,SSK ADD NEGOTIATION LIST AMER Jamie SHERIFF (DL) South Alabama,2026-08-31,2026-08-31,Jamie,Sheriff,DL,AMER,South Alabama,SSK,ADD NEGOTIATION LIST,True,169227,players,Negotiation List,Eligible,2026-09-05T13:30:37.057098,2026-09-05
210577,SSK REM UNS NEGOTIATION LIST AMER Eddie Lee MARBURGER (QB) UT Rio Grande Valley,2026-08-31,2026-08-31,Eddie Lee,Marburger,QB,AMER,UT Rio Grande Valley,SSK,REM UNS NEGOTIATION LIST,True,186295,players,Eligible,Negotiation List,2026-09-05T13:30:37.057098,2026-09-05
210520,EDM REM UNS NEGOTIATION LIST AMER Jayden PRICE (DB) North Dakota State,2026-08-31,2026-08-31,Jayden,Price,DB,AMER,North Dakota State,EDM,REM UNS NEGOTIATION LIST,True,168980,players,Eligible,Negotiation List,2026-09-05T13:30:37.057098,2026-09-05
210574,EDM ADD NEGOTIATION LIST AMER Jacoby JONES (WR) Central Florida,2026-08-31,2026-08-31,Jacoby,Jones,WR,AMER,Central Florida,EDM,ADD NEGOTIATION LIST,True,186370,players,Negotiation List,Eligible,2026-09-05T13:30:37.057098,2026-09-05
210575,EDM REM UNS NEGOTIATION LIST AMER Mason MILLER (OL) North Dakota State,2026-08-31,2026-08-31,Mason,Miller,OL,AMER,North Dakota State,EDM,REM UNS NEGOTIATION LIST,True,169348,players,Eligible,Negotiation List,2026-09-05T13:30:37.057098,2026-09-05
210576,EDM ADD NEGOTIATION LIST AMER Antwaun POWELL-RYLAND (DL) Virginia Tech,2026-08-31,2026-08-31,Antwaun,Powell-Ryland,DL,AMER,Virginia Tech,EDM,ADD NEGOTIATION LIST,True,184958,players,Negotiation List,Eligible,2026-09-05T13:30:37.057098,2026-09-05
210572,EDM REM UNS NEGOTIATION LIST AMER Eric O'NEILL (DL) Rutgers,2026-08-31,2026-08-31,Eric,O'Neill,DL,AMER,Rutgers,EDM,REM UNS NEGOTIATION LIST,True,185151,players,Eligible,Negotiation List,2026-09-05T13:30:37.057098,2026-09-05
210573,EDM ADD NEGOTIATION LIST AMER AJ WOODS (DB) Pittsburgh,2026-08-31,2026-08-31,AJ,Woods,DB,AMER,Pittsburgh,EDM,ADD NEGOTIATION LIST,True,169140,players,Negotiation List,Eligible,2026-09-05T13:30:37.057098,2026-09-05
210562,TOR REM UNS NEGOTIATION LIST AMER Ayden GARNES (DB) Arizona,2026-08-31,2026-08-31,Ayden,Garnes,DB,AMER,Arizona,TOR,REM UNS NEGOTIATION LIST,True,185803,players,Eligible,Negotiation List,2026-09-05T13:30:37.057098,2026-09-05
210563,TOR ADD NEGOTIATION LIST AMER Cameron DORNER (DB) North Texas,2026-08-31,2026-08-31,Cameron,Dorner,DB,AMER,North Texas,TOR,ADD NEGOTIATION LIST,True,186366,players,Negotiation List,Eligible,2026-09-05T13:30:37.057098,2026-09-05
210566,CGY ADD NEGOTIATION LIST AMER Lan LARISON (RB) UC Davis,2026-08-31,2026-08-31,Lan,Larison,RB,AMER,UC Davis,CGY,ADD NEGOTIATION LIST,True,186368,players,Negotiation List,Eligible,2026-09-05T13:30:37.057098,2026-09-05
210564,HAM REM UNS NEGOTIATION LIST AMER Cam RILEY (LB) Florida State,2026-08-31,2026-08-31,Cam,Riley,LB,AMER,Florida State,HAM,REM UNS NEGOTIATION LIST,True,184902,players,Eligible,Negotiation List,2026-09-05T13:30:37.057098,2026-09-05
210565,HAM ADD NEGOTIATION LIST AMER Arden WALKER (DL) Colorado,2026-08-31,2026-08-31,Arden,Walker,DL,AMER,Colorado,HAM,ADD NEGOTIATION LIST,True,186367,players,Negotiation List,Eligible,2026-09-05T13:30:37.057098,2026-09-05
210567,CGY REM UNS NEGOTIATION LIST AMER AJ HENNING (WR) Northwestern,2026-08-31,2026-08-31,AJ,Henning,WR,AMER,Northwestern,CGY,REM UNS NEGOTIATION LIST,True,184865,players,Eligible,Negotiation List,2026-09-05T13:30:37.057098,2026-09-05
210568,CGY REM UNS NEGOTIATION LIST AMER Cam CAMPER (WR) Boise State,2026-08-31,2026-08-31,Cam,Camper,WR,AMER,Boise State,CGY,REM UNS NEGOTIATION LIST,True,184815,players,Eligible,Negotiation List,2026-09-05T13:30:37.057098,2026-09-05
210569,CGY ADD NEGOTIATION LIST AMER Jaxson MOI (DL) Tennessee,2026-08-31,2026-08-31,Jaxson,Moi,DL,AMER,Tennessee,CGY,ADD NEGOTIATION LIST,True,186369,players,Negotiation List,Eligible,2026-09-05T13:30:37.057098,2026-09-05
210570,CGY REM UNS NEGOTIATION LIST AMER Aamaris BROWN (DB) UNLV,2026-08-31,2026-08-31,Aamaris,Brown,DB,AMER,UNLV,CGY,REM UNS NEGOTIATION LIST,True,186291,players,Eligible,Negotiation List,2026-09-05T13:30:37.057098,2026-09-05
210571,CGY ADD NEGOTIATION LIST AMER JR SINGLETON (DL) Iowa State,2026-08-31,2026-08-31,JR,Singleton,DL,AMER,Iowa State,CGY,ADD NEGOTIATION LIST,True,184860,players,Negotiation List,Eligible,2026-09-05T13:30:37.057098,2026-09-05
210561,WPG ADD NEGOTIATION LIST AMER Fred DAVIS II (DB) Northwestern,2026-08-31,2026-08-31,Fred,Davis II,DB,AMER,Northwestern,WPG,ADD NEGOTIATION LIST,True,186364,players,Negotiation List,Eligible,2026-09-05T13:30:37.057098,2026-09-05
210560,WPG REM UNS NEGOTIATION LIST AMER Haynes KING (QB) Georgia Tech,2026-08-31,2026-08-31,Haynes,King,QB,AMER,Georgia Tech,WPG,REM UNS NEGOTIATION LIST,True,169260,players,Eligible,Negotiation List,2026-09-05T13:30:37.057098,2026-09-05
210558,SSK REM UNS NEGOTIATION LIST AMER Riley WILSON (DL) Arizona,2026-08-31,2026-08-31,Riley,Wilson,DL,AMER,Arizona,SSK,REM UNS NEGOTIATION LIST,True,186053,players,Eligible,Negotiation List,2026-09-05T13:30:37.057098,2026-09-05
210559,SSK ADD NEGOTIATION LIST AMER Tejhaun PALMER (WR) Alabama Birmingham,2026-08-31,2026-08-31,Tejhaun,Palmer,WR,AMER,Alabama Birmingham,SSK,ADD NEGOTIATION LIST,True,186363,players,Negotiation List,Eligible,2026-09-05T13:30:37.057098,2026-09-05
210556,HAM REM UNS NEGOTIATION LIST AMER Tanner KNUE (WR) Eastern Michigan,2026-08-31,2026-08-31,Tanner,Knue,WR,AMER,Eastern Michigan,HAM,REM UNS NEGOTIATION LIST,True,169103,players,Eligible,Negotiation List,2026-09-05T13:30:37.057098,2026-09-05
210557,HAM ADD NEGOTIATION LIST AMER Terrill DAVIS (WR) Oklahoma State,2026-08-31,2026-08-31,Terrill,Davis,WR,AMER,Oklahoma State,HAM,ADD NEGOTIATION LIST,True,186362,players,Negotiation List,Eligible,2026-09-05T13:30:37.057098,2026-09-05
210554,SSK REM UNS NEGOTIATION LIST AMER Raphael WILLIAMS JR (WR) Pittsburgh,2026-08-31,2026-08-31,Raphael,Williams Jr,WR,AMER,Pittsburgh,SSK,REM UNS NEGOTIATION LIST,True,186261,players,Eligible,Negotiation List,2026-09-05T13:30:37.057098,2026-09-05
210555,SSK ADD NEGOTIATION LIST AMER D'Shawn JAMISON (DB) Texas,2026-08-31,2026-08-31,D'Shawn,Jamison,DB,AMER,Texas,SSK,ADD NEGOTIATION LIST,True,186361,players,Negotiation List,Eligible,2026-09-05T13:30:37.057098,2026-09-05
210553,HAM ADD NEGOTIATION LIST AMER Taurean YORK (LB) Texas A&M,2026-08-31,2026-08-31,Taurean,York,LB,AMER,Texas A&M,HAM,ADD NEGOTIATION LIST,True,186360,players,Negotiation List,Eligible,2026-09-05T13:30:37.057098,2026-09-05
210552,HAM REM UNS NEGOTIATION LIST AMER Javin WRIGHT (LB) Nebraska,2026-08-31,2026-08-31,Javin,Wright,LB,AMER,Nebraska,HAM,REM UNS NEGOTIATION LIST,True,185982,players,Eligible,Negotiation List,2026-09-05T13:30:37.057098,2026-09-05
210549,WPG ADD NEGOTIATION LIST AMER Aamil WAGNER (OL) Notre Dame,2026-08-31,2026-08-31,Aamil,Wagner,OL,AMER,Notre Dame,WPG,ADD NEGOTIATION LIST,True,186358,players,Negotiation List,Eligible,2026-09-05T13:30:37.057098,2026-09-05
210550,HAM REM UNS NEGOTIATION LIST AMER Alex WOLLSCHLAEGER (OL) Kentucky,2026-08-31,2026-08-31,Alex,Wollschlaeger,OL,AMER,Kentucky,HAM,REM UNS NEGOTIATION LIST,True,185760,players,Eligible,Negotiation List,2026-09-05T13:30:37.057098,2026-09-05
210551,HAM ADD NEGOTIATION LIST AMER Da'Metrius WEATHERSPOON (OL) Syracuse,2026-08-31,2026-08-31,Da'Metrius,Weatherspoon,OL,AMER,Syracuse,HAM,ADD NEGOTIATION LIST,True,186359,players,Negotiation List,Eligible,2026-09-05T13:30:37.057098,2026-09-05
210546,SSK REM UNS NEGOTIATION LIST AMER Joe FAGNANO (QB) Connecticut,2026-08-31,2026-08-31,Joe,Fagnano,QB,AMER,Connecticut,SSK,REM UNS NEGOTIATION LIST,True,185014,players,Eligible,Negotiation List,2026-09-05T13:30:37.057098,2026-09-05
210547,SSK ADD NEGOTIATION LIST AMER Treven MA'AE (DL) Baylor,2026-08-31,2026-08-31,Treven,Ma'ae,DL,AMER,Baylor,SSK,ADD NEGOTIATION LIST,True,169378,players,Negotiation List,Eligible,2026-09-05T13:30:37.057098,2026-09-05
210548,WPG REM UNS NEGOTIATION LIST AMER Roman PARODIE (DB) Ohio,2026-08-31,2026-08-31,Roman,Parodie,DB,AMER,Ohio,WPG,REM UNS NEGOTIATION LIST,True,184918,players,Eligible,Negotiation List,2026-09-05T13:30:37.057098,2026-09-05
210545,MTL ADD NEGOTIATION LIST AMER Braeden DANIELS (OL) Utah,2026-08-31,2026-08-31,Braeden,Daniels,OL,AMER,Utah,MTL,ADD NEGOTIATION LIST,True,169199,players,Negotiation List,Eligible,2026-09-05T13:30:37.057098,2026-09-05
210543,HAM REM UNS NEGOTIATION LIST AMER Kolbe KATSIS (WR) Northern Arizona,2026-08-31,2026-08-31,Kolbe,Katsis,WR,AMER,Northern Arizona,HAM,REM UNS NEGOTIATION LIST,True,186229,players,Eligible,Negotiation List,2026-09-05T13:30:37.057098,2026-09-05
210544,HAM ADD NEGOTIATION LIST AMER Dayton WADE (WR) Mississippi,2026-08-31,2026-08-31,Dayton,Wade,WR,AMER,Mississippi,HAM,ADD NEGOTIATION LIST,True,168653,players,Negotiation List,Eligible,2026-09-05T13:30:37.057098,2026-09-05
210541,SSK REM UNS NEGOTIATION LIST AMER Grayson MURPHY (DL) UCLA,2026-08-31,2026-08-31,Grayson,Murphy,DL,AMER,UCLA,SSK,REM UNS NEGOTIATION LIST,True,184897,players,Eligible,Negotiation List,2026-09-05T13:30:37.057098,2026-09-05
210542,SSK ADD NEGOTIATION LIST AMER Tyre WEST (DL) Tennessee,2026-08-31,2026-08-31,Tyre,West,DL,AMER,Tennessee,SSK,ADD NEGOTIATION LIST,True,185796,players,Negotiation List,Eligible,2026-09-05T13:30:37.057098,2026-09-05
210540,SSK REM UNS NEGOTIATION LIST AMER Gabriel MURPHY (DL) UCLA,2026-08-31,2026-08-31,Gabriel,Murphy,DL,AMER,UCLA,SSK,REM UNS NEGOTIATION LIST,True,168934,players,Eligible,Negotiation List,2026-09-05T13:30:37.057098,2026-09-05
210537,HAM ADD NEGOTIATION LIST AMER Jake RETZLAFF (QB) Tulane,2026-08-31,2026-08-31,Jake,Retzlaff,QB,AMER,Tulane,HAM,ADD NEGOTIATION LIST,True,169189,players,Negotiation List,Eligible,2026-09-05T13:30:37.057098,2026-09-05
210538,OTT REM UNS NEGOTIATION LIST AMER Brandon JOHNSON (WR) Central Florida,2026-08-31,2026-08-31,Brandon,Johnson,WR,AMER,Central Florida,OTT,REM UNS NEGOTIATION LIST,True,185863,players,Eligible,Negotiation List,2026-09-05T13:30:37.057098,2026-09-05
210539,OTT ADD NEGOTIATION LIST AMER Sam HARTMAN (QB) Notre Dame,2026-08-31,2026-08-31,Sam,HARTMAN,QB,AMER,Notre Dame,OTT,ADD NEGOTIATION LIST,True,165117,players,Negotiation List,Eligible,2026-09-05T13:30:37.057098,2026-09-05
210536,HAM REM UNS NEGOTIATION LIST AMER Ethan GARBERS (QB) UCLA,2026-08-31,2026-08-31,Ethan,Garbers,QB,AMER,UCLA,HAM,REM UNS NEGOTIATION LIST,True,184683,players,Eligible,Negotiation List,2026-09-05T13:30:37.057098,2026-09-05
210534,MTL REM UNS NEGOTIATION LIST AMER Ja'Quan SHEPPARD (DB) Maryland,2026-08-31,2026-08-31,Ja'Quan,Sheppard,DB,AMER,Maryland,MTL,REM UNS NEGOTIATION LIST,True,169119,players,Eligible,Negotiation List,2026-09-05T13:30:37.057098,2026-09-05
210533,BC ADD NEGOTIATION LIST AMER Kaden PRATHER (WR) Maryland,2026-08-31,2026-08-31,Kaden,Prather,WR,AMER,Maryland,BC,ADD NEGOTIATION LIST,True,168989,players,Negotiation List,Eligible,2026-09-05T13:30:37.057098,2026-09-05
210532,BC REM UNS NEGOTIATION LIST AMER Michael BRISCOE (WR) Cal Poly,2026-08-31,2026-08-31,Michael,Briscoe,WR,AMER,Cal Poly,BC,REM UNS NEGOTIATION LIST,True,186242,players,Eligible,Negotiation List,2026-09-05T13:30:37.057098,2026-09-05
210531,BC ADD NEGOTIATION LIST AMER Elijah CULP (DB) James Madison,2026-08-31,2026-08-31,Elijah,Culp,DB,AMER,James Madison,BC,ADD NEGOTIATION LIST,True,186357,players,Negotiation List,Eligible,2026-09-05T13:30:37.057098,2026-09-05
210530,BC REM UNS NEGOTIATION LIST AMER Michael OTTY (DL) Bryant University,2026-08-31,2026-08-31,Michael,Otty,DL,AMER,Bryant University,BC,REM UNS NEGOTIATION LIST,True,185973,players,Eligible,Negotiation List,2026-09-05T13:30:37.057098,2026-09-05
210528,WPG REM UNS NEGOTIATION LIST AMER Michael LUNZ (DL) South Carolina State,2026-08-31,2026-08-31,Michael,Lunz,DL,AMER,South Carolina State,WPG,REM UNS NEGOTIATION LIST,True,185822,players,Eligible,Negotiation List,2026-09-05T13:30:37.057098,2026-09-05
210529,WPG ADD NEGOTIATION LIST AMER Chandler BRAYBOY (WR) Elon University,2026-08-31,2026-08-31,Chandler,Brayboy,WR,AMER,Elon University,WPG,ADD NEGOTIATION LIST,True,184868,players,Negotiation List,Eligible,2026-09-05T13:30:37.057098,2026-09-05
210527,MTL ADD NEGOTIATION LIST AMER Dontae MANNING (DB) Oregon,2026-08-31,2026-08-31,Dontae,Manning,DB,AMER,Oregon,MTL,ADD NEGOTIATION LIST,True,186356,players,Negotiation List,Eligible,2026-09-05T13:30:37.057098,2026-09-05
210525,SSK ADD NEGOTIATION LIST AMER Marcus SANDERS JR (WR) Georgia Southern,2026-08-31,2026-08-31,Marcus,Sanders Jr,WR,AMER,Georgia Southern,SSK,ADD NEGOTIATION LIST,True,186013,players,Negotiation List,Eligible,2026-09-05T13:30:37.057098,2026-09-05
210526,MTL REM UNS NEGOTIATION LIST AMER Elijah WILLIAMS (DL) Morgan State,2026-08-31,2026-08-31,Elijah,Williams,DL,AMER,Morgan State,MTL,REM UNS NEGOTIATION LIST,True,169315,players,Eligible,Negotiation List,2026-09-05T13:30:37.057098,2026-09-05
210519,EDM ADD NEGOTIATION LIST AMER Nash HUTMACHER (DL) Nebraska,2026-08-31,2026-08-31,Nash,Hutmacher,DL,AMER,Nebraska,EDM,ADD NEGOTIATION LIST,True,169599,players,Negotiation List,Eligible,2026-09-05T13:30:37.057098,2026-09-05
210518,EDM REM UNS NEGOTIATION LIST AMER Marques COX (OL) Kentucky,2026-08-31,2026-08-31,Marques,Cox,OL,AMER,Kentucky,EDM,REM UNS NEGOTIATION LIST,True,186176,players,Eligible,Negotiation List,2026-09-05T13:30:37.057098,2026-09-05
210516,MTL REM UNS NEGOTIATION LIST AMER Camden BROWN (WR) Georgia Southern,2026-08-31,2026-08-31,Camden,Brown,WR,AMER,Georgia Southern,MTL,REM UNS NEGOTIATION LIST,True,186309,players,Eligible,Negotiation List,2026-09-05T13:30:37.057098,2026-09-05
210517,MTL ADD NEGOTIATION LIST AMER DJ UIAGALELEI (QB) Florida State,2026-08-31,2026-08-31,DJ,Uiagalelei,QB,AMER,Florida State,MTL,ADD NEGOTIATION LIST,True,184827,players,Negotiation List,Eligible,2026-09-05T13:30:37.057098,2026-09-05
210515,BC ADD NEGOTIATION LIST AMER Brandon CODRINGTON (DB) North Carolina Central,2026-08-31,2026-08-31,Brandon,Codrington,DB,AMER,North Carolina Central,BC,ADD NEGOTIATION LIST,True,168617,players,Negotiation List,Eligible,2026-09-05T13:30:37.057098,2026-09-05
210507,OTT ADD NEGOTIATION LIST AMER Jackson ARNOLD (QB) UNLV,2026-08-30,2026-08-30,Jackson,Arnold,QB,AMER,UNLV,OTT,ADD NEGOTIATION LIST,True,186353,players,Negotiation List,Eligible,2026-09-05T13:30:37.057098,2026-09-05
210505,BC ADD NEGOTIATION LIST AMER Keyshawn JAMES-NEWBY (DL) New Mexico,2026-08-30,2026-08-30,Keyshawn,James-Newby,DL,AMER,New Mexico,BC,ADD NEGOTIATION LIST,True,185775,players,Negotiation List,Eligible,2026-09-05T13:30:37.057098,2026-09-05
210506,OTT REM UNS NEGOTIATION LIST AMER Brad JACKSON (QB) Texas State,2026-08-30,2026-08-30,Brad,Jackson,QB,AMER,Texas State,OTT,REM UNS NEGOTIATION LIST,True,186226,players,Eligible,Negotiation List,2026-09-05T13:30:37.057098,2026-09-05
210504,BC REM UNS NEGOTIATION LIST AMER JaVonta PAYTON (WR) Tennessee,2026-08-30,2026-08-30,JaVonta,PAYTON,WR,AMER,Tennessee,BC,REM UNS NEGOTIATION LIST,True,167314,players,Eligible,Negotiation List,2026-09-05T13:30:37.057098,2026-09-05
210508,BC REM UNS NEGOTIATION LIST AMER Tanner BROWN (K) Oklahoma State,2026-08-30,2026-08-30,Tanner,Brown,K,AMER,Oklahoma State,BC,REM UNS NEGOTIATION LIST,True,186251,players,Eligible,Negotiation List,2026-09-05T13:30:37.057098,2026-09-05
210509,BC ADD NEGOTIATION LIST AMER Ian WHEELER (RB) Howard,2026-08-30,2026-08-30,Ian,Wheeler,RB,AMER,Howard,BC,ADD NEGOTIATION LIST,True,185897,players,Negotiation List,Eligible,2026-09-05T13:30:37.057098,2026-09-05
210510,CGY REM UNS NEGOTIATION LIST AMER Kendrick BLACKSHIRE (LB) Texas-San Antonio,2026-08-30,2026-08-30,Kendrick,Blackshire,LB,AMER,Texas-San Antonio,CGY,REM UNS NEGOTIATION LIST,True,186238,players,Eligible,Negotiation List,2026-09-05T13:30:37.057098,2026-09-05
210511,CGY ADD NEGOTIATION LIST AMER Jeremiah BYERS (OL) Florida State,2026-08-30,2026-08-30,Jeremiah,Byers,OL,AMER,Florida State,CGY,ADD NEGOTIATION LIST,True,186354,players,Negotiation List,Eligible,2026-09-05T13:30:37.057098,2026-09-05
210512,SSK REM UNS NEGOTIATION LIST AMER Jamie SHERIFF (DL) South Alabama,2026-08-30,2026-08-30,Jamie,Sheriff,DL,AMER,South Alabama,SSK,REM UNS NEGOTIATION LIST,True,169227,players,Eligible,Negotiation List,2026-09-05T13:30:37.057098,2026-09-05
210513,SSK ADD NEGOTIATION LIST AMER Nate LYNN (DL) William & Mary,2026-08-30,2026-08-30,Nate,Lynn,DL,AMER,William & Mary,SSK,ADD NEGOTIATION LIST,True,168694,players,Negotiation List,Eligible,2026-09-05T13:30:37.057098,2026-09-05
210503,BC ADD NEGOTIATION LIST AMER Sahmir HAGANS (WR) Duke,2026-08-30,2026-08-30,Sahmir,Hagans,WR,AMER,Duke,BC,ADD NEGOTIATION LIST,True,186352,players,Negotiation List,Eligible,2026-09-05T13:30:37.057098,2026-09-05
210502,BC REM UNS NEGOTIATION LIST AMER Jalen MORENO-CROPPER (WR) Fresno State,2026-08-30,2026-08-30,Jalen,MORENO-CROPPER,WR,AMER,Fresno State,BC,REM UNS NEGOTIATION LIST,True,167520,players,Eligible,Negotiation List,2026-09-05T13:30:37.057098,2026-09-05
210501,OTT ADD NEGOTIATION LIST AMER Jack HENDERSON (LB) Minnesota,2026-08-30,2026-08-30,Jack,Henderson,LB,AMER,Minnesota,OTT,ADD NEGOTIATION LIST,True,186351,players,Negotiation List,Eligible,2026-09-05T13:30:37.057098,2026-09-05
210500,OTT REM UNS NEGOTIATION LIST AMER Christian THOMAS (LB) Maine,2026-08-30,2026-08-30,Christian,Thomas,LB,AMER,Maine,OTT,REM UNS NEGOTIATION LIST,True,186026,players,Eligible,Negotiation List,2026-09-05T13:30:37.057098,2026-09-05
210499,WPG ADD NEGOTIATION LIST AMER Riley MAHLMAN (OL) Wisconsin,2026-08-30,2026-08-30,Riley,Mahlman,OL,AMER,Wisconsin,WPG,ADD NEGOTIATION LIST,True,186346,players,Negotiation List,Eligible,2026-09-05T13:30:37.057098,2026-09-05
210498,MTL ADD NEGOTIATION LIST AMER De'Shawn RUCKER (DB) South Florida,2026-08-30,2026-08-30,De'Shawn,Rucker,DB,AMER,South Florida,MTL,ADD NEGOTIATION LIST,True,186348,players,Negotiation List,Eligible,2026-09-05T13:30:37.057098,2026-09-05
210490,BC REM UNS NEGOTIATION LIST AMER Jake RETZLAFF (QB) Tulane,2026-08-30,2026-08-30,Jake,Retzlaff,QB,AMER,Tulane,BC,REM UNS NEGOTIATION LIST,True,169189,players,Eligible,Negotiation List,2026-09-05T13:30:37.057098,2026-09-05
210492,SSK REM UNS NEGOTIATION LIST AMER Devin VOISIN (WR) South Alabama,2026-08-30,2026-08-30,Devin,Voisin,WR,AMER,South Alabama,SSK,REM UNS NEGOTIATION LIST,True,185830,players,Eligible,Negotiation List,2026-09-05T13:30:37.057098,2026-09-05
210491,BC ADD NEGOTIATION LIST AMER Anthony GRIGSBY JR (QB) Cal Poly,2026-08-30,2026-08-30,Anthony,Grigsby Jr,QB,AMER,Cal Poly,BC,ADD NEGOTIATION LIST,True,186349,players,Negotiation List,Eligible,2026-09-05T13:30:37.057098,2026-09-05
210493,SSK ADD NEGOTIATION LIST AMER Kevin JENNINGS (QB) Southern Methodist,2026-08-30,2026-08-30,Kevin,Jennings,QB,AMER,Southern Methodist,SSK,ADD NEGOTIATION LIST,True,169204,players,Negotiation List,Eligible,2026-09-05T13:30:37.057098,2026-09-05
210494,SSK REM UNS NEGOTIATION LIST AMER Tae CROWDER (LB) Georgia,2026-08-30,2026-08-30,Tae,Crowder,LB,AMER,Georgia,SSK,REM UNS NEGOTIATION LIST,True,186259,players,Eligible,Negotiation List,2026-09-05T13:30:37.057098,2026-09-05
210495,SSK ADD NEGOTIATION LIST AMER Tru EDWARDS (WR) Louisiana Tech,2026-08-30,2026-08-30,Tru,Edwards,WR,AMER,Louisiana Tech,SSK,ADD NEGOTIATION LIST,True,184294,players,Negotiation List,Eligible,2026-09-05T13:30:37.057098,2026-09-05
210496,CGY REM UNS NEGOTIATION LIST AMER Cam PORTER (RB) Northwestern,2026-08-30,2026-08-30,Cam,Porter,RB,AMER,Northwestern,CGY,REM UNS NEGOTIATION LIST,True,186323,players,Eligible,Negotiation List,2026-09-05T13:30:37.057098,2026-09-05
210497,CGY ADD NEGOTIATION LIST AMER Tyreak SAPP (DL) Florida,2026-08-30,2026-08-30,Tyreak,Sapp,DL,AMER,Florida,CGY,ADD NEGOTIATION LIST,True,186350,players,Negotiation List,Eligible,2026-09-05T13:30:37.057098,2026-09-05
210489,OTT ADD NEGOTIATION LIST AMER Ulysses BENTLEY (RB) Mississippi,2026-08-30,2026-08-30,Ulysses,Bentley,RB,AMER,Mississippi,OTT,ADD NEGOTIATION LIST,True,168344,players,Negotiation List,Eligible,2026-09-05T13:30:37.057098,2026-09-05
210488,OTT REM UNS NEGOTIATION LIST AMER Tahj CHAMBERS (LB) Mississippi,2026-08-30,2026-08-30,Tahj,Chambers,LB,AMER,Mississippi,OTT,REM UNS NEGOTIATION LIST,True,186297,players,Eligible,Negotiation List,2026-09-05T13:30:37.057098,2026-09-05
210473,WPG REM UNS NEGOTIATION LIST AMER Corey RUCKER (WR) Arkansas State,2026-08-30,2026-08-30,Corey,Rucker,WR,AMER,Arkansas State,WPG,REM UNS NEGOTIATION LIST,True,185835,players,Eligible,Negotiation List,2026-09-05T13:30:37.057098,2026-09-05
210474,MTL REM UNS NEGOTIATION LIST AMER Kaden PRATHER (WR) Maryland,2026-08-30,2026-08-30,Kaden,Prather,WR,AMER,Maryland,MTL,REM UNS NEGOTIATION LIST,True,168989,players,Eligible,Negotiation List,2026-09-05T13:30:37.057098,2026-09-05
210471,HAM REM UNS NEGOTIATION LIST AMER Jalon DANIELS (QB) Kansas,2026-08-30,2026-08-30,Jalon,DANIELS,QB,AMER,Kansas,HAM,REM UNS NEGOTIATION LIST,True,167355,players,Eligible,Negotiation List,2026-09-05T13:30:37.057098,2026-09-05
210472,HAM ADD NEGOTIATION LIST AMER Cam MILLER (QB) North Dakota State,2026-08-30,2026-08-30,Cam,MILLER,QB,AMER,North Dakota State,HAM,ADD NEGOTIATION LIST,True,168181,players,Negotiation List,Eligible,2026-09-05T13:30:37.057098,2026-09-05
210475,MTL ADD NEGOTIATION LIST AMER Dane KEY (WR) Nebraska,2026-08-30,2026-08-30,Dane,Key,WR,AMER,Nebraska,MTL,ADD NEGOTIATION LIST,True,186347,players,Negotiation List,Eligible,2026-09-05T13:30:37.057098,2026-09-05
210476,MTL REM UNS NEGOTIATION LIST AMER Kyle MCCORD (QB) Syracuse,2026-08-30,2026-08-30,Kyle,McCord,QB,AMER,Syracuse,MTL,REM UNS NEGOTIATION LIST,True,169025,players,Eligible,Negotiation List,2026-09-05T13:30:37.057098,2026-09-05
210477,WPG REM UNS NEGOTIATION LIST AMER Anthony CAMPBELL (DL) Miami,2026-08-30,2026-08-30,Anthony,Campbell,DL,AMER,Miami,WPG,REM UNS NEGOTIATION LIST,True,184198,players,Eligible,Negotiation List,2026-09-05T13:30:37.057098,2026-09-05
210478,WPG ADD NEGOTIATION LIST AMER Andrew COKER (OL) Texas Christian,2026-08-30,2026-08-30,Andrew,Coker,OL,AMER,Texas Christian,WPG,ADD NEGOTIATION LIST,True,169130,players,Negotiation List,Eligible,2026-09-05T13:30:37.057098,2026-09-05
210479,HAM REM UNS NEGOTIATION LIST AMER Yasir HOLMES (DL) Tarleton State,2026-08-30,2026-08-30,Yasir,Holmes,DL,AMER,Tarleton State,HAM,REM UNS NEGOTIATION LIST,True,186173,players,Eligible,Negotiation List,2026-09-05T13:30:37.057098,2026-09-05
210480,HAM ADD NEGOTIATION LIST AMER Brant BANKS (OL) Rice,2026-08-30,2026-08-30,Brant,Banks,OL,AMER,Rice,HAM,ADD NEGOTIATION LIST,True,169555,players,Negotiation List,Eligible,2026-09-05T13:30:37.057098,2026-09-05
210481,CGY REM UNS NEGOTIATION LIST AMER Derek SIMMONS (OL) Oklahoma,2026-08-30,2026-08-30,Derek,Simmons,OL,AMER,Oklahoma,CGY,REM UNS NEGOTIATION LIST,True,186066,players,Eligible,Negotiation List,2026-09-05T13:30:37.057098,2026-09-05
210482,CGY ADD NEGOTIATION LIST AMER Devonnsha MAXWELL (DL) Chattanooga,2026-08-30,2026-08-30,Devonnsha,MAXWELL,DL,AMER,Chattanooga,CGY,ADD NEGOTIATION LIST,True,167403,players,Negotiation List,Eligible,2026-09-05T13:30:37.057098,2026-09-05
210483,OTT REM UNS NEGOTIATION LIST AMER Ben BELL (DL) Virginia Tech,2026-08-30,2026-08-30,Ben,Bell,DL,AMER,Virginia Tech,OTT,REM UNS NEGOTIATION LIST,True,185754,players,Eligible,Negotiation List,2026-09-05T13:30:37.057098,2026-09-05
210484,OTT ADD NEGOTIATION LIST AMER Kellen DIESCH (OL) Arizona State,2026-08-30,2026-08-30,Kellen,Diesch,OL,AMER,Arizona State,OTT,ADD NEGOTIATION LIST,True,168896,players,Negotiation List,Eligible,2026-09-05T13:30:37.057098,2026-09-05
210485,MTL REM UNS NEGOTIATION LIST AMER Nikko TAYLOR (DL) Oregon State,2026-08-30,2026-08-30,Nikko,Taylor,DL,AMER,Oregon State,MTL,REM UNS NEGOTIATION LIST,True,186207,players,Eligible,Negotiation List,2026-09-05T13:30:37.057098,2026-09-05
210486,MTL ADD NEGOTIATION LIST AMER Elijah WILLIAMS (DL) Morgan State,2026-08-30,2026-08-30,Elijah,Williams,DL,AMER,Morgan State,MTL,ADD NEGOTIATION LIST,True,169315,players,Negotiation List,Eligible,2026-09-05T13:30:37.057098,2026-09-05
210470,OTT ADD NEGOTIATION LIST AMER Nate EVANS (DB) Delaware,2026-08-30,2026-08-30,Nate,Evans,DB,AMER,Delaware,OTT,ADD NEGOTIATION LIST,True,186345,players,Negotiation List,Eligible,2026-09-05T13:30:37.057098,2026-09-05
210469,OTT REM UNS NEGOTIATION LIST AMER Carlton JOHNSON (DB) Fresno State,2026-08-30,2026-08-30,Carlton,Johnson,DB,AMER,Fresno State,OTT,REM UNS NEGOTIATION LIST,True,169114,players,Eligible,Negotiation List,2026-09-05T13:30:37.057098,2026-09-05
210468,WPG ADD NEGOTIATION LIST AMER Alex HUNTLEY (DL) South Carolina,2026-08-29,2026-08-29,Alex,Huntley,DL,AMER,South Carolina,WPG,ADD NEGOTIATION LIST,True,186341,players,Negotiation List,Eligible,2026-09-05T13:30:37.057098,2026-09-05
210467,BC ADD NEGOTIATION LIST AMER Theo WEASE (WR) Missouri,2026-08-29,2026-08-29,Theo,Wease,WR,AMER,Missouri,BC,ADD NEGOTIATION LIST,True,186344,players,Negotiation List,Eligible,2026-09-05T13:30:37.057098,2026-09-05
210466,BC REM UNS NEGOTIATION LIST AMER Erik EZUKANMA (WR) Texas Tech,2026-08-29,2026-08-29,Erik,Ezukanma,WR,AMER,Texas Tech,BC,REM UNS NEGOTIATION LIST,True,186219,players,Eligible,Negotiation List,2026-09-05T13:30:37.057098,2026-09-05
210465,WPG ADD NEGOTIATION LIST AMER Daryl PORTER (DB) Miami,2026-08-29,2026-08-29,Daryl,Porter,DB,AMER,Miami,WPG,ADD NEGOTIATION LIST,True,186343,players,Negotiation List,Eligible,2026-09-05T13:30:37.057098,2026-09-05
210464,WPG REM UNS NEGOTIATION LIST AMER Jimto OBIDEGWU (OL) North Texas,2026-08-29,2026-08-29,Jimto,Obidegwu,OL,AMER,North Texas,WPG,REM UNS NEGOTIATION LIST,True,185755,players,Eligible,Negotiation List,2026-09-05T13:30:37.057098,2026-09-05
210461,WPG ADD NEGOTIATION LIST AMER Amari GAINER (LB) North Carolina,2026-08-29,2026-08-29,Amari,Gainer,LB,AMER,North Carolina,WPG,ADD NEGOTIATION LIST,True,184975,players,Negotiation List,Eligible,2026-09-05T13:30:37.057098,2026-09-05
210460,OTT ADD NEGOTIATION LIST AMER Isaiah MACK (DL) Tennessee Chattanooga,2026-08-29,2026-08-29,Isaiah,MACK,DL,AMER,Tennessee Chattanooga,OTT,ADD NEGOTIATION LIST,True,166498,players,Negotiation List,Eligible,2026-09-05T13:30:37.057098,2026-09-05
210459,OTT REM UNS NEGOTIATION LIST AMER Nesta Jade SILVERA (DL) Arizona State,2026-08-29,2026-08-29,Nesta Jade,Silvera,DL,AMER,Arizona State,OTT,REM UNS NEGOTIATION LIST,True,186228,players,Eligible,Negotiation List,2026-09-05T13:30:37.057098,2026-09-05
210458,HAM ADD NEGOTIATION LIST AMER John BULLOCK (LB) Nebraska,2026-08-29,2026-08-29,John,Bullock,LB,AMER,Nebraska,HAM,ADD NEGOTIATION LIST,True,186342,players,Negotiation List,Eligible,2026-09-05T13:30:37.057098,2026-09-05
210457,HAM REM UNS NEGOTIATION LIST AMER Nate LYNN (DL) William & Mary,2026-08-29,2026-08-29,Nate,Lynn,DL,AMER,William & Mary,HAM,REM UNS NEGOTIATION LIST,True,168694,players,Eligible,Negotiation List,2026-09-05T13:30:37.057098,2026-09-05
210456,WPG REM UNS NEGOTIATION LIST AMER TJ BOLLERS (DL) California,2026-08-29,2026-08-29,TJ,Bollers,DL,AMER,California,WPG,REM UNS NEGOTIATION LIST,True,186086,players,Eligible,Negotiation List,2026-09-05T13:30:37.057098,2026-09-05
210455,WPG REM UNS NEGOTIATION LIST AMER Nicholas LENON (DL) Merrimack,2026-08-29,2026-08-29,Nicholas,Lenon,DL,AMER,Merrimack,WPG,REM UNS NEGOTIATION LIST,True,185878,players,Eligible,Negotiation List,2026-09-05T13:30:37.057098,2026-09-05
210440,BC ADD NEGOTIATION LIST AMER Ricky LEE (OL) North Carolina A&T,2026-08-29,2026-08-29,Ricky,Lee,OL,AMER,North Carolina A&T,BC,ADD NEGOTIATION LIST,True,169099,players,Negotiation List,Eligible,2026-09-05T13:30:37.057098,2026-09-05
210439,BC REM UNS NEGOTIATION LIST AMER Isaiah LAND (DL) Florida A&M,2026-08-29,2026-08-29,Isaiah,LAND,DL,AMER,Florida A&M,BC,REM UNS NEGOTIATION LIST,True,166623,players,Eligible,Negotiation List,2026-09-05T13:30:37.057098,2026-09-05
210438,BC ADD NEGOTIATION LIST AMER Keydrain CALLIGAN (DB) Southeastern Louisiana,2026-08-29,2026-08-29,Keydrain,CALLIGAN,DB,AMER,Southeastern Louisiana,BC,ADD NEGOTIATION LIST,True,169619,players,Negotiation List,Eligible,2026-09-05T13:30:37.057098,2026-09-05
210437,BC REM UNS NEGOTIATION LIST AMER Greg DESROSIERS (RB) Memphis,2026-08-29,2026-08-29,Greg,Desrosiers,RB,AMER,Memphis,BC,REM UNS NEGOTIATION LIST,True,186314,players,Eligible,Negotiation List,2026-09-05T13:30:37.057098,2026-09-05
210436,OTT ADD NEGOTIATION LIST AMER Tommi HILL (DB) Nebraska,2026-08-29,2026-08-29,Tommi,Hill,DB,AMER,Nebraska,OTT,ADD NEGOTIATION LIST,True,186340,players,Negotiation List,Eligible,2026-09-05T13:30:37.057098,2026-09-05
210435,OTT REM UNS NEGOTIATION LIST AMER KC OSSAI (DL) Louisiana,2026-08-29,2026-08-29,KC,Ossai,DL,AMER,Louisiana,OTT,REM UNS NEGOTIATION LIST,True,186158,players,Eligible,Negotiation List,2026-09-05T13:30:37.057098,2026-09-05
210434,OTT ADD NEGOTIATION LIST AMER Hakeem BUTLER (WR) Iowa State,2026-08-29,2026-08-29,Hakeem,BUTLER,WR,AMER,Iowa State,OTT,ADD NEGOTIATION LIST,True,166691,players,Negotiation List,Eligible,2026-09-05T13:30:37.057098,2026-09-05
210433,OTT REM UNS NEGOTIATION LIST AMER Matt CORRAL (QB) Mississippi,2026-08-29,2026-08-29,Matt,CORRAL,QB,AMER,Mississippi,OTT,REM UNS NEGOTIATION LIST,True,165905,players,Eligible,Negotiation List,2026-09-05T13:30:37.057098,2026-09-05
210432,BC ADD NEGOTIATION LIST AMER Tyler HALL (DB) Wyoming,2026-08-29,2026-08-29,Tyler,HALL,DB,AMER,Wyoming,BC,ADD NEGOTIATION LIST,True,166439,players,Negotiation List,Eligible,2026-09-05T13:30:37.057098,2026-09-05
210431,BC REM UNS NEGOTIATION LIST AMER Dae Dae HUNTER (RB) Liberty,2026-08-29,2026-08-29,Dae Dae,HUNTER,RB,AMER,Liberty,BC,REM UNS NEGOTIATION LIST,True,168134,players,Eligible,Negotiation List,2026-09-05T13:30:37.057098,2026-09-05
210401,CGY REM UNS NEGOTIATION LIST AMER Jacob SPOMER (OL) Fresno State,2026-08-28,2026-08-28,Jacob,Spomer,OL,AMER,Fresno State,CGY,REM UNS NEGOTIATION LIST,True,185842,players,Eligible,Negotiation List,2026-09-05T13:30:37.057098,2026-09-05
210402,CGY ADD NEGOTIATION LIST AMER Izavion MILLER (OL) Auburn,2026-08-28,2026-08-28,Izavion,Miller,OL,AMER,Auburn,CGY,ADD NEGOTIATION LIST,True,186339,players,Negotiation List,Eligible,2026-09-05T13:30:37.057098,2026-09-05
210381,CGY ADD NEGOTIATION LIST AMER Devin GRANT (DB) Syracuse,2026-08-28,2026-08-28,Devin,Grant,DB,AMER,Syracuse,CGY,ADD NEGOTIATION LIST,True,186338,players,Negotiation List,Eligible,2026-09-05T13:30:37.057098,2026-09-05
210380,CGY REM UNS NEGOTIATION LIST AMER Izuchukwu OZOH (OL) Northern Illinois,2026-08-28,2026-08-28,Izuchukwu,Ozoh,OL,AMER,Northern Illinois,CGY,REM UNS NEGOTIATION LIST,True,186063,players,Eligible,Negotiation List,2026-09-05T13:30:37.057098,2026-09-05
210370,OTT ADD NEGOTIATION LIST AMER Xavian SOREY JR (LB) Arkansas,2026-08-28,2026-08-28,Xavian,Sorey Jr,LB,AMER,Arkansas,OTT,ADD NEGOTIATION LIST,True,186336,players,Negotiation List,Eligible,2026-09-05T13:30:37.057098,2026-09-05
210369,OTT REM UNS NEGOTIATION LIST AMER Brandon HAYES (WR) Southeastern Louisiana,2026-08-28,2026-08-28,Brandon,Hayes,WR,AMER,Southeastern Louisiana,OTT,REM UNS NEGOTIATION LIST,True,186256,players,Eligible,Negotiation List,2026-09-05T13:30:37.057098,2026-09-05
210367,SSK REM UNS NEGOTIATION LIST AMER Micah PETTUS (OL) Florida State,2026-08-28,2026-08-28,Micah,Pettus,OL,AMER,Florida State,SSK,REM UNS NEGOTIATION LIST,True,186062,players,Eligible,Negotiation List,2026-09-05T13:30:37.057098,2026-09-05
210368,SSK ADD NEGOTIATION LIST AMER Qwuantrezz KNIGHT (DB) UCLA,2026-08-28,2026-08-28,Qwuantrezz,Knight,DB,AMER,UCLA,SSK,ADD NEGOTIATION LIST,True,169078,players,Negotiation List,Eligible,2026-09-05T13:30:37.057098,2026-09-05
210357,TOR ADD NEGOTIATION LIST AMER Shiyazh PETE (OL) Kentucky,2026-08-27,2026-08-27,Shiyazh,Pete,OL,AMER,Kentucky,TOR,ADD NEGOTIATION LIST,True,186290,players,Negotiation List,Eligible,2026-09-05T13:30:37.057098,2026-09-05
210356,TOR REM UNS NEGOTIATION LIST AMER EJ WARNER (QB) Fresno State,2026-08-27,2026-08-27,EJ,Warner,QB,AMER,Fresno State,TOR,REM UNS NEGOTIATION LIST,True,168345,players,Eligible,Negotiation List,2026-09-05T13:30:37.057098,2026-09-05
210355,HAM REM UNS NEGOTIATION LIST AMER O'Mega BLAKE (WR) Arkansas,2026-08-27,2026-08-27,O'Mega,Blake,WR,AMER,Arkansas,HAM,REM UNS NEGOTIATION LIST,True,186071,players,Eligible,Negotiation List,2026-09-05T13:30:37.057098,2026-09-05
210354,CGY ADD NEGOTIATION LIST AMER Kenny DYSON (DL) Bryant University,2026-08-27,2026-08-27,Kenny,Dyson,DL,AMER,Bryant University,CGY,ADD NEGOTIATION LIST,True,168462,players,Negotiation List,Eligible,2026-09-05T13:30:37.057098,2026-09-05
210353,CGY REM UNS NEGOTIATION LIST AMER Jared BARTLETT (LB) Cincinnati,2026-08-27,2026-08-27,Jared,Bartlett,LB,AMER,Cincinnati,CGY,REM UNS NEGOTIATION LIST,True,184873,players,Eligible,Negotiation List,2026-09-05T13:30:37.057098,2026-09-05
210350,HAM ADD NEGOTIATION LIST AMER Joey AGUILAR (QB) Appalachian State,2026-08-27,2026-08-27,Joey,Aguilar,QB,AMER,Appalachian State,HAM,ADD NEGOTIATION LIST,True,168974,players,Negotiation List,Eligible,2026-09-05T13:30:37.057098,2026-09-05
210345,OTT ADD NEGOTIATION LIST AMER Ryan NELSON (OL) Virginia,2026-08-27,2026-08-27,Ryan,NELSON,OL,AMER,Virginia,OTT,ADD NEGOTIATION LIST,True,167169,players,Negotiation List,Eligible,2026-09-05T13:30:37.057098,2026-09-05
210344,OTT REM UNS NEGOTIATION LIST AMER Trent HENDRICK (LB) James Madison,2026-08-27,2026-08-27,Trent,Hendrick,LB,AMER,James Madison,OTT,REM UNS NEGOTIATION LIST,True,186281,players,Eligible,Negotiation List,2026-09-05T13:30:37.057098,2026-09-05
210343,WPG ADD NEGOTIATION LIST AMER Eli PANCOL (WR) Duke,2026-08-27,2026-08-27,Eli,Pancol,WR,AMER,Duke,WPG,ADD NEGOTIATION LIST,True,184911,players,Negotiation List,Eligible,2026-09-05T13:30:37.057098,2026-09-05
210341,SSK REM UNS NEGOTIATION LIST AMER Thayer THOMAS (WR) North Carolina State,2026-08-26,2026-08-26,Thayer,THOMAS,WR,AMER,North Carolina State,SSK,REM UNS NEGOTIATION LIST,True,167594,players,Eligible,Negotiation List,2026-09-05T13:30:37.057098,2026-09-05
210342,SSK ADD NEGOTIATION LIST AMER Steven GILMORE (DB) Marshall,2026-08-26,2026-08-26,Steven,GILMORE,DB,AMER,Marshall,SSK,ADD NEGOTIATION LIST,True,167588,players,Negotiation List,Eligible,2026-09-05T13:30:37.057098,2026-09-05
210334,MTL REM UNS NEGOTIATION LIST AMER Major BURNS (DB) Louisiana State,2026-08-26,2026-08-26,Major,Burns,DB,AMER,Louisiana State,MTL,REM UNS NEGOTIATION LIST,True,184457,players,Eligible,Negotiation List,2026-09-05T13:30:37.057098,2026-09-05
210335,MTL ADD NEGOTIATION LIST AMER Ethan ROBINSON (DB) Minnesota,2026-08-26,2026-08-26,Ethan,Robinson,DB,AMER,Minnesota,MTL,ADD NEGOTIATION LIST,True,184912,players,Negotiation List,Eligible,2026-09-05T13:30:37.057098,2026-09-05
210330,OTT ADD NEGOTIATION LIST AMER Al'zillion HAMILTON (DB) Fresno State,2026-08-26,2026-08-26,Al'zillion,Hamilton,DB,AMER,Fresno State,OTT,ADD NEGOTIATION LIST,True,186335,players,Negotiation List,Eligible,2026-09-05T13:30:37.057098,2026-09-05
210328,SSK REM UNS NEGOTIATION LIST AMER Shiyazh PETE (OL) Kentucky,2026-08-26,2026-08-26,Shiyazh,Pete,OL,AMER,Kentucky,SSK,REM UNS NEGOTIATION LIST,True,186290,players,Eligible,Negotiation List,2026-09-05T13:30:37.057098,2026-09-05
210329,SSK ADD NEGOTIATION LIST AMER Isaiah SMITH (DL) Southern Methodist,2026-08-26,2026-08-26,Isaiah,Smith,DL,AMER,Southern Methodist,SSK,ADD NEGOTIATION LIST,True,186334,players,Negotiation List,Eligible,2026-09-05T13:30:37.057098,2026-09-05
210326,HAM REM UNS NEGOTIATION LIST AMER Andrew ARMSTRONG (WR) Arkansas,2026-08-26,2026-08-26,Andrew,Armstrong,WR,AMER,Arkansas,HAM,REM UNS NEGOTIATION LIST,True,184898,players,Eligible,Negotiation List,2026-09-05T13:30:37.057098,2026-09-05
210327,HAM ADD NEGOTIATION LIST AMER Tahj WASHINGTON (WR) Southern California,2026-08-26,2026-08-26,Tahj,Washington,WR,AMER,Southern California,HAM,ADD NEGOTIATION LIST,True,168596,players,Negotiation List,Eligible,2026-09-05T13:30:37.057098,2026-09-05
210300,OTT REM SGD NEGOTIATION LIST AMER Lento SMITH JR (DB) Tulsa,2026-08-24,2026-08-24,Lento,Smith Jr,DB,AMER,Tulsa,OTT,REM SGD NEGOTIATION LIST,True,186332,players,Eligible,Negotiation List,2026-09-05T13:30:37.057098,2026-09-05
210283,WPG REM SGD NEGOTIATION LIST AMER Kyahva TEZINO (LB) San Diego State,2026-08-23,2026-08-23,Kyahva,TEZINO,LB,AMER,San Diego State,WPG,REM SGD NEGOTIATION LIST,True,165836,players,Eligible,Negotiation List,2026-09-05T13:30:37.057098,2026-09-05
210269,HAM ADD NEGOTIATION LIST AMER Tanner KNUE (WR) Eastern Michigan,2026-08-22,2026-08-22,Tanner,Knue,WR,AMER,Eastern Michigan,HAM,ADD NEGOTIATION LIST,True,169103,players,Negotiation List,Eligible,2026-09-05T13:30:37.057098,2026-09-05
210267,OTT ADD NEGOTIATION LIST AMER Lento SMITH JR (DB) Tulsa,2026-08-22,2026-08-22,Lento,Smith Jr,DB,AMER,Tulsa,OTT,ADD NEGOTIATION LIST,True,186332,players,Negotiation List,Eligible,2026-09-05T13:30:37.057098,2026-09-05
210268,HAM REM UNS NEGOTIATION LIST AMER Patrick PAYTON (DL) Louisiana State,2026-08-22,2026-08-22,Patrick,Payton,DL,AMER,Louisiana State,HAM,REM UNS NEGOTIATION LIST,True,186059,players,Eligible,Negotiation List,2026-09-05T13:30:37.057098,2026-09-05
210266,OTT REM UNS NEGOTIATION LIST AMER Sataoa LAUMEA (OL) Utah,2026-08-22,2026-08-22,Sataoa,Laumea,OL,AMER,Utah,OTT,REM UNS NEGOTIATION LIST,True,185111,players,Eligible,Negotiation List,2026-09-05T13:30:37.057098,2026-09-05
210259,WPG ADD NEGOTIATION LIST AMER Tyrek FUNDERBURK (DB) Appalachian State,2026-08-21,2026-08-21,Tyrek,Funderburk,DB,AMER,Appalachian State,WPG,ADD NEGOTIATION LIST,True,186331,players,Negotiation List,Eligible,2026-09-05T13:30:37.057098,2026-09-05
210258,WPG REM UNS NEGOTIATION LIST AMER Demone HARRIS (DL) Buffalo,2026-08-21,2026-08-21,Demone,HARRIS,DL,AMER,Buffalo,WPG,REM UNS NEGOTIATION LIST,True,166596,players,Eligible,Negotiation List,2026-09-05T13:30:37.057098,2026-09-05
210257,SSK ADD NEGOTIATION LIST AMER Lawrence KEYS III (WR) Tulane,2026-08-21,2026-08-21,Lawrence,Keys III,WR,AMER,Tulane,SSK,ADD NEGOTIATION LIST,True,168598,players,Negotiation List,Eligible,2026-09-05T13:30:37.057098,2026-09-05
210256,SSK REM UNS NEGOTIATION LIST AMER Matthew SLUKA (QB) James Madison,2026-08-21,2026-08-21,Matthew,SLUKA,QB,AMER,James Madison,SSK,REM UNS NEGOTIATION LIST,True,168082,players,Eligible,Negotiation List,2026-09-05T13:30:37.057098,2026-09-05
210214,SSK REM UNS NEGOTIATION LIST AMER Austin LEAUSA (OL) Brigham Young,2026-08-19,2026-08-19,Austin,Leausa,OL,AMER,Brigham Young,SSK,REM UNS NEGOTIATION LIST,True,186070,players,Eligible,Negotiation List,2026-09-05T13:30:37.057098,2026-09-05
210215,SSK ADD NEGOTIATION LIST AMER Joshuah BLEDSOE (DB) Missouri,2026-08-19,2026-08-19,Joshuah,Bledsoe,DB,AMER,Missouri,SSK,ADD NEGOTIATION LIST,True,185859,players,Negotiation List,Eligible,2026-09-05T13:30:37.057098,2026-09-05
210206,SSK REM UNS NEGOTIATION LIST AMER Jeremiah EARBY (DB) Boise State,2026-08-19,2026-08-19,Jeremiah,Earby,DB,AMER,Boise State,SSK,REM UNS NEGOTIATION LIST,True,186231,players,Eligible,Negotiation List,2026-09-05T13:30:37.057098,2026-09-05
210207,SSK ADD NEGOTIATION LIST AMER Malakai WILLIAMS (DL) Boise State,2026-08-19,2026-08-19,Malakai,Williams,DL,AMER,Boise State,SSK,ADD NEGOTIATION LIST,True,186327,players,Negotiation List,Eligible,2026-09-05T13:30:37.057098,2026-09-05
210208,TOR REM UNS NEGOTIATION LIST AMER Dason BROOKS (RB) Idaho State,2026-08-19,2026-08-19,Dason,Brooks,RB,AMER,Idaho State,TOR,REM UNS NEGOTIATION LIST,True,185025,players,Eligible,Negotiation List,2026-09-05T13:30:37.057098,2026-09-05
210209,TOR ADD NEGOTIATION LIST AMER Larry WORTH III (LB) Arkansas,2026-08-19,2026-08-19,Larry,Worth III,LB,AMER,Arkansas,TOR,ADD NEGOTIATION LIST,True,186328,players,Negotiation List,Eligible,2026-09-05T13:30:37.057098,2026-09-05
210210,BC REM UNS NEGOTIATION LIST AMER Ryan NELSON (OL) Virginia,2026-08-19,2026-08-19,Ryan,NELSON,OL,AMER,Virginia,BC,REM UNS NEGOTIATION LIST,True,167169,players,Eligible,Negotiation List,2026-09-05T13:30:37.057098,2026-09-05
210213,BC ADD NEGOTIATION LIST AMER Tre'Vius HODGES-TOMLINSON (DB) Texas Christian,2026-08-19,2026-08-19,Tre'Vius,Hodges-Tomlinson,DB,AMER,Texas Christian,BC,ADD NEGOTIATION LIST,True,186329,players,Negotiation List,Eligible,2026-09-05T13:30:37.057098,2026-09-05
210211,BC ADD NEGOTIATION LIST AMER MJ DEVONSHIRE (DB) Pittsburgh,2026-08-19,2026-08-19,MJ,Devonshire,DB,AMER,Pittsburgh,BC,ADD NEGOTIATION LIST,True,185117,players,Negotiation List,Eligible,2026-09-05T13:30:37.057098,2026-09-05
210212,BC REM SGD NEGOTIATION LIST AMER Amani BLEDSOE (DL) Oklahoma,2026-08-19,2026-08-19,Amani,BLEDSOE,DL,AMER,Oklahoma,BC,REM SGD NEGOTIATION LIST,True,166459,players,Eligible,Negotiation List,2026-09-05T13:30:37.057098,2026-09-05
210180,OTT ADD NEGOTIATION LIST AMER Jack NELSON (OL) Wisconsin,2026-08-18,2026-08-18,Jack,Nelson,OL,AMER,Wisconsin,OTT,ADD NEGOTIATION LIST,True,186326,players,Negotiation List,Eligible,2026-09-05T13:30:37.057098,2026-09-05
210176,OTT REM UNS NEGOTIATION LIST AMER Mikail KAMARA (DL) Indiana,2026-08-18,2026-08-18,Mikail,Kamara,DL,AMER,Indiana,OTT,REM UNS NEGOTIATION LIST,True,186271,players,Eligible,Negotiation List,2026-09-05T13:30:37.057098,2026-09-05
210156,TOR ADD NEGOTIATION LIST AMER Eric RIVERS (WR) Georgia Tech,2026-08-15,2026-08-17,Eric,Rivers,WR,AMER,Georgia Tech,TOR,ADD NEGOTIATION LIST,True,186325,players,Negotiation List,Eligible,2026-09-05T13:30:37.057098,2026-09-05
210155,TOR REM UNS NEGOTIATION LIST AMER Kevin JENNINGS (QB) Southern Methodist,2026-08-15,2026-08-17,Kevin,Jennings,QB,AMER,Southern Methodist,TOR,REM UNS NEGOTIATION LIST,True,169204,players,Eligible,Negotiation List,2026-09-05T13:30:37.057098,2026-09-05
210154,CGY ADD NEGOTIATION LIST AMER Dontae MCMILLAN (RB) Eastern Michigan,2026-08-14,2026-08-14,Dontae,McMillan,RB,AMER,Eastern Michigan,CGY,ADD NEGOTIATION LIST,True,186324,players,Negotiation List,Eligible,2026-09-05T13:30:37.057098,2026-09-05
210153,CGY REM UNS NEGOTIATION LIST AMER Jermar JEFFERSON (RB) Oregon State,2026-08-14,2026-08-14,Jermar,Jefferson,RB,AMER,Oregon State,CGY,REM UNS NEGOTIATION LIST,True,185922,players,Eligible,Negotiation List,2026-09-05T13:30:37.057098,2026-09-05
210147,SSK ADD NEGOTIATION LIST AMER Otis REESE (LB) Mississippi,2026-08-14,2026-08-14,Otis,REESE,LB,AMER,Mississippi,SSK,ADD NEGOTIATION LIST,True,167622,players,Negotiation List,Eligible,2026-09-05T13:30:37.057098,2026-09-05
210146,SSK REM UNS NEGOTIATION LIST AMER Collin WRIGHT (DB) Stanford,2026-08-14,2026-08-14,Collin,Wright,DB,AMER,Stanford,SSK,REM UNS NEGOTIATION LIST,True,186320,players,Eligible,Negotiation List,2026-09-05T13:30:37.057098,2026-09-05
210127,HAM REM UNS NEGOTIATION LIST AMER Montrell JOHNSON JR (RB) Florida,2026-08-14,2026-08-14,Montrell,Johnson Jr,RB,AMER,Florida,HAM,REM UNS NEGOTIATION LIST,True,186230,players,Eligible,Negotiation List,2026-09-05T13:30:37.057098,2026-09-05
210128,HAM ADD NEGOTIATION LIST AMER Tyron HERRING (DB) Delaware,2026-08-14,2026-08-14,Tyron,Herring,DB,AMER,Delaware,HAM,ADD NEGOTIATION LIST,True,185127,players,Negotiation List,Eligible,2026-09-05T13:30:37.057098,2026-09-05
210088,SSK ADD NEGOTIATION LIST AMER Howard CROSS III (DL) Notre Dame,2026-08-13,2026-08-13,Howard,Cross III,DL,AMER,Notre Dame,SSK,ADD NEGOTIATION LIST,True,184825,players,Negotiation List,Eligible,2026-09-05T13:30:37.057098,2026-09-05
210087,SSK REM UNS NEGOTIATION LIST AMER Gunnar HANSEN (OL) Florida State,2026-08-13,2026-08-13,Gunnar,Hansen,OL,AMER,Florida State,SSK,REM UNS NEGOTIATION LIST,True,186250,players,Eligible,Negotiation List,2026-09-05T13:30:37.057098,2026-09-05
210054,CGY ADD NEGOTIATION LIST AMER Cam PORTER (RB) Northwestern,2026-08-12,2026-08-12,Cam,Porter,RB,AMER,Northwestern,CGY,ADD NEGOTIATION LIST,True,186323,players,Negotiation List,Eligible,2026-09-05T13:30:37.057098,2026-09-05
210053,CGY REM UNS NEGOTIATION LIST AMER Amari DANIELS (RB) Texas A&M,2026-08-12,2026-08-12,Amari,Daniels,RB,AMER,Texas A&M,CGY,REM UNS NEGOTIATION LIST,True,186132,players,Eligible,Negotiation List,2026-09-05T13:30:37.057098,2026-09-05
210052,BC ADD NEGOTIATION LIST AMER Durrell JOHNSON (DL) Liberty,2026-08-12,2026-08-12,Durrell,JOHNSON,DL,AMER,Liberty,BC,ADD NEGOTIATION LIST,True,166219,players,Negotiation List,Eligible,2026-09-05T13:30:37.057098,2026-09-05
210050,WPG ADD NEGOTIATION LIST AMER Roman PARODIE (DB) Ohio,2026-08-12,2026-08-12,Roman,Parodie,DB,AMER,Ohio,WPG,ADD NEGOTIATION LIST,True,184918,players,Negotiation List,Eligible,2026-09-05T13:30:37.057098,2026-09-05
210051,BC REM UNS NEGOTIATION LIST AMER Brandon (B.J.) ADAMS (DB) Central Florida,2026-08-12,2026-08-12,Brandon (B.J.),ADAMS,DB,AMER,Central Florida,BC,REM UNS NEGOTIATION LIST,True,184965,players,Eligible,Negotiation List,2026-09-05T13:30:37.057098,2026-09-05
210049,WPG REM UNS NEGOTIATION LIST AMER Ethan DOWNS (DL) Oklahoma,2026-08-12,2026-08-12,Ethan,Downs,DL,AMER,Oklahoma,WPG,REM UNS NEGOTIATION LIST,True,184870,players,Eligible,Negotiation List,2026-09-05T13:30:37.057098,2026-09-05
210036,CGY ADD NEGOTIATION LIST AMER Cam CAMPER (WR) Boise State,2026-08-11,2026-08-11,Cam,Camper,WR,AMER,Boise State,CGY,ADD NEGOTIATION LIST,True,184815,players,Negotiation List,Eligible,2026-09-05T13:30:37.057098,2026-09-05
210035,CGY REM UNS NEGOTIATION LIST AMER Braylon SANDERS (WR) Mississippi,2026-08-11,2026-08-11,Braylon,Sanders,WR,AMER,Mississippi,CGY,REM UNS NEGOTIATION LIST,True,169475,players,Eligible,Negotiation List,2026-09-05T13:30:37.057098,2026-09-05
210034,OTT ADD NEGOTIATION LIST AMER Tyler COOPER (OL) Minnesota,2026-08-11,2026-08-11,Tyler,Cooper,OL,AMER,Minnesota,OTT,ADD NEGOTIATION LIST,True,186322,players,Negotiation List,Eligible,2026-09-05T13:30:37.057098,2026-09-05
210033,SSK ADD NEGOTIATION LIST AMER Trace FORD (DL) Oklahoma,2026-08-11,2026-08-11,Trace,Ford,DL,AMER,Oklahoma,SSK,ADD NEGOTIATION LIST,True,184458,players,Negotiation List,Eligible,2026-09-05T13:30:37.057098,2026-09-05
210032,SSK REM UNS NEGOTIATION LIST AMER Jaylon ALLEN (DL) Memphis,2026-08-11,2026-08-11,Jaylon,Allen,DL,AMER,Memphis,SSK,REM UNS NEGOTIATION LIST,True,168667,players,Eligible,Negotiation List,2026-09-05T13:30:37.057098,2026-09-05
210030,EDM REM UNS NEGOTIATION LIST AMER James ESTER (DL) Northern Illinois,2026-08-11,2026-08-11,James,Ester,DL,AMER,Northern Illinois,EDM,REM UNS NEGOTIATION LIST,True,168665,players,Eligible,Negotiation List,2026-09-05T13:30:37.057098,2026-09-05
210031,EDM ADD NEGOTIATION LIST AMER Keni-H LOVELY (DB) Western Michigan,2026-08-11,2026-08-11,Keni-H,Lovely,DB,AMER,Western Michigan,EDM,ADD NEGOTIATION LIST,True,169028,players,Negotiation List,Eligible,2026-09-05T13:30:37.057098,2026-09-05
210028,HAM ADD NEGOTIATION LIST AMER Robert MCDANIEL (DB) Jackson State,2026-08-11,2026-08-11,Robert,McDaniel,DB,AMER,Jackson State,HAM,ADD NEGOTIATION LIST,True,169529,players,Negotiation List,Eligible,2026-09-05T13:30:37.057098,2026-09-05
210027,HAM REM UNS NEGOTIATION LIST AMER Ja'Quinden JACKSON (RB) Arkansas,2026-08-11,2026-08-11,Ja'Quinden,Jackson,RB,AMER,Arkansas,HAM,REM UNS NEGOTIATION LIST,True,186183,players,Eligible,Negotiation List,2026-09-05T13:30:37.057098,2026-09-05
210023,BC REM UNS NEGOTIATION LIST AMER Jordan COLBERT (DB) Rhode Island,2026-08-11,2026-08-11,Jordan,Colbert,DB,AMER,Rhode Island,BC,REM UNS NEGOTIATION LIST,True,168689,players,Eligible,Negotiation List,2026-09-05T13:30:37.057098,2026-09-05
210024,BC ADD NEGOTIATION LIST AMER Ryan NELSON (OL) Virginia,2026-08-11,2026-08-11,Ryan,NELSON,OL,AMER,Virginia,BC,ADD NEGOTIATION LIST,True,167169,players,Negotiation List,Eligible,2026-09-05T13:30:37.057098,2026-09-05
210022,SSK ADD NEGOTIATION LIST AMER Collin WRIGHT (DB) Stanford,2026-08-10,2026-08-10,Collin,Wright,DB,AMER,Stanford,SSK,ADD NEGOTIATION LIST,True,186320,players,Negotiation List,Eligible,2026-09-05T13:30:37.057098,2026-09-05
210021,SSK REM UNS NEGOTIATION LIST AMER Otis REESE (LB) Mississippi,2026-08-10,2026-08-10,Otis,REESE,LB,AMER,Mississippi,SSK,REM UNS NEGOTIATION LIST,True,167622,players,Eligible,Negotiation List,2026-09-05T13:30:37.057098,2026-09-05
210020,BC REM UNS NEGOTIATION LIST AMER Bryce GEORGE (OL) Iowa,2026-08-10,2026-08-10,Bryce,George,OL,AMER,Iowa,BC,REM UNS NEGOTIATION LIST,True,186087,players,Eligible,Negotiation List,2026-09-05T13:30:37.057098,2026-09-05
210019,EDM ADD NEGOTIATION LIST AMER Sean FRESCH (DB) Rice,2026-08-10,2026-08-10,Sean,Fresch,DB,AMER,Rice,EDM,ADD NEGOTIATION LIST,True,186319,players,Negotiation List,Eligible,2026-09-05T13:30:37.057098,2026-09-05
210018,EDM REM UNS NEGOTIATION LIST AMER Gavin ORTEGA (OL) Weber State,2026-08-10,2026-08-10,Gavin,Ortega,OL,AMER,Weber State,EDM,REM UNS NEGOTIATION LIST,True,186293,players,Eligible,Negotiation List,2026-09-05T13:30:37.057098,2026-09-05
210015,BC ADD NEGOTIATION LIST AMER Deonte HARTY (WR) Assumption College,2026-08-10,2026-08-10,Deonte,Harty,WR,AMER,Assumption College,BC,ADD NEGOTIATION LIST,True,186318,players,Negotiation List,Eligible,2026-09-05T13:30:37.057098,2026-09-05
210014,BC REM UNS NEGOTIATION LIST AMER DaeDae REYNOLDS (WR) UNLV,2026-08-10,2026-08-10,DaeDae,Reynolds,WR,AMER,UNLV,BC,REM UNS NEGOTIATION LIST,True,186152,players,Eligible,Negotiation List,2026-09-05T13:30:37.057098,2026-09-05
210013,BC ADD NEGOTIATION LIST AMER Matthew MCDOOM (DB) Cincinnati,2026-08-10,2026-08-10,Matthew,McDoom,DB,AMER,Cincinnati,BC,ADD NEGOTIATION LIST,True,185971,players,Negotiation List,Eligible,2026-09-05T13:30:37.057098,2026-09-05
210012,BC REM UNS NEGOTIATION LIST AMER Steven GILMORE (DB) Marshall,2026-08-10,2026-08-10,Steven,GILMORE,DB,AMER,Marshall,BC,REM UNS NEGOTIATION LIST,True,167588,players,Eligible,Negotiation List,2026-09-05T13:30:37.057098,2026-09-05
210009,BC ADD NEGOTIATION LIST AMER Isaiah LAND (DL) Florida A&M,2026-08-10,2026-08-10,Isaiah,LAND,DL,AMER,Florida A&M,BC,ADD NEGOTIATION LIST,True,166623,players,Negotiation List,Eligible,2026-09-05T13:30:37.057098,2026-09-05
210010,BC ADD NEGOTIATION LIST AMER Chase ROBERTS (WR) Brigham Young,2026-08-10,2026-08-10,Chase,Roberts,WR,AMER,Brigham Young,BC,ADD NEGOTIATION LIST,True,186317,players,Negotiation List,Eligible,2026-09-05T13:30:37.057098,2026-09-05
210008,BC REM UNS NEGOTIATION LIST AMER Logan WOODSIDE (QB) Toledo,2026-08-10,2026-08-10,Logan,WOODSIDE,QB,AMER,Toledo,BC,REM UNS NEGOTIATION LIST,True,162787,players,Eligible,Negotiation List,2026-09-05T13:30:37.057098,2026-09-05
210007,OTT ADD NEGOTIATION LIST AMER Dwight MCGLOTHERN (DB) Arkansas,2026-08-10,2026-08-10,Dwight,McGlothern,DB,AMER,Arkansas,OTT,ADD NEGOTIATION LIST,True,185054,players,Negotiation List,Eligible,2026-09-05T13:30:37.057098,2026-09-05
210006,OTT REM SGD NEGOTIATION LIST AMER Grant DUBOSE (WR) Coastal Carolina,2026-08-10,2026-08-10,Grant,DuBose,WR,AMER,Coastal Carolina,OTT,REM SGD NEGOTIATION LIST,True,186160,players,Eligible,Negotiation List,2026-09-05T13:30:37.057098,2026-09-05
210005,OTT REM SGD NEGOTIATION LIST AMER Kenzel LAWLER (DB) Montana,2026-08-10,2026-08-10,Kenzel,Lawler,DB,AMER,Montana,OTT,REM SGD NEGOTIATION LIST,True,186054,players,Eligible,Negotiation List,2026-09-05T13:30:37.057098,2026-09-05
209988,MTL REM UNS NEGOTIATION LIST AMER Jordan MIMS (RB) Fresno State,2026-08-09,2026-08-10,Jordan,Mims,RB,AMER,Fresno State,MTL,REM UNS NEGOTIATION LIST,True,168356,players,Eligible,Negotiation List,2026-09-05T13:30:37.057098,2026-09-05
209989,MTL ADD NEGOTIATION LIST AMER Jacolby GEORGE (WR) Miami,2026-08-09,2026-08-10,Jacolby,George,WR,AMER,Miami,MTL,ADD NEGOTIATION LIST,True,184932,players,Negotiation List,Eligible,2026-09-05T13:30:37.057098,2026-09-05
209974,CGY ADD NEGOTIATION LIST AMER DJ WINGFIELD (OL) Southern California,2026-08-08,2026-08-08,DJ,Wingfield,OL,AMER,Southern California,CGY,ADD NEGOTIATION LIST,True,186316,players,Negotiation List,Eligible,2026-09-05T13:30:37.057098,2026-09-05
209973,CGY REM UNS NEGOTIATION LIST AMER TJ MOORE (DB) Mercer,2026-08-08,2026-08-08,TJ,Moore,DB,AMER,Mercer,CGY,REM UNS NEGOTIATION LIST,True,184814,players,Eligible,Negotiation List,2026-09-05T13:30:37.057098,2026-09-05
209971,CGY REM UNS NEGOTIATION LIST AMER Abraham BEAUPLAN (DL) Marshall,2026-08-08,2026-08-08,Abraham,Beauplan,DL,AMER,Marshall,CGY,REM UNS NEGOTIATION LIST,True,168239,players,Eligible,Negotiation List,2026-09-05T13:30:37.057098,2026-09-05
209972,CGY ADD NEGOTIATION LIST AMER Darryl PETERSON (DL) Wisconsin,2026-08-08,2026-08-08,Darryl,Peterson,DL,AMER,Wisconsin,CGY,ADD NEGOTIATION LIST,True,186315,players,Negotiation List,Eligible,2026-09-05T13:30:37.057098,2026-09-05
209969,EDM REM UNS NEGOTIATION LIST AMER Garrett NELSON (DL) Nebraska,2026-08-08,2026-08-08,Garrett,Nelson,DL,AMER,Nebraska,EDM,REM UNS NEGOTIATION LIST,True,168256,players,Eligible,Negotiation List,2026-09-05T13:30:37.057098,2026-09-05
209970,EDM ADD NEGOTIATION LIST AMER Ryan SCHERNECKE (OL) Kutztown,2026-08-08,2026-08-08,Ryan,Schernecke,OL,AMER,Kutztown,EDM,ADD NEGOTIATION LIST,True,185148,players,Negotiation List,Eligible,2026-09-05T13:30:37.057098,2026-09-05
209967,BC REM UNS NEGOTIATION LIST AMER Stephen GOSNELL (WR) Virginia Tech,2026-08-08,2026-08-08,Stephen,Gosnell,WR,AMER,Virginia Tech,BC,REM UNS NEGOTIATION LIST,True,169618,players,Eligible,Negotiation List,2026-09-05T13:30:37.057098,2026-09-05
209968,BC ADD NEGOTIATION LIST AMER Greg DESROSIERS (RB) Memphis,2026-08-08,2026-08-08,Greg,Desrosiers,RB,AMER,Memphis,BC,ADD NEGOTIATION LIST,True,186314,players,Negotiation List,Eligible,2026-09-05T13:30:37.057098,2026-09-05
209961,TOR REM UNS NEGOTIATION LIST AMER Cian SLONE (DL) North Carolina State,2026-08-07,2026-08-07,Cian,Slone,DL,AMER,North Carolina State,TOR,REM UNS NEGOTIATION LIST,True,186296,players,Eligible,Negotiation List,2026-09-05T13:30:37.057098,2026-09-05
209962,TOR ADD NEGOTIATION LIST AMER Rodney SHELLEY (DB) Georgia Tech,2026-08-07,2026-08-07,Rodney,Shelley,DB,AMER,Georgia Tech,TOR,ADD NEGOTIATION LIST,True,186313,players,Negotiation List,Eligible,2026-09-05T13:30:37.057098,2026-09-05
209956,BC ADD NEGOTIATION LIST AMER Tomon FOX (DL) North Carolina,2026-08-07,2026-08-07,Tomon,FOX,DL,AMER,North Carolina,BC,ADD NEGOTIATION LIST,True,166735,players,Negotiation List,Eligible,2026-09-05T13:30:37.057098,2026-09-05
209954,MTL ADD NEGOTIATION LIST AMER Langston PATTERSON (LB) Vanderbilt,2026-08-07,2026-08-07,Langston,Patterson,LB,AMER,Vanderbilt,MTL,ADD NEGOTIATION LIST,True,186312,players,Negotiation List,Eligible,2026-09-05T13:30:37.057098,2026-09-05
209955,BC REM UNS NEGOTIATION LIST AMER Mason BROOKS (OL) Mississippi,2026-08-07,2026-08-07,Mason,BROOKS,OL,AMER,Mississippi,BC,REM UNS NEGOTIATION LIST,True,167602,players,Eligible,Negotiation List,2026-09-05T13:30:37.057098,2026-09-05
209953,MTL REM SGD NEGOTIATION LIST AMER Chase MITCHELL (OL) Vanderbilt,2026-08-07,2026-08-07,Chase,Mitchell,OL,AMER,Vanderbilt,MTL,REM SGD NEGOTIATION LIST,True,186185,players,Eligible,Negotiation List,2026-09-05T13:30:37.057098,2026-09-05
209903,EDM REM UNS NEGOTIATION LIST AMER Cole BURGESS (WR) Cortland State,2026-08-06,2026-08-06,Cole,Burgess,WR,AMER,Cortland State,EDM,REM UNS NEGOTIATION LIST,True,168652,players,Eligible,Negotiation List,2026-09-05T13:30:37.057098,2026-09-05
209904,EDM ADD NEGOTIATION LIST AMER Luke GRIMM (WR) Kansas,2026-08-06,2026-08-06,Luke,Grimm,WR,AMER,Kansas,EDM,ADD NEGOTIATION LIST,True,184276,players,Negotiation List,Eligible,2026-09-05T13:30:37.057098,2026-09-05
209879,SSK ADD NEGOTIATION LIST AMER Mario GOODRICH III (DB) Clemson,2026-08-05,2026-08-05,Mario,Goodrich III,DB,AMER,Clemson,SSK,ADD NEGOTIATION LIST,True,169150,players,Negotiation List,Eligible,2026-09-05T13:30:37.057098,2026-09-05
209878,SSK REM UNS NEGOTIATION LIST AMER Andrew EDWARDS (QB) Henderson State,2026-08-05,2026-08-05,Andrew,Edwards,QB,AMER,Henderson State,SSK,REM UNS NEGOTIATION LIST,True,169490,players,Eligible,Negotiation List,2026-09-05T13:30:37.057098,2026-09-05
209869,MTL ADD NEGOTIATION LIST AMER Camden BROWN (WR) Georgia Southern,2026-08-05,2026-08-05,Camden,Brown,WR,AMER,Georgia Southern,MTL,ADD NEGOTIATION LIST,True,186309,players,Negotiation List,Eligible,2026-09-05T13:30:37.057098,2026-09-05
209865,OTT ADD NEGOTIATION LIST AMER Kenzel LAWLER (DB) Montana,2026-08-04,2026-08-04,Kenzel,Lawler,DB,AMER,Montana,OTT,ADD NEGOTIATION LIST,True,186054,players,Negotiation List,Eligible,2026-09-05T13:30:37.057098,2026-09-05
209864,OTT ADD NEGOTIATION LIST AMER Kedon SLOVIS (QB) Pittsburgh,2026-08-04,2026-08-04,Kedon,SLOVIS,QB,AMER,Pittsburgh,OTT,ADD NEGOTIATION LIST,True,165238,players,Negotiation List,Eligible,2026-09-05T13:30:37.057098,2026-09-05
209857,MTL REM SGD NEGOTIATION LIST AMER Neil CAMPBELL (DB) Texas El Paso,2026-08-04,2026-08-04,Neil,Campbell,DB,AMER,Texas El Paso,MTL,REM SGD NEGOTIATION LIST,True,186241,players,Eligible,Negotiation List,2026-09-05T13:30:37.057098,2026-09-05
209852,HAM ADD NEGOTIATION LIST AMER Javin WRIGHT (LB) Nebraska,2026-08-03,2026-08-03,Javin,Wright,LB,AMER,Nebraska,HAM,ADD NEGOTIATION LIST,True,185982,players,Negotiation List,Eligible,2026-09-05T13:30:37.057098,2026-09-05
209850,CGY ADD NEGOTIATION LIST AMER Jacob SPOMER (OL) Fresno State,2026-08-03,2026-08-03,Jacob,Spomer,OL,AMER,Fresno State,CGY,ADD NEGOTIATION LIST,True,185842,players,Negotiation List,Eligible,2026-09-05T13:30:37.057098,2026-09-05
209851,HAM REM UNS NEGOTIATION LIST AMER Zachary THOMAS (OL) San Diego State,2026-08-03,2026-08-03,Zachary,THOMAS,OL,AMER,San Diego State,HAM,REM UNS NEGOTIATION LIST,True,167316,players,Eligible,Negotiation List,2026-09-05T13:30:37.057098,2026-09-05
209848,OTT REM SGD NEGOTIATION LIST AMER Christian MATTHEW (DB) Valdosta State,2026-08-03,2026-08-03,Christian,MATTHEW,DB,AMER,Valdosta State,OTT,REM SGD NEGOTIATION LIST,True,166809,players,Eligible,Negotiation List,2026-09-05T13:30:37.057098,2026-09-05
209841,OTT REM SGD NEGOTIATION LIST AMER Jordan LAWSON (DL) Louisiana,2026-08-03,2026-08-03,Jordan,Lawson,DL,AMER,Louisiana,OTT,REM SGD NEGOTIATION LIST,True,186214,players,Eligible,Negotiation List,2026-09-05T13:30:37.057098,2026-09-05
209817,MTL ADD NEGOTIATION LIST AMER Anthony LUCAS (DL) Southern California,2026-08-02,2026-08-02,Anthony,Lucas,DL,AMER,Southern California,MTL,ADD NEGOTIATION LIST,True,186308,players,Negotiation List,Eligible,2026-09-05T13:30:37.057098,2026-09-05
209816,MTL REM SGD NEGOTIATION LIST AMER Desmond DANIELS (OL) Alabama State,2026-08-02,2026-08-02,Desmond,Daniels,OL,AMER,Alabama State,MTL,REM SGD NEGOTIATION LIST,True,186085,players,Eligible,Negotiation List,2026-09-05T13:30:37.057098,2026-09-05
209807,HAM REM UNS NEGOTIATION LIST AMER JB BROWN (LB) Kansas,2026-07-31,2026-07-31,JB,Brown,LB,AMER,Kansas,HAM,REM UNS NEGOTIATION LIST,True,184846,players,Eligible,Negotiation List,2026-09-05T13:30:37.057098,2026-09-05
209808,HAM ADD NEGOTIATION LIST AMER Wande OWENS (DB) Utah,2026-07-31,2026-07-31,Wande,Owens,DB,AMER,Utah,HAM,ADD NEGOTIATION LIST,True,186307,players,Negotiation List,Eligible,2026-09-05T13:30:37.057098,2026-09-05
209809,SSK REM UNS NEGOTIATION LIST AMER Zack JOHNSON (OL) North Dakota State,2026-07-31,2026-07-31,Zack,JOHNSON,OL,AMER,North Dakota State,SSK,REM UNS NEGOTIATION LIST,True,166454,players,Eligible,Negotiation List,2026-09-05T13:30:37.057098,2026-09-05
209810,SSK ADD NEGOTIATION LIST AMER Otis REESE (LB) Mississippi,2026-07-31,2026-07-31,Otis,REESE,LB,AMER,Mississippi,SSK,ADD NEGOTIATION LIST,True,167622,players,Negotiation List,Eligible,2026-09-05T13:30:37.057098,2026-09-05
209806,HAM ADD NEGOTIATION LIST AMER Xavier GIPSON (WR) Stephen F. Austin State,2026-07-31,2026-07-31,Xavier,GIPSON,WR,AMER,Stephen F. Austin State,HAM,ADD NEGOTIATION LIST,True,167446,players,Negotiation List,Eligible,2026-09-05T13:30:37.057098,2026-09-05
209805,HAM REM UNS NEGOTIATION LIST AMER Leroy WATSON IV (OL) Texas at San Antonio,2026-07-31,2026-07-31,Leroy,Watson IV,OL,AMER,Texas at San Antonio,HAM,REM UNS NEGOTIATION LIST,True,169105,players,Eligible,Negotiation List,2026-09-05T13:30:37.057098,2026-09-05
209804,BC ADD NEGOTIATION LIST AMER Ben PATTERSON (WR) Texas - Permian,2026-07-31,2026-07-31,Ben,Patterson,WR,AMER,Texas - Permian,BC,ADD NEGOTIATION LIST,True,186306,players,Negotiation List,Eligible,2026-09-05T13:30:37.057098,2026-09-05
209803,BC REM UNS NEGOTIATION LIST AMER Kyle TRASK (QB) Florida,2026-07-31,2026-07-31,Kyle,Trask,QB,AMER,Florida,BC,REM UNS NEGOTIATION LIST,True,186289,players,Eligible,Negotiation List,2026-09-05T13:30:37.057098,2026-09-05
209802,OTT ADD NEGOTIATION LIST AMER Ethan HURKETT (DL) Iowa,2026-07-31,2026-07-31,Ethan,Hurkett,DL,AMER,Iowa,OTT,ADD NEGOTIATION LIST,True,186305,players,Negotiation List,Eligible,2026-09-05T13:30:37.057098,2026-09-05
209801,OTT REM UNS NEGOTIATION LIST AMER Pat MCMURTRIE (OL) James Madison,2026-07-31,2026-07-31,Pat,McMurtrie,OL,AMER,James Madison,OTT,REM UNS NEGOTIATION LIST,True,186182,players,Eligible,Negotiation List,2026-09-05T13:30:37.057098,2026-09-05
209777,CGY REM SGD NEGOTIATION LIST AMER Brad ASHMORE (OL) Vanderbilt,2026-07-31,2026-07-31,Brad,ASHMORE,OL,AMER,Vanderbilt,CGY,REM SGD NEGOTIATION LIST,True,168463,players,Eligible,Negotiation List,2026-09-05T13:30:37.057098,2026-09-05
209761,MTL ADD NEGOTIATION LIST AMER Omari EVANS (WR) Washington,2026-07-31,2026-07-31,Omari,Evans,WR,AMER,Washington,MTL,ADD NEGOTIATION LIST,True,186304,players,Negotiation List,Eligible,2026-09-05T13:30:37.057098,2026-09-05
209760,MTL REM UNS NEGOTIATION LIST AMER Eric MCALISTER (WR) Texas Christian,2026-07-31,2026-07-31,Eric,Mcalister,WR,AMER,Texas Christian,MTL,REM UNS NEGOTIATION LIST,True,186303,players,Eligible,Negotiation List,2026-09-05T13:30:37.057098,2026-09-05
209745,OTT ADD NEGOTIATION LIST AMER Ja'Qurious CONLEY (DB) Charlotte,2026-07-30,2026-07-30,Ja'Qurious,Conley,DB,AMER,Charlotte,OTT,ADD NEGOTIATION LIST,True,186301,players,Negotiation List,Eligible,2026-09-05T13:30:37.057098,2026-09-05
209746,OTT REM UNS NEGOTIATION LIST AMER Mike WOODS (WR) Oklahoma,2026-07-30,2026-07-30,Mike,Woods,WR,AMER,Oklahoma,OTT,REM UNS NEGOTIATION LIST,True,184842,players,Eligible,Negotiation List,2026-09-05T13:30:37.057098,2026-09-05
209747,CGY ADD NEGOTIATION LIST AMER Theron GAINES (LB) Tennessee Tech,2026-07-30,2026-07-30,Theron,Gaines,LB,AMER,Tennessee Tech,CGY,ADD NEGOTIATION LIST,True,186302,players,Negotiation List,Eligible,2026-09-05T13:30:37.057098,2026-09-05
209748,CGY REM UNS NEGOTIATION LIST AMER Keith RANDOLPH JR (DL) Illinois,2026-07-30,2026-07-30,Keith,Randolph Jr,DL,AMER,Illinois,CGY,REM UNS NEGOTIATION LIST,True,169247,players,Eligible,Negotiation List,2026-09-05T13:30:37.057098,2026-09-05
209749,SSK ADD NEGOTIATION LIST AMER Bailey ZAPPE (QB) Western Kentucky,2026-07-30,2026-07-30,Bailey,ZAPPE,QB,AMER,Western Kentucky,SSK,ADD NEGOTIATION LIST,True,165462,players,Negotiation List,Eligible,2026-09-05T13:30:37.057098,2026-09-05
209750,SSK REM UNS NEGOTIATION LIST AMER Tanner MORDECAI (QB) Southern Methodist,2026-07-30,2026-07-30,Tanner,MORDECAI,QB,AMER,Southern Methodist,SSK,REM UNS NEGOTIATION LIST,True,166535,players,Eligible,Negotiation List,2026-09-05T13:30:37.057098,2026-09-05
209751,MTL ADD NEGOTIATION LIST AMER Eric MCALISTER (WR) Texas Christian,2026-07-30,2026-07-30,Eric,Mcalister,WR,AMER,Texas Christian,MTL,ADD NEGOTIATION LIST,True,186303,players,Negotiation List,Eligible,2026-09-05T13:30:37.057098,2026-09-05
209752,MTL REM SGD NEGOTIATION LIST AMER John MILLER (LB) Utah State,2026-07-30,2026-07-30,John,Miller,LB,AMER,Utah State,MTL,REM SGD NEGOTIATION LIST,True,186067,players,Eligible,Negotiation List,2026-09-05T13:30:37.057098,2026-09-05
209753,MTL ADD NEGOTIATION LIST AMER Dean CONNORS (RB) Houston,2026-07-30,2026-07-30,Dean,Connors,RB,AMER,Houston,MTL,ADD NEGOTIATION LIST,True,186043,players,Negotiation List,Eligible,2026-09-05T13:30:37.057098,2026-09-05
209754,MTL REM SGD NEGOTIATION LIST AMER Kobe SINGLETON (DB) Oregon State,2026-07-30,2026-07-30,Kobe,Singleton,DB,AMER,Oregon State,MTL,REM SGD NEGOTIATION LIST,True,186133,players,Eligible,Negotiation List,2026-09-05T13:30:37.057098,2026-09-05
209695,SSK REM UNS NEGOTIATION LIST AMER Lincoln PARE (RB) Texas State,2026-07-28,2026-07-28,Lincoln,Pare,RB,AMER,Texas State,SSK,REM UNS NEGOTIATION LIST,True,184921,players,Eligible,Negotiation List,2026-09-05T13:30:37.057098,2026-09-05
209694,SSK ADD NEGOTIATION LIST AMER Rasheed MILLER (OL) Louisville,2026-07-28,2026-07-28,Rasheed,Miller,OL,AMER,Louisville,SSK,ADD NEGOTIATION LIST,True,186300,players,Negotiation List,Eligible,2026-09-05T13:30:37.057098,2026-09-05
209678,OTT ADD NEGOTIATION LIST AMER CJ NUNNALLY (DL) Purdue,2026-07-27,2026-07-27,CJ,Nunnally,DL,AMER,Purdue,OTT,ADD NEGOTIATION LIST,True,186299,players,Negotiation List,Eligible,2026-09-05T13:30:37.057098,2026-09-05
209665,OTT REM SGD NEGOTIATION LIST AMER Kevin HARRIS (RB) South Carolina,2026-07-26,2026-07-26,Kevin,Harris,RB,AMER,South Carolina,OTT,REM SGD NEGOTIATION LIST,True,184296,players,Eligible,Negotiation List,2026-09-05T13:30:37.057098,2026-09-05
209661,EDM REM UNS NEGOTIATION LIST AMER Michael WILEY (RB) Arizona,2026-07-26,2026-07-26,Michael,Wiley,RB,AMER,Arizona,EDM,REM UNS NEGOTIATION LIST,True,184676,players,Eligible,Negotiation List,2026-09-05T13:30:37.057098,2026-09-05
209662,EDM ADD NEGOTIATION LIST AMER Jared PENNING (OL) Northern Iowa,2026-07-26,2026-07-26,Jared,Penning,OL,AMER,Northern Iowa,EDM,ADD NEGOTIATION LIST,True,184878,players,Negotiation List,Eligible,2026-09-05T13:30:37.057098,2026-09-05
209660,CGY ADD NEGOTIATION LIST AMER Jared BARTLETT (LB) Cincinnati,2026-07-26,2026-07-26,Jared,Bartlett,LB,AMER,Cincinnati,CGY,ADD NEGOTIATION LIST,True,184873,players,Negotiation List,Eligible,2026-09-05T13:30:37.057098,2026-09-05
209656,MTL ADD NEGOTIATION LIST AMER Devin FARRELL (QB) Rhode Island,2026-07-25,2026-07-25,Devin,Farrell,QB,AMER,Rhode Island,MTL,ADD NEGOTIATION LIST,True,186298,players,Negotiation List,Eligible,2026-09-05T13:30:37.057098,2026-09-05
209630,OTT REM UNS NEGOTIATION LIST AMER Keilan ROBINSON (RB) Texas,2026-07-24,2026-07-24,Keilan,Robinson,RB,AMER,Texas,OTT,REM UNS NEGOTIATION LIST,True,184931,players,Eligible,Negotiation List,2026-09-05T13:30:37.057098,2026-09-05
209631,OTT ADD NEGOTIATION LIST AMER Tahj CHAMBERS (LB) Mississippi,2026-07-24,2026-07-24,Tahj,Chambers,LB,AMER,Mississippi,OTT,ADD NEGOTIATION LIST,True,186297,players,Negotiation List,Eligible,2026-09-05T13:30:37.057098,2026-09-05
209628,TOR REM UNS NEGOTIATION LIST AMER Grady KELLY (DL) Michigan State,2026-07-24,2026-07-24,Grady,Kelly,DL,AMER,Michigan State,TOR,REM UNS NEGOTIATION LIST,True,185992,players,Eligible,Negotiation List,2026-09-05T13:30:37.057098,2026-09-05
209629,TOR ADD NEGOTIATION LIST AMER Cian SLONE (DL) North Carolina State,2026-07-24,2026-07-24,Cian,Slone,DL,AMER,North Carolina State,TOR,ADD NEGOTIATION LIST,True,186296,players,Negotiation List,Eligible,2026-09-05T13:30:37.057098,2026-09-05
209607,SSK ADD NEGOTIATION LIST AMER Thayer THOMAS (WR) North Carolina State,2026-07-24,2026-07-24,Thayer,THOMAS,WR,AMER,North Carolina State,SSK,ADD NEGOTIATION LIST,True,167594,players,Negotiation List,Eligible,2026-09-05T13:30:37.057098,2026-09-05
209606,SSK REM UNS NEGOTIATION LIST AMER Leshon WILLIAMS (RB) Kansas,2026-07-24,2026-07-24,Leshon,Williams,RB,AMER,Kansas,SSK,REM UNS NEGOTIATION LIST,True,185758,players,Eligible,Negotiation List,2026-09-05T13:30:37.057098,2026-09-05
209605,MTL REM SGD NEGOTIATION LIST AMER Mekhi MEWS (WR) Houston,2026-07-24,2026-07-24,Mekhi,Mews,WR,AMER,Houston,MTL,REM SGD NEGOTIATION LIST,True,186199,players,Eligible,Negotiation List,2026-09-05T13:30:37.057098,2026-09-05
209601,OTT REM UNS NEGOTIATION LIST AMER Dillon JOHNSON (RB) Washington,2026-07-23,2026-07-23,Dillon,Johnson,RB,AMER,Washington,OTT,REM UNS NEGOTIATION LIST,True,169067,players,Eligible,Negotiation List,2026-09-05T13:30:37.057098,2026-09-05
209602,OTT ADD NEGOTIATION LIST AMER Niles KING (DL) San Diego State,2026-07-23,2026-07-23,Niles,King,DL,AMER,San Diego State,OTT,ADD NEGOTIATION LIST,True,186243,players,Negotiation List,Eligible,2026-09-05T13:30:37.057098,2026-09-05
209577,MTL ADD NEGOTIATION LIST AMER Ja'Quan SHEPPARD (DB) Maryland,2026-07-23,2026-07-23,Ja'Quan,Sheppard,DB,AMER,Maryland,MTL,ADD NEGOTIATION LIST,True,169119,players,Negotiation List,Eligible,2026-09-05T13:30:37.057098,2026-09-05
209576,MTL REM SGD NEGOTIATION LIST AMER Quinn URWILER (LB) Northern Illinois,2026-07-23,2026-07-23,Quinn,Urwiler,LB,AMER,Northern Illinois,MTL,REM SGD NEGOTIATION LIST,True,186163,players,Eligible,Negotiation List,2026-09-05T13:30:37.057098,2026-09-05
209574,SSK ADD NEGOTIATION LIST AMER Eddie Lee MARBURGER (QB) UT Rio Grande Valley,2026-07-22,2026-07-22,Eddie Lee,Marburger,QB,AMER,UT Rio Grande Valley,SSK,ADD NEGOTIATION LIST,True,186295,players,Negotiation List,Eligible,2026-09-05T13:30:37.057098,2026-09-05
209573,SSK REM UNS NEGOTIATION LIST AMER Durrell JOHNSON (DL) Liberty,2026-07-22,2026-07-22,Durrell,JOHNSON,DL,AMER,Liberty,SSK,REM UNS NEGOTIATION LIST,True,166219,players,Eligible,Negotiation List,2026-09-05T13:30:37.057098,2026-09-05
209567,EDM REM UNS NEGOTIATION LIST NAT Isaiah ADAMS (OL) Illinois,2026-07-22,2026-07-22,Isaiah,Adams,OL,NAT,Illinois,EDM,REM UNS NEGOTIATION LIST,True,186292,players,Ineligible,Negotiation List,2026-09-05T13:30:37.057098,2026-09-05
209568,EDM ADD NEGOTIATION LIST AMER Gavin ORTEGA (OL) Weber State,2026-07-22,2026-07-22,Gavin,Ortega,OL,AMER,Weber State,EDM,ADD NEGOTIATION LIST,True,186293,players,Negotiation List,Eligible,2026-09-05T13:30:37.057098,2026-09-05
209569,HAM ADD NEGOTIATION LIST AMER Noah HENDERSON (OL) East Carolina,2026-07-22,2026-07-22,Noah,Henderson,OL,AMER,East Carolina,HAM,ADD NEGOTIATION LIST,True,186294,players,Negotiation List,Eligible,2026-09-05T13:30:37.057098,2026-09-05
209550,OTT ADD NEGOTIATION LIST AMER Christian MATTHEW (DB) Valdosta State,2026-07-22,2026-07-22,Christian,MATTHEW,DB,AMER,Valdosta State,OTT,ADD NEGOTIATION LIST,True,166809,players,Negotiation List,Eligible,2026-09-05T13:30:37.057098,2026-09-05
209536,HAM REM SGD NEGOTIATION LIST AMER Reuben UNIJE (OL) UCLA,2026-07-22,2026-07-22,Reuben,Unije,OL,AMER,UCLA,HAM,REM SGD NEGOTIATION LIST,True,186055,players,Eligible,Negotiation List,2026-09-05T13:30:37.057098,2026-09-05
209519,CGY REM SGD NEGOTIATION LIST AMER Lance BOYKIN (DB) Coastal Carolina,2026-07-21,2026-07-22,Lance,Boykin,DB,AMER,Coastal Carolina,CGY,REM SGD NEGOTIATION LIST,True,168260,players,Eligible,Negotiation List,2026-09-05T13:30:37.057098,2026-09-05
209517,EDM ADD NEGOTIATION LIST NAT Isaiah ADAMS (OL) Illinois,2026-07-21,2026-07-21,Isaiah,Adams,OL,NAT,Illinois,EDM,ADD NEGOTIATION LIST,True,186292,players,Negotiation List,Eligible,2026-09-05T13:30:37.057098,2026-09-05
209516,EDM REM UNS NEGOTIATION LIST AMER Jeremiah MCCLENDON (DB) Southern Illinois,2026-07-21,2026-07-21,Jeremiah,McClendon,DB,AMER,Southern Illinois,EDM,REM UNS NEGOTIATION LIST,True,186233,players,Eligible,Negotiation List,2026-09-05T13:30:37.057098,2026-09-05
209500,CGY REM UNS NEGOTIATION LIST AMER Gabriel TAYLOR (DB) Rice,2026-07-21,2026-07-21,Gabriel,Taylor,DB,AMER,Rice,CGY,REM UNS NEGOTIATION LIST,True,184263,players,Eligible,Negotiation List,2026-09-05T13:30:37.057098,2026-09-05
209501,CGY ADD NEGOTIATION LIST AMER Aamaris BROWN (DB) UNLV,2026-07-21,2026-07-21,Aamaris,Brown,DB,AMER,UNLV,CGY,ADD NEGOTIATION LIST,True,186291,players,Negotiation List,Eligible,2026-09-05T13:30:37.057098,2026-09-05
209498,SSK ADD NEGOTIATION LIST AMER Shiyazh PETE (OL) Kentucky,2026-07-21,2026-07-21,Shiyazh,Pete,OL,AMER,Kentucky,SSK,ADD NEGOTIATION LIST,True,186290,players,Negotiation List,Eligible,2026-09-05T13:30:37.057098,2026-09-05
209492,BC REM UNS NEGOTIATION LIST AMER Bryun PARHAM (LB) Connecticut,2026-07-20,2026-07-20,Bryun,Parham,LB,AMER,Connecticut,BC,REM UNS NEGOTIATION LIST,True,185083,players,Eligible,Negotiation List,2026-09-05T13:30:37.057098,2026-09-05
209493,BC ADD NEGOTIATION LIST AMER Kyle TRASK (QB) Florida,2026-07-20,2026-07-20,Kyle,Trask,QB,AMER,Florida,BC,ADD NEGOTIATION LIST,True,186289,players,Negotiation List,Eligible,2026-09-05T13:30:37.057098,2026-09-05
209484,SSK REM SGD NEGOTIATION LIST AMER Derick ROBERSON (DL) Sam Houston State,2026-07-20,2026-07-20,Derick,ROBERSON,DL,AMER,Sam Houston State,SSK,REM SGD NEGOTIATION LIST,True,164957,players,Eligible,Negotiation List,2026-09-05T13:30:37.057098,2026-09-05
209479,TOR ADD NEGOTIATION LIST AMER Isaiah JATTA (OL) Brigham Young,2026-07-19,2026-07-19,Isaiah,Jatta,OL,AMER,Brigham Young,TOR,ADD NEGOTIATION LIST,True,186288,players,Negotiation List,Eligible,2026-09-05T13:30:37.057098,2026-09-05
209478,TOR REM UNS NEGOTIATION LIST AMER Jaden RIOS (DB) Texas State,2026-07-19,2026-07-19,Jaden,Rios,DB,AMER,Texas State,TOR,REM UNS NEGOTIATION LIST,True,185145,players,Eligible,Negotiation List,2026-09-05T13:30:37.057098,2026-09-05
209475,HAM REM UNS NEGOTIATION LIST AMER Isaiah JOHNSON (DB) Syracuse,2026-07-19,2026-07-19,Isaiah,Johnson,DB,AMER,Syracuse,HAM,REM UNS NEGOTIATION LIST,True,169092,players,Eligible,Negotiation List,2026-09-05T13:30:37.057098,2026-09-05
209476,HAM ADD NEGOTIATION LIST AMER Zachary THOMAS (OL) San Diego State,2026-07-19,2026-07-19,Zachary,THOMAS,OL,AMER,San Diego State,HAM,ADD NEGOTIATION LIST,True,167316,players,Negotiation List,Eligible,2026-09-05T13:30:37.057098,2026-09-05
209471,BC ADD NEGOTIATION LIST AMER Logan WOODSIDE (QB) Toledo,2026-07-18,2026-07-18,Logan,WOODSIDE,QB,AMER,Toledo,BC,ADD NEGOTIATION LIST,True,162787,players,Negotiation List,Eligible,2026-09-05T13:30:37.057098,2026-09-05
209470,BC REM SGD NEGOTIATION LIST AMER Jaquan ADAMS (OL) Tulsa,2026-07-18,2026-07-18,Jaquan,ADAMS,OL,AMER,Tulsa,BC,REM SGD NEGOTIATION LIST,True,186064,players,Eligible,Negotiation List,2026-09-05T13:30:37.057098,2026-09-05
209455,CGY REM UNS NEGOTIATION LIST AMER Shakur SMALLS (DB) Arkansas,2026-07-17,2026-07-17,Shakur,Smalls,DB,AMER,Arkansas,CGY,REM UNS NEGOTIATION LIST,True,186121,players,Eligible,Negotiation List,2026-09-05T13:30:37.057098,2026-09-05
209456,CGY ADD NEGOTIATION LIST AMER Lance BOYKIN (DB) Coastal Carolina,2026-07-17,2026-07-17,Lance,Boykin,DB,AMER,Coastal Carolina,CGY,ADD NEGOTIATION LIST,True,168260,players,Negotiation List,Eligible,2026-09-05T13:30:37.057098,2026-09-05
209447,TOR REM UNS NEGOTIATION LIST AMER Kenan CHRISTON II (RB) Jackson State,2026-07-17,2026-07-17,Kenan,Christon II,RB,AMER,Jackson State,TOR,REM UNS NEGOTIATION LIST,True,185885,players,Eligible,Negotiation List,2026-09-05T13:30:37.057098,2026-09-05
209448,TOR ADD NEGOTIATION LIST AMER EJ SMITH (RB) Texas A&M,2026-07-17,2026-07-17,EJ,Smith,RB,AMER,Texas A&M,TOR,ADD NEGOTIATION LIST,True,186287,players,Negotiation List,Eligible,2026-09-05T13:30:37.057098,2026-09-05
209445,CGY REM UNS NEGOTIATION LIST AMER Joshua SINGH (DL) Vanderbilt,2026-07-17,2026-07-17,Joshua,Singh,DL,AMER,Vanderbilt,CGY,REM UNS NEGOTIATION LIST,True,186157,players,Eligible,Negotiation List,2026-09-05T13:30:37.057098,2026-09-05
209446,CGY ADD NEGOTIATION LIST AMER TJ QUINN (LB) Louisville,2026-07-17,2026-07-17,TJ,Quinn,LB,AMER,Louisville,CGY,ADD NEGOTIATION LIST,True,186286,players,Negotiation List,Eligible,2026-09-05T13:30:37.057098,2026-09-05
209431,TOR REM UNS NEGOTIATION LIST AMER Octavian SMITH JR (WR) Maryland,2026-07-17,2026-07-17,Octavian,Smith Jr,WR,AMER,Maryland,TOR,REM UNS NEGOTIATION LIST,True,185909,players,Eligible,Negotiation List,2026-09-05T13:30:37.057098,2026-09-05
209432,TOR ADD NEGOTIATION LIST AMER Marcellus JOHNSON (OL) Missouri,2026-07-17,2026-07-17,Marcellus,Johnson,OL,AMER,Missouri,TOR,ADD NEGOTIATION LIST,True,169014,players,Negotiation List,Eligible,2026-09-05T13:30:37.057098,2026-09-05
209393,OTT REM SGD NEGOTIATION LIST AMER Jalen JONES (DB) William & Mary,2026-07-15,2026-07-15,Jalen,Jones,DB,AMER,William & Mary,OTT,REM SGD NEGOTIATION LIST,True,186203,players,Eligible,Negotiation List,2026-09-05T13:30:37.057098,2026-09-05
209380,MTL ADD NEGOTIATION LIST AMER Neil CAMPBELL (DB) Texas El Paso,2026-07-14,2026-07-14,Neil,Campbell,DB,AMER,Texas El Paso,MTL,ADD NEGOTIATION LIST,True,186241,players,Negotiation List,Eligible,2026-09-05T13:30:37.057098,2026-09-05
209379,MTL REM UNS NEGOTIATION LIST AMER Ayinde JOHNSON (DB) Rhode Island,2026-07-14,2026-07-14,Ayinde,Johnson,DB,AMER,Rhode Island,MTL,REM UNS NEGOTIATION LIST,True,185770,players,Eligible,Negotiation List,2026-09-05T13:30:37.057098,2026-09-05
209374,WPG ADD NEGOTIATION LIST AMER Quentin SKINNER (WR) Kansas,2026-07-14,2026-07-14,Quentin,Skinner,WR,AMER,Kansas,WPG,ADD NEGOTIATION LIST,True,186285,players,Negotiation List,Eligible,2026-09-05T13:30:37.057098,2026-09-05
209373,WPG REM UNS NEGOTIATION LIST AMER Kaleb BLAHA (WR) Wisconsin - River Falls,2026-07-14,2026-07-14,Kaleb,Blaha,WR,AMER,Wisconsin - River Falls,WPG,REM UNS NEGOTIATION LIST,True,185875,players,Eligible,Negotiation List,2026-09-05T13:30:37.057098,2026-09-05
209371,HAM REM UNS NEGOTIATION LIST AMER Junior VANDEROSS (WR) Toledo,2026-07-14,2026-07-14,Junior,Vandeross,WR,AMER,Toledo,HAM,REM UNS NEGOTIATION LIST,True,185085,players,Eligible,Negotiation List,2026-09-05T13:30:37.057098,2026-09-05
209372,HAM ADD NEGOTIATION LIST AMER Reuben UNIJE (OL) UCLA,2026-07-14,2026-07-14,Reuben,Unije,OL,AMER,UCLA,HAM,ADD NEGOTIATION LIST,True,186055,players,Negotiation List,Eligible,2026-09-05T13:30:37.057098,2026-09-05
209370,TOR REM UNS NEGOTIATION LIST AMER Xazavian VALLADAY (RB) Arizona State,2026-07-13,2026-07-13,Xazavian,Valladay,RB,AMER,Arizona State,TOR,REM UNS NEGOTIATION LIST,True,168224,players,Eligible,Negotiation List,2026-09-05T13:30:37.057098,2026-09-05
209369,TOR ADD NEGOTIATION LIST AMER Austin BROWN (DB) Wisconsin,2026-07-13,2026-07-13,Austin,Brown,DB,AMER,Wisconsin,TOR,ADD NEGOTIATION LIST,True,186284,players,Negotiation List,Eligible,2026-09-05T13:30:37.057098,2026-09-05
209366,EDM ADD NEGOTIATION LIST AMER Brandon CROSSLEY (DB) Southern Methodist,2026-07-13,2026-07-13,Brandon,Crossley,DB,AMER,Southern Methodist,EDM,ADD NEGOTIATION LIST,True,185844,players,Negotiation List,Eligible,2026-09-05T13:30:37.057098,2026-09-05
209365,EDM REM SGD NEGOTIATION LIST AMER Carmine BASTONE (DL) Northwestern,2026-07-13,2026-07-13,Carmine,BASTONE,DL,AMER,Northwestern,EDM,REM SGD NEGOTIATION LIST,True,186202,players,Eligible,Negotiation List,2026-09-05T13:30:37.057098,2026-09-05
209361,TOR ADD NEGOTIATION LIST AMER Latrell MCCUTCHIN (DB) Houston,2026-07-13,2026-07-13,Latrell,McCutchin,DB,AMER,Houston,TOR,ADD NEGOTIATION LIST,True,186283,players,Negotiation List,Eligible,2026-09-05T13:30:37.057098,2026-09-05
209362,MTL ADD NEGOTIATION LIST AMER Nate MCCRARY (RB) Saginaw Valley State,2026-07-13,2026-07-13,Nate,MCCRARY,RB,AMER,Saginaw Valley State,MTL,ADD NEGOTIATION LIST,True,166551,players,Negotiation List,Eligible,2026-09-05T13:30:37.057098,2026-09-05
209360,TOR REM UNS NEGOTIATION LIST AMER Tommy DUNN JR (DL) Kansas,2026-07-13,2026-07-13,Tommy,Dunn Jr,DL,AMER,Kansas,TOR,REM UNS NEGOTIATION LIST,True,185748,players,Eligible,Negotiation List,2026-09-05T13:30:37.057098,2026-09-05
209354,MTL REM SGD NEGOTIATION LIST AMER Rashad AMOS (RB) Georgia State,2026-07-12,2026-07-12,Rashad,Amos,RB,AMER,Georgia State,MTL,REM SGD NEGOTIATION LIST,True,186244,players,Eligible,Negotiation List,2026-09-05T13:30:37.057098,2026-09-05
209348,TOR REM UNS NEGOTIATION LIST AMER Jacob KONGAIKA (DL) Arizona State,2026-07-12,2026-07-12,Jacob,Kongaika,DL,AMER,Arizona State,TOR,REM UNS NEGOTIATION LIST,True,185761,players,Eligible,Negotiation List,2026-09-05T13:30:37.057098,2026-09-05
209349,TOR ADD NEGOTIATION LIST AMER Denzel MIMS (WR) Baylor,2026-07-12,2026-07-12,Denzel,Mims,WR,AMER,Baylor,TOR,ADD NEGOTIATION LIST,True,169170,players,Negotiation List,Eligible,2026-09-05T13:30:37.057098,2026-09-05
209339,OTT ADD NEGOTIATION LIST AMER Ahmari HARVEY (DB) Georgia Tech,2026-07-11,2026-07-11,Ahmari,Harvey,DB,AMER,Georgia Tech,OTT,ADD NEGOTIATION LIST,True,186282,players,Negotiation List,Eligible,2026-09-05T13:30:37.057098,2026-09-05
209337,HAM ADD NEGOTIATION LIST AMER Junior VANDEROSS (WR) Toledo,2026-07-11,2026-07-11,Junior,Vandeross,WR,AMER,Toledo,HAM,ADD NEGOTIATION LIST,True,185085,players,Negotiation List,Eligible,2026-09-05T13:30:37.057098,2026-09-05
209338,OTT REM UNS NEGOTIATION LIST AMER Mac UIHLEIN (LB) Northwestern,2026-07-11,2026-07-11,Mac,Uihlein,LB,AMER,Northwestern,OTT,REM UNS NEGOTIATION LIST,True,186280,players,Eligible,Negotiation List,2026-09-05T13:30:37.057098,2026-09-05
209331,BC ADD NEGOTIATION LIST AMER Amani BLEDSOE (DL) Oklahoma,2026-07-10,2026-07-10,Amani,BLEDSOE,DL,AMER,Oklahoma,BC,ADD NEGOTIATION LIST,True,166459,players,Negotiation List,Eligible,2026-09-05T13:30:37.057098,2026-09-05
209330,BC REM UNS NEGOTIATION LIST AMER Junior VANDEROSS (WR) Toledo,2026-07-10,2026-07-10,Junior,Vandeross,WR,AMER,Toledo,BC,REM UNS NEGOTIATION LIST,True,185085,players,Eligible,Negotiation List,2026-09-05T13:30:37.057098,2026-09-05
209323,OTT ADD NEGOTIATION LIST AMER Trent HENDRICK (LB) James Madison,2026-07-10,2026-07-10,Trent,Hendrick,LB,AMER,James Madison,OTT,ADD NEGOTIATION LIST,True,186281,players,Negotiation List,Eligible,2026-09-05T13:30:37.057098,2026-09-05
209322,OTT REM UNS NEGOTIATION LIST AMER Andrew JONES (LB) Mississippi,2026-07-10,2026-07-10,Andrew,Jones,LB,AMER,Mississippi,OTT,REM UNS NEGOTIATION LIST,True,186257,players,Eligible,Negotiation List,2026-09-05T13:30:37.057098,2026-09-05
209313,OTT REM UNS NEGOTIATION LIST AMER Jimari BUTLER (DL) Louisiana State,2026-07-10,2026-07-10,Jimari,Butler,DL,AMER,Louisiana State,OTT,REM UNS NEGOTIATION LIST,True,186218,players,Eligible,Negotiation List,2026-09-05T13:30:37.057098,2026-09-05
209314,OTT ADD NEGOTIATION LIST AMER Mac UIHLEIN (LB) Northwestern,2026-07-10,2026-07-10,Mac,Uihlein,LB,AMER,Northwestern,OTT,ADD NEGOTIATION LIST,True,186280,players,Negotiation List,Eligible,2026-09-05T13:30:37.057098,2026-09-05
209309,HAM REM UNS NEGOTIATION LIST AMER Reuben UNIJE (OL) UCLA,2026-07-09,2026-07-09,Reuben,Unije,OL,AMER,UCLA,HAM,REM UNS NEGOTIATION LIST,True,186055,players,Eligible,Negotiation List,2026-09-05T13:30:37.057098,2026-09-05
209302,SSK ADD NEGOTIATION LIST AMER Nick NASH (WR) San Jose State,2026-07-09,2026-07-09,Nick,Nash,WR,AMER,San Jose State,SSK,ADD NEGOTIATION LIST,True,186278,players,Negotiation List,Eligible,2026-09-05T13:30:37.057098,2026-09-05
209303,TOR ADD NEGOTIATION LIST AMER Kole WILSON (WR) Baylor,2026-07-09,2026-07-09,Kole,Wilson,WR,AMER,Baylor,TOR,ADD NEGOTIATION LIST,True,186279,players,Negotiation List,Eligible,2026-09-05T13:30:37.057098,2026-09-05
209301,SSK REM UNS NEGOTIATION LIST AMER Cornell POWELL (WR) Clemson,2026-07-09,2026-07-09,Cornell,POWELL,WR,AMER,Clemson,SSK,REM UNS NEGOTIATION LIST,True,167302,players,Eligible,Negotiation List,2026-09-05T13:30:37.057098,2026-09-05
209286,CGY REM UNS NEGOTIATION LIST AMER Andre MINTZE (DL) Vanderbilt,2026-07-08,2026-07-08,Andre,MINTZE,DL,AMER,Vanderbilt,CGY,REM UNS NEGOTIATION LIST,True,167117,players,Eligible,Negotiation List,2026-09-05T13:30:37.057098,2026-09-05
209287,CGY ADD NEGOTIATION LIST AMER Donaven MCCULLEY (WR) Michigan,2026-07-08,2026-07-08,Donaven,McCulley,WR,AMER,Michigan,CGY,ADD NEGOTIATION LIST,True,186277,players,Negotiation List,Eligible,2026-09-05T13:30:37.057098,2026-09-05
209283,OTT ADD NEGOTIATION LIST AMER Cam'Ron STEWART (DL) Temple,2026-07-08,2026-07-08,Cam'Ron,Stewart,DL,AMER,Temple,OTT,ADD NEGOTIATION LIST,True,186276,players,Negotiation List,Eligible,2026-09-05T13:30:37.057098,2026-09-05
209282,OTT REM UNS NEGOTIATION LIST AMER Carson BRUNO (OL) Texas Christian,2026-07-08,2026-07-08,Carson,Bruno,OL,AMER,Texas Christian,OTT,REM UNS NEGOTIATION LIST,True,186023,players,Eligible,Negotiation List,2026-09-05T13:30:37.057098,2026-09-05
209272,TOR ADD NEGOTIATION LIST AMER Jayden LOVING (DL) Wake Forest,2026-07-07,2026-07-07,Jayden,Loving,DL,AMER,Wake Forest,TOR,ADD NEGOTIATION LIST,True,186275,players,Negotiation List,Eligible,2026-09-05T13:30:37.057098,2026-09-05
209267,TOR REM UNS NEGOTIATION LIST AMER Kasyus KURNS (DB) Tarleton State,2026-07-07,2026-07-07,Kasyus,Kurns,DB,AMER,Tarleton State,TOR,REM UNS NEGOTIATION LIST,True,185993,players,Eligible,Negotiation List,2026-09-05T13:30:37.057098,2026-09-05
209268,TOR ADD NEGOTIATION LIST AMER Cade DENHOFF (DL) Clemson,2026-07-07,2026-07-07,Cade,Denhoff,DL,AMER,Clemson,TOR,ADD NEGOTIATION LIST,True,186274,players,Negotiation List,Eligible,2026-09-05T13:30:37.057098,2026-09-05
209265,MTL REM SGD NEGOTIATION LIST AMER Shaleak KNOTTS (WR) Maryland,2026-07-07,2026-07-07,Shaleak,Knotts,WR,AMER,Maryland,MTL,REM SGD NEGOTIATION LIST,True,186249,players,Eligible,Negotiation List,2026-09-05T13:30:37.057098,2026-09-05
209266,MTL ADD NEGOTIATION LIST AMER Kobe SINGLETON (DB) Oregon State,2026-07-07,2026-07-07,Kobe,Singleton,DB,AMER,Oregon State,MTL,ADD NEGOTIATION LIST,True,186133,players,Negotiation List,Eligible,2026-09-05T13:30:37.057098,2026-09-05
209264,MTL ADD NEGOTIATION LIST AMER Kekoura TARNUE (DB) West Virginia,2026-07-07,2026-07-07,Kekoura,Tarnue,DB,AMER,West Virginia,MTL,ADD NEGOTIATION LIST,True,186273,players,Negotiation List,Eligible,2026-09-05T13:30:37.057098,2026-09-05
209262,OTT ADD NEGOTIATION LIST AMER Ben BELL (DL) Virginia Tech,2026-07-07,2026-07-07,Ben,Bell,DL,AMER,Virginia Tech,OTT,ADD NEGOTIATION LIST,True,185754,players,Negotiation List,Eligible,2026-09-05T13:30:37.057098,2026-09-05
209263,TOR ADD NEGOTIATION LIST AMER Silas WALTERS (DB) Miami of Ohio,2026-07-07,2026-07-07,Silas,Walters,DB,AMER,Miami of Ohio,TOR,ADD NEGOTIATION LIST,True,186272,players,Negotiation List,Eligible,2026-09-05T13:30:37.057098,2026-09-05
209259,OTT REM UNS NEGOTIATION LIST AMER Adam DOLAN (OL) Ball State,2026-07-07,2026-07-07,Adam,Dolan,OL,AMER,Ball State,OTT,REM UNS NEGOTIATION LIST,True,185952,players,Eligible,Negotiation List,2026-09-05T13:30:37.057098,2026-09-05
209260,OTT ADD NEGOTIATION LIST AMER Mikail KAMARA (DL) Indiana,2026-07-07,2026-07-07,Mikail,Kamara,DL,AMER,Indiana,OTT,ADD NEGOTIATION LIST,True,186271,players,Negotiation List,Eligible,2026-09-05T13:30:37.057098,2026-09-05
209261,OTT REM UNS NEGOTIATION LIST AMER Julius LOUGHRIDGE (RB) South Dakota State,2026-07-07,2026-07-07,Julius,Loughridge,RB,AMER,South Dakota State,OTT,REM UNS NEGOTIATION LIST,True,186210,players,Eligible,Negotiation List,2026-09-05T13:30:37.057098,2026-09-05
209240,EDM ADD NEGOTIATION LIST AMER Lardarius WEBB JR. (DB) Wake Forest,2026-07-06,2026-07-07,Lardarius,Webb Jr.,DB,AMER,Wake Forest,EDM,ADD NEGOTIATION LIST,True,185805,players,Negotiation List,Eligible,2026-09-05T13:30:37.057098,2026-09-05
209239,EDM REM UNS NEGOTIATION LIST AMER Ben BELL (DL) Virginia Tech,2026-07-06,2026-07-07,Ben,Bell,DL,AMER,Virginia Tech,EDM,REM UNS NEGOTIATION LIST,True,185754,players,Eligible,Negotiation List,2026-09-05T13:30:37.057098,2026-09-05
209229,SSK ADD NEGOTIATION LIST AMER Jamie SHERIFF (DL) South Alabama,2026-07-05,2026-07-05,Jamie,Sheriff,DL,AMER,South Alabama,SSK,ADD NEGOTIATION LIST,True,169227,players,Negotiation List,Eligible,2026-09-05T13:30:37.057098,2026-09-05
209228,SSK REM UNS NEGOTIATION LIST AMER Ronnie PERKINS (DL) Oklahoma,2026-07-05,2026-07-05,Ronnie,Perkins,DL,AMER,Oklahoma,SSK,REM UNS NEGOTIATION LIST,True,169359,players,Eligible,Negotiation List,2026-09-05T13:30:37.057098,2026-09-05
209195,EDM ADD NEGOTIATION LIST AMER Eric O'NEILL (DL) Rutgers,2026-07-03,2026-07-03,Eric,O'Neill,DL,AMER,Rutgers,EDM,ADD NEGOTIATION LIST,True,185151,players,Negotiation List,Eligible,2026-09-05T13:30:37.057098,2026-09-05
209183,MTL REM SGD NEGOTIATION LIST AMER TJ GUY (DL) Michigan,2026-07-02,2026-07-02,TJ,Guy,DL,AMER,Michigan,MTL,REM SGD NEGOTIATION LIST,True,186254,players,Eligible,Negotiation List,2026-09-05T13:30:37.057098,2026-09-05
209174,EDM REM SGD NEGOTIATION LIST AMER Isiah KING (LB) Idaho,2026-07-02,2026-07-02,Isiah,King,LB,AMER,Idaho,EDM,REM SGD NEGOTIATION LIST,True,186008,players,Eligible,Negotiation List,2026-09-05T13:30:37.057098,2026-09-05
209157,BC ADD NEGOTIATION LIST AMER Nick DEGENNARO (WR) James Madison,2026-07-02,2026-07-02,Nick,DeGennaro,WR,AMER,James Madison,BC,ADD NEGOTIATION LIST,True,186270,players,Negotiation List,Eligible,2026-09-05T13:30:37.057098,2026-09-05
209156,BC REM UNS NEGOTIATION LIST AMER Caleb JONES (OL) Indiana,2026-07-02,2026-07-02,Caleb,Jones,OL,AMER,Indiana,BC,REM UNS NEGOTIATION LIST,True,184275,players,Eligible,Negotiation List,2026-09-05T13:30:37.057098,2026-09-05
209155,BC ADD NEGOTIATION LIST AMER Stephen GOSNELL (WR) Virginia Tech,2026-07-02,2026-07-02,Stephen,Gosnell,WR,AMER,Virginia Tech,BC,ADD NEGOTIATION LIST,True,169618,players,Negotiation List,Eligible,2026-09-05T13:30:37.057098,2026-09-05
209090,EDM ADD NEGOTIATION LIST AMER Matthew CALDWELL (QB) Texas,2026-06-27,2026-06-27,Matthew,Caldwell,QB,AMER,Texas,EDM,ADD NEGOTIATION LIST,True,186267,players,Negotiation List,Eligible,2026-09-05T13:30:37.057098,2026-09-05
209089,EDM REM UNS NEGOTIATION LIST AMER Michael PRATT (QB) Tulane,2026-06-27,2026-06-27,Michael,PRATT,QB,AMER,Tulane,EDM,REM UNS NEGOTIATION LIST,True,166519,players,Eligible,Negotiation List,2026-09-05T13:30:37.057098,2026-09-05
209091,EDM REM UNS NEGOTIATION LIST AMER Jalen WALTHALL (WR) Incarnate Word,2026-06-27,2026-06-27,Jalen,Walthall,WR,AMER,Incarnate Word,EDM,REM UNS NEGOTIATION LIST,True,186246,players,Eligible,Negotiation List,2026-09-05T13:30:37.057098,2026-09-05
209092,EDM ADD NEGOTIATION LIST AMER Luke WYSONG (WR) Arizona,2026-06-27,2026-06-27,Luke,Wysong,WR,AMER,Arizona,EDM,ADD NEGOTIATION LIST,True,186268,players,Negotiation List,Eligible,2026-09-05T13:30:37.057098,2026-09-05
209071,OTT REM UNS NEGOTIATION LIST AMER Bob ANDERSON (OL) Ferris State,2026-06-26,2026-06-26,Bob,Anderson,OL,AMER,Ferris State,OTT,REM UNS NEGOTIATION LIST,True,186139,players,Eligible,Negotiation List,2026-09-05T13:30:37.057098,2026-09-05
209072,OTT ADD NEGOTIATION LIST AMER Mike WOODS (WR) Oklahoma,2026-06-26,2026-06-26,Mike,Woods,WR,AMER,Oklahoma,OTT,ADD NEGOTIATION LIST,True,184842,players,Negotiation List,Eligible,2026-09-05T13:30:37.057098,2026-09-05
209047,MTL REM UNS NEGOTIATION LIST AMER Trey DEAN III (DB) Florida,2026-06-25,2026-06-25,Trey,Dean III,DB,AMER,Florida,MTL,REM UNS NEGOTIATION LIST,True,168249,players,Eligible,Negotiation List,2026-09-05T13:30:37.057098,2026-09-05
209048,MTL ADD NEGOTIATION LIST AMER TJ GUY (DL) Michigan,2026-06-25,2026-06-25,TJ,Guy,DL,AMER,Michigan,MTL,ADD NEGOTIATION LIST,True,186254,players,Negotiation List,Eligible,2026-09-05T13:30:37.057098,2026-09-05
209045,SSK ADD NEGOTIATION LIST AMER Brandon JOHNSON (DB) Oregon,2026-06-25,2026-06-25,Brandon,Johnson,DB,AMER,Oregon,SSK,ADD NEGOTIATION LIST,True,186266,players,Negotiation List,Eligible,2026-09-05T13:30:37.057098,2026-09-05
209043,SSK REM SGD NEGOTIATION LIST AMER Star'Corius THOMAS (RB) Tennessee,2026-06-25,2026-06-25,Star'Corius,Thomas,RB,AMER,Tennessee,SSK,REM SGD NEGOTIATION LIST,True,186057,players,Eligible,Negotiation List,2026-09-05T13:30:37.057098,2026-09-05
209044,OTT ADD NEGOTIATION LIST AMER Kevin HARRIS (RB) South Carolina,2026-06-25,2026-06-25,Kevin,Harris,RB,AMER,South Carolina,OTT,ADD NEGOTIATION LIST,True,184296,players,Negotiation List,Eligible,2026-09-05T13:30:37.057098,2026-09-05
209024,MTL REM UNS NEGOTIATION LIST AMER Darrian DALCOURT (OL) Alabama,2026-06-25,2026-06-25,Darrian,Dalcourt,OL,AMER,Alabama,MTL,REM UNS NEGOTIATION LIST,True,185816,players,Eligible,Negotiation List,2026-09-05T13:30:37.057098,2026-09-05
209025,MTL ADD NEGOTIATION LIST AMER Jaelyn DUNCAN (OL) Maryland,2026-06-25,2026-06-25,Jaelyn,Duncan,OL,AMER,Maryland,MTL,ADD NEGOTIATION LIST,True,185072,players,Negotiation List,Eligible,2026-09-05T13:30:37.057098,2026-09-05
209016,WPG ADD NEGOTIATION LIST AMER Ethan DOWNS (DL) Oklahoma,2026-06-24,2026-06-24,Ethan,Downs,DL,AMER,Oklahoma,WPG,ADD NEGOTIATION LIST,True,184870,players,Negotiation List,Eligible,2026-09-05T13:30:37.057098,2026-09-05
209015,WPG REM UNS NEGOTIATION LIST AMER Charles SNOWDEN (DL) Virginia,2026-06-24,2026-06-24,Charles,SNOWDEN,DL,AMER,Virginia,WPG,REM UNS NEGOTIATION LIST,True,167309,players,Eligible,Negotiation List,2026-09-05T13:30:37.057098,2026-09-05
208991,MTL REM UNS NEGOTIATION LIST AMER Deontae CRAIG (DL) Iowa,2026-06-23,2026-06-23,Deontae,Craig,DL,AMER,Iowa,MTL,REM UNS NEGOTIATION LIST,True,169357,players,Eligible,Negotiation List,2026-09-05T13:30:37.057098,2026-09-05
208992,MTL ADD NEGOTIATION LIST AMER Gafa FAGA (DL) San Jose State,2026-06-23,2026-06-23,Gafa,Faga,DL,AMER,San Jose State,MTL,ADD NEGOTIATION LIST,True,186265,players,Negotiation List,Eligible,2026-09-05T13:30:37.057098,2026-09-05
208990,BC REM SGD NEGOTIATION LIST AMER Matthew SPATNY (DL) Lehigh,2026-06-23,2026-06-23,Matthew,SPATNY,DL,AMER,Lehigh,BC,REM SGD NEGOTIATION LIST,True,185930,players,Eligible,Negotiation List,2026-09-05T13:30:37.057098,2026-09-05
208972,OTT REM SGD NEGOTIATION LIST AMER Nicholas VATTIATO (QB) Middle Tennessee,2026-06-22,2026-06-22,Nicholas,Vattiato,QB,AMER,Middle Tennessee,OTT,REM SGD NEGOTIATION LIST,True,169042,players,Eligible,Negotiation List,2026-09-05T13:30:37.057098,2026-09-05
208961,SSK REM UNS NEGOTIATION LIST AMER Carlos DAVIS (DL) Nebraska,2026-06-22,2026-06-22,Carlos,DAVIS,DL,AMER,Nebraska,SSK,REM UNS NEGOTIATION LIST,True,167298,players,Eligible,Negotiation List,2026-09-05T13:30:37.057098,2026-09-05
208962,SSK ADD NEGOTIATION LIST AMER Gabriel MURPHY (DL) UCLA,2026-06-22,2026-06-22,Gabriel,Murphy,DL,AMER,UCLA,SSK,ADD NEGOTIATION LIST,True,168934,players,Negotiation List,Eligible,2026-09-05T13:30:37.057098,2026-09-05
208950,EDM REM UNS NEGOTIATION LIST AMER Tysheem JOHNSON (DB) Oregon,2026-06-19,2026-06-19,Tysheem,Johnson,DB,AMER,Oregon,EDM,REM UNS NEGOTIATION LIST,True,184999,players,Eligible,Negotiation List,2026-09-05T13:30:37.057098,2026-09-05
208951,EDM ADD NEGOTIATION LIST AMER Trevian THOMAS (DB) Arkansas State,2026-06-19,2026-06-19,Trevian,Thomas,DB,AMER,Arkansas State,EDM,ADD NEGOTIATION LIST,True,186263,players,Negotiation List,Eligible,2026-09-05T13:30:37.057098,2026-09-05
208924,HAM REM UNS NEGOTIATION LIST AMER Tyron HERRING (DB) Delaware,2026-06-19,2026-06-19,Tyron,Herring,DB,AMER,Delaware,HAM,REM UNS NEGOTIATION LIST,True,185127,players,Eligible,Negotiation List,2026-09-05T13:30:37.057098,2026-09-05
208925,HAM ADD NEGOTIATION LIST AMER Romello BRINSON (WR) Southern Methodist,2026-06-19,2026-06-19,Romello,Brinson,WR,AMER,Southern Methodist,HAM,ADD NEGOTIATION LIST,True,186262,players,Negotiation List,Eligible,2026-09-05T13:30:37.057098,2026-09-05
208908,WPG ADD NEGOTIATION LIST AMER Kaimon RUCKER (LB) North Carolina,2026-06-18,2026-06-18,Kaimon,Rucker,LB,AMER,North Carolina,WPG,ADD NEGOTIATION LIST,True,169203,players,Negotiation List,Eligible,2026-09-05T13:30:37.057098,2026-09-05
208903,WPG REM SGD NEGOTIATION LIST AMER Kaylin MOORE (DB) UCLA,2026-06-18,2026-06-18,Kaylin,Moore,DB,AMER,UCLA,WPG,REM SGD NEGOTIATION LIST,True,184197,players,Eligible,Negotiation List,2026-09-05T13:30:37.057098,2026-09-05
208899,SSK ADD NEGOTIATION LIST AMER Raphael WILLIAMS JR (WR) Pittsburgh,2026-06-18,2026-06-18,Raphael,Williams Jr,WR,AMER,Pittsburgh,SSK,ADD NEGOTIATION LIST,True,186261,players,Negotiation List,Eligible,2026-09-05T13:30:37.057098,2026-09-05
208898,SSK REM UNS NEGOTIATION LIST AMER Niles KING (DL) San Diego State,2026-06-18,2026-06-18,Niles,King,DL,AMER,San Diego State,SSK,REM UNS NEGOTIATION LIST,True,186243,players,Eligible,Negotiation List,2026-09-05T13:30:37.057098,2026-09-05
208897,OTT ADD NEGOTIATION LIST AMER Casey WASHINGTON (WR) Illinois,2026-06-18,2026-06-18,Casey,Washington,WR,AMER,Illinois,OTT,ADD NEGOTIATION LIST,True,186260,players,Negotiation List,Eligible,2026-09-05T13:30:37.057098,2026-09-05
208896,OTT REM UNS NEGOTIATION LIST GLOB Tommy WILSON (WR) Potsdam Royals,2026-06-18,2026-06-18,Tommy,WILSON,WR,GLOB,Potsdam Royals,OTT,REM UNS NEGOTIATION LIST,True,184041,players,Eligible,Negotiation List,2026-09-05T13:30:37.057098,2026-09-05
208884,SSK ADD NEGOTIATION LIST AMER Tae CROWDER (LB) Georgia,2026-06-17,2026-06-17,Tae,Crowder,LB,AMER,Georgia,SSK,ADD NEGOTIATION LIST,True,186259,players,Negotiation List,Eligible,2026-09-05T13:30:37.057098,2026-09-05
208883,SSK REM UNS NEGOTIATION LIST AMER Sam BRUMFIELD (LB) Memphis,2026-06-17,2026-06-17,Sam,Brumfield,LB,AMER,Memphis,SSK,REM UNS NEGOTIATION LIST,True,186165,players,Eligible,Negotiation List,2026-09-05T13:30:37.057098,2026-09-05
208882,MTL ADD NEGOTIATION LIST AMER Jordan OLADOKUN (DB) Bowling Green State,2026-06-17,2026-06-17,Jordan,Oladokun,DB,AMER,Bowling Green State,MTL,ADD NEGOTIATION LIST,True,186258,players,Negotiation List,Eligible,2026-09-05T13:30:37.057098,2026-09-05
208879,OTT REM UNS NEGOTIATION LIST AMER RJ OBEN (DL) Notre Dame,2026-06-17,2026-06-17,RJ,Oben,DL,AMER,Notre Dame,OTT,REM UNS NEGOTIATION LIST,True,184170,players,Eligible,Negotiation List,2026-09-05T13:30:37.057098,2026-09-05
208880,OTT ADD NEGOTIATION LIST AMER Andrew JONES (LB) Mississippi,2026-06-17,2026-06-17,Andrew,Jones,LB,AMER,Mississippi,OTT,ADD NEGOTIATION LIST,True,186257,players,Negotiation List,Eligible,2026-09-05T13:30:37.057098,2026-09-05
208881,MTL REM UNS NEGOTIATION LIST AMER Mahamane MOUSSA (OL) Louisville,2026-06-17,2026-06-17,Mahamane,Moussa,OL,AMER,Louisville,MTL,REM UNS NEGOTIATION LIST,True,186005,players,Eligible,Negotiation List,2026-09-05T13:30:37.057098,2026-09-05
208868,SSK REM UNS NEGOTIATION LIST AMER Thomas RUSH (DL) Minnesota,2026-06-16,2026-06-17,Thomas,RUSH,DL,AMER,Minnesota,SSK,REM UNS NEGOTIATION LIST,True,167649,players,Eligible,Negotiation List,2026-09-05T13:30:37.057098,2026-09-05
208869,SSK ADD NEGOTIATION LIST AMER Deon JACKSON (RB) Duke,2026-06-16,2026-06-17,Deon,Jackson,RB,AMER,Duke,SSK,ADD NEGOTIATION LIST,True,169138,players,Negotiation List,Eligible,2026-09-05T13:30:37.057098,2026-09-05
208870,CGY REM UNS NEGOTIATION LIST AMER Moose MUHAMMAD III (WR) Texas A&M,2026-06-16,2026-06-17,Moose,Muhammad III,WR,AMER,Texas A&M,CGY,REM UNS NEGOTIATION LIST,True,169385,players,Eligible,Negotiation List,2026-09-05T13:30:37.057098,2026-09-05
208871,CGY ADD NEGOTIATION LIST AMER Braylon SANDERS (WR) Mississippi,2026-06-16,2026-06-17,Braylon,Sanders,WR,AMER,Mississippi,CGY,ADD NEGOTIATION LIST,True,169475,players,Negotiation List,Eligible,2026-09-05T13:30:37.057098,2026-09-05
208867,EDM REM SGD NEGOTIATION LIST AMER Joseph COOPER (OL) Slippery Rock,2026-06-16,2026-06-17,Joseph,Cooper,OL,AMER,Slippery Rock,EDM,REM SGD NEGOTIATION LIST,True,185814,players,Eligible,Negotiation List,2026-09-05T13:30:37.057098,2026-09-05
208866,CGY ADD NEGOTIATION LIST AMER Daniel GRZESIAK (DL) Cincinnati,2026-06-16,2026-06-17,Daniel,Grzesiak,DL,AMER,Cincinnati,CGY,ADD NEGOTIATION LIST,True,168903,players,Negotiation List,Eligible,2026-09-05T13:30:37.057098,2026-09-05
208865,CGY REM UNS NEGOTIATION LIST AMER Jacob SYKES (DL) UCLA,2026-06-16,2026-06-17,Jacob,Sykes,DL,AMER,UCLA,CGY,REM UNS NEGOTIATION LIST,True,168258,players,Eligible,Negotiation List,2026-09-05T13:30:37.057098,2026-09-05
208857,OTT REM UNS NEGOTIATION LIST AMER Jadarrius PERKINS (DB) Delaware State,2026-06-16,2026-06-17,Jadarrius,Perkins,DB,AMER,Delaware State,OTT,REM UNS NEGOTIATION LIST,True,186166,players,Eligible,Negotiation List,2026-09-05T13:30:37.057098,2026-09-05
208858,OTT ADD NEGOTIATION LIST AMER Brandon HAYES (WR) Southeastern Louisiana,2026-06-16,2026-06-17,Brandon,Hayes,WR,AMER,Southeastern Louisiana,OTT,ADD NEGOTIATION LIST,True,186256,players,Negotiation List,Eligible,2026-09-05T13:30:37.057098,2026-09-05
208859,SSK REM UNS NEGOTIATION LIST AMER Deneric PRINCE (RB) Tulsa,2026-06-16,2026-06-17,Deneric,Prince,RB,AMER,Tulsa,SSK,REM UNS NEGOTIATION LIST,True,186178,players,Eligible,Negotiation List,2026-09-05T13:30:37.057098,2026-09-05
208860,SSK ADD NEGOTIATION LIST AMER Cornell POWELL (WR) Clemson,2026-06-16,2026-06-17,Cornell,POWELL,WR,AMER,Clemson,SSK,ADD NEGOTIATION LIST,True,167302,players,Negotiation List,Eligible,2026-09-05T13:30:37.057098,2026-09-05
208861,CGY ADD NEGOTIATION LIST AMER Gottlieb AYEDZE (OL) Maryland,2026-06-16,2026-06-17,Gottlieb,Ayedze,OL,AMER,Maryland,CGY,ADD NEGOTIATION LIST,True,168556,players,Negotiation List,Eligible,2026-09-05T13:30:37.057098,2026-09-05
208862,CGY ADD NEGOTIATION LIST AMER Bradley ASHMORE (OL) Vanderbilt,2026-06-16,2026-06-17,Bradley,Ashmore,OL,AMER,Vanderbilt,CGY,ADD NEGOTIATION LIST,True,168463,players,Negotiation List,Eligible,2026-09-05T13:30:37.057098,2026-09-05
208863,SSK REM UNS NEGOTIATION LIST AMER Eli RICKS (DB) Alabama,2026-06-16,2026-06-17,Eli,Ricks,DB,AMER,Alabama,SSK,REM UNS NEGOTIATION LIST,True,185858,players,Eligible,Negotiation List,2026-09-05T13:30:37.057098,2026-09-05
208864,SSK ADD NEGOTIATION LIST AMER Carlos DAVIS (DL) Nebraska,2026-06-16,2026-06-17,Carlos,DAVIS,DL,AMER,Nebraska,SSK,ADD NEGOTIATION LIST,True,167298,players,Negotiation List,Eligible,2026-09-05T13:30:37.057098,2026-09-05
208855,SSK REM UNS NEGOTIATION LIST AMER TJ GUY (DL) Michigan,2026-06-16,2026-06-17,TJ,Guy,DL,AMER,Michigan,SSK,REM UNS NEGOTIATION LIST,True,186254,players,Eligible,Negotiation List,2026-09-05T13:30:37.057098,2026-09-05
208856,SSK ADD NEGOTIATION LIST AMER Zack JOHNSON (OL) North Dakota State,2026-06-16,2026-06-17,Zack,JOHNSON,OL,AMER,North Dakota State,SSK,ADD NEGOTIATION LIST,True,166454,players,Negotiation List,Eligible,2026-09-05T13:30:37.057098,2026-09-05
208845,BC REM UNS NEGOTIATION LIST AMER Kenzel LAWLER (DB) Montana,2026-06-16,2026-06-17,Kenzel,Lawler,DB,AMER,Montana,BC,REM UNS NEGOTIATION LIST,True,186054,players,Eligible,Negotiation List,2026-09-05T13:30:37.057098,2026-09-05
208846,BC ADD NEGOTIATION LIST AMER Brandon GEORGE (LB) Pittsburgh,2026-06-16,2026-06-17,Brandon,George,LB,AMER,Pittsburgh,BC,ADD NEGOTIATION LIST,True,186255,players,Negotiation List,Eligible,2026-09-05T13:30:37.057098,2026-09-05
208835,BC REM UNS NEGOTIATION LIST AMER Ahmarean BROWN (WR) South Carolina,2026-06-16,2026-06-17,Ahmarean,Brown,WR,AMER,South Carolina,BC,REM UNS NEGOTIATION LIST,True,168483,players,Eligible,Negotiation List,2026-09-05T13:30:37.057098,2026-09-05
208836,BC ADD NEGOTIATION LIST AMER Deon CAIN (WR) Clemson,2026-06-16,2026-06-17,Deon,CAIN,WR,AMER,Clemson,BC,ADD NEGOTIATION LIST,True,166567,players,Negotiation List,Eligible,2026-09-05T13:30:37.057098,2026-09-05
208833,EDM ADD NEGOTIATION LIST AMER Patrick JENKINS (DT) Tulane,2026-06-16,2026-06-17,Patrick,Jenkins,DT,AMER,Tulane,EDM,ADD NEGOTIATION LIST,True,169352,players,Negotiation List,Eligible,2026-09-05T13:30:37.057098,2026-09-05
208834,TOR ADD NEGOTIATION LIST AMER Kobe HUDSON (WR) Central Florida,2026-06-16,2026-06-17,Kobe,Hudson,WR,AMER,Central Florida,TOR,ADD NEGOTIATION LIST,True,184947,players,Negotiation List,Eligible,2026-09-05T13:30:37.057098,2026-09-05
208828,HAM REM UNS NEGOTIATION LIST AMER Kobe HUDSON (WR) Central Florida,2026-06-15,2026-06-15,Kobe,Hudson,WR,AMER,Central Florida,HAM,REM UNS NEGOTIATION LIST,True,184947,players,Eligible,Negotiation List,2026-09-05T13:30:37.057098,2026-09-05
208829,HAM ADD NEGOTIATION LIST AMER Jacobie KEENEY-JAMES (WR) Massachusetts,2026-06-15,2026-06-15,Jacobie,Keeney-James,WR,AMER,Massachusetts,HAM,ADD NEGOTIATION LIST,True,184871,players,Negotiation List,Eligible,2026-09-05T13:30:37.057098,2026-09-05
208826,SSK REM UNS NEGOTIATION LIST AMER Damian RAMOS (K) Louisiana State,2026-06-15,2026-06-15,Damian,Ramos,K,AMER,Louisiana State,SSK,REM UNS NEGOTIATION LIST,True,186192,players,Eligible,Negotiation List,2026-09-05T13:30:37.057098,2026-09-05
208827,SSK ADD NEGOTIATION LIST AMER Chris GARRETT (DE) Concordia University St. Paul,2026-06-15,2026-06-15,Chris,GARRETT,DE,AMER,Concordia University St. Paul,SSK,ADD NEGOTIATION LIST,True,166109,players,Negotiation List,Eligible,2026-09-05T13:30:37.057098,2026-09-05
208825,SSK ADD NEGOTIATION LIST AMER Jaylon ALLEN (DL) Memphis,2026-06-15,2026-06-15,Jaylon,Allen,DL,AMER,Memphis,SSK,ADD NEGOTIATION LIST,True,168667,players,Negotiation List,Eligible,2026-09-05T13:30:37.057098,2026-09-05
208824,SSK REM UNS NEGOTIATION LIST AMER Dicaprio BOOTLE (DB) Nebraska,2026-06-15,2026-06-15,Dicaprio,BOOTLE,DB,AMER,Nebraska,SSK,REM UNS NEGOTIATION LIST,True,166479,players,Eligible,Negotiation List,2026-09-05T13:30:37.057098,2026-09-05
208823,SSK REM UNS NEGOTIATION LIST AMER Dylan RAY (OL) Minnesota,2026-06-15,2026-06-15,Dylan,Ray,OL,AMER,Minnesota,SSK,REM UNS NEGOTIATION LIST,True,186075,players,Eligible,Negotiation List,2026-09-05T13:30:37.057098,2026-09-05
208821,SSK ADD NEGOTIATION LIST AMER Derick ROBERSON (DL) Sam Houston State,2026-06-15,2026-06-15,Derick,ROBERSON,DL,AMER,Sam Houston State,SSK,ADD NEGOTIATION LIST,True,164957,players,Negotiation List,Eligible,2026-09-05T13:30:37.057098,2026-09-05
208808,WPG ADD NEGOTIATION LIST AMER Kyahva TEZINO (LB) San Diego State,2026-06-12,2026-06-12,Kyahva,TEZINO,LB,AMER,San Diego State,WPG,ADD NEGOTIATION LIST,True,165836,players,Negotiation List,Eligible,2026-09-05T13:30:37.057098,2026-09-05
208800,SSK ADD NEGOTIATION LIST AMER TJ GUY (DL) Michigan,2026-06-12,2026-06-12,TJ,Guy,DL,AMER,Michigan,SSK,ADD NEGOTIATION LIST,True,186254,players,Negotiation List,Eligible,2026-09-05T13:30:37.057098,2026-09-05
208799,SSK REM UNS NEGOTIATION LIST AMER Ramel KEYTON (WR) Tennessee,2026-06-12,2026-06-12,Ramel,Keyton,WR,AMER,Tennessee,SSK,REM UNS NEGOTIATION LIST,True,184010,players,Eligible,Negotiation List,2026-09-05T13:30:37.057098,2026-09-05
208780,OTT REM UNS NEGOTIATION LIST AMER Dominique RATCLIFF (DL) Indiana,2026-06-11,2026-06-11,Dominique,Ratcliff,DL,AMER,Indiana,OTT,REM UNS NEGOTIATION LIST,True,186138,players,Eligible,Negotiation List,2026-09-05T13:30:37.057098,2026-09-05
208781,OTT ADD NEGOTIATION LIST AMER James NEAL III (OL) Iowa State,2026-06-11,2026-06-11,James,Neal III,OL,AMER,Iowa State,OTT,ADD NEGOTIATION LIST,True,186253,players,Negotiation List,Eligible,2026-09-05T13:30:37.057098,2026-09-05
208779,SSK ADD NEGOTIATION LIST AMER Andrew FARMER (DL) Lane College,2026-06-11,2026-06-11,Andrew,FARMER,DL,AMER,Lane College,SSK,ADD NEGOTIATION LIST,True,167418,players,Negotiation List,Eligible,2026-09-05T13:30:37.057098,2026-09-05
208778,SSK REM UNS NEGOTIATION LIST AMER Raymond JOHNSON III (DL) Georgia Southern,2026-06-11,2026-06-11,Raymond,JOHNSON III,DL,AMER,Georgia Southern,SSK,REM UNS NEGOTIATION LIST,True,167212,players,Eligible,Negotiation List,2026-09-05T13:30:37.057098,2026-09-05
208777,MTL ADD NEGOTIATION LIST AMER Jordan MIMS (RB) Fresno State,2026-06-11,2026-06-11,Jordan,Mims,RB,AMER,Fresno State,MTL,ADD NEGOTIATION LIST,True,168356,players,Negotiation List,Eligible,2026-09-05T13:30:37.057098,2026-09-05
208776,MTL REM UNS NEGOTIATION LIST AMER Kobe SINGLETON (DB) Oregon State,2026-06-11,2026-06-11,Kobe,Singleton,DB,AMER,Oregon State,MTL,REM UNS NEGOTIATION LIST,True,186133,players,Eligible,Negotiation List,2026-09-05T13:30:37.057098,2026-09-05
208741,WPG ADD NEGOTIATION LIST AMER DJ MILLER (DB) Kent State,2026-06-09,2026-06-09,DJ,Miller,DB,AMER,Kent State,WPG,ADD NEGOTIATION LIST,True,186252,players,Negotiation List,Eligible,2026-09-05T13:30:37.057098,2026-09-05
208738,BC REM UNS NEGOTIATION LIST AMER Nate RUTCHENA (LB) UC Davis,2026-06-09,2026-06-09,Nate,Rutchena,LB,AMER,UC Davis,BC,REM UNS NEGOTIATION LIST,True,185958,players,Eligible,Negotiation List,2026-09-05T13:30:37.057098,2026-09-05
208739,BC ADD NEGOTIATION LIST AMER Tanner BROWN (K) Oklahoma State,2026-06-09,2026-06-09,Tanner,Brown,K,AMER,Oklahoma State,BC,ADD NEGOTIATION LIST,True,186251,players,Negotiation List,Eligible,2026-09-05T13:30:37.057098,2026-09-05
208740,WPG REM UNS NEGOTIATION LIST AMER Jereme OMBOGO (WR) North Park University,2026-06-09,2026-06-09,Jereme,Ombogo,WR,AMER,North Park University,WPG,REM UNS NEGOTIATION LIST,True,185946,players,Eligible,Negotiation List,2026-09-05T13:30:37.057098,2026-09-05
208736,SSK REM UNS NEGOTIATION LIST AMER Tyrese ROBINSON (OL) Oklahoma,2026-06-08,2026-06-08,Tyrese,Robinson,OL,AMER,Oklahoma,SSK,REM UNS NEGOTIATION LIST,True,168238,players,Eligible,Negotiation List,2026-09-05T13:30:37.057098,2026-09-05
208737,SSK ADD NEGOTIATION LIST AMER Gunnar HANSEN (OL) Florida State,2026-06-08,2026-06-08,Gunnar,Hansen,OL,AMER,Florida State,SSK,ADD NEGOTIATION LIST,True,186250,players,Negotiation List,Eligible,2026-09-05T13:30:37.057098,2026-09-05
208735,MTL ADD NEGOTIATION LIST AMER Kyle MCCORD (QB) Syracuse,2026-06-08,2026-06-08,Kyle,McCord,QB,AMER,Syracuse,MTL,ADD NEGOTIATION LIST,True,169025,players,Negotiation List,Eligible,2026-09-05T13:30:37.057098,2026-09-05
208734,MTL REM UNS NEGOTIATION LIST AMER Neil CAMPBELL (DB) Texas El Paso,2026-06-08,2026-06-08,Neil,Campbell,DB,AMER,Texas El Paso,MTL,REM UNS NEGOTIATION LIST,True,186241,players,Eligible,Negotiation List,2026-09-05T13:30:37.057098,2026-09-05
208713,WPG REM SGD NEGOTIATION LIST AMER Dylan HAZEN (LB) Wake Forest,2026-06-08,2026-06-08,Dylan,Hazen,LB,AMER,Wake Forest,WPG,REM SGD NEGOTIATION LIST,True,185965,players,Eligible,Negotiation List,2026-09-05T13:30:37.057098,2026-09-05
208709,HAM ADD NEGOTIATION LIST AMER Joaquin DAVIS (WR) North Carolina Central,2026-06-06,2026-06-06,Joaquin,Davis,WR,AMER,North Carolina Central,HAM,ADD NEGOTIATION LIST,True,169445,players,Negotiation List,Eligible,2026-09-05T13:30:37.057098,2026-09-05
208708,HAM REM UNS NEGOTIATION LIST AMER Rushawn LAWRENCE (DL) Minnesota,2026-06-06,2026-06-06,Rushawn,Lawrence,DL,AMER,Minnesota,HAM,REM UNS NEGOTIATION LIST,True,185999,players,Eligible,Negotiation List,2026-09-05T13:30:37.057098,2026-09-05
208704,MTL ADD NEGOTIATION LIST AMER Shaleak KNOTTS (WR) Maryland,2026-06-05,2026-06-05,Shaleak,Knotts,WR,AMER,Maryland,MTL,ADD NEGOTIATION LIST,True,186249,players,Negotiation List,Eligible,2026-09-05T13:30:37.057098,2026-09-05
208703,MTL REM UNS NEGOTIATION LIST AMER Micah DAVEY (LB) Texas El Paso,2026-06-05,2026-06-05,Micah,Davey,LB,AMER,Texas El Paso,MTL,REM UNS NEGOTIATION LIST,True,186151,players,Eligible,Negotiation List,2026-09-05T13:30:37.057098,2026-09-05
208696,TOR ADD NEGOTIATION LIST AMER Kyre DUPLESSIS (WR) Delaware,2026-06-05,2026-06-05,Kyre,Duplessis,WR,AMER,Delaware,TOR,ADD NEGOTIATION LIST,True,186247,players,Negotiation List,Eligible,2026-09-05T13:30:37.057098,2026-09-05
208661,EDM REM UNS NEGOTIATION LIST AMER Keenan GARBER (DB) Kansas State,2026-06-04,2026-06-04,Keenan,Garber,DB,AMER,Kansas State,EDM,REM UNS NEGOTIATION LIST,True,184877,players,Eligible,Negotiation List,2026-09-05T13:30:37.057098,2026-09-05
208662,EDM ADD NEGOTIATION LIST AMER Jalen WALTHALL (WR) Incarnate Word,2026-06-04,2026-06-04,Jalen,Walthall,WR,AMER,Incarnate Word,EDM,ADD NEGOTIATION LIST,True,186246,players,Negotiation List,Eligible,2026-09-05T13:30:37.057098,2026-09-05
208633,BC REM UNS NEGOTIATION LIST AMER Luq BARCOO (DB) San Diego State,2026-06-03,2026-06-03,Luq,BARCOO,DB,AMER,San Diego State,BC,REM UNS NEGOTIATION LIST,True,166558,players,Eligible,Negotiation List,2026-09-05T13:30:37.057098,2026-09-05
208634,BC ADD NEGOTIATION LIST AMER Jordan COLBERT (DB) Rhode Island,2026-06-03,2026-06-03,Jordan,Colbert,DB,AMER,Rhode Island,BC,ADD NEGOTIATION LIST,True,168689,players,Negotiation List,Eligible,2026-09-05T13:30:37.057098,2026-09-05
208631,MTL ADD NEGOTIATION LIST AMER Rashad AMOS (RB) Georgia State,2026-06-02,2026-06-02,Rashad,Amos,RB,AMER,Georgia State,MTL,ADD NEGOTIATION LIST,True,186244,players,Negotiation List,Eligible,2026-09-05T13:30:37.057098,2026-09-05
208625,BC ADD NEGOTIATION LIST AMER BJ ADAMS (DB) Central Florida,2026-06-02,2026-06-02,BJ,Adams,DB,AMER,Central Florida,BC,ADD NEGOTIATION LIST,True,184965,players,Negotiation List,Eligible,2026-09-05T13:30:37.057098,2026-09-05
208624,BC REM UNS NEGOTIATION LIST AMER Kai HORTON (QB) Washington,2026-06-02,2026-06-02,Kai,Horton,QB,AMER,Washington,BC,REM UNS NEGOTIATION LIST,True,185949,players,Eligible,Negotiation List,2026-09-05T13:30:37.057098,2026-09-05
208614,SSK REM UNS NEGOTIATION LIST AMER Matt LANDERS (WR) Arkansas,2026-06-01,2026-06-01,Matt,Landers,WR,AMER,Arkansas,SSK,REM UNS NEGOTIATION LIST,True,168644,players,Eligible,Negotiation List,2026-09-05T13:30:37.057098,2026-09-05
208615,SSK ADD NEGOTIATION LIST AMER Niles KING (DL) San Diego State,2026-06-01,2026-06-01,Niles,King,DL,AMER,San Diego State,SSK,ADD NEGOTIATION LIST,True,186243,players,Negotiation List,Eligible,2026-09-05T13:30:37.057098,2026-09-05
208613,SSK ADD NEGOTIATION LIST AMER Jeremiah MOON (DE) Florida,2026-06-01,2026-06-01,Jeremiah,Moon,DE,AMER,Florida,SSK,ADD NEGOTIATION LIST,True,168571,players,Negotiation List,Eligible,2026-09-05T13:30:37.057098,2026-09-05
208612,SSK REM UNS NEGOTIATION LIST AMER Jordan MIMS (RB) Fresno State,2026-06-01,2026-06-01,Jordan,Mims,RB,AMER,Fresno State,SSK,REM UNS NEGOTIATION LIST,True,168356,players,Eligible,Negotiation List,2026-09-05T13:30:37.057098,2026-09-05
208604,BC ADD NEGOTIATION LIST AMER Michael BRISCOE (WR) Cal Poly,2026-06-01,2026-06-01,Michael,Briscoe,WR,AMER,Cal Poly,BC,ADD NEGOTIATION LIST,True,186242,players,Negotiation List,Eligible,2026-09-05T13:30:37.057098,2026-09-05
208603,BC REM UNS NEGOTIATION LIST AMER Grayland ARNOLD (DB) Baylor,2026-06-01,2026-06-01,Grayland,ARNOLD,DB,AMER,Baylor,BC,REM UNS NEGOTIATION LIST,True,166510,players,Eligible,Negotiation List,2026-09-05T13:30:37.057098,2026-09-05
208584,MTL ADD NEGOTIATION LIST AMER Jah JOYNER (DE) Minnesota,2026-05-31,2026-05-31,Jah,Joyner,DE,AMER,Minnesota,MTL,ADD NEGOTIATION LIST,True,184832,players,Negotiation List,Eligible,2026-09-05T13:30:37.057098,2026-09-05
208585,MTL REM UNS NEGOTIATION LIST AMER Sam BROWN (WR) Miami,2026-05-31,2026-05-31,Sam,Brown,WR,AMER,Miami,MTL,REM UNS NEGOTIATION LIST,True,185051,players,Eligible,Negotiation List,2026-09-05T13:30:37.057098,2026-09-05
208586,MTL ADD NEGOTIATION LIST AMER Javon MCINTYRE (DB) Pittsburgh,2026-05-31,2026-05-31,Javon,McIntyre,DB,AMER,Pittsburgh,MTL,ADD NEGOTIATION LIST,True,186240,players,Negotiation List,Eligible,2026-09-05T13:30:37.057098,2026-09-05
208587,MTL REM UNS NEGOTIATION LIST AMER Demarcus LACEY (WR) Marshall,2026-05-31,2026-05-31,Demarcus,Lacey,WR,AMER,Marshall,MTL,REM UNS NEGOTIATION LIST,True,186019,players,Eligible,Negotiation List,2026-09-05T13:30:37.057098,2026-09-05
208588,MTL ADD NEGOTIATION LIST AMER Kobe SINGLETON (DB) Oregon State,2026-05-31,2026-05-31,Kobe,Singleton,DB,AMER,Oregon State,MTL,ADD NEGOTIATION LIST,True,186133,players,Negotiation List,Eligible,2026-09-05T13:30:37.057098,2026-09-05
208589,MTL REM UNS NEGOTIATION LIST AMER Marquez STEVENSON (WR) Houston,2026-05-31,2026-05-31,Marquez,Stevenson,WR,AMER,Houston,MTL,REM UNS NEGOTIATION LIST,True,168331,players,Eligible,Negotiation List,2026-09-05T13:30:37.057098,2026-09-05
208590,MTL ADD NEGOTIATION LIST AMER Neil CAMPBELL (DB) Texas El Paso,2026-05-31,2026-05-31,Neil,Campbell,DB,AMER,Texas El Paso,MTL,ADD NEGOTIATION LIST,True,186241,players,Negotiation List,Eligible,2026-09-05T13:30:37.057098,2026-09-05
208583,OTT ADD NEGOTIATION LIST GLOB Tommy WILSON (WR) Potsdam Royals,2026-05-31,2026-05-31,Tommy,WILSON,WR,GLOB,Potsdam Royals,OTT,ADD NEGOTIATION LIST,True,184041,players,Negotiation List,Eligible,2026-09-05T13:30:37.057098,2026-09-05
208582,OTT REM UNS NEGOTIATION LIST AMER Aydan WHITE (DB) North Carolina State,2026-05-31,2026-05-31,Aydan,White,DB,AMER,North Carolina State,OTT,REM UNS NEGOTIATION LIST,True,185829,players,Eligible,Negotiation List,2026-09-05T13:30:37.057098,2026-09-05
208004,BC REM UNS NEGOTIATION LIST AMER Malin WHITE (DL) Buffalo,2026-05-30,2026-05-30,Malin,White,DL,AMER,Buffalo,BC,REM UNS NEGOTIATION LIST,True,186227,players,Eligible,Negotiation List,2026-09-05T13:30:37.057098,2026-09-05
208005,BC ADD NEGOTIATION LIST AMER Jalen MORENO-CROPPER (WR) Fresno State,2026-05-30,2026-05-30,Jalen,MORENO-CROPPER,WR,AMER,Fresno State,BC,ADD NEGOTIATION LIST,True,167520,players,Negotiation List,Eligible,2026-09-05T13:30:37.057098,2026-09-05
207985,CGY ADD NEGOTIATION LIST AMER Kendrick BLACKSHIRE (LB) Texas-San Antonio,2026-05-28,2026-05-28,Kendrick,Blackshire,LB,AMER,Texas-San Antonio,CGY,ADD NEGOTIATION LIST,True,186238,players,Negotiation List,Eligible,2026-09-05T13:30:37.057098,2026-09-05
207983,WPG REM UNS NEGOTIATION LIST AMER Dom BOYD (OL) Georgia Southern,2026-05-28,2026-05-28,Dom,Boyd,OL,AMER,Georgia Southern,WPG,REM UNS NEGOTIATION LIST,True,169373,players,Eligible,Negotiation List,2026-09-05T13:30:37.057098,2026-09-05
207984,WPG ADD NEGOTIATION LIST AMER DJ HARVEY (DB) Southern California,2026-05-28,2026-05-28,DJ,Harvey,DB,AMER,Southern California,WPG,ADD NEGOTIATION LIST,True,186237,players,Negotiation List,Eligible,2026-09-05T13:30:37.057098,2026-09-05
207982,WPG ADD NEGOTIATION LIST AMER Rashad BATTLE (DB) Pittsburgh,2026-05-28,2026-05-28,Rashad,Battle,DB,AMER,Pittsburgh,WPG,ADD NEGOTIATION LIST,True,186236,players,Negotiation List,Eligible,2026-09-05T13:30:37.057098,2026-09-05
207981,WPG REM UNS NEGOTIATION LIST AMER Blake DAVIS (DB) Grambling State,2026-05-28,2026-05-28,Blake,Davis,DB,AMER,Grambling State,WPG,REM UNS NEGOTIATION LIST,True,185870,players,Eligible,Negotiation List,2026-09-05T13:30:37.057098,2026-09-05
207980,WPG ADD NEGOTIATION LIST NAT Logan TAYLOR (OL) Boston College,2026-05-28,2026-05-28,Logan,Taylor,OL,NAT,Boston College,WPG,ADD NEGOTIATION LIST,True,186235,players,Negotiation List,Eligible,2026-09-05T13:30:37.057098,2026-09-05
207979,WPG REM UNS NEGOTIATION LIST GLOB Tommy WILSON (WR) Potsdam Royals,2026-05-28,2026-05-28,Tommy,WILSON,WR,GLOB,Potsdam Royals,WPG,REM UNS NEGOTIATION LIST,True,184041,players,Eligible,Negotiation List,2026-09-05T13:30:37.057098,2026-09-05
207974,SSK ADD NEGOTIATION LIST AMER DeCarlos NICHOLSON (DB) Southern California,2026-05-28,2026-05-28,DeCarlos,Nicholson,DB,AMER,Southern California,SSK,ADD NEGOTIATION LIST,True,186234,players,Negotiation List,Eligible,2026-09-05T13:30:37.057098,2026-09-05
207975,OTT REM UNS NEGOTIATION LIST AMER Jordon VAUGHN (RB) Abilene Christian,2026-05-28,2026-05-28,Jordon,Vaughn,RB,AMER,Abilene Christian,OTT,REM UNS NEGOTIATION LIST,True,186209,players,Eligible,Negotiation List,2026-09-05T13:30:37.057098,2026-09-05
207976,OTT ADD NEGOTIATION LIST AMER Max TOMCZAK (WR) Youngstown State,2026-05-28,2026-05-28,Max,Tomczak,WR,AMER,Youngstown State,OTT,ADD NEGOTIATION LIST,True,185152,players,Negotiation List,Eligible,2026-09-05T13:30:37.057098,2026-09-05
207973,SSK REM UNS NEGOTIATION LIST AMER Erick HUNTER (LB) Morgan State,2026-05-28,2026-05-28,Erick,Hunter,LB,AMER,Morgan State,SSK,REM UNS NEGOTIATION LIST,True,185884,players,Eligible,Negotiation List,2026-09-05T13:30:37.057098,2026-09-05
207969,HAM REM UNS NEGOTIATION LIST AMER Barika KPEENU (RB) North Dakota State,2026-05-27,2026-05-27,Barika,Kpeenu,RB,AMER,North Dakota State,HAM,REM UNS NEGOTIATION LIST,True,186051,players,Eligible,Negotiation List,2026-09-05T13:30:37.057098,2026-09-05
207970,HAM ADD NEGOTIATION LIST AMER Reid HOLSKEY (OL) Miami of Ohio,2026-05-27,2026-05-27,Reid,Holskey,OL,AMER,Miami of Ohio,HAM,ADD NEGOTIATION LIST,True,169532,players,Negotiation List,Eligible,2026-09-05T13:30:37.057098,2026-09-05
207968,EDM ADD NEGOTIATION LIST AMER Jeremiah MCCLENDON (DB) Southern Illinois,2026-05-27,2026-05-27,Jeremiah,McClendon,DB,AMER,Southern Illinois,EDM,ADD NEGOTIATION LIST,True,186233,players,Negotiation List,Eligible,2026-09-05T13:30:37.057098,2026-09-05
207967,EDM REM UNS NEGOTIATION LIST AMER Braylon BRAXTON (QB) Southern Mississippi,2026-05-27,2026-05-27,Braylon,Braxton,QB,AMER,Southern Mississippi,EDM,REM UNS NEGOTIATION LIST,True,185137,players,Eligible,Negotiation List,2026-09-05T13:30:37.057098,2026-09-05
207964,SSK ADD NEGOTIATION LIST AMER Ronnie PERKINS (DL) Oklahoma,2026-05-26,2026-05-26,Ronnie,Perkins,DL,AMER,Oklahoma,SSK,ADD NEGOTIATION LIST,True,169359,players,Negotiation List,Eligible,2026-09-05T13:30:37.057098,2026-09-05
207955,SSK ADD NEGOTIATION LIST AMER Jeremiah EARBY (DB) Boise State,2026-05-26,2026-05-26,Jeremiah,Earby,DB,AMER,Boise State,SSK,ADD NEGOTIATION LIST,True,186231,players,Negotiation List,Eligible,2026-09-05T13:30:37.057098,2026-09-05
207954,HAM ADD NEGOTIATION LIST AMER JB BROWN (LB) Kansas,2026-05-26,2026-05-26,JB,Brown,LB,AMER,Kansas,HAM,ADD NEGOTIATION LIST,True,184846,players,Negotiation List,Eligible,2026-09-05T13:30:37.057098,2026-09-05
207953,HAM REM SGD NEGOTIATION LIST AMER Jordan KWIATKOWSKI (LB) Central Michigan,2026-05-26,2026-05-26,Jordan,Kwiatkowski,LB,AMER,Central Michigan,HAM,REM SGD NEGOTIATION LIST,True,186056,players,Eligible,Negotiation List,2026-09-05T13:30:37.057098,2026-09-05
207943,HAM ADD NEGOTIATION LIST AMER Montrell JOHNSON JR (RB) Florida,2026-05-25,2026-05-25,Montrell,Johnson Jr,RB,AMER,Florida,HAM,ADD NEGOTIATION LIST,True,186230,players,Negotiation List,Eligible,2026-09-05T13:30:37.057098,2026-09-05
207941,HAM REM UNS NEGOTIATION LIST AMER Clay WEBB (OL) Jacksonville State,2026-05-25,2026-05-25,Clay,Webb,OL,AMER,Jacksonville State,HAM,REM UNS NEGOTIATION LIST,True,186212,players,Eligible,Negotiation List,2026-09-05T13:30:37.057098,2026-09-05
207942,HAM ADD NEGOTIATION LIST AMER Kolbe KATSIS (WR) Northern Arizona,2026-05-25,2026-05-25,Kolbe,Katsis,WR,AMER,Northern Arizona,HAM,ADD NEGOTIATION LIST,True,186229,players,Negotiation List,Eligible,2026-09-05T13:30:37.057098,2026-09-05
207940,OTT ADD NEGOTIATION LIST AMER Nesta Jade SILVERA (DL) Arizona State,2026-05-25,2026-05-25,Nesta Jade,Silvera,DL,AMER,Arizona State,OTT,ADD NEGOTIATION LIST,True,186228,players,Negotiation List,Eligible,2026-09-05T13:30:37.057098,2026-09-05
207921,SSK REM SGD NEGOTIATION LIST AMER Steven WESTON JR (DB) Ouachita Baptist,2026-05-25,2026-05-25,Steven,Weston JR,DB,AMER,Ouachita Baptist,SSK,REM SGD NEGOTIATION LIST,True,186021,players,Eligible,Negotiation List,2026-09-05T13:30:37.057098,2026-09-05
207920,SSK REM SGD NEGOTIATION LIST AMER Javian HESTER (WR) Kentucky,2026-05-25,2026-05-25,Javian,Hester,WR,AMER,Kentucky,SSK,REM SGD NEGOTIATION LIST,True,186140,players,Eligible,Negotiation List,2026-09-05T13:30:37.057098,2026-09-05
207914,BC ADD NEGOTIATION LIST AMER Malin WHITE (DL) Buffalo,2026-05-25,2026-05-25,Malin,White,DL,AMER,Buffalo,BC,ADD NEGOTIATION LIST,True,186227,players,Negotiation List,Eligible,2026-09-05T13:30:37.057098,2026-09-05
207913,HAM REM SGD NEGOTIATION LIST AMER Trent BATTLE (RB) Texas Christian,2026-05-25,2026-05-25,Trent,Battle,RB,AMER,Texas Christian,HAM,REM SGD NEGOTIATION LIST,True,186215,players,Eligible,Negotiation List,2026-09-05T13:30:37.057098,2026-09-05
207896,OTT ADD NEGOTIATION LIST AMER Brad JACKSON (QB) Texas State,2026-05-24,2026-05-24,Brad,Jackson,QB,AMER,Texas State,OTT,ADD NEGOTIATION LIST,True,186226,players,Negotiation List,Eligible,2026-09-05T13:30:37.057098,2026-09-05
207895,OTT ADD NEGOTIATION LIST AMER Nick MINICUCCI (QB) Delaware,2026-05-24,2026-05-24,Nick,Minicucci,QB,AMER,Delaware,OTT,ADD NEGOTIATION LIST,True,186225,players,Negotiation List,Eligible,2026-09-05T13:30:37.057098,2026-09-05
207894,OTT REM SGD NEGOTIATION LIST AMER Taniela LATU (LB) San Jose State,2026-05-24,2026-05-24,Taniela,Latu,LB,AMER,San Jose State,OTT,REM SGD NEGOTIATION LIST,True,186045,players,Eligible,Negotiation List,2026-09-05T13:30:37.057098,2026-09-05
207893,OTT REM SGD NEGOTIATION LIST AMER Carl CHESTER (WR) Southern Mississippi,2026-05-24,2026-05-24,Carl,Chester,WR,AMER,Southern Mississippi,OTT,REM SGD NEGOTIATION LIST,True,186076,players,Eligible,Negotiation List,2026-09-05T13:30:37.057098,2026-09-05
207881,OTT REM SGD NEGOTIATION LIST AMER Kajiya HOLLAWAYNE (WR) Temple,2026-05-24,2026-05-24,Kajiya,Hollawayne,WR,AMER,Temple,OTT,REM SGD NEGOTIATION LIST,True,186177,players,Eligible,Negotiation List,2026-09-05T13:30:37.057098,2026-09-05
207876,EDM ADD NEGOTIATION LIST AMER Sonny MANNINO (QB) Marist,2026-05-22,2026-05-22,Sonny,Mannino,QB,AMER,Marist,EDM,ADD NEGOTIATION LIST,True,186224,players,Negotiation List,Eligible,2026-09-05T13:30:37.057098,2026-09-05
207875,CGY REM SGD NEGOTIATION LIST AMER Terion STEWART (RB) Virginia Tech,2026-05-22,2026-05-22,Terion,Stewart,RB,AMER,Virginia Tech,CGY,REM SGD NEGOTIATION LIST,True,186049,players,Eligible,Negotiation List,2026-09-05T13:30:37.057098,2026-09-05
207873,BC ADD NEGOTIATION LIST AMER Dae Dae HUNTER (RB) Liberty,2026-05-22,2026-05-22,Dae Dae,HUNTER,RB,AMER,Liberty,BC,ADD NEGOTIATION LIST,True,168134,players,Negotiation List,Eligible,2026-09-05T13:30:37.057098,2026-09-05
207874,BC ADD NEGOTIATION LIST AMER JaVonta PAYTON (WR) Tennessee,2026-05-22,2026-05-22,JaVonta,PAYTON,WR,AMER,Tennessee,BC,ADD NEGOTIATION LIST,True,167314,players,Negotiation List,Eligible,2026-09-05T13:30:37.057098,2026-09-05
207872,BC ADD NEGOTIATION LIST AMER Mason BROOKS (OL) Mississippi,2026-05-22,2026-05-22,Mason,BROOKS,OL,AMER,Mississippi,BC,ADD NEGOTIATION LIST,True,167602,players,Negotiation List,Eligible,2026-09-05T13:30:37.057098,2026-09-05
207870,EDM REM UNS NEGOTIATION LIST AMER Braxton FELY (DL) Boise State,2026-05-22,2026-05-22,Braxton,Fely,DL,AMER,Boise State,EDM,REM UNS NEGOTIATION LIST,True,186047,players,Eligible,Negotiation List,2026-09-05T13:30:37.057098,2026-09-05
207867,EDM REM UNS NEGOTIATION LIST AMER Eli SIMONSON (OL) California Davis,2026-05-21,2026-05-21,Eli,Simonson,OL,AMER,California Davis,EDM,REM UNS NEGOTIATION LIST,True,186033,players,Eligible,Negotiation List,2026-09-05T13:30:37.057098,2026-09-05
207868,EDM ADD NEGOTIATION LIST AMER Deion HANKINS (RB) Texas State,2026-05-21,2026-05-21,Deion,Hankins,RB,AMER,Texas State,EDM,ADD NEGOTIATION LIST,True,169574,players,Negotiation List,Eligible,2026-09-05T13:30:37.057098,2026-09-05
207863,CGY REM SGD NEGOTIATION LIST AMER Martes LEWIS (OL) Northwestern,2026-05-21,2026-05-21,Martes,LEWIS,OL,AMER,Northwestern,CGY,REM SGD NEGOTIATION LIST,True,186072,players,Eligible,Negotiation List,2026-09-05T13:30:37.057098,2026-09-05
207852,SSK REM UNS NEGOTIATION LIST AMER Dayon HAYES (DL) Texas A&M,2026-05-20,2026-05-20,Dayon,Hayes,DL,AMER,Texas A&M,SSK,REM UNS NEGOTIATION LIST,True,186058,players,Eligible,Negotiation List,2026-09-05T13:30:37.057098,2026-09-05
207853,SSK ADD NEGOTIATION LIST AMER Tyrese ROBINSON (OL) Oklahoma,2026-05-20,2026-05-20,Tyrese,Robinson,OL,AMER,Oklahoma,SSK,ADD NEGOTIATION LIST,True,168238,players,Negotiation List,Eligible,2026-09-05T13:30:37.057098,2026-09-05
207847,HAM ADD NEGOTIATION LIST AMER Trent BATTLE (RB) Texas Christian,2026-05-20,2026-05-20,Trent,Battle,RB,AMER,Texas Christian,HAM,ADD NEGOTIATION LIST,True,186215,players,Negotiation List,Eligible,2026-09-05T13:30:37.057098,2026-09-05
207848,SSK ADD NEGOTIATION LIST AMER Durrell JOHNSON (DL) Liberty,2026-05-20,2026-05-20,Durrell,JOHNSON,DL,AMER,Liberty,SSK,ADD NEGOTIATION LIST,True,166219,players,Negotiation List,Eligible,2026-09-05T13:30:37.057098,2026-09-05
207849,BC ADD NEGOTIATION LIST AMER Erik EZUKANMA (WR) Texas Tech,2026-05-20,2026-05-20,Erik,Ezukanma,WR,AMER,Texas Tech,BC,ADD NEGOTIATION LIST,True,186219,players,Negotiation List,Eligible,2026-09-05T13:30:37.057098,2026-09-05
207839,HAM REM SGD NEGOTIATION LIST AMER Nahree BIGGINS (RB) Central Michigan,2026-05-20,2026-05-20,Nahree,Biggins,RB,AMER,Central Michigan,HAM,REM SGD NEGOTIATION LIST,True,186216,players,Eligible,Negotiation List,2026-09-05T13:30:37.057098,2026-09-05
207835,OTT ADD NEGOTIATION LIST AMER Jimari BUTLER (DL) Louisiana State,2026-05-19,2026-05-19,Jimari,Butler,DL,AMER,Louisiana State,OTT,ADD NEGOTIATION LIST,True,186218,players,Negotiation List,Eligible,2026-09-05T13:30:37.057098,2026-09-05
207834,OTT REM UNS NEGOTIATION LIST AMER Michael JACKSON III (WR) Purdue,2026-05-19,2026-05-19,Michael,Jackson III,WR,AMER,Purdue,OTT,REM UNS NEGOTIATION LIST,True,186211,players,Eligible,Negotiation List,2026-09-05T13:30:37.057098,2026-09-05
207829,SSK REM SGD NEGOTIATION LIST AMER Johnny JOHNSON III (WR) Oregon,2026-05-19,2026-05-19,Johnny,Johnson III,WR,AMER,Oregon,SSK,REM SGD NEGOTIATION LIST,True,186200,players,Eligible,Negotiation List,2026-09-05T13:30:37.057098,2026-09-05
207825,HAM ADD NEGOTIATION LIST AMER Nahree BIGGINS (RB) Central Michigan,2026-05-19,2026-05-19,Nahree,Biggins,RB,AMER,Central Michigan,HAM,ADD NEGOTIATION LIST,True,186216,players,Negotiation List,Eligible,2026-09-05T13:30:37.057098,2026-09-05
207824,OTT ADD NEGOTIATION LIST AMER Jordan LAWSON (DL) Louisiana,2026-05-19,2026-05-19,Jordan,Lawson,DL,AMER,Louisiana,OTT,ADD NEGOTIATION LIST,True,186214,players,Negotiation List,Eligible,2026-09-05T13:30:37.057098,2026-09-05
207822,HAM REM UNS NEGOTIATION LIST AMER Jacolby GEORGE (WR) Miami,2026-05-19,2026-05-19,Jacolby,George,WR,AMER,Miami,HAM,REM UNS NEGOTIATION LIST,True,184932,players,Eligible,Negotiation List,2026-09-05T13:30:37.057098,2026-09-05
207821,WPG ADD NEGOTIATION LIST AMER Tamon LYNUM (DB) Pittsburgh,2026-05-19,2026-05-19,Tamon,Lynum,DB,AMER,Pittsburgh,WPG,ADD NEGOTIATION LIST,True,186213,players,Negotiation List,Eligible,2026-09-05T13:30:37.057098,2026-09-05
207819,TOR REM SGD NEGOTIATION LIST AMER Theran JOHNSON (DB) Oregon,2026-05-19,2026-05-19,Theran,Johnson,DB,AMER,Oregon,TOR,REM SGD NEGOTIATION LIST,True,186197,players,Eligible,Negotiation List,2026-09-05T13:30:37.057098,2026-09-05
207804,HAM ADD NEGOTIATION LIST AMER Clay WEBB (OL) Jacksonville State,2026-05-18,2026-05-18,Clay,Webb,OL,AMER,Jacksonville State,HAM,ADD NEGOTIATION LIST,True,186212,players,Negotiation List,Eligible,2026-09-05T13:30:37.057098,2026-09-05
207803,HAM REM UNS NEGOTIATION LIST AMER Javin WRIGHT (LB) Nebraska,2026-05-18,2026-05-18,Javin,Wright,LB,AMER,Nebraska,HAM,REM UNS NEGOTIATION LIST,True,185982,players,Eligible,Negotiation List,2026-09-05T13:30:37.057098,2026-09-05
207802,OTT ADD NEGOTIATION LIST AMER Michael JACKSON III (WR) Purdue,2026-05-18,2026-05-18,Michael,Jackson III,WR,AMER,Purdue,OTT,ADD NEGOTIATION LIST,True,186211,players,Negotiation List,Eligible,2026-09-05T13:30:37.057098,2026-09-05
207800,OTT ADD NEGOTIATION LIST AMER Jordon VAUGHN (RB) Abilene Christian,2026-05-18,2026-05-18,Jordon,Vaughn,RB,AMER,Abilene Christian,OTT,ADD NEGOTIATION LIST,True,186209,players,Negotiation List,Eligible,2026-09-05T13:30:37.057098,2026-09-05
207801,OTT ADD NEGOTIATION LIST AMER Julius LOUGHRIDGE (RB) South Dakota State,2026-05-18,2026-05-18,Julius,Loughridge,RB,AMER,South Dakota State,OTT,ADD NEGOTIATION LIST,True,186210,players,Negotiation List,Eligible,2026-09-05T13:30:37.057098,2026-09-05
207799,BC REM SGD NEGOTIATION LIST AMER Stantley THOMAS-OLIVER III (DB) Florida International,2026-05-18,2026-05-18,Stantley,THOMAS-OLIVER III,DB,AMER,Florida International,BC,REM SGD NEGOTIATION LIST,True,166432,players,Eligible,Negotiation List,2026-09-05T13:30:37.057098,2026-09-05
207798,BC REM SGD NEGOTIATION LIST AMER Colby TAYLOR (DL) West Florida,2026-05-18,2026-05-18,Colby,TAYLOR,DL,AMER,West Florida,BC,REM SGD NEGOTIATION LIST,True,186088,players,Eligible,Negotiation List,2026-09-05T13:30:37.057098,2026-09-05
207795,BC REM SGD NEGOTIATION LIST AMER Morice NORRIS JR. (DB) Fresno State,2026-05-18,2026-05-18,Morice,NORRIS JR.,DB,AMER,Fresno State,BC,REM SGD NEGOTIATION LIST,True,186171,players,Eligible,Negotiation List,2026-09-05T13:30:37.057098,2026-09-05
207779,MTL ADD NEGOTIATION LIST AMER Nikko TAYLOR (DL) Oregon State,2026-05-18,2026-05-18,Nikko,Taylor,DL,AMER,Oregon State,MTL,ADD NEGOTIATION LIST,True,186207,players,Negotiation List,Eligible,2026-09-05T13:30:37.057098,2026-09-05
207777,WPG REM SGD NEGOTIATION LIST AMER Jonah PACE (DL) Iowa,2026-05-18,2026-05-18,Jonah,Pace,DL,AMER,Iowa,WPG,REM SGD NEGOTIATION LIST,True,185869,players,Eligible,Negotiation List,2026-09-05T13:30:37.057098,2026-09-05
207768,WPG REM UNS NEGOTIATION LIST AMER Virgil LEMONS (DB) West Florida,2026-05-18,2026-05-18,Virgil,Lemons,DB,AMER,West Florida,WPG,REM UNS NEGOTIATION LIST,True,185836,players,Eligible,Negotiation List,2026-09-05T13:30:37.057098,2026-09-05
207769,WPG ADD NEGOTIATION LIST AMER Elijah COOKS (WR) San Jose State,2026-05-18,2026-05-18,Elijah,Cooks,WR,AMER,San Jose State,WPG,ADD NEGOTIATION LIST,True,169395,players,Negotiation List,Eligible,2026-09-05T13:30:37.057098,2026-09-05
207770,WPG REM UNS NEGOTIATION LIST AMER Jordan SCRUGGS (DB) West Virginia,2026-05-18,2026-05-18,Jordan,Scruggs,DB,AMER,West Virginia,WPG,REM UNS NEGOTIATION LIST,True,186092,players,Eligible,Negotiation List,2026-09-05T13:30:37.057098,2026-09-05
207771,WPG ADD NEGOTIATION LIST AMER Bryson TAYLOR (DB) Utah State,2026-05-18,2026-05-18,Bryson,Taylor,DB,AMER,Utah State,WPG,ADD NEGOTIATION LIST,True,186206,players,Negotiation List,Eligible,2026-09-05T13:30:37.057098,2026-09-05
207772,BC ADD NEGOTIATION LIST AMER Willie TAYLOR (DL) Eastern Kentucky,2026-05-18,2026-05-18,Willie,Taylor,DL,AMER,Eastern Kentucky,BC,ADD NEGOTIATION LIST,True,168206,players,Negotiation List,Eligible,2026-09-05T13:30:37.057098,2026-09-05
207767,OTT REM SGD NEGOTIATION LIST AMER Quentin MOTEN (DB) Northern Arizona,2026-05-18,2026-05-18,Quentin,Moten,DB,AMER,Northern Arizona,OTT,REM SGD NEGOTIATION LIST,True,186162,players,Eligible,Negotiation List,2026-09-05T13:30:37.057098,2026-09-05
207766,OTT REM SGD NEGOTIATION LIST AMER Tyce WESTLAND (DL) Wyoming,2026-05-18,2026-05-18,Tyce,Westland,DL,AMER,Wyoming,OTT,REM SGD NEGOTIATION LIST,True,186194,players,Eligible,Negotiation List,2026-09-05T13:30:37.057098,2026-09-05
207765,OTT REM SGD NEGOTIATION LIST AMER Bryce RAMIREZ (LB) Texas Tech,2026-05-18,2026-05-18,Bryce,Ramirez,LB,AMER,Texas Tech,OTT,REM SGD NEGOTIATION LIST,True,185989,players,Eligible,Negotiation List,2026-09-05T13:30:37.057098,2026-09-05
207764,MTL REM SGD NEGOTIATION LIST AMER Malick SYLLA (DL) Mississippi State,2026-05-18,2026-05-18,Malick,Sylla,DL,AMER,Mississippi State,MTL,REM SGD NEGOTIATION LIST,True,186195,players,Eligible,Negotiation List,2026-09-05T13:30:37.057098,2026-09-05
207763,MTL REM SGD NEGOTIATION LIST AMER Damonte SMITH (DL) Middle Tennessee State,2026-05-18,2026-05-18,Damonte,Smith,DL,AMER,Middle Tennessee State,MTL,REM SGD NEGOTIATION LIST,True,185862,players,Eligible,Negotiation List,2026-09-05T13:30:37.057098,2026-09-05
207746,OTT REM SGD NEGOTIATION LIST AMER Zachary BARLEV (OL) Old Dominion,2026-05-17,2026-05-17,Zachary,Barlev,OL,AMER,Old Dominion,OTT,REM SGD NEGOTIATION LIST,True,186184,players,Eligible,Negotiation List,2026-09-05T13:30:37.057098,2026-09-05
207730,OTT ADD NEGOTIATION LIST AMER Jalen JONES (DB) William & Mary,2026-05-16,2026-05-16,Jalen,Jones,DB,AMER,William & Mary,OTT,ADD NEGOTIATION LIST,True,186203,players,Negotiation List,Eligible,2026-09-05T13:30:37.057098,2026-09-05
207727,EDM ADD NEGOTIATION LIST AMER Carmine BASTONE (DL) Northwestern,2026-05-16,2026-05-16,Carmine,Bastone,DL,AMER,Northwestern,EDM,ADD NEGOTIATION LIST,True,186202,players,Negotiation List,Eligible,2026-09-05T13:30:37.057098,2026-09-05
207726,CGY REM SGD NEGOTIATION LIST AMER Bakyne COLY (OL) Purdue,2026-05-16,2026-05-16,Bakyne,Coly,OL,AMER,Purdue,CGY,REM SGD NEGOTIATION LIST,True,186175,players,Eligible,Negotiation List,2026-09-05T13:30:37.057098,2026-09-05
207722,MTL ADD NEGOTIATION LIST AMER Kalib PERRY (LB) Louisville,2026-05-16,2026-05-16,Kalib,Perry,LB,AMER,Louisville,MTL,ADD NEGOTIATION LIST,True,186201,players,Negotiation List,Eligible,2026-09-05T13:30:37.057098,2026-09-05
207721,EDM REM SGD NEGOTIATION LIST AMER Erick CADE (OL) Missouri State,2026-05-16,2026-05-16,Erick,Cade,OL,AMER,Missouri State,EDM,REM SGD NEGOTIATION LIST,True,186196,players,Eligible,Negotiation List,2026-09-05T13:30:37.057098,2026-09-05
207719,MTL REM SGD NEGOTIATION LIST AMER Dalton STROMAN (WR) Appalachian State,2026-05-16,2026-05-16,Dalton,Stroman,WR,AMER,Appalachian State,MTL,REM SGD NEGOTIATION LIST,True,186193,players,Eligible,Negotiation List,2026-09-05T13:30:37.057098,2026-09-05
207710,SSK ADD NEGOTIATION LIST AMER Johnny JOHNSON III (WR) Oregon,2026-05-16,2026-05-16,Johnny,Johnson III,WR,AMER,Oregon,SSK,ADD NEGOTIATION LIST,True,186200,players,Negotiation List,Eligible,2026-09-05T13:30:37.057098,2026-09-05
207709,SSK REM UNS NEGOTIATION LIST AMER Ashtyn HAWKINS (WR) Baylor,2026-05-16,2026-05-16,Ashtyn,Hawkins,WR,AMER,Baylor,SSK,REM UNS NEGOTIATION LIST,True,186170,players,Eligible,Negotiation List,2026-09-05T13:30:37.057098,2026-09-05
207708,BC REM SGD NEGOTIATION LIST AMER TJ BURKE (DL) Lehigh,2026-05-16,2026-05-16,TJ,Burke,DL,AMER,Lehigh,BC,REM SGD NEGOTIATION LIST,True,185929,players,Eligible,Negotiation List,2026-09-05T13:30:37.057098,2026-09-05
207700,BC REM UNS NEGOTIATION LIST AMER Jon JOHNSON (DB) New Mexico,2026-05-15,2026-05-15,Jon,Johnson,DB,AMER,New Mexico,BC,REM UNS NEGOTIATION LIST,True,186078,players,Eligible,Negotiation List,2026-09-05T13:30:37.057098,2026-09-05
207701,HAM ADD NEGOTIATION LIST AMER LaMareon JAMES (DB) Texas Christian,2026-05-15,2026-05-15,LaMareon,James,DB,AMER,Texas Christian,HAM,ADD NEGOTIATION LIST,True,185123,players,Negotiation List,Eligible,2026-09-05T13:30:37.057098,2026-09-05
207699,MTL ADD NEGOTIATION LIST AMER Mekhi MEWS (WR) Houston,2026-05-15,2026-05-15,Mekhi,Mews,WR,AMER,Houston,MTL,ADD NEGOTIATION LIST,True,186199,players,Negotiation List,Eligible,2026-09-05T13:30:37.057098,2026-09-05
207695,TOR ADD NEGOTIATION LIST AMER Theran JOHNSON (DB) Oregon,2026-05-15,2026-05-15,Theran,Johnson,DB,AMER,Oregon,TOR,ADD NEGOTIATION LIST,True,186197,players,Negotiation List,Eligible,2026-09-05T13:30:37.057098,2026-09-05
207694,MTL REM SGD NEGOTIATION LIST AMER Shomari LAWRENCE (RB) Missouri State,2026-05-15,2026-05-15,Shomari,Lawrence,RB,AMER,Missouri State,MTL,REM SGD NEGOTIATION LIST,True,186191,players,Eligible,Negotiation List,2026-09-05T13:30:37.057098,2026-09-05
207693,MTL REM SGD NEGOTIATION LIST AMER Reuben FATHEREE II (OL) Texas A&M,2026-05-15,2026-05-15,Reuben,Fatheree II,OL,AMER,Texas A&M,MTL,REM SGD NEGOTIATION LIST,True,185793,players,Eligible,Negotiation List,2026-09-05T13:30:37.057098,2026-09-05
207692,HAM REM SGD NEGOTIATION LIST AMER Gavin GIBSON (DB) North Carolina,2026-05-15,2026-05-15,Gavin,Gibson,DB,AMER,North Carolina,HAM,REM SGD NEGOTIATION LIST,True,186052,players,Eligible,Negotiation List,2026-09-05T13:30:37.057098,2026-09-05
207679,TOR REM UNS NEGOTIATION LIST AMER Mason COBB (LB) Southern California,2026-05-14,2026-05-14,Mason,Cobb,LB,AMER,Southern California,TOR,REM UNS NEGOTIATION LIST,True,184044,players,Eligible,Negotiation List,2026-09-05T13:30:37.057098,2026-09-05
207674,SSK REM UNS NEGOTIATION LIST AMER Gabriel MURPHY (DL) UCLA,2026-05-14,2026-05-14,Gabriel,Murphy,DL,AMER,UCLA,SSK,REM UNS NEGOTIATION LIST,True,168934,players,Eligible,Negotiation List,2026-09-05T13:30:37.057098,2026-09-05
207673,EDM ADD NEGOTIATION LIST AMER Erick CADE (OL) Missouri State,2026-05-14,2026-05-14,Erick,Cade,OL,AMER,Missouri State,EDM,ADD NEGOTIATION LIST,True,186196,players,Negotiation List,Eligible,2026-09-05T13:30:37.057098,2026-09-05
207672,EDM REM UNS NEGOTIATION LIST AMER LaMareon JAMES (DB) Texas Christian,2026-05-14,2026-05-14,LaMareon,James,DB,AMER,Texas Christian,EDM,REM UNS NEGOTIATION LIST,True,185123,players,Eligible,Negotiation List,2026-09-05T13:30:37.057098,2026-09-05
207671,BC ADD NEGOTIATION LIST AMER Luq BARCOO (DB) San Diego State,2026-05-14,2026-05-14,Luq,BARCOO,DB,AMER,San Diego State,BC,ADD NEGOTIATION LIST,True,166558,players,Negotiation List,Eligible,2026-09-05T13:30:37.057098,2026-09-05
207670,MTL ADD NEGOTIATION LIST AMER Malick SYLLA (DL) Texas A&M,2026-05-14,2026-05-14,Malick,Sylla,DL,AMER,Texas A&M,MTL,ADD NEGOTIATION LIST,True,186195,players,Negotiation List,Eligible,2026-09-05T13:30:37.057098,2026-09-05
207666,OTT REM UNS NEGOTIATION LIST AMER Raphael WILLIAMS (WR) Pittsburgh,2026-05-14,2026-05-14,Raphael,Williams,WR,AMER,Pittsburgh,OTT,REM UNS NEGOTIATION LIST,True,186135,players,Eligible,Negotiation List,2026-09-05T13:30:37.057098,2026-09-05
207667,OTT ADD NEGOTIATION LIST AMER Tyce WESTLAND (DL) Wyoming,2026-05-14,2026-05-14,Tyce,Westland,DL,AMER,Wyoming,OTT,ADD NEGOTIATION LIST,True,186194,players,Negotiation List,Eligible,2026-09-05T13:30:37.057098,2026-09-05
207657,SSK ADD NEGOTIATION LIST AMER Matt LANDERS (WR) Arkansas,2026-05-14,2026-05-14,Matt,Landers,WR,AMER,Arkansas,SSK,ADD NEGOTIATION LIST,True,168644,players,Negotiation List,Eligible,2026-09-05T13:30:37.057098,2026-09-05
207655,HAM ADD NEGOTIATION LIST AMER Jahvaree RITZIE (DL) North Carolina,2026-05-14,2026-05-14,Jahvaree,Ritzie,DL,AMER,North Carolina,HAM,ADD NEGOTIATION LIST,True,185049,players,Negotiation List,Eligible,2026-09-05T13:30:37.057098,2026-09-05
207653,MTL REM UNS NEGOTIATION LIST AMER Breeland SPEAKS (DL) Mississippi,2026-05-14,2026-05-14,Breeland,SPEAKS,DL,AMER,Mississippi,MTL,REM UNS NEGOTIATION LIST,True,165873,players,Eligible,Negotiation List,2026-09-05T13:30:37.057098,2026-09-05
207654,MTL ADD NEGOTIATION LIST AMER Dalton STROMAN (WR) Appalachian State,2026-05-14,2026-05-14,Dalton,Stroman,WR,AMER,Appalachian State,MTL,ADD NEGOTIATION LIST,True,186193,players,Negotiation List,Eligible,2026-09-05T13:30:37.057098,2026-09-05
207652,EDM ADD NEGOTIATION LIST AMER James ESTER (DL) Northern Illinois,2026-05-14,2026-05-14,James,Ester,DL,AMER,Northern Illinois,EDM,ADD NEGOTIATION LIST,True,168665,players,Negotiation List,Eligible,2026-09-05T13:30:37.057098,2026-09-05
207651,EDM REM UNS NEGOTIATION LIST AMER Jake POPE (OL) Illinois State,2026-05-14,2026-05-14,Jake,Pope,OL,AMER,Illinois State,EDM,REM UNS NEGOTIATION LIST,True,185950,players,Eligible,Negotiation List,2026-09-05T13:30:37.057098,2026-09-05
207650,MTL REM SGD NEGOTIATION LIST AMER Brandon SNEH (OL) Alabama Birmingham,2026-05-14,2026-05-14,Brandon,Sneh,OL,AMER,Alabama Birmingham,MTL,REM SGD NEGOTIATION LIST,True,186002,players,Eligible,Negotiation List,2026-09-05T13:30:37.057098,2026-09-05
207640,SSK REM UNS NEGOTIATION LIST AMER Hunter PECK (DL) Montana,2026-05-13,2026-05-13,Hunter,Peck,DL,AMER,Montana,SSK,REM UNS NEGOTIATION LIST,True,186060,players,Eligible,Negotiation List,2026-09-05T13:30:37.057098,2026-09-05
207629,MTL ADD NEGOTIATION LIST AMER Shomari LAWRENCE (RB) Missouri State,2026-05-13,2026-05-13,Shomari,Lawrence,RB,AMER,Missouri State,MTL,ADD NEGOTIATION LIST,True,186191,players,Negotiation List,Eligible,2026-09-05T13:30:37.057098,2026-09-05
207630,SSK REM UNS NEGOTIATION LIST AMER Raiqwon O'NEAL (OL) UCLA,2026-05-13,2026-05-13,Raiqwon,O'NEAL,OL,AMER,UCLA,SSK,REM UNS NEGOTIATION LIST,True,168157,players,Eligible,Negotiation List,2026-09-05T13:30:37.057098,2026-09-05
207631,SSK ADD NEGOTIATION LIST AMER Damian RAMOS (K) Louisiana State,2026-05-13,2026-05-13,Damian,Ramos,K,AMER,Louisiana State,SSK,ADD NEGOTIATION LIST,True,186192,players,Negotiation List,Eligible,2026-09-05T13:30:37.057098,2026-09-05
207626,HAM REM UNS NEGOTIATION LIST AMER Deantre PRINCE (DB) Mississippi,2026-05-13,2026-05-13,Deantre,Prince,DB,AMER,Mississippi,HAM,REM UNS NEGOTIATION LIST,True,186161,players,Eligible,Negotiation List,2026-09-05T13:30:37.057098,2026-09-05
207627,HAM ADD NEGOTIATION LIST AMER Andrew ARMSTRONG (WR) Arkansas,2026-05-13,2026-05-13,Andrew,Armstrong,WR,AMER,Arkansas,HAM,ADD NEGOTIATION LIST,True,184898,players,Negotiation List,Eligible,2026-09-05T13:30:37.057098,2026-09-05
207628,MTL REM UNS NEGOTIATION LIST AMER Mattheus CARROLL (DL) Kent State,2026-05-13,2026-05-13,Mattheus,Carroll,DL,AMER,Kent State,MTL,REM UNS NEGOTIATION LIST,True,186186,players,Eligible,Negotiation List,2026-09-05T13:30:37.057098,2026-09-05
207625,SSK ADD NEGOTIATION LIST AMER Deuce VAUGHN (RB) Kansas State,2026-05-13,2026-05-13,Deuce,Vaughn,RB,AMER,Kansas State,SSK,ADD NEGOTIATION LIST,True,169034,players,Negotiation List,Eligible,2026-09-05T13:30:37.057098,2026-09-05
207621,HAM REM SGD NEGOTIATION LIST AMER Jordan CROOK (LB) Arizona State,2026-05-13,2026-05-13,Jordan,Crook,LB,AMER,Arizona State,HAM,REM SGD NEGOTIATION LIST,True,185140,players,Eligible,Negotiation List,2026-09-05T13:30:37.057098,2026-09-05
207584,OTT REM SGD NEGOTIATION LIST AMER Bryson BARNES (QB) Utah State,2026-05-13,2026-05-13,Bryson,Barnes,QB,AMER,Utah State,OTT,REM SGD NEGOTIATION LIST,True,184915,players,Eligible,Negotiation List,2026-09-05T13:30:37.057098,2026-09-05
207526,BC REM SGD NEGOTIATION LIST AMER Brock BETHEA (OL) Rhode Island,2026-05-13,2026-05-13,Brock,BETHEA,OL,AMER,Rhode Island,BC,REM SGD NEGOTIATION LIST,True,186040,players,Eligible,Negotiation List,2026-09-05T13:30:37.057098,2026-09-05
207525,BC REM SGD NEGOTIATION LIST AMER Ajanee (AJ) PENA (DL) Rhode Island,2026-05-13,2026-05-13,Ajanee (AJ),PENA,DL,AMER,Rhode Island,BC,REM SGD NEGOTIATION LIST,True,185826,players,Eligible,Negotiation List,2026-09-05T13:30:37.057098,2026-09-05
207433,SSK REM UNS NEGOTIATION LIST AMER Lance BOYKIN (DB) Coastal Carolina,2026-05-12,2026-05-12,Lance,Boykin,DB,AMER,Coastal Carolina,SSK,REM UNS NEGOTIATION LIST,True,168260,players,Eligible,Negotiation List,2026-09-05T13:30:37.057098,2026-09-05
207432,SSK ADD NEGOTIATION LIST AMER DeMarvin LEAL (DL) Texas A&M,2026-05-12,2026-05-12,DeMarvin,Leal,DL,AMER,Texas A&M,SSK,ADD NEGOTIATION LIST,True,186189,players,Negotiation List,Eligible,2026-09-05T13:30:37.057098,2026-09-05
207399,MTL ADD NEGOTIATION LIST AMER Mattheus CARROLL (DL) Kent State,2026-05-12,2026-05-12,Mattheus,Carroll,DL,AMER,Kent State,MTL,ADD NEGOTIATION LIST,True,186186,players,Negotiation List,Eligible,2026-09-05T13:30:37.057098,2026-09-05
207398,MTL REM UNS NEGOTIATION LIST AMER Leon LOWERY JR (DL) Illinois,2026-05-12,2026-05-12,Leon,Lowery Jr,DL,AMER,Illinois,MTL,REM UNS NEGOTIATION LIST,True,186041,players,Eligible,Negotiation List,2026-09-05T13:30:37.057098,2026-09-05
207397,MTL ADD NEGOTIATION LIST AMER Chase MITCHELL (OL) Vanderbilt,2026-05-12,2026-05-12,Chase,Mitchell,OL,AMER,Vanderbilt,MTL,ADD NEGOTIATION LIST,True,186185,players,Negotiation List,Eligible,2026-09-05T13:30:37.057098,2026-09-05
207387,SSK REM UNS NEGOTIATION LIST AMER Khalid DUKE (DL) Kansas State,2026-05-12,2026-05-12,Khalid,Duke,DL,AMER,Kansas State,SSK,REM UNS NEGOTIATION LIST,True,168996,players,Eligible,Negotiation List,2026-09-05T13:30:37.057098,2026-09-05
207388,SSK ADD NEGOTIATION LIST AMER Milo EIFLER (LB) Illinois,2026-05-12,2026-05-12,Milo,EIFLER,LB,AMER,Illinois,SSK,ADD NEGOTIATION LIST,True,166517,players,Negotiation List,Eligible,2026-09-05T13:30:37.057098,2026-09-05
207389,OTT ADD NEGOTIATION LIST AMER Zach BARLEV (OL) Old Dominion,2026-05-12,2026-05-12,Zach,Barlev,OL,AMER,Old Dominion,OTT,ADD NEGOTIATION LIST,True,186184,players,Negotiation List,Eligible,2026-09-05T13:30:37.057098,2026-09-05
207386,HAM ADD NEGOTIATION LIST AMER Ja'Quinden JACKSON (RB) Arkansas,2026-05-12,2026-05-12,Ja'Quinden,Jackson,RB,AMER,Arkansas,HAM,ADD NEGOTIATION LIST,True,186183,players,Negotiation List,Eligible,2026-09-05T13:30:37.057098,2026-09-05
207383,CGY ADD NEGOTIATION LIST AMER Owen WRIGHT (RB) Monmouth,2026-05-12,2026-05-12,Owen,Wright,RB,AMER,Monmouth,CGY,ADD NEGOTIATION LIST,True,184862,players,Negotiation List,Eligible,2026-09-05T13:30:37.057098,2026-09-05
207384,OTT ADD NEGOTIATION LIST AMER Pat MCMURTRIE (OL) James Madison,2026-05-12,2026-05-12,Pat,McMurtrie,OL,AMER,James Madison,OTT,ADD NEGOTIATION LIST,True,186182,players,Negotiation List,Eligible,2026-09-05T13:30:37.057098,2026-09-05
207385,HAM REM UNS NEGOTIATION LIST AMER Tanner KNUE (WR) Eastern Michigan,2026-05-12,2026-05-12,Tanner,Knue,WR,AMER,Eastern Michigan,HAM,REM UNS NEGOTIATION LIST,True,169103,players,Eligible,Negotiation List,2026-09-05T13:30:37.057098,2026-09-05
207381,OTT REM UNS NEGOTIATION LIST AMER Addison WEST (OL) Western Michigan,2026-05-12,2026-05-12,Addison,West,OL,AMER,Western Michigan,OTT,REM UNS NEGOTIATION LIST,True,185918,players,Eligible,Negotiation List,2026-09-05T13:30:37.057098,2026-09-05
207382,OTT ADD NEGOTIATION LIST AMER Sataoa LAUMEA (OL) Utah,2026-05-12,2026-05-12,Sataoa,Laumea,OL,AMER,Utah,OTT,ADD NEGOTIATION LIST,True,185111,players,Negotiation List,Eligible,2026-09-05T13:30:37.057098,2026-09-05
207380,OTT REM UNS NEGOTIATION LIST AMER Noah FENSKE (OL) Southern Illinois,2026-05-12,2026-05-12,Noah,Fenske,OL,AMER,Southern Illinois,OTT,REM UNS NEGOTIATION LIST,True,185932,players,Eligible,Negotiation List,2026-09-05T13:30:37.057098,2026-09-05
207379,OTT REM UNS NEGOTIATION LIST AMER James DJONKAM (DL) Eastern Michigan,2026-05-12,2026-05-12,James,Djonkam,DL,AMER,Eastern Michigan,OTT,REM UNS NEGOTIATION LIST,True,186167,players,Eligible,Negotiation List,2026-09-05T13:30:37.057098,2026-09-05
207378,MTL REM SGD NEGOTIATION LIST AMER Javon GIPSON (WR) Abilene Christian,2026-05-12,2026-05-12,Javon,Gipson,WR,AMER,Abilene Christian,MTL,REM SGD NEGOTIATION LIST,True,186153,players,Eligible,Negotiation List,2026-09-05T13:30:37.057098,2026-09-05
207365,EDM REM UNS NEGOTIATION LIST AMER Patrick JENKINS (DT) Tulane,2026-05-11,2026-05-11,Patrick,Jenkins,DT,AMER,Tulane,EDM,REM UNS NEGOTIATION LIST,True,169352,players,Eligible,Negotiation List,2026-09-05T13:30:37.057098,2026-09-05
207366,EDM ADD NEGOTIATION LIST AMER Benton WHITLEY (DL) Holy Cross,2026-05-11,2026-05-11,Benton,WHITLEY,DL,AMER,Holy Cross,EDM,ADD NEGOTIATION LIST,True,166716,players,Negotiation List,Eligible,2026-09-05T13:30:37.057098,2026-09-05
207362,HAM REM UNS NEGOTIATION LIST AMER Ovie OGHOUFO (DL) Louisiana State,2026-05-11,2026-05-11,Ovie,Oghoufo,DL,AMER,Louisiana State,HAM,REM UNS NEGOTIATION LIST,True,168995,players,Eligible,Negotiation List,2026-09-05T13:30:37.057098,2026-09-05
207363,HAM ADD NEGOTIATION LIST AMER Ochaun MATHIS (DL) Nebraska,2026-05-11,2026-05-11,Ochaun,Mathis,DL,AMER,Nebraska,HAM,ADD NEGOTIATION LIST,True,169076,players,Negotiation List,Eligible,2026-09-05T13:30:37.057098,2026-09-05
207345,SSK REM UNS NEGOTIATION LIST GLOB James FERGUSON-REYNOLDS (P) Oregon,2026-05-10,2026-05-10,James,Ferguson-Reynolds,P,GLOB,Oregon,SSK,REM UNS NEGOTIATION LIST,True,186125,players,Eligible,Negotiation List,2026-09-05T13:30:37.057098,2026-09-05
207346,SSK ADD NEGOTIATION LIST AMER Mac DALENA (WR) Fresno State,2026-05-10,2026-05-10,Mac,Dalena,WR,AMER,Fresno State,SSK,ADD NEGOTIATION LIST,True,184857,players,Negotiation List,Eligible,2026-09-05T13:30:37.057098,2026-09-05
207343,OTT REM UNS NEGOTIATION LIST AMER Seth ANDERSON (WR) Iowa,2026-05-10,2026-05-10,Seth,Anderson,WR,AMER,Iowa,OTT,REM UNS NEGOTIATION LIST,True,186134,players,Eligible,Negotiation List,2026-09-05T13:30:37.057098,2026-09-05
207344,OTT ADD NEGOTIATION LIST AMER Jayden BALLARD (WR) Wisconsin,2026-05-10,2026-05-10,Jayden,Ballard,WR,AMER,Wisconsin,OTT,ADD NEGOTIATION LIST,True,186181,players,Negotiation List,Eligible,2026-09-05T13:30:37.057098,2026-09-05
207341,BC REM UNS NEGOTIATION LIST AMER David FISHER (DB) North Texas,2026-05-10,2026-05-10,David,Fisher,DB,AMER,North Texas,BC,REM UNS NEGOTIATION LIST,True,185911,players,Eligible,Negotiation List,2026-09-05T13:30:37.057098,2026-09-05
207342,BC ADD NEGOTIATION LIST AMER Stantley THOMAS-OLIVER (DB) Florida International,2026-05-10,2026-05-10,Stantley,THOMAS-OLIVER,DB,AMER,Florida International,BC,ADD NEGOTIATION LIST,True,166432,players,Negotiation List,Eligible,2026-09-05T13:30:37.057098,2026-09-05
207340,HAM ADD NEGOTIATION LIST AMER Cam RICE (DL) Maryland,2026-05-10,2026-05-10,Cam,Rice,DL,AMER,Maryland,HAM,ADD NEGOTIATION LIST,True,186180,players,Negotiation List,Eligible,2026-09-05T13:30:37.057098,2026-09-05
207244,BC ADD NEGOTIATION LIST AMER Divaad WILSON (DB) Central Florida,2026-05-09,2026-05-09,Divaad,Wilson,DB,AMER,Central Florida,BC,ADD NEGOTIATION LIST,True,168270,players,Negotiation List,Eligible,2026-09-05T13:30:37.057098,2026-09-05
207211,EDM REM UNS NEGOTIATION LIST AMER Elijah COOKS (WR) San Jose State,2026-05-09,2026-05-09,Elijah,Cooks,WR,AMER,San Jose State,EDM,REM UNS NEGOTIATION LIST,True,169395,players,Eligible,Negotiation List,2026-09-05T13:30:37.057098,2026-09-05
207212,EDM ADD NEGOTIATION LIST AMER Michael WILEY (RB) Arizona,2026-05-09,2026-05-09,Michael,Wiley,RB,AMER,Arizona,EDM,ADD NEGOTIATION LIST,True,184676,players,Negotiation List,Eligible,2026-09-05T13:30:37.057098,2026-09-05
207213,SSK REM UNS NEGOTIATION LIST AMER Lanell CARR JR (DL) Indiana,2026-05-09,2026-05-09,Lanell,Carr Jr,DL,AMER,Indiana,SSK,REM UNS NEGOTIATION LIST,True,185900,players,Eligible,Negotiation List,2026-09-05T13:30:37.057098,2026-09-05
207214,SSK ADD NEGOTIATION LIST AMER Deneric PRINCE (RB) Tulsa,2026-05-09,2026-05-09,Deneric,Prince,RB,AMER,Tulsa,SSK,ADD NEGOTIATION LIST,True,186178,players,Negotiation List,Eligible,2026-09-05T13:30:37.057098,2026-09-05
207184,BC REM UNS NEGOTIATION LIST NAT Jaxxon BRASHEAR (LB) Ottawa,2026-05-09,2026-05-09,Jaxxon,Brashear,LB,NAT,Ottawa,BC,REM UNS NEGOTIATION LIST,True,186093,players,Eligible,Negotiation List,2026-09-05T13:30:37.057098,2026-09-05
207185,OTT REM SGD NEGOTIATION LIST AMER Bryce CAGE (DL) Grambling State,2026-05-09,2026-05-09,Bryce,Cage,DL,AMER,Grambling State,OTT,REM SGD NEGOTIATION LIST,True,186089,players,Eligible,Negotiation List,2026-09-05T13:30:37.057098,2026-09-05
207186,OTT ADD NEGOTIATION LIST AMER Kajiya HOLLAWAYNE (WR) Temple,2026-05-09,2026-05-09,Kajiya,Hollawayne,WR,AMER,Temple,OTT,ADD NEGOTIATION LIST,True,186177,players,Negotiation List,Eligible,2026-09-05T13:30:37.057098,2026-09-05
207160,CGY REM SGD NEGOTIATION LIST AMER Javin WHATLEY (WR) Arizona,2026-05-09,2026-05-09,Javin,Whatley,WR,AMER,Arizona,CGY,REM SGD NEGOTIATION LIST,True,186172,players,Eligible,Negotiation List,2026-09-05T13:30:37.057098,2026-09-05
207151,HAM REM SGD NEGOTIATION LIST AMER Mitchell AGUDE (DL) Miami,2026-05-08,2026-05-08,Mitchell,Agude,DL,AMER,Miami,HAM,REM SGD NEGOTIATION LIST,True,168266,players,Eligible,Negotiation List,2026-09-05T13:30:37.057098,2026-09-05
207148,EDM REM UNS NEGOTIATION LIST AMER Lemondre JOE (DB) Colorado State,2026-05-08,2026-05-08,Lemondre,Joe,DB,AMER,Colorado State,EDM,REM UNS NEGOTIATION LIST,True,186156,players,Eligible,Negotiation List,2026-09-05T13:30:37.057098,2026-09-05
207149,EDM ADD NEGOTIATION LIST AMER Garrett NELSON (DL) Nebraska,2026-05-08,2026-05-08,Garrett,Nelson,DL,AMER,Nebraska,EDM,ADD NEGOTIATION LIST,True,168256,players,Negotiation List,Eligible,2026-09-05T13:30:37.057098,2026-09-05
207140,EDM ADD NEGOTIATION LIST AMER Marques COX (DL) Kentucky,2026-05-08,2026-05-08,Marques,Cox,DL,AMER,Kentucky,EDM,ADD NEGOTIATION LIST,True,186176,players,Negotiation List,Eligible,2026-09-05T13:30:37.057098,2026-09-05
207139,EDM REM SGD NEGOTIATION LIST AMER ShunDerrick POWELL (RB) Central Arkansas,2026-05-08,2026-05-08,ShunDerrick,Powell,RB,AMER,Central Arkansas,EDM,REM SGD NEGOTIATION LIST,True,168970,players,Eligible,Negotiation List,2026-09-05T13:30:37.057098,2026-09-05
207135,EDM REM SGD NEGOTIATION LIST AMER Terez REID (DB) Florida Atlantic,2026-05-08,2026-05-08,Terez,Reid,DB,AMER,Florida Atlantic,EDM,REM SGD NEGOTIATION LIST,True,186068,players,Eligible,Negotiation List,2026-09-05T13:30:37.057098,2026-09-05
207134,EDM ADD NEGOTIATION LIST AMER Jamaal PRITCHETT (WR) South Alabama,2026-05-08,2026-05-08,Jamaal,Pritchett,WR,AMER,South Alabama,EDM,ADD NEGOTIATION LIST,True,169286,players,Negotiation List,Eligible,2026-09-05T13:30:37.057098,2026-09-05
207132,CGY REM UNS NEGOTIATION LIST AMER Jase MCCLELLAN (RB) Alabama,2026-05-08,2026-05-08,Jase,McClellan,RB,AMER,Alabama,CGY,REM UNS NEGOTIATION LIST,True,168714,players,Eligible,Negotiation List,2026-09-05T13:30:37.057098,2026-09-05
207133,CGY ADD NEGOTIATION LIST AMER Bakyne COLY (OL) Purdue,2026-05-08,2026-05-08,Bakyne,Coly,OL,AMER,Purdue,CGY,ADD NEGOTIATION LIST,True,186175,players,Negotiation List,Eligible,2026-09-05T13:30:37.057098,2026-09-05
207130,EDM ADD NEGOTIATION LIST AMER Tysheem JOHNSON (DB) Oregon,2026-05-08,2026-05-08,Tysheem,Johnson,DB,AMER,Oregon,EDM,ADD NEGOTIATION LIST,True,184999,players,Negotiation List,Eligible,2026-09-05T13:30:37.057098,2026-09-05
207131,CGY ADD NEGOTIATION LIST AMER Jacoby WINDMON (DL) Michigan State,2026-05-08,2026-05-08,Jacoby,Windmon,DL,AMER,Michigan State,CGY,ADD NEGOTIATION LIST,True,168908,players,Negotiation List,Eligible,2026-09-05T13:30:37.057098,2026-09-05
207123,EDM REM SGD NEGOTIATION LIST AMER Joshua CEPHUS (WR) Texas at San Antonio,2026-05-07,2026-05-07,Joshua,Cephus,WR,AMER,Texas at San Antonio,EDM,REM SGD NEGOTIATION LIST,True,185773,players,Eligible,Negotiation List,2026-09-05T13:30:37.057098,2026-09-05
207121,EDM ADD NEGOTIATION LIST AMER Terez REID (DB) Florida Atlantic,2026-05-07,2026-05-07,Terez,Reid,DB,AMER,Florida Atlantic,EDM,ADD NEGOTIATION LIST,True,186068,players,Negotiation List,Eligible,2026-09-05T13:30:37.057098,2026-09-05
207118,HAM REM UNS NEGOTIATION LIST AMER CJ BREWER (DL) Coastal Carolina,2026-05-07,2026-05-07,CJ,BREWER,DL,AMER,Coastal Carolina,HAM,REM UNS NEGOTIATION LIST,True,166889,players,Eligible,Negotiation List,2026-09-05T13:30:37.057098,2026-09-05
207119,HAM ADD NEGOTIATION LIST AMER Yasir HOLMES (DL) Tarleton State,2026-05-07,2026-05-07,Yasir,Holmes,DL,AMER,Tarleton State,HAM,ADD NEGOTIATION LIST,True,186173,players,Negotiation List,Eligible,2026-09-05T13:30:37.057098,2026-09-05
207117,SSK ADD NEGOTIATION LIST AMER Thomas RUSH (DL) Minnesota,2026-05-07,2026-05-07,Thomas,RUSH,DL,AMER,Minnesota,SSK,ADD NEGOTIATION LIST,True,167649,players,Negotiation List,Eligible,2026-09-05T13:30:37.057098,2026-09-05
207116,SSK REM UNS NEGOTIATION LIST AMER Delontae SCOTT (DL) Southern Methodist,2026-05-07,2026-05-07,Delontae,SCOTT,DL,AMER,Southern Methodist,SSK,REM UNS NEGOTIATION LIST,True,166133,players,Eligible,Negotiation List,2026-09-05T13:30:37.057098,2026-09-05
207105,CGY ADD NEGOTIATION LIST AMER Javin WHATLEY (WR) Arizona,2026-05-06,2026-05-06,Javin,Whatley,WR,AMER,Arizona,CGY,ADD NEGOTIATION LIST,True,186172,players,Negotiation List,Eligible,2026-09-05T13:30:37.057098,2026-09-05
207096,OTT REM SGD NEGOTIATION LIST AMER John DUNMORE (WR) Towson University,2026-05-06,2026-05-06,John,Dunmore,WR,AMER,Towson University,OTT,REM SGD NEGOTIATION LIST,True,186096,players,Eligible,Negotiation List,2026-09-05T13:30:37.057098,2026-09-05
207097,OTT ADD NEGOTIATION LIST AMER Ty PENNINGTON (QB) Northern Arizona,2026-05-06,2026-05-06,Ty,Pennington,QB,AMER,Northern Arizona,OTT,ADD NEGOTIATION LIST,True,186168,players,Negotiation List,Eligible,2026-09-05T13:30:37.057098,2026-09-05
207098,OTT ADD NEGOTIATION LIST AMER JC FRENCH IV (QB) Cincinnati,2026-05-06,2026-05-06,JC,French IV,QB,AMER,Cincinnati,OTT,ADD NEGOTIATION LIST,True,186169,players,Negotiation List,Eligible,2026-09-05T13:30:37.057098,2026-09-05
207099,SSK ADD NEGOTIATION LIST AMER Ashtyn HAWKINS (WR) Baylor,2026-05-06,2026-05-06,Ashtyn,Hawkins,WR,AMER,Baylor,SSK,ADD NEGOTIATION LIST,True,186170,players,Negotiation List,Eligible,2026-09-05T13:30:37.057098,2026-09-05
207100,BC REM UNS NEGOTIATION LIST AMER Fentrell CYPRESS II (DB) Florida State,2026-05-06,2026-05-06,Fentrell,Cypress II,DB,AMER,Florida State,BC,REM UNS NEGOTIATION LIST,True,185058,players,Eligible,Negotiation List,2026-09-05T13:30:37.057098,2026-09-05
207101,BC ADD NEGOTIATION LIST AMER Morice NORRIS (DB) Fresno State,2026-05-06,2026-05-06,Morice,Norris,DB,AMER,Fresno State,BC,ADD NEGOTIATION LIST,True,186171,players,Negotiation List,Eligible,2026-09-05T13:30:37.057098,2026-09-05
207095,OTT ADD NEGOTIATION LIST AMER James DJONKAM (DL) Eastern Michigan,2026-05-06,2026-05-06,James,Djonkam,DL,AMER,Eastern Michigan,OTT,ADD NEGOTIATION LIST,True,186167,players,Negotiation List,Eligible,2026-09-05T13:30:37.057098,2026-09-05
207092,EDM ADD NEGOTIATION LIST AMER Anthony KENDALL (DB) Baldwin-Wallace College,2026-05-06,2026-05-06,Anthony,Kendall,DB,AMER,Baldwin-Wallace College,EDM,ADD NEGOTIATION LIST,True,168221,players,Negotiation List,Eligible,2026-09-05T13:30:37.057098,2026-09-05
207093,SSK ADD NEGOTIATION LIST AMER Jordan MIMS (RB) Fresno State,2026-05-06,2026-05-06,Jordan,Mims,RB,AMER,Fresno State,SSK,ADD NEGOTIATION LIST,True,168356,players,Negotiation List,Eligible,2026-09-05T13:30:37.057098,2026-09-05
207094,OTT ADD NEGOTIATION LIST AMER Jadarrius PERKINS (DB) Delaware State,2026-05-06,2026-05-06,Jadarrius,Perkins,DB,AMER,Delaware State,OTT,ADD NEGOTIATION LIST,True,186166,players,Negotiation List,Eligible,2026-09-05T13:30:37.057098,2026-09-05
207090,OTT REM SGD NEGOTIATION LIST AMER Shadwel NKUBA II (DB) Illinois State,2026-05-06,2026-05-06,Shadwel,Nkuba II,DB,AMER,Illinois State,OTT,REM SGD NEGOTIATION LIST,True,186077,players,Eligible,Negotiation List,2026-09-05T13:30:37.057098,2026-09-05
207089,OTT REM SGD NEGOTIATION LIST AMER Julian GRAY (RB) Liberty,2026-05-06,2026-05-06,Julian,Gray,RB,AMER,Liberty,OTT,REM SGD NEGOTIATION LIST,True,185998,players,Eligible,Negotiation List,2026-09-05T13:30:37.057098,2026-09-05
207088,OTT REM SGD NEGOTIATION LIST AMER TJ SPEIGHT (WR) Monmouth,2026-05-06,2026-05-06,TJ,Speight,WR,AMER,Monmouth,OTT,REM SGD NEGOTIATION LIST,True,184979,players,Eligible,Negotiation List,2026-09-05T13:30:37.057098,2026-09-05
207064,SSK ADD NEGOTIATION LIST AMER Sam BRUMFIELD (LB) Memphis,2026-05-05,2026-05-05,Sam,Brumfield,LB,AMER,Memphis,SSK,ADD NEGOTIATION LIST,True,186165,players,Negotiation List,Eligible,2026-09-05T13:30:37.057098,2026-09-05
207060,SSK ADD NEGOTIATION LIST AMER Blake WATSON (RB) Memphis,2026-05-05,2026-05-05,Blake,Watson,RB,AMER,Memphis,SSK,ADD NEGOTIATION LIST,True,169216,players,Negotiation List,Eligible,2026-09-05T13:30:37.057098,2026-09-05
207059,SSK REM UNS NEGOTIATION LIST AMER Sifa LEOTA (LB) Louisiana Tech,2026-05-05,2026-05-05,Sifa,Leota,LB,AMER,Louisiana Tech,SSK,REM UNS NEGOTIATION LIST,True,185012,players,Eligible,Negotiation List,2026-09-05T13:30:37.057098,2026-09-05
207058,MTL ADD NEGOTIATION LIST AMER Sterling WEBB (DL) Missouri,2026-05-05,2026-05-05,Sterling,Webb,DL,AMER,Missouri,MTL,ADD NEGOTIATION LIST,True,186164,players,Negotiation List,Eligible,2026-09-05T13:30:37.057098,2026-09-05
207057,MTL ADD NEGOTIATION LIST AMER Quinn URWILER (LB) Northern Illinois,2026-05-05,2026-05-05,Quinn,Urwiler,LB,AMER,Northern Illinois,MTL,ADD NEGOTIATION LIST,True,186163,players,Negotiation List,Eligible,2026-09-05T13:30:37.057098,2026-09-05
207054,OTT REM UNS NEGOTIATION LIST AMER Anthony JOHNSON JR (DB) Iowa State,2026-05-05,2026-05-05,Anthony,Johnson Jr,DB,AMER,Iowa State,OTT,REM UNS NEGOTIATION LIST,True,185939,players,Eligible,Negotiation List,2026-09-05T13:30:37.057098,2026-09-05
207055,OTT ADD NEGOTIATION LIST AMER Quentin MOTEN (DB) Northern Arizona,2026-05-05,2026-05-05,Quentin,Moten,DB,AMER,Northern Arizona,OTT,ADD NEGOTIATION LIST,True,186162,players,Negotiation List,Eligible,2026-09-05T13:30:37.057098,2026-09-05
207053,EDM REM SGD NEGOTIATION LIST AMER Jason LALIBERTE JR (OL) St. Thomas-Minnesota,2026-05-05,2026-05-05,Jason,Laliberte Jr,OL,AMER,St. Thomas-Minnesota,EDM,REM SGD NEGOTIATION LIST,True,186006,players,Eligible,Negotiation List,2026-09-05T13:30:37.057098,2026-09-05
207051,TOR REM SGD NEGOTIATION LIST AMER Jason COMPOH (DL) Merrimack,2026-05-05,2026-05-05,Jason,Compoh,DL,AMER,Merrimack,TOR,REM SGD NEGOTIATION LIST,True,185886,players,Eligible,Negotiation List,2026-09-05T13:30:37.057098,2026-09-05
207049,HAM REM UNS NEGOTIATION LIST AMER Kazmeir ALLEN (WR) UCLA,2026-05-05,2026-05-05,Kazmeir,Allen,WR,AMER,UCLA,HAM,REM UNS NEGOTIATION LIST,True,168539,players,Eligible,Negotiation List,2026-09-05T13:30:37.057098,2026-09-05
207050,HAM ADD NEGOTIATION LIST AMER Deantre PRINCE (DB) Mississippi,2026-05-05,2026-05-05,Deantre,Prince,DB,AMER,Mississippi,HAM,ADD NEGOTIATION LIST,True,186161,players,Negotiation List,Eligible,2026-09-05T13:30:37.057098,2026-09-05
207045,OTT ADD NEGOTIATION LIST AMER Grant DUBOSE (WR) Coastal Carolina,2026-05-05,2026-05-05,Grant,DuBose,WR,AMER,Coastal Carolina,OTT,ADD NEGOTIATION LIST,True,186160,players,Negotiation List,Eligible,2026-09-05T13:30:37.057098,2026-09-05
207044,OTT REM UNS NEGOTIATION LIST AMER Devin HARPER (LB) Oklahoma State,2026-05-05,2026-05-05,Devin,Harper,LB,AMER,Oklahoma State,OTT,REM UNS NEGOTIATION LIST,True,186007,players,Eligible,Negotiation List,2026-09-05T13:30:37.057098,2026-09-05
207043,CGY REM SGD NEGOTIATION LIST AMER Jacolby CRISWELL (QB) East Tennessee State,2026-05-05,2026-05-05,Jacolby,Criswell,QB,AMER,East Tennessee State,CGY,REM SGD NEGOTIATION LIST,True,185841,players,Eligible,Negotiation List,2026-09-05T13:30:37.057098,2026-09-05
207039,OTT ADD NEGOTIATION LIST AMER KC OSSAI (DL) Louisiana,2026-05-05,2026-05-05,KC,Ossai,DL,AMER,Louisiana,OTT,ADD NEGOTIATION LIST,True,186158,players,Negotiation List,Eligible,2026-09-05T13:30:37.057098,2026-09-05
207037,WPG ADD NEGOTIATION LIST AMER Charles SNOWDEN (DL) Virginia,2026-05-05,2026-05-05,Charles,SNOWDEN,DL,AMER,Virginia,WPG,ADD NEGOTIATION LIST,True,167309,players,Negotiation List,Eligible,2026-09-05T13:30:37.057098,2026-09-05
207038,OTT REM UNS NEGOTIATION LIST AMER Anthony PITTMAN (LB) Wayne State,2026-05-05,2026-05-05,Anthony,Pittman,LB,AMER,Wayne State,OTT,REM UNS NEGOTIATION LIST,True,185896,players,Eligible,Negotiation List,2026-09-05T13:30:37.057098,2026-09-05
207036,MTL REM SGD NEGOTIATION LIST AMER Landen KING (TE) Duke,2026-05-05,2026-05-05,Landen,King,TE,AMER,Duke,MTL,REM SGD NEGOTIATION LIST,True,186118,players,Eligible,Negotiation List,2026-09-05T13:30:37.057098,2026-09-05
207035,EDM REM SGD NEGOTIATION LIST AMER Jadon PEARSON (LB) Fresno State,2026-05-05,2026-05-05,Jadon,Pearson,LB,AMER,Fresno State,EDM,REM SGD NEGOTIATION LIST,True,186073,players,Eligible,Negotiation List,2026-09-05T13:30:37.057098,2026-09-05
207034,MTL REM SGD NEGOTIATION LIST AMER Tsion NUNNALLY (WR) Idaho State,2026-05-05,2026-05-05,Tsion,Nunnally,WR,AMER,Idaho State,MTL,REM SGD NEGOTIATION LIST,True,185899,players,Eligible,Negotiation List,2026-09-05T13:30:37.057098,2026-09-05
207028,MTL ADD NEGOTIATION LIST AMER Damonte SMITH (DL) Middle Tennessee State,2026-05-04,2026-05-04,Damonte,Smith,DL,AMER,Middle Tennessee State,MTL,ADD NEGOTIATION LIST,True,185862,players,Negotiation List,Eligible,2026-09-05T13:30:37.057098,2026-09-05
207027,MTL REM UNS NEGOTIATION LIST AMER Trishton JACKSON (WR) Syracuse,2026-05-04,2026-05-04,Trishton,Jackson,WR,AMER,Syracuse,MTL,REM UNS NEGOTIATION LIST,True,186001,players,Eligible,Negotiation List,2026-09-05T13:30:37.057098,2026-09-05
207026,BC ADD NEGOTIATION LIST AMER Nate RUTCHENA (LB) UC Davis,2026-05-04,2026-05-04,Nate,Rutchena,LB,AMER,UC Davis,BC,ADD NEGOTIATION LIST,True,185958,players,Negotiation List,Eligible,2026-09-05T13:30:37.057098,2026-09-05
207022,HAM ADD NEGOTIATION LIST AMER Isaiah JOHNSON (DB) Syracuse,2026-05-04,2026-05-04,Isaiah,Johnson,DB,AMER,Syracuse,HAM,ADD NEGOTIATION LIST,True,169092,players,Negotiation List,Eligible,2026-09-05T13:30:37.057098,2026-09-05
207021,HAM REM SGD NEGOTIATION LIST AMER Inumidun AYO-DUROJAIYE (LB) Yale,2026-05-04,2026-05-04,Inumidun,Ayo-Durojaiye,LB,AMER,Yale,HAM,REM SGD NEGOTIATION LIST,True,186035,players,Eligible,Negotiation List,2026-09-05T13:30:37.057098,2026-09-05
207018,HAM ADD NEGOTIATION LIST AMER Derrick MCLENDON (DL) Colorado,2026-05-04,2026-05-04,Derrick,McLendon,DL,AMER,Colorado,HAM,ADD NEGOTIATION LIST,True,184823,players,Negotiation List,Eligible,2026-09-05T13:30:37.057098,2026-09-05
207015,BC REM SGD NEGOTIATION LIST AMER Kaidon SALTER (QB) Liberty,2026-05-04,2026-05-04,Kaidon,SALTER,QB,AMER,Liberty,BC,REM SGD NEGOTIATION LIST,True,168294,players,Eligible,Negotiation List,2026-09-05T13:30:37.057098,2026-09-05
207004,CGY ADD NEGOTIATION LIST AMER Joshua SINGH (DL) Vanderbilt,2026-05-04,2026-05-04,Joshua,Singh,DL,AMER,Vanderbilt,CGY,ADD NEGOTIATION LIST,True,186157,players,Negotiation List,Eligible,2026-09-05T13:30:37.057098,2026-09-05
207003,EDM ADD NEGOTIATION LIST AMER Lemondre JOE (DB) Colorado State,2026-05-04,2026-05-04,Lemondre,Joe,DB,AMER,Colorado State,EDM,ADD NEGOTIATION LIST,True,186156,players,Negotiation List,Eligible,2026-09-05T13:30:37.057098,2026-09-05
206959,EDM REM SGD NEGOTIATION LIST AMER Julian HICKS (WR) Albany,2026-05-04,2026-05-04,Julian,Hicks,WR,AMER,Albany,EDM,REM SGD NEGOTIATION LIST,True,184920,players,Eligible,Negotiation List,2026-09-05T13:30:37.057098,2026-09-05
206952,CGY ADD NEGOTIATION LIST AMER Nevaeh SANDERS (LB) Mississippi State,2026-05-04,2026-05-04,Nevaeh,Sanders,LB,AMER,Mississippi State,CGY,ADD NEGOTIATION LIST,True,186155,players,Negotiation List,Eligible,2026-09-05T13:30:37.057098,2026-09-05
206939,HAM REM SGD NEGOTIATION LIST AMER Gabriel JEUDY-LALLY (DB) Tennessee,2026-05-04,2026-05-04,Gabriel,Jeudy-Lally,DB,AMER,Tennessee,HAM,REM SGD NEGOTIATION LIST,True,185857,players,Eligible,Negotiation List,2026-09-05T13:30:37.057098,2026-09-05
206934,BC ADD NEGOTIATION LIST AMER DaeDae REYNOLDS (WR) UNLV,2026-05-04,2026-05-04,DaeDae,Reynolds,WR,AMER,UNLV,BC,ADD NEGOTIATION LIST,True,186152,players,Negotiation List,Eligible,2026-09-05T13:30:37.057098,2026-09-05
206933,BC REM SGD NEGOTIATION LIST AMER Marc STAMPLEY II (DB) Houston,2026-05-04,2026-05-04,Marc,STAMPLEY II,DB,AMER,Houston,BC,REM SGD NEGOTIATION LIST,True,185817,players,Eligible,Negotiation List,2026-09-05T13:30:37.057098,2026-09-05
206935,MTL REM UNS NEGOTIATION LIST AMER Thomas BUXTON (OL) Rhode Island,2026-05-04,2026-05-04,Thomas,Buxton,OL,AMER,Rhode Island,MTL,REM UNS NEGOTIATION LIST,True,186074,players,Eligible,Negotiation List,2026-09-05T13:30:37.057098,2026-09-05
206936,MTL ADD NEGOTIATION LIST AMER Tsion NUNNALLY (WR) Idaho State,2026-05-04,2026-05-04,Tsion,Nunnally,WR,AMER,Idaho State,MTL,ADD NEGOTIATION LIST,True,185899,players,Negotiation List,Eligible,2026-09-05T13:30:37.057098,2026-09-05
206937,MTL REM UNS NEGOTIATION LIST AMER Matthew JONES (OL) Ohio State,2026-05-04,2026-05-04,Matthew,Jones,OL,AMER,Ohio State,MTL,REM UNS NEGOTIATION LIST,True,185954,players,Eligible,Negotiation List,2026-09-05T13:30:37.057098,2026-09-05
206938,MTL ADD NEGOTIATION LIST AMER Javon GIPSON (WR) Abilene Christian,2026-05-04,2026-05-04,Javon,Gipson,WR,AMER,Abilene Christian,MTL,ADD NEGOTIATION LIST,True,186153,players,Negotiation List,Eligible,2026-09-05T13:30:37.057098,2026-09-05
206923,WPG ADD NEGOTIATION LIST AMER La'Vontae SHENAULT (WR) Northeastern State,2026-05-04,2026-05-04,La'Vontae,Shenault,WR,AMER,Northeastern State,WPG,ADD NEGOTIATION LIST,True,186147,players,Negotiation List,Eligible,2026-09-05T13:30:37.057098,2026-09-05
206927,OTT REM UNS NEGOTIATION LIST AMER Kobe SINGLETON (DB) Oregon State,2026-05-04,2026-05-04,Kobe,Singleton,DB,AMER,Oregon State,OTT,REM UNS NEGOTIATION LIST,True,186133,players,Eligible,Negotiation List,2026-09-05T13:30:37.057098,2026-09-05
206928,OTT ADD NEGOTIATION LIST AMER Nate NOEL (RB) Missouri,2026-05-04,2026-05-04,Nate,Noel,RB,AMER,Missouri,OTT,ADD NEGOTIATION LIST,True,185007,players,Negotiation List,Eligible,2026-09-05T13:30:37.057098,2026-09-05
206929,EDM REM UNS NEGOTIATION LIST AMER Ryan SCHERNECKE (OL) Kutztown,2026-05-04,2026-05-04,Ryan,Schernecke,OL,AMER,Kutztown,EDM,REM UNS NEGOTIATION LIST,True,185148,players,Eligible,Negotiation List,2026-09-05T13:30:37.057098,2026-09-05
206930,EDM ADD NEGOTIATION LIST AMER LaMareon JAMES (DB) Texas Christian,2026-05-04,2026-05-04,LaMareon,James,DB,AMER,Texas Christian,EDM,ADD NEGOTIATION LIST,True,185123,players,Negotiation List,Eligible,2026-09-05T13:30:37.057098,2026-09-05
206931,MTL REM UNS NEGOTIATION LIST AMER Zane HERRING (OL) South Florida,2026-05-04,2026-05-04,Zane,Herring,OL,AMER,South Florida,MTL,REM UNS NEGOTIATION LIST,True,186004,players,Eligible,Negotiation List,2026-09-05T13:30:37.057098,2026-09-05
206932,MTL ADD NEGOTIATION LIST AMER Micah DAVEY (LB) Texas El Paso,2026-05-04,2026-05-04,Micah,Davey,LB,AMER,Texas El Paso,MTL,ADD NEGOTIATION LIST,True,186151,players,Negotiation List,Eligible,2026-09-05T13:30:37.057098,2026-09-05
206914,WPG REM SGD NEGOTIATION LIST AMER Ja'Kobe CLINTON (LB) West Florida,2026-05-04,2026-05-04,Ja'Kobe,Clinton,LB,AMER,West Florida,WPG,REM SGD NEGOTIATION LIST,True,185960,players,Eligible,Negotiation List,2026-09-05T13:30:37.057098,2026-09-05
206911,SSK REM SGD NEGOTIATION LIST AMER Nathan PICKERING (DL) Mississippi State,2026-05-04,2026-05-04,Nathan,Pickering,DL,AMER,Mississippi State,SSK,REM SGD NEGOTIATION LIST,True,169588,players,Eligible,Negotiation List,2026-09-05T13:30:37.057098,2026-09-05
206905,WPG REM SGD NEGOTIATION LIST AMER David REESE (DL) Syracuse,2026-05-04,2026-05-04,David,Reese,DL,AMER,Syracuse,WPG,REM SGD NEGOTIATION LIST,True,186069,players,Eligible,Negotiation List,2026-09-05T13:30:37.057098,2026-09-05
206904,SSK REM SGD NEGOTIATION LIST AMER Reed HUGHES (LS) Auburn,2026-05-04,2026-05-04,Reed,Hughes,LS,AMER,Auburn,SSK,REM SGD NEGOTIATION LIST,True,186143,players,Eligible,Negotiation List,2026-09-05T13:30:37.057098,2026-09-05
206832,SSK REM SGD NEGOTIATION LIST AMER Austin MCKINNEY (DB) Northwest Missouri State,2026-05-01,2026-05-01,Austin,McKinney,DB,AMER,Northwest Missouri State,SSK,REM SGD NEGOTIATION LIST,True,184673,players,Eligible,Negotiation List,2026-09-05T13:30:37.057098,2026-09-05
206822,EDM REM UNS NEGOTIATION LIST AMER JB BROWN (LB) Kansas,2026-05-01,2026-05-01,JB,Brown,LB,AMER,Kansas,EDM,REM UNS NEGOTIATION LIST,True,184846,players,Eligible,Negotiation List,2026-09-05T13:30:37.057098,2026-09-05
206820,SSK REM UNS NEGOTIATION LIST AMER Brent MATISCIK (LS) Texas Christian,2026-05-01,2026-05-01,Brent,Matiscik,LS,AMER,Texas Christian,SSK,REM UNS NEGOTIATION LIST,True,186136,players,Eligible,Negotiation List,2026-09-05T13:30:37.057098,2026-09-05
206821,SSK ADD NEGOTIATION LIST AMER Reed HUGHES (LS) Auburn,2026-05-01,2026-05-01,Reed,Hughes,LS,AMER,Auburn,SSK,ADD NEGOTIATION LIST,True,186143,players,Negotiation List,Eligible,2026-09-05T13:30:37.057098,2026-09-05
206823,EDM ADD NEGOTIATION LIST AMER Isiah KING (LB) Idaho,2026-05-01,2026-05-01,Isiah,King,LB,AMER,Idaho,EDM,ADD NEGOTIATION LIST,True,186008,players,Negotiation List,Eligible,2026-09-05T13:30:37.057098,2026-09-05
206810,WPG REM SGD NEGOTIATION LIST AMER Omari ARNOLD (RB) Georgia Southern,2026-05-01,2026-05-01,Omari,Arnold,RB,AMER,Georgia Southern,WPG,REM SGD NEGOTIATION LIST,True,186095,players,Eligible,Negotiation List,2026-09-05T13:30:37.057098,2026-09-05
206811,WPG ADD NEGOTIATION LIST AMER Matthew HENRY (WR) Western Kentucky,2026-05-01,2026-05-01,Matthew,Henry,WR,AMER,Western Kentucky,WPG,ADD NEGOTIATION LIST,True,186141,players,Negotiation List,Eligible,2026-09-05T13:30:37.057098,2026-09-05
206801,OTT ADD NEGOTIATION LIST AMER Dominique RATCLIFF (DL) Indiana,2026-05-01,2026-05-01,Dominique,Ratcliff,DL,AMER,Indiana,OTT,ADD NEGOTIATION LIST,True,186138,players,Negotiation List,Eligible,2026-09-05T13:30:37.057098,2026-09-05
206802,OTT ADD NEGOTIATION LIST AMER Bob ANDERSON (OL) Ferris State,2026-05-01,2026-05-01,Bob,Anderson,OL,AMER,Ferris State,OTT,ADD NEGOTIATION LIST,True,186139,players,Negotiation List,Eligible,2026-09-05T13:30:37.057098,2026-09-05
206803,SSK REM UNS NEGOTIATION LIST AMER Tristan NEWSON (LB) Missouri,2026-05-01,2026-05-01,Tristan,Newson,LB,AMER,Missouri,SSK,REM UNS NEGOTIATION LIST,True,169306,players,Eligible,Negotiation List,2026-09-05T13:30:37.057098,2026-09-05
206804,SSK ADD NEGOTIATION LIST AMER JJ HESTER (WR) Kentucky,2026-05-01,2026-05-01,JJ,Hester,WR,AMER,Kentucky,SSK,ADD NEGOTIATION LIST,True,186140,players,Negotiation List,Eligible,2026-09-05T13:30:37.057098,2026-09-05
206790,CGY REM SGD NEGOTIATION LIST AMER Deondre BUFORD (OL) Cincinnati,2026-05-01,2026-05-01,Deondre,Buford,OL,AMER,Cincinnati,CGY,REM SGD NEGOTIATION LIST,True,186080,players,Eligible,Negotiation List,2026-09-05T13:30:37.057098,2026-09-05
206789,CGY REM SGD NEGOTIATION LIST AMER Ike LARSEN (DB) Utah State,2026-05-01,2026-05-01,Ike,Larsen,DB,AMER,Utah State,CGY,REM SGD NEGOTIATION LIST,True,186090,players,Eligible,Negotiation List,2026-09-05T13:30:37.057098,2026-09-05
206761,SSK REM UNS NEGOTIATION LIST AMER Terez REID (DB) Florida Atlantic,2026-04-30,2026-04-30,Terez,Reid,DB,AMER,Florida Atlantic,SSK,REM UNS NEGOTIATION LIST,True,186068,players,Eligible,Negotiation List,2026-09-05T13:30:37.057098,2026-09-05
206762,SSK ADD NEGOTIATION LIST AMER Austin MCKINNEY (DB) Northwest Missouri State,2026-04-30,2026-04-30,Austin,McKinney,DB,AMER,Northwest Missouri State,SSK,ADD NEGOTIATION LIST,True,184673,players,Negotiation List,Eligible,2026-09-05T13:30:37.057098,2026-09-05
206759,SSK ADD NEGOTIATION LIST AMER Brent MATISCIK (LS) Texas Christian,2026-04-30,2026-04-30,Brent,Matiscik,LS,AMER,Texas Christian,SSK,ADD NEGOTIATION LIST,True,186136,players,Negotiation List,Eligible,2026-09-05T13:30:37.057098,2026-09-05
206758,OTT REM UNS NEGOTIATION LIST AMER Cam WILSON (DB) Illinois State,2026-04-30,2026-04-30,Cam,Wilson,DB,AMER,Illinois State,OTT,REM UNS NEGOTIATION LIST,True,186011,players,Eligible,Negotiation List,2026-09-05T13:30:37.057098,2026-09-05
206757,OTT ADD NEGOTIATION LIST AMER Raphael WILLIAMS (WR) Pittsburgh,2026-04-30,2026-04-30,Raphael,Williams,WR,AMER,Pittsburgh,OTT,ADD NEGOTIATION LIST,True,186135,players,Negotiation List,Eligible,2026-09-05T13:30:37.057098,2026-09-05
206756,OTT ADD NEGOTIATION LIST AMER Seth ANDERSON (WR) Iowa,2026-04-30,2026-04-30,Seth,Anderson,WR,AMER,Iowa,OTT,ADD NEGOTIATION LIST,True,186134,players,Negotiation List,Eligible,2026-09-05T13:30:37.057098,2026-09-05
206755,OTT ADD NEGOTIATION LIST AMER Kobe SINGLETON (DB) Oregon State,2026-04-30,2026-04-30,Kobe,Singleton,DB,AMER,Oregon State,OTT,ADD NEGOTIATION LIST,True,186133,players,Negotiation List,Eligible,2026-09-05T13:30:37.057098,2026-09-05
206754,TOR REM SGD NEGOTIATION LIST AMER Jordan POLLARD (LB) San Jose State,2026-04-30,2026-04-30,Jordan,Pollard,LB,AMER,San Jose State,TOR,REM SGD NEGOTIATION LIST,True,185977,players,Eligible,Negotiation List,2026-09-05T13:30:37.057098,2026-09-05
206751,CGY ADD NEGOTIATION LIST AMER Amari DANIELS (RB) Texas A&M,2026-04-30,2026-04-30,Amari,Daniels,RB,AMER,Texas A&M,CGY,ADD NEGOTIATION LIST,True,186132,players,Negotiation List,Eligible,2026-09-05T13:30:37.057098,2026-09-05
206743,OTT REM SGD NEGOTIATION LIST AMER Jamal MULL (OL) Central Arkansas,2026-04-30,2026-04-30,Jamal,Mull,OL,AMER,Central Arkansas,OTT,REM SGD NEGOTIATION LIST,True,185972,players,Eligible,Negotiation List,2026-09-05T13:30:37.057098,2026-09-05
206708,HAM ADD NEGOTIATION LIST AMER Nate LYNN (DL) William & Mary,2026-04-30,2026-04-30,Nate,Lynn,DL,AMER,William & Mary,HAM,ADD NEGOTIATION LIST,True,168694,players,Negotiation List,Eligible,2026-09-05T13:30:37.057098,2026-09-05
206710,MTL ADD NEGOTIATION LIST AMER Chief BORDERS (DL) UNLV,2026-04-30,2026-04-30,Chief,Borders,DL,AMER,UNLV,MTL,ADD NEGOTIATION LIST,True,186131,players,Negotiation List,Eligible,2026-09-05T13:30:37.057098,2026-09-05
206707,HAM REM UNS NEGOTIATION LIST AMER John CAMPBELL JR (OL) Tennessee,2026-04-30,2026-04-30,John,Campbell Jr,OL,AMER,Tennessee,HAM,REM UNS NEGOTIATION LIST,True,184127,players,Eligible,Negotiation List,2026-09-05T13:30:37.057098,2026-09-05
206706,HAM ADD NEGOTIATION LIST AMER Cam RILEY (LB) Florida State,2026-04-30,2026-04-30,Cam,Riley,LB,AMER,Florida State,HAM,ADD NEGOTIATION LIST,True,184902,players,Negotiation List,Eligible,2026-09-05T13:30:37.057098,2026-09-05
206703,SSK REM SGD NEGOTIATION LIST AMER Jaylen JOHNSON (WR) East Carolina,2026-04-30,2026-04-30,Jaylen,Johnson,WR,AMER,East Carolina,SSK,REM SGD NEGOTIATION LIST,True,185095,players,Eligible,Negotiation List,2026-09-05T13:30:37.057098,2026-09-05
206696,WPG ADD NEGOTIATION LIST AMER Blake DAVIS (DB) Grambling State,2026-04-30,2026-04-30,Blake,Davis,DB,AMER,Grambling State,WPG,ADD NEGOTIATION LIST,True,185870,players,Negotiation List,Eligible,2026-09-05T13:30:37.057098,2026-09-05
206695,SSK ADD NEGOTIATION LIST GLOB James FERGUSON-REYNOLDS (P) Oregon,2026-04-30,2026-04-30,James,Ferguson-Reynolds,P,GLOB,Oregon,SSK,ADD NEGOTIATION LIST,True,186125,players,Negotiation List,Eligible,2026-09-05T13:30:37.057098,2026-09-05
206692,WPG ADD NEGOTIATION LIST AMER Jereme OMBOGO (WR) North Park University,2026-04-30,2026-04-30,Jereme,Ombogo,WR,AMER,North Park University,WPG,ADD NEGOTIATION LIST,True,185946,players,Negotiation List,Eligible,2026-09-05T13:30:37.057098,2026-09-05
206693,OTT REM UNS NEGOTIATION LIST AMER Clarence LEWIS (DB) Syracuse,2026-04-30,2026-04-30,Clarence,Lewis,DB,AMER,Syracuse,OTT,REM UNS NEGOTIATION LIST,True,185898,players,Eligible,Negotiation List,2026-09-05T13:30:37.057098,2026-09-05
206691,WPG REM UNS NEGOTIATION LIST AMER James THOMPSON JR (DL) Illinois,2026-04-30,2026-04-30,James,Thompson Jr,DL,AMER,Illinois,WPG,REM UNS NEGOTIATION LIST,True,185815,players,Eligible,Negotiation List,2026-09-05T13:30:37.057098,2026-09-05
206688,TOR REM SGD NEGOTIATION LIST AMER Keenan ISAAC (DB) Alabama State,2026-04-30,2026-04-30,Keenan,ISAAC,DB,AMER,Alabama State,TOR,REM SGD NEGOTIATION LIST,True,167648,players,Eligible,Negotiation List,2026-09-05T13:30:37.057098,2026-09-05
206685,WPG REM SGD NEGOTIATION LIST AMER Stevie ROCKER (RB) Montana,2026-04-30,2026-04-30,Stevie,Rocker,RB,AMER,Montana,WPG,REM SGD NEGOTIATION LIST,True,185987,players,Eligible,Negotiation List,2026-09-05T13:30:37.057098,2026-09-05
206684,"OTT REM SGD NEGOTIATION LIST AMER Roterius ""Ro"" TORRENCE (DB) Arizona State",2026-04-30,2026-04-30,"Roterius ""Ro""",Torrence,DB,AMER,Arizona State,OTT,REM SGD NEGOTIATION LIST,True,168997,players,Eligible,Negotiation List,2026-09-05T13:30:37.057098,2026-09-05
206681,OTT REM SGD NEGOTIATION LIST AMER KK RENO (LB) Southeastern Louisiana,2026-04-30,2026-04-30,KK,Reno,LB,AMER,Southeastern Louisiana,OTT,REM SGD NEGOTIATION LIST,True,185966,players,Eligible,Negotiation List,2026-09-05T13:30:37.057098,2026-09-05
206650,CGY ADD NEGOTIATION LIST AMER Shakur SMALLS (DB) Arkansas,2026-04-29,2026-04-29,Shakur,Smalls,DB,AMER,Arkansas,CGY,ADD NEGOTIATION LIST,True,186121,players,Negotiation List,Eligible,2026-09-05T13:30:37.057098,2026-09-05
206649,CGY REM UNS NEGOTIATION LIST AMER Zevi ECKHAUS (QB) Washington State,2026-04-29,2026-04-29,Zevi,Eckhaus,QB,AMER,Washington State,CGY,REM UNS NEGOTIATION LIST,True,168941,players,Eligible,Negotiation List,2026-09-05T13:30:37.057098,2026-09-05
206648,MTL ADD NEGOTIATION LIST AMER Landen KING (TE) Duke,2026-04-29,2026-04-29,Landen,King,TE,AMER,Duke,MTL,ADD NEGOTIATION LIST,True,186118,players,Negotiation List,Eligible,2026-09-05T13:30:37.057098,2026-09-05
206647,HAM REM SGD NEGOTIATION LIST AMER De'Jon BENTON (DL) Hawaii,2026-04-29,2026-04-29,De'Jon,Benton,DL,AMER,Hawaii,HAM,REM SGD NEGOTIATION LIST,True,185832,players,Eligible,Negotiation List,2026-09-05T13:30:37.057098,2026-09-05
206623,OTT ADD NEGOTIATION LIST AMER John DUNMORE (WR) Towson University,2026-04-29,2026-04-29,John,Dunmore,WR,AMER,Towson University,OTT,ADD NEGOTIATION LIST,True,186096,players,Negotiation List,Eligible,2026-09-05T13:30:37.057098,2026-09-05
206621,CGY REM UNS NEGOTIATION LIST AMER Jereme OMBOGO (WR) North Park University,2026-04-29,2026-04-29,Jereme,Ombogo,WR,AMER,North Park University,CGY,REM UNS NEGOTIATION LIST,True,185946,players,Eligible,Negotiation List,2026-09-05T13:30:37.057098,2026-09-05
206622,OTT REM UNS NEGOTIATION LIST AMER Sam VIDLAK (QB) Stephen F. Austin State,2026-04-29,2026-04-29,Sam,Vidlak,QB,AMER,Stephen F. Austin State,OTT,REM UNS NEGOTIATION LIST,True,185084,players,Eligible,Negotiation List,2026-09-05T13:30:37.057098,2026-09-05
206618,TOR REM SGD NEGOTIATION LIST AMER Malachi BAILEY (DL) Arizona,2026-04-29,2026-04-29,Malachi,Bailey,DL,AMER,Arizona,TOR,REM SGD NEGOTIATION LIST,True,185943,players,Eligible,Negotiation List,2026-09-05T13:30:37.057098,2026-09-05
206617,WPG ADD NEGOTIATION LIST AMER Omari ARNOLD (RB) Georgia Southern,2026-04-29,2026-04-29,Omari,Arnold,RB,AMER,Georgia Southern,WPG,ADD NEGOTIATION LIST,True,186095,players,Negotiation List,Eligible,2026-09-05T13:30:37.057098,2026-09-05
206616,WPG REM UNS NEGOTIATION LIST AMER Nate NOEL (RB) Missouri,2026-04-29,2026-04-29,Nate,Noel,RB,AMER,Missouri,WPG,REM UNS NEGOTIATION LIST,True,185007,players,Eligible,Negotiation List,2026-09-05T13:30:37.057098,2026-09-05
206604,BC ADD NEGOTIATION LIST AMER Colby TAYLOR (DL) West Florida,2026-04-29,2026-04-29,Colby,Taylor,DL,AMER,West Florida,BC,ADD NEGOTIATION LIST,True,186088,players,Negotiation List,Eligible,2026-09-05T13:30:37.057098,2026-09-05
206605,OTT ADD NEGOTIATION LIST AMER Bryce CAGE (DL) Texas State,2026-04-29,2026-04-29,Bryce,Cage,DL,AMER,Texas State,OTT,ADD NEGOTIATION LIST,True,186089,players,Negotiation List,Eligible,2026-09-05T13:30:37.057098,2026-09-05
206602,WPG REM UNS NEGOTIATION LIST AMER Anterio THOMPSON (DL) Washington,2026-04-29,2026-04-29,Anterio,Thompson,DL,AMER,Washington,WPG,REM UNS NEGOTIATION LIST,True,185790,players,Eligible,Negotiation List,2026-09-05T13:30:37.057098,2026-09-05
206603,WPG ADD NEGOTIATION LIST GLOB Tommy WILSON (WR) Potsdam Royals,2026-04-29,2026-04-29,Tommy,WILSON,WR,GLOB,Potsdam Royals,WPG,ADD NEGOTIATION LIST,True,184041,players,Negotiation List,Eligible,2026-09-05T13:30:37.057098,2026-09-05
206606,CGY REM UNS NEGOTIATION LIST AMER Jase BAUER (QB) Tennessee Martin,2026-04-29,2026-04-29,Jase,Bauer,QB,AMER,Tennessee Martin,CGY,REM UNS NEGOTIATION LIST,True,185945,players,Eligible,Negotiation List,2026-09-05T13:30:37.057098,2026-09-05
206607,CGY ADD NEGOTIATION LIST AMER Ike LARSEN (DB) Utah State,2026-04-29,2026-04-29,Ike,Larsen,DB,AMER,Utah State,CGY,ADD NEGOTIATION LIST,True,186090,players,Negotiation List,Eligible,2026-09-05T13:30:37.057098,2026-09-05
206610,WPG REM UNS NEGOTIATION LIST AMER Blake DAVIS (DB) Grambling State,2026-04-29,2026-04-29,Blake,Davis,DB,AMER,Grambling State,WPG,REM UNS NEGOTIATION LIST,True,185870,players,Eligible,Negotiation List,2026-09-05T13:30:37.057098,2026-09-05
206611,WPG ADD NEGOTIATION LIST AMER Jordan SCRUGGS (DB) West Virginia,2026-04-29,2026-04-29,Jordan,Scruggs,DB,AMER,West Virginia,WPG,ADD NEGOTIATION LIST,True,186092,players,Negotiation List,Eligible,2026-09-05T13:30:37.057098,2026-09-05
206612,BC REM UNS NEGOTIATION LIST AMER Isiah KING (LB) Idaho,2026-04-29,2026-04-29,Isiah,King,LB,AMER,Idaho,BC,REM UNS NEGOTIATION LIST,True,186008,players,Eligible,Negotiation List,2026-09-05T13:30:37.057098,2026-09-05
206613,BC ADD NEGOTIATION LIST NAT Jaxxon BRASHEAR (LB) Ottawa,2026-04-29,2026-04-29,Jaxxon,Brashear,LB,NAT,Ottawa,BC,ADD NEGOTIATION LIST,True,186093,players,Negotiation List,Eligible,2026-09-05T13:30:37.057098,2026-09-05
206614,HAM ADD NEGOTIATION LIST AMER Daveren RAYNER (LB) Kentucky,2026-04-29,2026-04-29,Daveren,Rayner,LB,AMER,Kentucky,HAM,ADD NEGOTIATION LIST,True,186094,players,Negotiation List,Eligible,2026-09-05T13:30:37.057098,2026-09-05
206601,HAM REM SGD NEGOTIATION LIST AMER Kyrese ROWAN (WR) Utah State,2026-04-29,2026-04-29,Kyrese,Rowan,WR,AMER,Utah State,HAM,REM SGD NEGOTIATION LIST,True,184896,players,Eligible,Negotiation List,2026-09-05T13:30:37.057098,2026-09-05
206600,MTL REM SGD NEGOTIATION LIST AMER Oscar CARDENAS (TE) Texas at San Antonio,2026-04-29,2026-04-29,Oscar,Cardenas,TE,AMER,Texas at San Antonio,MTL,REM SGD NEGOTIATION LIST,True,186084,players,Eligible,Negotiation List,2026-09-05T13:30:37.057098,2026-09-05
206599,CGY REM SGD NEGOTIATION LIST AMER Cameron DYE (OL) Southern Illinois,2026-04-29,2026-04-29,Cameron,Dye,OL,AMER,Southern Illinois,CGY,REM SGD NEGOTIATION LIST,True,186024,players,Eligible,Negotiation List,2026-09-05T13:30:37.057098,2026-09-05
206598,SSK REM SGD NEGOTIATION LIST AMER Percy LEWIS IV (OL) Mississippi,2026-04-29,2026-04-29,Percy,Lewis IV,OL,AMER,Mississippi,SSK,REM SGD NEGOTIATION LIST,True,185983,players,Eligible,Negotiation List,2026-09-05T13:30:37.057098,2026-09-05
206516,BC ADD NEGOTIATION LIST AMER Bryce GEORGE (OL) Iowa,2026-04-28,2026-04-28,Bryce,George,OL,AMER,Iowa,BC,ADD NEGOTIATION LIST,True,186087,players,Negotiation List,Eligible,2026-09-05T13:30:37.057098,2026-09-05
206515,OTT REM SGD NEGOTIATION LIST AMER Zach CALZADA (QB) Kentucky,2026-04-28,2026-04-28,Zach,Calzada,QB,AMER,Kentucky,OTT,REM SGD NEGOTIATION LIST,True,169279,players,Eligible,Negotiation List,2026-09-05T13:30:37.057098,2026-09-05
206512,MTL REM UNS NEGOTIATION LIST AMER Kyler MCMICHAEL (DB) North Carolina,2026-04-28,2026-04-28,Kyler,MCMICHAEL,DB,AMER,North Carolina,MTL,REM UNS NEGOTIATION LIST,True,168149,players,Eligible,Negotiation List,2026-09-05T13:30:37.057098,2026-09-05
206510,WPG REM UNS NEGOTIATION LIST AMER Aidan MEEK (OL) Sacramento State,2026-04-28,2026-04-28,Aidan,Meek,OL,AMER,Sacramento State,WPG,REM UNS NEGOTIATION LIST,True,185120,players,Eligible,Negotiation List,2026-09-05T13:30:37.057098,2026-09-05
206511,WPG ADD NEGOTIATION LIST AMER TJ BOLLERS (DL) California,2026-04-28,2026-04-28,TJ,Bollers,DL,AMER,California,WPG,ADD NEGOTIATION LIST,True,186086,players,Negotiation List,Eligible,2026-09-05T13:30:37.057098,2026-09-05
206509,MTL REM SGD NEGOTIATION LIST AMER Jakai MOORE (OL) North Carolina,2026-04-28,2026-04-28,Jakai,Moore,OL,AMER,North Carolina,MTL,REM SGD NEGOTIATION LIST,True,186079,players,Eligible,Negotiation List,2026-09-05T13:30:37.057098,2026-09-05
206507,MTL ADD NEGOTIATION LIST AMER Desmond DANIELS (OL) Alabama State,2026-04-28,2026-04-28,Desmond,Daniels,OL,AMER,Alabama State,MTL,ADD NEGOTIATION LIST,True,186085,players,Negotiation List,Eligible,2026-09-05T13:30:37.057098,2026-09-05
206505,MTL ADD NEGOTIATION LIST AMER Oscar CARDENAS (TE) Texas at San Antonio,2026-04-28,2026-04-28,Oscar,Cardenas,TE,AMER,Texas at San Antonio,MTL,ADD NEGOTIATION LIST,True,186084,players,Negotiation List,Eligible,2026-09-05T13:30:37.057098,2026-09-05
206504,MTL REM UNS NEGOTIATION LIST AMER Da'Jon TERRY (DL) Oklahoma,2026-04-28,2026-04-28,Da'Jon,Terry,DL,AMER,Oklahoma,MTL,REM UNS NEGOTIATION LIST,True,185877,players,Eligible,Negotiation List,2026-09-05T13:30:37.057098,2026-09-05
206503,OTT ADD NEGOTIATION LIST AMER RJ OBEN (DL) Notre Dame,2026-04-28,2026-04-28,RJ,Oben,DL,AMER,Notre Dame,OTT,ADD NEGOTIATION LIST,True,184170,players,Negotiation List,Eligible,2026-09-05T13:30:37.057098,2026-09-05
206502,OTT REM UNS NEGOTIATION LIST AMER BJ ADAMS (DB) Central Florida,2026-04-28,2026-04-28,BJ,Adams,DB,AMER,Central Florida,OTT,REM UNS NEGOTIATION LIST,True,184965,players,Eligible,Negotiation List,2026-09-05T13:30:37.057098,2026-09-05
206501,BC ADD NEGOTIATION LIST AMER Xavier HOLMES (DL) James Madison,2026-04-28,2026-04-28,Xavier,Holmes,DL,AMER,James Madison,BC,ADD NEGOTIATION LIST,True,186082,players,Negotiation List,Eligible,2026-09-05T13:30:37.057098,2026-09-05
206500,EDM ADD NEGOTIATION LIST AMER John JILES JR (WR) West Florida,2026-04-28,2026-04-28,John,JILES JR,WR,AMER,West Florida,EDM,ADD NEGOTIATION LIST,True,165454,players,Negotiation List,Eligible,2026-09-05T13:30:37.057098,2026-09-05
206497,CGY REM UNS NEGOTIATION LIST AMER Temi AJIROTUTU (OL) Villanova,2026-04-28,2026-04-28,Temi,Ajirotutu,OL,AMER,Villanova,CGY,REM UNS NEGOTIATION LIST,True,186029,players,Eligible,Negotiation List,2026-09-05T13:30:37.057098,2026-09-05
206498,CGY ADD NEGOTIATION LIST AMER Kamar MISSOURI (OL) Texas-San Antonio,2026-04-28,2026-04-28,Kamar,Missouri,OL,AMER,Texas-San Antonio,CGY,ADD NEGOTIATION LIST,True,186081,players,Negotiation List,Eligible,2026-09-05T13:30:37.057098,2026-09-05
206499,EDM REM UNS NEGOTIATION LIST AMER Tsion NUNNALLY (WR) Idaho State,2026-04-28,2026-04-28,Tsion,Nunnally,WR,AMER,Idaho State,EDM,REM UNS NEGOTIATION LIST,True,185899,players,Eligible,Negotiation List,2026-09-05T13:30:37.057098,2026-09-05
206490,CGY ADD NEGOTIATION LIST AMER Deondre BUFORD (OL) Cincinnati,2026-04-27,2026-04-27,Deondre,Buford,OL,AMER,Cincinnati,CGY,ADD NEGOTIATION LIST,True,186080,players,Negotiation List,Eligible,2026-09-05T13:30:37.057098,2026-09-05
206489,CGY REM UNS NEGOTIATION LIST AMER Ta'Quan ROBERSON (QB) Buffalo,2026-04-27,2026-04-27,Ta'Quan,Roberson,QB,AMER,Buffalo,CGY,REM UNS NEGOTIATION LIST,True,185942,players,Eligible,Negotiation List,2026-09-05T13:30:37.057098,2026-09-05
206488,MTL ADD NEGOTIATION LIST AMER Jakai MOORE (OL) North Carolina,2026-04-27,2026-04-27,Jakai,Moore,OL,AMER,North Carolina,MTL,ADD NEGOTIATION LIST,True,186079,players,Negotiation List,Eligible,2026-09-05T13:30:37.057098,2026-09-05
206487,BC REM SGD NEGOTIATION LIST AMER Jamorri COLSON (DB) Washington State,2026-04-27,2026-04-27,Jamorri,COLSON,DB,AMER,Washington State,BC,REM SGD NEGOTIATION LIST,True,185979,players,Eligible,Negotiation List,2026-09-05T13:30:37.057098,2026-09-05
206483,SSK REM UNS NEGOTIATION LIST AMER Joshuah BLEDSOE (DB) Missouri,2026-04-27,2026-04-27,Joshuah,Bledsoe,DB,AMER,Missouri,SSK,REM UNS NEGOTIATION LIST,True,185859,players,Eligible,Negotiation List,2026-09-05T13:30:37.057098,2026-09-05
206484,SSK ADD NEGOTIATION LIST AMER Terez REID (DB) Florida Atlantic,2026-04-27,2026-04-27,Terez,Reid,DB,AMER,Florida Atlantic,SSK,ADD NEGOTIATION LIST,True,186068,players,Negotiation List,Eligible,2026-09-05T13:30:37.057098,2026-09-05
206436,SSK REM UNS NEGOTIATION LIST AMER Marcus SANDERS JR (WR) Georgia Southern,2026-04-27,2026-04-27,Marcus,Sanders Jr,WR,AMER,Georgia Southern,SSK,REM UNS NEGOTIATION LIST,True,186013,players,Eligible,Negotiation List,2026-09-05T13:30:37.057098,2026-09-05
206480,OTT REM UNS NEGOTIATION LIST AMER Javin WHITE (DB) UNLV,2026-04-27,2026-04-27,Javin,WHITE,DB,AMER,UNLV,OTT,REM UNS NEGOTIATION LIST,True,165705,players,Eligible,Negotiation List,2026-09-05T13:30:37.057098,2026-09-05
206481,OTT ADD NEGOTIATION LIST AMER Shadwel NKUBA II (DB) Illinois State,2026-04-27,2026-04-27,Shadwel,Nkuba II,DB,AMER,Illinois State,OTT,ADD NEGOTIATION LIST,True,186077,players,Negotiation List,Eligible,2026-09-05T13:30:37.057098,2026-09-05
206482,BC ADD NEGOTIATION LIST AMER Jon JOHNSON (DB) New Mexico,2026-04-27,2026-04-27,Jon,Johnson,DB,AMER,New Mexico,BC,ADD NEGOTIATION LIST,True,186078,players,Negotiation List,Eligible,2026-09-05T13:30:37.057098,2026-09-05
206478,OTT REM UNS NEGOTIATION LIST AMER Tucker GLEASON (QB) Toledo,2026-04-27,2026-04-27,Tucker,Gleason,QB,AMER,Toledo,OTT,REM UNS NEGOTIATION LIST,True,185040,players,Eligible,Negotiation List,2026-09-05T13:30:37.057098,2026-09-05
206479,OTT ADD NEGOTIATION LIST AMER Carl CHESTER (WR) Southern Mississippi,2026-04-27,2026-04-27,Carl,Chester,WR,AMER,Southern Mississippi,OTT,ADD NEGOTIATION LIST,True,186076,players,Negotiation List,Eligible,2026-09-05T13:30:37.057098,2026-09-05
206477,SSK ADD NEGOTIATION LIST AMER Dylan RAY (OL) Minnesota,2026-04-27,2026-04-27,Dylan,Ray,OL,AMER,Minnesota,SSK,ADD NEGOTIATION LIST,True,186075,players,Negotiation List,Eligible,2026-09-05T13:30:37.057098,2026-09-05
206476,MTL ADD NEGOTIATION LIST AMER Thomas BUXTON (OL) Rhode Island,2026-04-27,2026-04-27,Thomas,Buxton,OL,AMER,Rhode Island,MTL,ADD NEGOTIATION LIST,True,186074,players,Negotiation List,Eligible,2026-09-05T13:30:37.057098,2026-09-05
206474,CGY REM UNS NEGOTIATION LIST AMER Nate MCCOLLUM (WR) North Carolina,2026-04-27,2026-04-27,Nate,McCollum,WR,AMER,North Carolina,CGY,REM UNS NEGOTIATION LIST,True,184852,players,Eligible,Negotiation List,2026-09-05T13:30:37.057098,2026-09-05
206475,CGY ADD NEGOTIATION LIST AMER Samori TOURE (WR) Nebraska,2026-04-27,2026-04-27,Samori,Toure,WR,AMER,Nebraska,CGY,ADD NEGOTIATION LIST,True,184886,players,Negotiation List,Eligible,2026-09-05T13:30:37.057098,2026-09-05
206473,EDM ADD NEGOTIATION LIST AMER Jadon PEARSON (LB) Fresno State,2026-04-27,2026-04-27,Jadon,Pearson,LB,AMER,Fresno State,EDM,ADD NEGOTIATION LIST,True,186073,players,Negotiation List,Eligible,2026-09-05T13:30:37.057098,2026-09-05
206472,EDM REM UNS NEGOTIATION LIST AMER Jaylon THOMAS (OL) Southern Methodist,2026-04-27,2026-04-27,Jaylon,THOMAS,OL,AMER,Southern Methodist,EDM,REM UNS NEGOTIATION LIST,True,167803,players,Eligible,Negotiation List,2026-09-05T13:30:37.057098,2026-09-05
206471,BC REM SGD NEGOTIATION LIST AMER Michael FITZGERALD II (WR) Wyoming,2026-04-27,2026-04-27,Michael,FITZGERALD II,WR,AMER,Wyoming,BC,REM SGD NEGOTIATION LIST,True,185996,players,Eligible,Negotiation List,2026-09-05T13:30:37.057098,2026-09-05
206470,BC REM SGD NEGOTIATION LIST AMER Failauga (Buddha) PELETI JR. (DL) Washington State,2026-04-27,2026-04-27,Failauga (Buddha),PELETI JR.,DL,AMER,Washington State,BC,REM SGD NEGOTIATION LIST,True,185925,players,Eligible,Negotiation List,2026-09-05T13:30:37.057098,2026-09-05
206449,MTL REM SGD NEGOTIATION LIST AMER Jeffery PITTMAN (RB) Southern Mississippi,2026-04-27,2026-04-27,Jeffery,Pittman,RB,AMER,Southern Mississippi,MTL,REM SGD NEGOTIATION LIST,True,186009,players,Eligible,Negotiation List,2026-09-05T13:30:37.057098,2026-09-05
206429,BC ADD NEGOTIATION LIST AMER Jaquan ADAMS (OL) Tulsa,2026-04-27,2026-04-27,Jaquan,Adams,OL,AMER,Tulsa,BC,ADD NEGOTIATION LIST,True,186064,players,Negotiation List,Eligible,2026-09-05T13:30:37.057098,2026-09-05
206430,HAM REM UNS NEGOTIATION LIST AMER Julius DAVIS (RB) Montana State,2026-04-27,2026-04-27,Julius,Davis,RB,AMER,Montana State,HAM,REM UNS NEGOTIATION LIST,True,185139,players,Eligible,Negotiation List,2026-09-05T13:30:37.057098,2026-09-05
206431,HAM ADD NEGOTIATION LIST AMER Derrick GRAHAM (OL) Tulane,2026-04-27,2026-04-27,Derrick,Graham,OL,AMER,Tulane,HAM,ADD NEGOTIATION LIST,True,186065,players,Negotiation List,Eligible,2026-09-05T13:30:37.057098,2026-09-05
206428,BC REM UNS NEGOTIATION LIST AMER Matthew MCDOOM (DB) Cincinnati,2026-04-27,2026-04-27,Matthew,McDoom,DB,AMER,Cincinnati,BC,REM UNS NEGOTIATION LIST,True,185971,players,Eligible,Negotiation List,2026-09-05T13:30:37.057098,2026-09-05
206427,CGY ADD NEGOTIATION LIST AMER Izuchukwu OZOH (OL) Northern Illinois,2026-04-27,2026-04-27,Izuchukwu,Ozoh,OL,AMER,Northern Illinois,CGY,ADD NEGOTIATION LIST,True,186063,players,Negotiation List,Eligible,2026-09-05T13:30:37.057098,2026-09-05
206426,CGY REM UNS NEGOTIATION LIST AMER Jacob SPOMER (OL) Fresno State,2026-04-27,2026-04-27,Jacob,Spomer,OL,AMER,Fresno State,CGY,REM UNS NEGOTIATION LIST,True,185842,players,Eligible,Negotiation List,2026-09-05T13:30:37.057098,2026-09-05
206432,CGY REM UNS NEGOTIATION LIST AMER Isaia GLASS (OL) Vanderbilt,2026-04-27,2026-04-27,Isaia,Glass,OL,AMER,Vanderbilt,CGY,REM UNS NEGOTIATION LIST,True,186037,players,Eligible,Negotiation List,2026-09-05T13:30:37.057098,2026-09-05
206433,CGY ADD NEGOTIATION LIST AMER Justin SIMMONS (OL) Oklahoma,2026-04-27,2026-04-27,Justin,Simmons,OL,AMER,Oklahoma,CGY,ADD NEGOTIATION LIST,True,186066,players,Negotiation List,Eligible,2026-09-05T13:30:37.057098,2026-09-05
206434,MTL REM UNS NEGOTIATION LIST AMER Athan KALIAKMANIS (QB) Rutgers,2026-04-27,2026-04-27,Athan,Kaliakmanis,QB,AMER,Rutgers,MTL,REM UNS NEGOTIATION LIST,True,185812,players,Eligible,Negotiation List,2026-09-05T13:30:37.057098,2026-09-05
206435,MTL ADD NEGOTIATION LIST AMER John MILLER (LB) Utah State,2026-04-27,2026-04-27,John,Miller,LB,AMER,Utah State,MTL,ADD NEGOTIATION LIST,True,186067,players,Negotiation List,Eligible,2026-09-05T13:30:37.057098,2026-09-05
206438,WPG REM UNS NEGOTIATION LIST AMER Karon PRUNTY (DB) Wake Forest,2026-04-27,2026-04-27,Karon,Prunty,DB,AMER,Wake Forest,WPG,REM UNS NEGOTIATION LIST,True,185146,players,Eligible,Negotiation List,2026-09-05T13:30:37.057098,2026-09-05
206440,SSK ADD NEGOTIATION LIST AMER Austin LEAUSA (OL) Brigham Young,2026-04-27,2026-04-27,Austin,Leausa,OL,AMER,Brigham Young,SSK,ADD NEGOTIATION LIST,True,186070,players,Negotiation List,Eligible,2026-09-05T13:30:37.057098,2026-09-05
206439,WPG ADD NEGOTIATION LIST AMER David REESE (DL) Syracuse,2026-04-27,2026-04-27,David,Reese,DL,AMER,Syracuse,WPG,ADD NEGOTIATION LIST,True,186069,players,Negotiation List,Eligible,2026-09-05T13:30:37.057098,2026-09-05
206441,OTT REM UNS NEGOTIATION LIST AMER Stone EARLE (QB) Abilene Christian,2026-04-27,2026-04-27,Stone,Earle,QB,AMER,Abilene Christian,OTT,REM UNS NEGOTIATION LIST,True,185036,players,Eligible,Negotiation List,2026-09-05T13:30:37.057098,2026-09-05
206442,OTT ADD NEGOTIATION LIST AMER Noah FENSKE (OL) Southern Illinois,2026-04-27,2026-04-27,Noah,Fenske,OL,AMER,Southern Illinois,OTT,ADD NEGOTIATION LIST,True,185932,players,Negotiation List,Eligible,2026-09-05T13:30:37.057098,2026-09-05
206444,CGY REM UNS NEGOTIATION LIST AMER Daniel KING (OL) North Carolina,2026-04-27,2026-04-27,Daniel,King,OL,AMER,North Carolina,CGY,REM UNS NEGOTIATION LIST,True,186036,players,Eligible,Negotiation List,2026-09-05T13:30:37.057098,2026-09-05
206443,HAM ADD NEGOTIATION LIST AMER O'Mega BLAKE (WR) Arkansas,2026-04-27,2026-04-27,O'Mega,Blake,WR,AMER,Arkansas,HAM,ADD NEGOTIATION LIST,True,186071,players,Negotiation List,Eligible,2026-09-05T13:30:37.057098,2026-09-05
206446,EDM REM UNS NEGOTIATION LIST AMER Matt JONES (LB) Baylor,2026-04-27,2026-04-27,Matt,Jones,LB,AMER,Baylor,EDM,REM UNS NEGOTIATION LIST,True,184922,players,Eligible,Negotiation List,2026-09-05T13:30:37.057098,2026-09-05
206445,CGY ADD NEGOTIATION LIST AMER Martes LEWIS (OL) Northwestern,2026-04-27,2026-04-27,Martes,Lewis,OL,AMER,Northwestern,CGY,ADD NEGOTIATION LIST,True,186072,players,Negotiation List,Eligible,2026-09-05T13:30:37.057098,2026-09-05
206447,EDM ADD NEGOTIATION LIST AMER Elijah COOKS (WR) San Jose State,2026-04-27,2026-04-27,Elijah,Cooks,WR,AMER,San Jose State,EDM,ADD NEGOTIATION LIST,True,169395,players,Negotiation List,Eligible,2026-09-05T13:30:37.057098,2026-09-05
206425,MTL REM SGD NEGOTIATION LIST AMER Blake BUSTARD (OL) Southern Mississippi,2026-04-27,2026-04-27,Blake,Bustard,OL,AMER,Southern Mississippi,MTL,REM SGD NEGOTIATION LIST,True,185978,players,Eligible,Negotiation List,2026-09-05T13:30:37.057098,2026-09-05
206422,SSK REM UNS NEGOTIATION LIST AMER Cornell POWELL (WR) Clemson,2026-04-27,2026-04-27,Cornell,POWELL,WR,AMER,Clemson,SSK,REM UNS NEGOTIATION LIST,True,167302,players,Eligible,Negotiation List,2026-09-05T13:30:37.057098,2026-09-05
206423,SSK ADD NEGOTIATION LIST AMER Micah PETTUS (OL) Florida State,2026-04-27,2026-04-27,Micah,Pettus,OL,AMER,Florida State,SSK,ADD NEGOTIATION LIST,True,186062,players,Negotiation List,Eligible,2026-09-05T13:30:37.057098,2026-09-05
206419,SSK ADD NEGOTIATION LIST AMER Hunter PECK (DL) Montana,2026-04-27,2026-04-27,Hunter,Peck,DL,AMER,Montana,SSK,ADD NEGOTIATION LIST,True,186060,players,Negotiation List,Eligible,2026-09-05T13:30:37.057098,2026-09-05
206420,MTL REM UNS NEGOTIATION LIST AMER Anthony SMITH (WR) East Carolina,2026-04-27,2026-04-27,Anthony,Smith,WR,AMER,East Carolina,MTL,REM UNS NEGOTIATION LIST,True,185798,players,Eligible,Negotiation List,2026-09-05T13:30:37.057098,2026-09-05
206421,MTL ADD NEGOTIATION LIST AMER Michael HELDMAN (DL) Central Michigan,2026-04-27,2026-04-27,Michael,Heldman,DL,AMER,Central Michigan,MTL,ADD NEGOTIATION LIST,True,186061,players,Negotiation List,Eligible,2026-09-05T13:30:37.057098,2026-09-05
206418,SSK REM UNS NEGOTIATION LIST AMER Nick KUBITZ (LB) North Dakota State,2026-04-27,2026-04-27,Nick,Kubitz,LB,AMER,North Dakota State,SSK,REM UNS NEGOTIATION LIST,True,184876,players,Eligible,Negotiation List,2026-09-05T13:30:37.057098,2026-09-05
206417,HAM ADD NEGOTIATION LIST AMER Patrick PAYTON (DL) Louisiana State,2026-04-27,2026-04-27,Patrick,Payton,DL,AMER,Louisiana State,HAM,ADD NEGOTIATION LIST,True,186059,players,Negotiation List,Eligible,2026-09-05T13:30:37.057098,2026-09-05
206414,SSK REM UNS NEGOTIATION LIST AMER Xavier GUILLORY (WR) Arizona State,2026-04-27,2026-04-27,Xavier,Guillory,WR,AMER,Arizona State,SSK,REM UNS NEGOTIATION LIST,True,185060,players,Eligible,Negotiation List,2026-09-05T13:30:37.057098,2026-09-05
206415,SSK ADD NEGOTIATION LIST AMER Dayon HAYES (DL) Texas A&M,2026-04-27,2026-04-27,Dayon,Hayes,DL,AMER,Texas A&M,SSK,ADD NEGOTIATION LIST,True,186058,players,Negotiation List,Eligible,2026-09-05T13:30:37.057098,2026-09-05
206416,HAM REM UNS NEGOTIATION LIST AMER James ROBINSON (RB) Illinois State,2026-04-27,2026-04-27,James,Robinson,RB,AMER,Illinois State,HAM,REM UNS NEGOTIATION LIST,True,185821,players,Eligible,Negotiation List,2026-09-05T13:30:37.057098,2026-09-05
206412,SSK REM UNS NEGOTIATION LIST AMER Tuasivi NOMURA (LB) Fresno State,2026-04-27,2026-04-27,Tuasivi,Nomura,LB,AMER,Fresno State,SSK,REM UNS NEGOTIATION LIST,True,184959,players,Eligible,Negotiation List,2026-09-05T13:30:37.057098,2026-09-05
206413,SSK ADD NEGOTIATION LIST AMER Star THOMAS (RB) Tennessee,2026-04-27,2026-04-27,Star,Thomas,RB,AMER,Tennessee,SSK,ADD NEGOTIATION LIST,True,186057,players,Negotiation List,Eligible,2026-09-05T13:30:37.057098,2026-09-05
206411,HAM REM SGD NEGOTIATION LIST AMER Nolan GORCZYCA (OL) Kansas,2026-04-27,2026-04-27,Nolan,Gorczyca,OL,AMER,Kansas,HAM,REM SGD NEGOTIATION LIST,True,186000,players,Eligible,Negotiation List,2026-09-05T13:30:37.057098,2026-09-05
206410,SSK REM SGD NEGOTIATION LIST AMER Thomas PERRY (OL) Middlebury College,2026-04-27,2026-04-27,Thomas,Perry,OL,AMER,Middlebury College,SSK,REM SGD NEGOTIATION LIST,True,169437,players,Eligible,Negotiation List,2026-09-05T13:30:37.057098,2026-09-05
206408,HAM ADD NEGOTIATION LIST AMER Jordan KWIATKOWSKI (LB) Central Michigan,2026-04-27,2026-04-27,Jordan,Kwiatkowski,LB,AMER,Central Michigan,HAM,ADD NEGOTIATION LIST,True,186056,players,Negotiation List,Eligible,2026-09-05T13:30:37.057098,2026-09-05
206407,HAM REM UNS NEGOTIATION LIST AMER Jarrid WILLIAMS (OL) Miami,2026-04-27,2026-04-27,Jarrid,WILLIAMS,OL,AMER,Miami,HAM,REM UNS NEGOTIATION LIST,True,166687,players,Eligible,Negotiation List,2026-09-05T13:30:37.057098,2026-09-05
206406,HAM ADD NEGOTIATION LIST AMER Reuben UNIJE (OL) UCLA,2026-04-27,2026-04-27,Reuben,Unije,OL,AMER,UCLA,HAM,ADD NEGOTIATION LIST,True,186055,players,Negotiation List,Eligible,2026-09-05T13:30:37.057098,2026-09-05
206403,BC REM UNS NEGOTIATION LIST AMER Myles DORN (DB) North Carolina,2026-04-27,2026-04-27,Myles,DORN,DB,AMER,North Carolina,BC,REM UNS NEGOTIATION LIST,True,168174,players,Eligible,Negotiation List,2026-09-05T13:30:37.057098,2026-09-05
206404,BC ADD NEGOTIATION LIST AMER Kenzel LAWLER (DB) Montana,2026-04-27,2026-04-27,Kenzel,Lawler,DB,AMER,Montana,BC,ADD NEGOTIATION LIST,True,186054,players,Negotiation List,Eligible,2026-09-05T13:30:37.057098,2026-09-05
206405,HAM REM UNS NEGOTIATION LIST AMER Ryder ANDERSON (DL) Indiana,2026-04-27,2026-04-27,Ryder,ANDERSON,DL,AMER,Indiana,HAM,REM UNS NEGOTIATION LIST,True,167119,players,Eligible,Negotiation List,2026-09-05T13:30:37.057098,2026-09-05
206402,SSK ADD NEGOTIATION LIST AMER Riley WILSON (DL) Arizona,2026-04-27,2026-04-27,Riley,Wilson,DL,AMER,Arizona,SSK,ADD NEGOTIATION LIST,True,186053,players,Negotiation List,Eligible,2026-09-05T13:30:37.057098,2026-09-05
206401,SSK REM SGD NEGOTIATION LIST AMER Thor GRIFFITH (DL) Louisville,2026-04-27,2026-04-27,Thor,Griffith,DL,AMER,Louisville,SSK,REM SGD NEGOTIATION LIST,True,185889,players,Eligible,Negotiation List,2026-09-05T13:30:37.057098,2026-09-05
206400,HAM ADD NEGOTIATION LIST AMER Gavin GIBSON (DB) North Carolina,2026-04-27,2026-04-27,Gavin,Gibson,DB,AMER,North Carolina,HAM,ADD NEGOTIATION LIST,True,186052,players,Negotiation List,Eligible,2026-09-05T13:30:37.057098,2026-09-05
206399,HAM REM UNS NEGOTIATION LIST AMER Nyzier FOURQUREAN (DB) Wisconsin,2026-04-27,2026-04-27,Nyzier,Fourqurean,DB,AMER,Wisconsin,HAM,REM UNS NEGOTIATION LIST,True,169316,players,Eligible,Negotiation List,2026-09-05T13:30:37.057098,2026-09-05
206398,HAM ADD NEGOTIATION LIST AMER Barika KPEENU (RB) North Dakota State,2026-04-27,2026-04-27,Barika,Kpeenu,RB,AMER,North Dakota State,HAM,ADD NEGOTIATION LIST,True,186051,players,Negotiation List,Eligible,2026-09-05T13:30:37.057098,2026-09-05
206397,HAM REM UNS NEGOTIATION LIST AMER Kentrel BULLOCK (RB) South Alabama,2026-04-27,2026-04-27,Kentrel,Bullock,RB,AMER,South Alabama,HAM,REM UNS NEGOTIATION LIST,True,185961,players,Eligible,Negotiation List,2026-09-05T13:30:37.057098,2026-09-05
206395,HAM REM SGD NEGOTIATION LIST AMER JaCobian MORGAN (QB) Jackson State,2026-04-27,2026-04-27,JaCobian,Morgan,QB,AMER,Jackson State,HAM,REM SGD NEGOTIATION LIST,True,185931,players,Eligible,Negotiation List,2026-09-05T13:30:37.057098,2026-09-05
206396,HAM ADD NEGOTIATION LIST AMER Zaylin WOOD (DL) Vanderbilt,2026-04-27,2026-04-27,Zaylin,Wood,DL,AMER,Vanderbilt,HAM,ADD NEGOTIATION LIST,True,186050,players,Negotiation List,Eligible,2026-09-05T13:30:37.057098,2026-09-05
206392,CGY ADD NEGOTIATION LIST AMER Terion STEWART (RB) Virginia Tech,2026-04-26,2026-04-27,Terion,Stewart,RB,AMER,Virginia Tech,CGY,ADD NEGOTIATION LIST,True,186049,players,Negotiation List,Eligible,2026-09-05T13:30:37.057098,2026-09-05
206391,SSK ADD NEGOTIATION LIST AMER Jarod WASHINGTON (DB) South Carolina State,2026-04-26,2026-04-27,Jarod,Washington,DB,AMER,South Carolina State,SSK,ADD NEGOTIATION LIST,True,186048,players,Negotiation List,Eligible,2026-09-05T13:30:37.057098,2026-09-05
206390,EDM ADD NEGOTIATION LIST AMER Braxton FELY (DL) Boise State,2026-04-26,2026-04-27,Braxton,Fely,DL,AMER,Boise State,EDM,ADD NEGOTIATION LIST,True,186047,players,Negotiation List,Eligible,2026-09-05T13:30:37.057098,2026-09-05
206389,EDM REM UNS NEGOTIATION LIST AMER Keyshawn JAMES-NEWBY (DL) New Mexico,2026-04-26,2026-04-27,Keyshawn,James-Newby,DL,AMER,New Mexico,EDM,REM UNS NEGOTIATION LIST,True,185775,players,Eligible,Negotiation List,2026-09-05T13:30:37.057098,2026-09-05
206388,EDM ADD NEGOTIATION LIST AMER Sawyer ROBERTSON (QB) Baylor,2026-04-26,2026-04-27,Sawyer,Robertson,QB,AMER,Baylor,EDM,ADD NEGOTIATION LIST,True,186046,players,Negotiation List,Eligible,2026-09-05T13:30:37.057098,2026-09-05
206386,OTT REM UNS NEGOTIATION LIST AMER Jackson SIRMON (LB) California,2026-04-26,2026-04-27,Jackson,Sirmon,LB,AMER,California,OTT,REM UNS NEGOTIATION LIST,True,185855,players,Eligible,Negotiation List,2026-09-05T13:30:37.057098,2026-09-05
206387,OTT ADD NEGOTIATION LIST AMER Taniela LATU (LB) San Jose State,2026-04-26,2026-04-27,Taniela,Latu,LB,AMER,San Jose State,OTT,ADD NEGOTIATION LIST,True,186045,players,Negotiation List,Eligible,2026-09-05T13:30:37.057098,2026-09-05
206384,BC REM UNS NEGOTIATION LIST AMER Lardarius WEBB JR. (DB) Wake Forest,2026-04-26,2026-04-27,Lardarius,Webb Jr.,DB,AMER,Wake Forest,BC,REM UNS NEGOTIATION LIST,True,185805,players,Eligible,Negotiation List,2026-09-05T13:30:37.057098,2026-09-05
206379,TOR ADD NEGOTIATION LIST AMER Jeff CALDWELL (WR) Cincinnati,2026-04-26,2026-04-27,Jeff,Caldwell,WR,AMER,Cincinnati,TOR,ADD NEGOTIATION LIST,True,186042,players,Negotiation List,Eligible,2026-09-05T13:30:37.057098,2026-09-05
206370,BC ADD NEGOTIATION LIST AMER Brock BETHEA (OL) Rhode Island,2026-04-26,2026-04-27,Brock,Bethea,OL,AMER,Rhode Island,BC,ADD NEGOTIATION LIST,True,186040,players,Negotiation List,Eligible,2026-09-05T13:30:37.057098,2026-09-05
206369,BC REM UNS NEGOTIATION LIST AMER Kelly AKHARAIYI (WR) Mississippi State,2026-04-26,2026-04-27,Kelly,Akharaiyi,WR,AMER,Mississippi State,BC,REM UNS NEGOTIATION LIST,True,185974,players,Eligible,Negotiation List,2026-09-05T13:30:37.057098,2026-09-05
206371,OTT REM UNS NEGOTIATION LIST AMER Parker NAVARRO (QB) Ohio,2026-04-26,2026-04-27,Parker,Navarro,QB,AMER,Ohio,OTT,REM UNS NEGOTIATION LIST,True,185005,players,Eligible,Negotiation List,2026-09-05T13:30:37.057098,2026-09-05
206372,OTT ADD NEGOTIATION LIST AMER Trinidad CHAMBLISS (QB) Mississippi,2026-04-26,2026-04-27,Trinidad,Chambliss,QB,AMER,Mississippi,OTT,ADD NEGOTIATION LIST,True,184939,players,Negotiation List,Eligible,2026-09-05T13:30:37.057098,2026-09-05
206373,OTT REM UNS NEGOTIATION LIST AMER Isaiah PRINCE (OL) Ohio State,2026-04-26,2026-04-27,Isaiah,Prince,OL,AMER,Ohio State,OTT,REM UNS NEGOTIATION LIST,True,185843,players,Eligible,Negotiation List,2026-09-05T13:30:37.057098,2026-09-05
206374,OTT ADD NEGOTIATION LIST AMER Carson BRUNO (OL) Texas Christian,2026-04-26,2026-04-27,Carson,Bruno,OL,AMER,Texas Christian,OTT,ADD NEGOTIATION LIST,True,186023,players,Negotiation List,Eligible,2026-09-05T13:30:37.057098,2026-09-05
206375,BC REM UNS NEGOTIATION LIST AMER Michael DWUMFOUR (DL) Rutgers,2026-04-26,2026-04-27,Michael,DWUMFOUR,DL,AMER,Rutgers,BC,REM UNS NEGOTIATION LIST,True,166503,players,Eligible,Negotiation List,2026-09-05T13:30:37.057098,2026-09-05
206376,BC ADD NEGOTIATION LIST AMER Chris OLADOKUN (QB) South Dakota State,2026-04-26,2026-04-27,Chris,OLADOKUN,QB,AMER,South Dakota State,BC,ADD NEGOTIATION LIST,True,166362,players,Negotiation List,Eligible,2026-09-05T13:30:37.057098,2026-09-05
206377,MTL REM UNS NEGOTIATION LIST AMER Cyrus ALLEN (WR) Cincinnati,2026-04-26,2026-04-27,Cyrus,Allen,WR,AMER,Cincinnati,MTL,REM UNS NEGOTIATION LIST,True,185799,players,Eligible,Negotiation List,2026-09-05T13:30:37.057098,2026-09-05
206378,MTL ADD NEGOTIATION LIST AMER Leon LOWERY JR (WR) Illinois,2026-04-26,2026-04-27,Leon,Lowery Jr,WR,AMER,Illinois,MTL,ADD NEGOTIATION LIST,True,186041,players,Negotiation List,Eligible,2026-09-05T13:30:37.057098,2026-09-05
206361,OTT REM UNS NEGOTIATION LIST AMER JT WOODS (DB) Baylor,2026-04-24,2026-04-24,JT,Woods,DB,AMER,Baylor,OTT,REM UNS NEGOTIATION LIST,True,184303,players,Eligible,Negotiation List,2026-09-05T13:30:37.057098,2026-09-05
206362,OTT ADD NEGOTIATION LIST AMER Treyvhon SAUNDERS (WR) Colgate,2026-04-24,2026-04-24,Treyvhon,Saunders,WR,AMER,Colgate,OTT,ADD NEGOTIATION LIST,True,186038,players,Negotiation List,Eligible,2026-09-05T13:30:37.057098,2026-09-05
206360,BC ADD NEGOTIATION LIST AMER Michael DWUMFOUR (DL) Rutgers,2026-04-24,2026-04-24,Michael,DWUMFOUR,DL,AMER,Rutgers,BC,ADD NEGOTIATION LIST,True,166503,players,Negotiation List,Eligible,2026-09-05T13:30:37.057098,2026-09-05
206359,BC REM UNS NEGOTIATION LIST AMER Tyrell RABY (CB) Grambling State,2026-04-24,2026-04-24,Tyrell,Raby,CB,AMER,Grambling State,BC,REM UNS NEGOTIATION LIST,True,185990,players,Eligible,Negotiation List,2026-09-05T13:30:37.057098,2026-09-05
206358,EDM REM SGD NEGOTIATION LIST AMER Rushawn BAKER (RB) Elon University,2026-04-24,2026-04-24,Rushawn,Baker,RB,AMER,Elon University,EDM,REM SGD NEGOTIATION LIST,True,185130,players,Eligible,Negotiation List,2026-09-05T13:30:37.057098,2026-09-05
206356,"OTT ADD NEGOTIATION LIST AMER Roterius ""Ro"" TORRENCE (DB) Arizona State",2026-04-24,2026-04-24,"Roterius ""Ro""",Torrence,DB,AMER,Arizona State,OTT,ADD NEGOTIATION LIST,True,168997,players,Negotiation List,Eligible,2026-09-05T13:30:37.057098,2026-09-05
206355,OTT REM UNS NEGOTIATION LIST AMER Kwamie LASSITER II (WR) Kansas,2026-04-24,2026-04-24,Kwamie,Lassiter II,WR,AMER,Kansas,OTT,REM UNS NEGOTIATION LIST,True,169139,players,Eligible,Negotiation List,2026-09-05T13:30:37.057098,2026-09-05
206354,SSK REM SGD NEGOTIATION LIST AMER Justin OSBORNE (OL) Southern Methodist,2026-04-24,2026-04-24,Justin,Osborne,OL,AMER,Southern Methodist,SSK,REM SGD NEGOTIATION LIST,True,184268,players,Eligible,Negotiation List,2026-09-05T13:30:37.057098,2026-09-05
206348,CGY ADD NEGOTIATION LIST AMER Isaia GLASS (OL) Vanderbilt,2026-04-23,2026-04-23,Isaia,Glass,OL,AMER,Vanderbilt,CGY,ADD NEGOTIATION LIST,True,186037,players,Negotiation List,Eligible,2026-09-05T13:30:37.057098,2026-09-05
206347,CGY ADD NEGOTIATION LIST AMER Daniel KING (OL) North Carolina,2026-04-23,2026-04-23,Daniel,King,OL,AMER,North Carolina,CGY,ADD NEGOTIATION LIST,True,186036,players,Negotiation List,Eligible,2026-09-05T13:30:37.057098,2026-09-05
206346,CGY REM UNS NEGOTIATION LIST AMER Carson BRUNO (OL) Texas Christian,2026-04-23,2026-04-23,Carson,Bruno,OL,AMER,Texas Christian,CGY,REM UNS NEGOTIATION LIST,True,186023,players,Eligible,Negotiation List,2026-09-05T13:30:37.057098,2026-09-05
206344,HAM REM UNS NEGOTIATION LIST AMER Jarrett GUARANTANO (QB) Washington State,2026-04-23,2026-04-23,Jarrett,GUARANTANO,QB,AMER,Washington State,HAM,REM UNS NEGOTIATION LIST,True,167215,players,Eligible,Negotiation List,2026-09-05T13:30:37.057098,2026-09-05
206345,HAM ADD NEGOTIATION LIST AMER Inumidun AYO-DUROJAIYE (LB) Yale,2026-04-23,2026-04-23,Inumidun,Ayo-Durojaiye,LB,AMER,Yale,HAM,ADD NEGOTIATION LIST,True,186035,players,Negotiation List,Eligible,2026-09-05T13:30:37.057098,2026-09-05
206342,EDM ADD NEGOTIATION LIST AMER Malik RUTHERFORD (WR) Georgia Tech,2026-04-23,2026-04-23,Malik,Rutherford,WR,AMER,Georgia Tech,EDM,ADD NEGOTIATION LIST,True,186034,players,Negotiation List,Eligible,2026-09-05T13:30:37.057098,2026-09-05
206339,OTT REM UNS NEGOTIATION LIST AMER Andrew BOOTH JR (DB) Clemson,2026-04-23,2026-04-23,Andrew,Booth Jr,DB,AMER,Clemson,OTT,REM UNS NEGOTIATION LIST,True,186025,players,Eligible,Negotiation List,2026-09-05T13:30:37.057098,2026-09-05
206340,OTT ADD NEGOTIATION LIST AMER Carlton JOHNSON (DB) Fresno State,2026-04-23,2026-04-23,Carlton,Johnson,DB,AMER,Fresno State,OTT,ADD NEGOTIATION LIST,True,169114,players,Negotiation List,Eligible,2026-09-05T13:30:37.057098,2026-09-05
206341,EDM REM UNS NEGOTIATION LIST AMER Gareth WARREN (OL) Lindenwood College,2026-04-23,2026-04-23,Gareth,Warren,OL,AMER,Lindenwood College,EDM,REM UNS NEGOTIATION LIST,True,184049,players,Eligible,Negotiation List,2026-09-05T13:30:37.057098,2026-09-05
206338,CGY REM UNS NEGOTIATION LIST AMER Ty'Kieast CRAWFORD (OL) West Virginia,2026-04-22,2026-04-22,Ty'Kieast,Crawford,OL,AMER,West Virginia,CGY,REM UNS NEGOTIATION LIST,True,186012,players,Eligible,Negotiation List,2026-09-05T13:30:37.057098,2026-09-05
206337,EDM ADD NEGOTIATION LIST AMER Eli SIMONSON (OL) California Davis,2026-04-22,2026-04-22,Eli,Simonson,OL,AMER,California Davis,EDM,ADD NEGOTIATION LIST,True,186033,players,Negotiation List,Eligible,2026-09-05T13:30:37.057098,2026-09-05
206336,TOR ADD NEGOTIATION LIST AMER Jayden FARMER (RB) Findlay,2026-04-22,2026-04-22,Jayden,Farmer,RB,AMER,Findlay,TOR,ADD NEGOTIATION LIST,True,186032,players,Negotiation List,Eligible,2026-09-05T13:30:37.057098,2026-09-05
206333,CGY ADD NEGOTIATION LIST AMER Temi AJIROTUTU (OL) Villanova,2026-04-21,2026-04-21,Temi,Ajirotutu,OL,AMER,Villanova,CGY,ADD NEGOTIATION LIST,True,186029,players,Negotiation List,Eligible,2026-09-05T13:30:37.057098,2026-09-05
206332,EDM REM SGD NEGOTIATION LIST AMER Cameron CARTER (OL) Murray State,2026-04-21,2026-04-21,Cameron,Carter,OL,AMER,Murray State,EDM,REM SGD NEGOTIATION LIST,True,185955,players,Eligible,Negotiation List,2026-09-05T13:30:37.057098,2026-09-05
206331,HAM ADD NEGOTIATION LIST AMER Deshawn MCKNIGHT (DL) Arizona,2026-04-21,2026-04-21,Deshawn,McKnight,DL,AMER,Arizona,HAM,ADD NEGOTIATION LIST,True,186027,players,Negotiation List,Eligible,2026-09-05T13:30:37.057098,2026-09-05
206325,OTT ADD NEGOTIATION LIST AMER Christian THOMAS (LB) Maine,2026-04-21,2026-04-21,Christian,Thomas,LB,AMER,Maine,OTT,ADD NEGOTIATION LIST,True,186026,players,Negotiation List,Eligible,2026-09-05T13:30:37.057098,2026-09-05
206323,OTT REM SGD NEGOTIATION LIST AMER Jordan WRIGHT (DB) Connecticut,2026-04-21,2026-04-21,Jordan,Wright,DB,AMER,Connecticut,OTT,REM SGD NEGOTIATION LIST,True,184207,players,Eligible,Negotiation List,2026-09-05T13:30:37.057098,2026-09-05
206324,OTT ADD NEGOTIATION LIST AMER Andrew BOOTH JR (DB) Clemson,2026-04-21,2026-04-21,Andrew,Booth Jr,DB,AMER,Clemson,OTT,ADD NEGOTIATION LIST,True,186025,players,Negotiation List,Eligible,2026-09-05T13:30:37.057098,2026-09-05
206322,CGY ADD NEGOTIATION LIST AMER Cameron DYE (OL) Southern Illinois,2026-04-21,2026-04-21,Cameron,Dye,OL,AMER,Southern Illinois,CGY,ADD NEGOTIATION LIST,True,186024,players,Negotiation List,Eligible,2026-09-05T13:30:37.057098,2026-09-05
206320,OTT REM UNS NEGOTIATION LIST AMER Johnny BUCHANAN (LB) Delaware,2026-04-21,2026-04-21,Johnny,BUCHANAN,LB,AMER,Delaware,OTT,REM UNS NEGOTIATION LIST,True,167874,players,Eligible,Negotiation List,2026-09-05T13:30:37.057098,2026-09-05
206321,OTT ADD NEGOTIATION LIST AMER Matt CORRAL (QB) Mississippi,2026-04-21,2026-04-21,Matt,CORRAL,QB,AMER,Mississippi,OTT,ADD NEGOTIATION LIST,True,165905,players,Negotiation List,Eligible,2026-09-05T13:30:37.057098,2026-09-05
206319,HAM REM SGD NEGOTIATION LIST AMER Zyon GILBERT (DB) Florida Atlantic,2026-04-21,2026-04-21,Zyon,GILBERT,DB,AMER,Florida Atlantic,HAM,REM SGD NEGOTIATION LIST,True,166848,players,Eligible,Negotiation List,2026-09-05T13:30:37.057098,2026-09-05
206315,CGY REM SGD NEGOTIATION LIST AMER Khairi MANNS (DL) James Madison,2026-04-21,2026-04-21,Khairi,MANNS,DL,AMER,James Madison,CGY,REM SGD NEGOTIATION LIST,True,184028,players,Eligible,Negotiation List,2026-09-05T13:30:37.057098,2026-09-05
206314,CGY ADD NEGOTIATION LIST AMER Carson BRUNO (OL) Texas Christian,2026-04-20,2026-04-20,Carson,Bruno,OL,AMER,Texas Christian,CGY,ADD NEGOTIATION LIST,True,186023,players,Negotiation List,Eligible,2026-09-05T13:30:37.057098,2026-09-05
206311,WPG ADD NEGOTIATION LIST AMER Nate NOEL (RB) Missouri,2026-04-20,2026-04-20,Nate,Noel,RB,AMER,Missouri,WPG,ADD NEGOTIATION LIST,True,185007,players,Negotiation List,Eligible,2026-09-05T13:30:37.057098,2026-09-05
206310,OTT REM SGD NEGOTIATION LIST AMER Roc TAYLOR (WR) Memphis,2026-04-20,2026-04-20,Roc,Taylor,WR,AMER,Memphis,OTT,REM SGD NEGOTIATION LIST,True,184839,players,Eligible,Negotiation List,2026-09-05T13:30:37.057098,2026-09-05
206308,SSK ADD NEGOTIATION LIST AMER Steven WESTON (DB) Ouachita Baptist,2026-04-20,2026-04-20,Steven,Weston,DB,AMER,Ouachita Baptist,SSK,ADD NEGOTIATION LIST,True,186021,players,Negotiation List,Eligible,2026-09-05T13:30:37.057098,2026-09-05
206306,SSK ADD NEGOTIATION LIST AMER Lance BOYKIN (DB) Coastal Carolina,2026-04-20,2026-04-20,Lance,Boykin,DB,AMER,Coastal Carolina,SSK,ADD NEGOTIATION LIST,True,168260,players,Negotiation List,Eligible,2026-09-05T13:30:37.057098,2026-09-05
206307,SSK REM UNS NEGOTIATION LIST AMER Makeah SCIPPIO (DL) Colorado State - Pueblo,2026-04-20,2026-04-20,Makeah,Scippio,DL,AMER,Colorado State - Pueblo,SSK,REM UNS NEGOTIATION LIST,True,185883,players,Eligible,Negotiation List,2026-09-05T13:30:37.057098,2026-09-05
206305,SSK REM UNS NEGOTIATION LIST AMER Eric PHILLIPS (DL) Cincinnati,2026-04-20,2026-04-20,Eric,Phillips,DL,AMER,Cincinnati,SSK,REM UNS NEGOTIATION LIST,True,185906,players,Eligible,Negotiation List,2026-09-05T13:30:37.057098,2026-09-05
206304,HAM ADD NEGOTIATION LIST AMER Leroy WATSON IV (OL) Texas at San Antonio,2026-04-20,2026-04-20,Leroy,Watson IV,OL,AMER,Texas at San Antonio,HAM,ADD NEGOTIATION LIST,True,169105,players,Negotiation List,Eligible,2026-09-05T13:30:37.057098,2026-09-05
206303,HAM REM UNS NEGOTIATION LIST AMER Kaden DAVIS (WR) Northwest Missouri State,2026-04-20,2026-04-20,Kaden,DAVIS,WR,AMER,Northwest Missouri State,HAM,REM UNS NEGOTIATION LIST,True,167317,players,Eligible,Negotiation List,2026-09-05T13:30:37.057098,2026-09-05
206295,WPG REM SGD NEGOTIATION LIST AMER Matthew JACKSON (DB) Eastern Kentucky,2026-04-20,2026-04-20,Matthew,JACKSON,DB,AMER,Eastern Kentucky,WPG,REM SGD NEGOTIATION LIST,True,167399,players,Eligible,Negotiation List,2026-09-05T13:30:37.057098,2026-09-05
206293,BC REM UNS NEGOTIATION LIST AMER Racey MCMATH (WR) Louisiana State,2026-04-20,2026-04-20,Racey,McMath,WR,AMER,Louisiana State,BC,REM UNS NEGOTIATION LIST,True,169136,players,Eligible,Negotiation List,2026-09-05T13:30:37.057098,2026-09-05
206294,BC ADD NEGOTIATION LIST AMER Joshua WOOD (QB) Idaho,2026-04-20,2026-04-20,Joshua,Wood,QB,AMER,Idaho,BC,ADD NEGOTIATION LIST,True,186020,players,Negotiation List,Eligible,2026-09-05T13:30:37.057098,2026-09-05
206291,MTL REM UNS NEGOTIATION LIST AMER KJ HAMLER (WR) Penn State,2026-04-20,2026-04-20,KJ,Hamler,WR,AMER,Penn State,MTL,REM UNS NEGOTIATION LIST,True,185102,players,Eligible,Negotiation List,2026-09-05T13:30:37.057098,2026-09-05
206292,MTL ADD NEGOTIATION LIST AMER Demarcus LACEY (WR) Marshall,2026-04-20,2026-04-20,Demarcus,Lacey,WR,AMER,Marshall,MTL,ADD NEGOTIATION LIST,True,186019,players,Negotiation List,Eligible,2026-09-05T13:30:37.057098,2026-09-05
206288,HAM ADD NEGOTIATION LIST AMER Tyron HERRING (DB) Delaware,2026-04-20,2026-04-20,Tyron,Herring,DB,AMER,Delaware,HAM,ADD NEGOTIATION LIST,True,185127,players,Negotiation List,Eligible,2026-09-05T13:30:37.057098,2026-09-05
206289,HAM REM UNS NEGOTIATION LIST AMER Deslin ALEXANDRE (DL) Pittsburgh,2026-04-20,2026-04-20,Deslin,ALEXANDRE,DL,AMER,Pittsburgh,HAM,REM UNS NEGOTIATION LIST,True,167862,players,Eligible,Negotiation List,2026-09-05T13:30:37.057098,2026-09-05
206290,HAM ADD NEGOTIATION LIST AMER Jamon DUMAS-JOHNSON (LB) Kentucky,2026-04-20,2026-04-20,Jamon,Dumas-Johnson,LB,AMER,Kentucky,HAM,ADD NEGOTIATION LIST,True,186018,players,Negotiation List,Eligible,2026-09-05T13:30:37.057098,2026-09-05
206284,SSK ADD NEGOTIATION LIST AMER Marcus SANDERS JR (WR) Georgia Southern,2026-04-17,2026-04-17,Marcus,Sanders Jr,WR,AMER,Georgia Southern,SSK,ADD NEGOTIATION LIST,True,186013,players,Negotiation List,Eligible,2026-09-05T13:30:37.057098,2026-09-05
206281,SSK REM SGD NEGOTIATION LIST GLOB Alex HALE (K) Oklahoma State,2026-04-17,2026-04-17,Alex,Hale,K,GLOB,Oklahoma State,SSK,REM SGD NEGOTIATION LIST,True,168772,players,Eligible,Negotiation List,2026-09-05T13:30:37.057098,2026-09-05
206270,CGY ADD NEGOTIATION LIST AMER Ty'Kieast CRAWFORD (OL) West Virginia,2026-04-16,2026-04-16,Ty'Kieast,Crawford,OL,AMER,West Virginia,CGY,ADD NEGOTIATION LIST,True,186012,players,Negotiation List,Eligible,2026-09-05T13:30:37.057098,2026-09-05
206267,OTT REM SGD NEGOTIATION LIST AMER Kobe SAVAGE (DB) Oregon,2026-04-16,2026-04-16,Kobe,Savage,DB,AMER,Oregon,OTT,REM SGD NEGOTIATION LIST,True,186010,players,Eligible,Negotiation List,2026-09-05T13:30:37.057098,2026-09-05
206268,OTT ADD NEGOTIATION LIST AMER Cam WILSON (DB) Illinois State,2026-04-16,2026-04-16,Cam,Wilson,DB,AMER,Illinois State,OTT,ADD NEGOTIATION LIST,True,186011,players,Negotiation List,Eligible,2026-09-05T13:30:37.057098,2026-09-05
206261,OTT REM UNS NEGOTIATION LIST AMER Lonnie PHELPS (DL) Kansas,2026-04-16,2026-04-16,Lonnie,Phelps,DL,AMER,Kansas,OTT,REM UNS NEGOTIATION LIST,True,168220,players,Eligible,Negotiation List,2026-09-05T13:30:37.057098,2026-09-05
206262,OTT ADD NEGOTIATION LIST AMER Jordan WRIGHT (DB) Connecticut,2026-04-16,2026-04-16,Jordan,Wright,DB,AMER,Connecticut,OTT,ADD NEGOTIATION LIST,True,184207,players,Negotiation List,Eligible,2026-09-05T13:30:37.057098,2026-09-05
206257,HAM REM SGD NEGOTIATION LIST AMER Micah BERNARD (RB) Utah,2026-04-16,2026-04-16,Micah,Bernard,RB,AMER,Utah,HAM,REM SGD NEGOTIATION LIST,True,184674,players,Eligible,Negotiation List,2026-09-05T13:30:37.057098,2026-09-05
206244,OTT ADD NEGOTIATION LIST AMER Kobe SAVAGE (DB) Oregon,2026-04-15,2026-04-15,Kobe,Savage,DB,AMER,Oregon,OTT,ADD NEGOTIATION LIST,True,186010,players,Negotiation List,Eligible,2026-09-05T13:30:37.057098,2026-09-05
206245,OTT REM UNS NEGOTIATION LIST AMER Malik DIXON-WILLIAMS (DB) Connecticut,2026-04-15,2026-04-15,Malik,Dixon-Williams,DB,AMER,Connecticut,OTT,REM UNS NEGOTIATION LIST,True,185995,players,Eligible,Negotiation List,2026-09-05T13:30:37.057098,2026-09-05
206236,MTL ADD NEGOTIATION LIST AMER Jeffrey PITTMAN (RB) Southern Mississippi,2026-04-15,2026-04-15,Jeffrey,Pittman,RB,AMER,Southern Mississippi,MTL,ADD NEGOTIATION LIST,True,186009,players,Negotiation List,Eligible,2026-09-05T13:30:37.057098,2026-09-05
206235,BC ADD NEGOTIATION LIST AMER Isiah KING (LB) Idaho,2026-04-15,2026-04-15,Isiah,King,LB,AMER,Idaho,BC,ADD NEGOTIATION LIST,True,186008,players,Negotiation List,Eligible,2026-09-05T13:30:37.057098,2026-09-05
206234,HAM REM UNS NEGOTIATION LIST AMER Mike GREENE (DL) James Madison,2026-04-15,2026-04-15,Mike,GREENE,DL,AMER,James Madison,HAM,REM UNS NEGOTIATION LIST,True,166892,players,Eligible,Negotiation List,2026-09-05T13:30:37.057098,2026-09-05
206232,CGY REM UNS NEGOTIATION LIST AMER LaDarius HAMILTON (DL) North Texas,2026-04-15,2026-04-15,LaDarius,HAMILTON,DL,AMER,North Texas,CGY,REM UNS NEGOTIATION LIST,True,166289,players,Eligible,Negotiation List,2026-09-05T13:30:37.057098,2026-09-05
206233,HAM ADD NEGOTIATION LIST AMER Jarrett GUARANTANO (QB) Washington State,2026-04-15,2026-04-15,Jarrett,GUARANTANO,QB,AMER,Washington State,HAM,ADD NEGOTIATION LIST,True,167215,players,Negotiation List,Eligible,2026-09-05T13:30:37.057098,2026-09-05
206231,BC REM SGD NEGOTIATION LIST AMER Silas BOLDEN (WR) Texas,2026-04-15,2026-04-15,Silas,BOLDEN,WR,AMER,Texas,BC,REM SGD NEGOTIATION LIST,True,169151,players,Eligible,Negotiation List,2026-09-05T13:30:37.057098,2026-09-05
206227,OTT ADD NEGOTIATION LIST AMER Devin HARPER (LB) Oklahoma State,2026-04-14,2026-04-14,Devin,Harper,LB,AMER,Oklahoma State,OTT,ADD NEGOTIATION LIST,True,186007,players,Negotiation List,Eligible,2026-09-05T13:30:37.057098,2026-09-05
206228,OTT REM SGD NEGOTIATION LIST AMER KJ CLOYD (LB) Miami,2026-04-14,2026-04-14,KJ,Cloyd,LB,AMER,Miami,OTT,REM SGD NEGOTIATION LIST,True,185871,players,Eligible,Negotiation List,2026-09-05T13:30:37.057098,2026-09-05
206213,CGY REM UNS NEGOTIATION LIST AMER Nate NOEL (RB) Missouri,2026-04-14,2026-04-14,Nate,Noel,RB,AMER,Missouri,CGY,REM UNS NEGOTIATION LIST,True,185007,players,Eligible,Negotiation List,2026-09-05T13:30:37.057098,2026-09-05
206215,WPG REM UNS NEGOTIATION LIST AMER Nate MATLACK (DL) Pittsburgh,2026-04-14,2026-04-14,Nate,Matlack,DL,AMER,Pittsburgh,WPG,REM UNS NEGOTIATION LIST,True,184088,players,Eligible,Negotiation List,2026-09-05T13:30:37.057098,2026-09-05
206214,WPG ADD NEGOTIATION LIST AMER Isaiah ITON (DL) Rutgers,2026-04-14,2026-04-14,Isaiah,Iton,DL,AMER,Rutgers,WPG,ADD NEGOTIATION LIST,True,169573,players,Negotiation List,Eligible,2026-09-05T13:30:37.057098,2026-09-05
206218,BC ADD NEGOTIATION LIST AMER Ron STONE (DE) Washington State,2026-04-14,2026-04-14,Ron,Stone,DE,AMER,Washington State,BC,ADD NEGOTIATION LIST,True,169024,players,Negotiation List,Eligible,2026-09-05T13:30:37.057098,2026-09-05
206216,EDM REM UNS NEGOTIATION LIST AMER Lamareon JAMES (DB) Texas Christian,2026-04-14,2026-04-14,Lamareon,James,DB,AMER,Texas Christian,EDM,REM UNS NEGOTIATION LIST,True,185123,players,Eligible,Negotiation List,2026-09-05T13:30:37.057098,2026-09-05
206217,EDM ADD NEGOTIATION LIST AMER Jason LALIBERTE (OL) St. Thomas-Minnesota,2026-04-14,2026-04-14,Jason,Laliberte,OL,AMER,St. Thomas-Minnesota,EDM,ADD NEGOTIATION LIST,True,186006,players,Negotiation List,Eligible,2026-09-05T13:30:37.057098,2026-09-05
206219,BC REM SGD NEGOTIATION LIST AMER Parker MCKENNA (LB) Washington State,2026-04-14,2026-04-14,Parker,McKenna,LB,AMER,Washington State,BC,REM SGD NEGOTIATION LIST,True,185976,players,Eligible,Negotiation List,2026-09-05T13:30:37.057098,2026-09-05
206212,MTL REM SGD NEGOTIATION LIST AMER Cannon PANFILOFF (OL) Montana,2026-04-14,2026-04-14,Cannon,Panfiloff,OL,AMER,Montana,MTL,REM SGD NEGOTIATION LIST,True,186003,players,Eligible,Negotiation List,2026-09-05T13:30:37.057098,2026-09-05
206200,MTL ADD NEGOTIATION LIST AMER Brandon SNEH (OL) Alabama Birmingham,2026-04-13,2026-04-13,Brandon,Sneh,OL,AMER,Alabama Birmingham,MTL,ADD NEGOTIATION LIST,True,186002,players,Negotiation List,Eligible,2026-09-05T13:30:37.057098,2026-09-05
206201,MTL REM UNS NEGOTIATION LIST AMER Durrell JOHNSON (DL) Liberty,2026-04-13,2026-04-13,Durrell,JOHNSON,DL,AMER,Liberty,MTL,REM UNS NEGOTIATION LIST,True,166219,players,Eligible,Negotiation List,2026-09-05T13:30:37.057098,2026-09-05
206202,MTL ADD NEGOTIATION LIST AMER Cannon PANFILOFF (OL) Montana,2026-04-13,2026-04-13,Cannon,Panfiloff,OL,AMER,Montana,MTL,ADD NEGOTIATION LIST,True,186003,players,Negotiation List,Eligible,2026-09-05T13:30:37.057098,2026-09-05
206203,MTL REM UNS NEGOTIATION LIST AMER Leroy WATSON (OL) Texas at San Antonio,2026-04-13,2026-04-13,Leroy,Watson,OL,AMER,Texas at San Antonio,MTL,REM UNS NEGOTIATION LIST,True,169105,players,Eligible,Negotiation List,2026-09-05T13:30:37.057098,2026-09-05
206204,MTL ADD NEGOTIATION LIST AMER Zane HERRING (OL) South Florida,2026-04-13,2026-04-13,Zane,Herring,OL,AMER,South Florida,MTL,ADD NEGOTIATION LIST,True,186004,players,Negotiation List,Eligible,2026-09-05T13:30:37.057098,2026-09-05
206206,BC ADD NEGOTIATION LIST AMER Racey MCMATH (WR) Louisiana State,2026-04-13,2026-04-13,Racey,McMath,WR,AMER,Louisiana State,BC,ADD NEGOTIATION LIST,True,169136,players,Negotiation List,Eligible,2026-09-05T13:30:37.057098,2026-09-05
206205,MTL REM UNS NEGOTIATION LIST AMER Jaelyn DUNCAN (OL) Maryland,2026-04-13,2026-04-13,Jaelyn,Duncan,OL,AMER,Maryland,MTL,REM UNS NEGOTIATION LIST,True,185072,players,Eligible,Negotiation List,2026-09-05T13:30:37.057098,2026-09-05
206207,BC REM UNS NEGOTIATION LIST AMER Thomas GRAHAM (DB) Oregon,2026-04-13,2026-04-13,Thomas,Graham,DB,AMER,Oregon,BC,REM UNS NEGOTIATION LIST,True,185004,players,Eligible,Negotiation List,2026-09-05T13:30:37.057098,2026-09-05
206208,MTL ADD NEGOTIATION LIST AMER Mahamane MOUSSA (OL) Louisville,2026-04-13,2026-04-13,Mahamane,Moussa,OL,AMER,Louisville,MTL,ADD NEGOTIATION LIST,True,186005,players,Negotiation List,Eligible,2026-09-05T13:30:37.057098,2026-09-05
206209,MTL REM UNS NEGOTIATION LIST AMER DeVonte GORDON (OL) Wake Forest,2026-04-13,2026-04-13,DeVonte,Gordon,OL,AMER,Wake Forest,MTL,REM UNS NEGOTIATION LIST,True,169372,players,Eligible,Negotiation List,2026-09-05T13:30:37.057098,2026-09-05
206198,CGY ADD NEGOTIATION LIST AMER Eugene ASANTE (LB) Auburn,2026-04-13,2026-04-13,Eugene,Asante,LB,AMER,Auburn,CGY,ADD NEGOTIATION LIST,True,184881,players,Negotiation List,Eligible,2026-09-05T13:30:37.057098,2026-09-05
206199,MTL ADD NEGOTIATION LIST AMER Trishton JACKSON (WR) Syracuse,2026-04-13,2026-04-13,Trishton,Jackson,WR,AMER,Syracuse,MTL,ADD NEGOTIATION LIST,True,186001,players,Negotiation List,Eligible,2026-09-05T13:30:37.057098,2026-09-05
206195,TOR REM SGD NEGOTIATION LIST AMER Jalen BELL (DL) Memphis,2026-04-13,2026-04-13,Jalen,Bell,DL,AMER,Memphis,TOR,REM SGD NEGOTIATION LIST,True,185769,players,Eligible,Negotiation List,2026-09-05T13:30:37.057098,2026-09-05
206190,HAM REM UNS NEGOTIATION LIST AMER Monaray BALDWIN (WR) Baylor,2026-04-10,2026-04-10,Monaray,Baldwin,WR,AMER,Baylor,HAM,REM UNS NEGOTIATION LIST,True,169607,players,Eligible,Negotiation List,2026-09-05T13:30:37.057098,2026-09-05
206189,HAM ADD NEGOTIATION LIST AMER Nolan GORCZYCA (OL) Kansas,2026-04-10,2026-04-10,Nolan,Gorczyca,OL,AMER,Kansas,HAM,ADD NEGOTIATION LIST,True,186000,players,Negotiation List,Eligible,2026-09-05T13:30:37.057098,2026-09-05
206187,HAM ADD NEGOTIATION LIST AMER Rushawn LAWRENCE (DL) Minnesota,2026-04-10,2026-04-10,Rushawn,Lawrence,DL,AMER,Minnesota,HAM,ADD NEGOTIATION LIST,True,185999,players,Negotiation List,Eligible,2026-09-05T13:30:37.057098,2026-09-05
206188,HAM REM UNS NEGOTIATION LIST AMER Eugene ASANTE (LB) Auburn,2026-04-10,2026-04-10,Eugene,Asante,LB,AMER,Auburn,HAM,REM UNS NEGOTIATION LIST,True,184881,players,Eligible,Negotiation List,2026-09-05T13:30:37.057098,2026-09-05
206172,OTT ADD NEGOTIATION LIST AMER Roc TAYLOR (WR) Memphis,2026-04-09,2026-04-09,Roc,Taylor,WR,AMER,Memphis,OTT,ADD NEGOTIATION LIST,True,184839,players,Negotiation List,Eligible,2026-09-05T13:30:37.057098,2026-09-05
206173,OTT REM UNS NEGOTIATION LIST AMER Mike WOODS (WR) Oklahoma,2026-04-09,2026-04-09,Mike,Woods,WR,AMER,Oklahoma,OTT,REM UNS NEGOTIATION LIST,True,184842,players,Eligible,Negotiation List,2026-09-05T13:30:37.057098,2026-09-05
206174,OTT REM UNS NEGOTIATION LIST AMER Divaad WILSON (DB) Central Florida,2026-04-09,2026-04-09,Divaad,Wilson,DB,AMER,Central Florida,OTT,REM UNS NEGOTIATION LIST,True,168270,players,Eligible,Negotiation List,2026-09-05T13:30:37.057098,2026-09-05
206175,OTT ADD NEGOTIATION LIST AMER Malik DIXON-WILLIAMS (DB) Connecticut,2026-04-09,2026-04-09,Malik,Dixon-Williams,DB,AMER,Connecticut,OTT,ADD NEGOTIATION LIST,True,185995,players,Negotiation List,Eligible,2026-09-05T13:30:37.057098,2026-09-05
206176,BC ADD NEGOTIATION LIST AMER Michael FITZGERALD (WR) Wyoming,2026-04-09,2026-04-09,Michael,Fitzgerald,WR,AMER,Wyoming,BC,ADD NEGOTIATION LIST,True,185996,players,Negotiation List,Eligible,2026-09-05T13:30:37.057098,2026-09-05
206177,BC REM UNS NEGOTIATION LIST AMER Thayer THOMAS (WR) North Carolina State,2026-04-09,2026-04-09,Thayer,THOMAS,WR,AMER,North Carolina State,BC,REM UNS NEGOTIATION LIST,True,167594,players,Eligible,Negotiation List,2026-09-05T13:30:37.057098,2026-09-05
206178,WPG ADD NEGOTIATION LIST AMER Jay'Viar SUGGS (DT) Wisconsin,2026-04-09,2026-04-09,Jay'Viar,Suggs,DT,AMER,Wisconsin,WPG,ADD NEGOTIATION LIST,True,185997,players,Negotiation List,Eligible,2026-09-05T13:30:37.057098,2026-09-05
206179,WPG REM UNS NEGOTIATION LIST AMER Nate BECKER (DL) Minnesota,2026-04-09,2026-04-09,Nate,Becker,DL,AMER,Minnesota,WPG,REM UNS NEGOTIATION LIST,True,185981,players,Eligible,Negotiation List,2026-09-05T13:30:37.057098,2026-09-05
206181,OTT ADD NEGOTIATION LIST AMER Julian GRAY (RB) Liberty,2026-04-09,2026-04-09,Julian,Gray,RB,AMER,Liberty,OTT,ADD NEGOTIATION LIST,True,185998,players,Negotiation List,Eligible,2026-09-05T13:30:37.057098,2026-09-05
206182,OTT REM UNS NEGOTIATION LIST AMER Jailin WALKER (LB) Indiana,2026-04-09,2026-04-09,Jailin,Walker,LB,AMER,Indiana,OTT,REM UNS NEGOTIATION LIST,True,184682,players,Eligible,Negotiation List,2026-09-05T13:30:37.057098,2026-09-05
206168,TOR REM UNS NEGOTIATION LIST AMER Jacobe COVINGTON (DB) Southern California,2026-04-08,2026-04-08,Jacobe,COVINGTON,DB,AMER,Southern California,TOR,REM UNS NEGOTIATION LIST,True,184943,players,Eligible,Negotiation List,2026-09-05T13:30:37.057098,2026-09-05
206169,TOR ADD NEGOTIATION LIST AMER Kasyus KURNS (DB) Tarleton State,2026-04-08,2026-04-08,Kasyus,Kurns,DB,AMER,Tarleton State,TOR,ADD NEGOTIATION LIST,True,185993,players,Negotiation List,Eligible,2026-09-05T13:30:37.057098,2026-09-05
206165,TOR ADD NEGOTIATION LIST AMER Grady KELLY (DL) Michigan State,2026-04-08,2026-04-08,Grady,Kelly,DL,AMER,Michigan State,TOR,ADD NEGOTIATION LIST,True,185992,players,Negotiation List,Eligible,2026-09-05T13:30:37.057098,2026-09-05
206166,TOR REM UNS NEGOTIATION LIST AMER Roc TAYLOR (WR) Memphis,2026-04-08,2026-04-08,Roc,Taylor,WR,AMER,Memphis,TOR,REM UNS NEGOTIATION LIST,True,184839,players,Eligible,Negotiation List,2026-09-05T13:30:37.057098,2026-09-05
206163,EDM REM UNS NEGOTIATION LIST AMER Chim OKORAFOR (OL) Benedictine,2026-04-08,2026-04-08,Chim,Okorafor,OL,AMER,Benedictine,EDM,REM UNS NEGOTIATION LIST,True,168211,players,Eligible,Negotiation List,2026-09-05T13:30:37.057098,2026-09-05
206164,EDM ADD NEGOTIATION LIST AMER Daquan FELTON (WR) Virginia Tech,2026-04-08,2026-04-08,Daquan,Felton,WR,AMER,Virginia Tech,EDM,ADD NEGOTIATION LIST,True,185991,players,Negotiation List,Eligible,2026-09-05T13:30:37.057098,2026-09-05
206162,BC ADD NEGOTIATION LIST AMER Tyrell RABY (CB) Grambling State,2026-04-08,2026-04-08,Tyrell,Raby,CB,AMER,Grambling State,BC,ADD NEGOTIATION LIST,True,185990,players,Negotiation List,Eligible,2026-09-05T13:30:37.057098,2026-09-05
206161,BC REM UNS NEGOTIATION LIST AMER TK MCLENDON (DL) Eastern Kentucky,2026-04-08,2026-04-08,TK,MCLENDON,DL,AMER,Eastern Kentucky,BC,REM UNS NEGOTIATION LIST,True,167414,players,Eligible,Negotiation List,2026-09-05T13:30:37.057098,2026-09-05
206160,HAM ADD NEGOTIATION LIST AMER John CAMPBELL JR (OL) Tennessee,2026-04-08,2026-04-08,John,Campbell Jr,OL,AMER,Tennessee,HAM,ADD NEGOTIATION LIST,True,184127,players,Negotiation List,Eligible,2026-09-05T13:30:37.057098,2026-09-05
206154,"OTT REM UNS NEGOTIATION LIST AMER Roterius ""Ro"" TORRENCE (DB) Arizona State",2026-04-07,2026-04-07,"Roterius ""Ro""",Torrence,DB,AMER,Arizona State,OTT,REM UNS NEGOTIATION LIST,True,168997,players,Eligible,Negotiation List,2026-09-05T13:30:37.057098,2026-09-05
206153,OTT ADD NEGOTIATION LIST AMER Bryce RAMIREZ (LB) Texas Tech,2026-04-07,2026-04-07,Bryce,Ramirez,LB,AMER,Texas Tech,OTT,ADD NEGOTIATION LIST,True,185989,players,Negotiation List,Eligible,2026-09-05T13:30:37.057098,2026-09-05
206152,OTT ADD NEGOTIATION LIST AMER Patrick MCMORRIS (DB) California,2026-04-07,2026-04-07,Patrick,McMorris,DB,AMER,California,OTT,ADD NEGOTIATION LIST,True,185009,players,Negotiation List,Eligible,2026-09-05T13:30:37.057098,2026-09-05
206150,WPG REM UNS NEGOTIATION LIST AMER Jarrett GUARANTANO (QB) Washington State,2026-04-07,2026-04-07,Jarrett,GUARANTANO,QB,AMER,Washington State,WPG,REM UNS NEGOTIATION LIST,True,167215,players,Eligible,Negotiation List,2026-09-05T13:30:37.057098,2026-09-05
206140,OTT ADD NEGOTIATION LIST AMER Stephen DIX (LB) Arkansas,2026-04-07,2026-04-07,Stephen,Dix,LB,AMER,Arkansas,OTT,ADD NEGOTIATION LIST,True,185986,players,Negotiation List,Eligible,2026-09-05T13:30:37.057098,2026-09-05
206141,OTT REM UNS NEGOTIATION LIST AMER Seth ANDERSON (OL) North Dakota,2026-04-07,2026-04-07,Seth,Anderson,OL,AMER,North Dakota,OTT,REM UNS NEGOTIATION LIST,True,185864,players,Eligible,Negotiation List,2026-09-05T13:30:37.057098,2026-09-05
206142,WPG ADD NEGOTIATION LIST AMER Stevie ROCKER (RB) Montana,2026-04-07,2026-04-07,Stevie,Rocker,RB,AMER,Montana,WPG,ADD NEGOTIATION LIST,True,185987,players,Negotiation List,Eligible,2026-09-05T13:30:37.057098,2026-09-05
206144,SSK ADD NEGOTIATION LIST AMER Xavier GUILLORY (WR) Arizona State,2026-04-07,2026-04-07,Xavier,Guillory,WR,AMER,Arizona State,SSK,ADD NEGOTIATION LIST,True,185060,players,Negotiation List,Eligible,2026-09-05T13:30:37.057098,2026-09-05
206145,SSK REM UNS NEGOTIATION LIST AMER Cameron YOUNG (DL) Mississippi State,2026-04-07,2026-04-07,Cameron,Young,DL,AMER,Mississippi State,SSK,REM UNS NEGOTIATION LIST,True,185894,players,Eligible,Negotiation List,2026-09-05T13:30:37.057098,2026-09-05
206146,CGY ADD NEGOTIATION LIST AMER TJ MOORE (DB) Mercer,2026-04-07,2026-04-07,TJ,Moore,DB,AMER,Mercer,CGY,ADD NEGOTIATION LIST,True,184814,players,Negotiation List,Eligible,2026-09-05T13:30:37.057098,2026-09-05
206147,CGY REM UNS NEGOTIATION LIST AMER JaTravis BROUGHTON (DB) Texas Christian,2026-04-07,2026-04-07,JaTravis,Broughton,DB,AMER,Texas Christian,CGY,REM UNS NEGOTIATION LIST,True,184928,players,Eligible,Negotiation List,2026-09-05T13:30:37.057098,2026-09-05
206149,"OTT REM SGD NEGOTIATION LIST AMER ZouDarrius ""Dee"" ANDERSON (WR) Alabama A&M",2026-04-07,2026-04-07,"ZouDarrius ""Dee""",ANDERSON,WR,AMER,Alabama A&M,OTT,REM SGD NEGOTIATION LIST,True,167123,players,Eligible,Negotiation List,2026-09-05T13:30:37.057098,2026-09-05
206132,BC ADD NEGOTIATION LIST AMER Kai HORTON (QB) Washington,2026-04-02,2026-04-02,Kai,Horton,QB,AMER,Washington,BC,ADD NEGOTIATION LIST,True,185949,players,Negotiation List,Eligible,2026-09-05T13:30:37.057098,2026-09-05
206133,EDM REM UNS NEGOTIATION LIST AMER Luke GRIMM (WR) Kansas,2026-04-02,2026-04-02,Luke,Grimm,WR,AMER,Kansas,EDM,REM UNS NEGOTIATION LIST,True,184276,players,Eligible,Negotiation List,2026-09-05T13:30:37.057098,2026-09-05
206134,EDM ADD NEGOTIATION LIST AMER Jaden SMITH (WR) Nevada,2026-04-02,2026-04-02,Jaden,Smith,WR,AMER,Nevada,EDM,ADD NEGOTIATION LIST,True,169560,players,Negotiation List,Eligible,2026-09-05T13:30:37.057098,2026-09-05
206131,BC REM SGD NEGOTIATION LIST AMER Essang BASSEY (DB) Wake Forest,2026-04-02,2026-04-02,Essang,BASSEY,DB,AMER,Wake Forest,BC,REM SGD NEGOTIATION LIST,True,185776,players,Eligible,Negotiation List,2026-09-05T13:30:37.057098,2026-09-05
206128,SSK ADD NEGOTIATION LIST AMER Nathan PICKERING (DL) Mississippi State,2026-04-02,2026-04-02,Nathan,Pickering,DL,AMER,Mississippi State,SSK,ADD NEGOTIATION LIST,True,169588,players,Negotiation List,Eligible,2026-09-05T13:30:37.057098,2026-09-05
206127,SSK REM UNS NEGOTIATION LIST AMER Zack JOHNSON (OL) North Dakota State,2026-04-02,2026-04-02,Zack,JOHNSON,OL,AMER,North Dakota State,SSK,REM UNS NEGOTIATION LIST,True,166454,players,Eligible,Negotiation List,2026-09-05T13:30:37.057098,2026-09-05
206126,EDM ADD NEGOTIATION LIST AMER Ryan MOSESSO (OL) Massachusetts,2026-04-02,2026-04-02,Ryan,Mosesso,OL,AMER,Massachusetts,EDM,ADD NEGOTIATION LIST,True,185985,players,Negotiation List,Eligible,2026-09-05T13:30:37.057098,2026-09-05
206124,MTL REM UNS NEGOTIATION LIST AMER Darrynton EVANS (RB) Appalachian State,2026-04-02,2026-04-02,Darrynton,Evans,RB,AMER,Appalachian State,MTL,REM UNS NEGOTIATION LIST,True,168264,players,Eligible,Negotiation List,2026-09-05T13:30:37.057098,2026-09-05
206125,MTL ADD NEGOTIATION LIST AMER Cameron SMITH (OL) Alabama State,2026-04-02,2026-04-02,Cameron,Smith,OL,AMER,Alabama State,MTL,ADD NEGOTIATION LIST,True,185984,players,Negotiation List,Eligible,2026-09-05T13:30:37.057098,2026-09-05
206123,EDM REM UNS NEGOTIATION LIST AMER Ekow BOYE-DOE (DB) Kansas State,2026-04-02,2026-04-02,Ekow,BOYE-DOE,DB,AMER,Kansas State,EDM,REM UNS NEGOTIATION LIST,True,167991,players,Eligible,Negotiation List,2026-09-05T13:30:37.057098,2026-09-05
206122,SSK ADD NEGOTIATION LIST AMER Percy LEWIS (OL) Mississippi,2026-04-02,2026-04-02,Percy,Lewis,OL,AMER,Mississippi,SSK,ADD NEGOTIATION LIST,True,185983,players,Negotiation List,Eligible,2026-09-05T13:30:37.057098,2026-09-05
206119,HAM ADD NEGOTIATION LIST AMER Javin WRIGHT (LB) Nebraska,2026-04-01,2026-04-01,Javin,Wright,LB,AMER,Nebraska,HAM,ADD NEGOTIATION LIST,True,185982,players,Negotiation List,Eligible,2026-09-05T13:30:37.057098,2026-09-05
206113,WPG REM UNS NEGOTIATION LIST AMER Drake STOOPS (WR) Oklahoma,2026-04-01,2026-04-01,Drake,Stoops,WR,AMER,Oklahoma,WPG,REM UNS NEGOTIATION LIST,True,185041,players,Eligible,Negotiation List,2026-09-05T13:30:37.057098,2026-09-05
206114,WPG ADD NEGOTIATION LIST AMER Nate BECKER (DL) Minnesota,2026-04-01,2026-04-01,Nate,Becker,DL,AMER,Minnesota,WPG,ADD NEGOTIATION LIST,True,185981,players,Negotiation List,Eligible,2026-09-05T13:30:37.057098,2026-09-05
206111,HAM REM UNS NEGOTIATION LIST AMER Brandon WALTON (OL) Florida Atlantic,2026-04-01,2026-04-01,Brandon,WALTON,OL,AMER,Florida Atlantic,HAM,REM UNS NEGOTIATION LIST,True,165880,players,Eligible,Negotiation List,2026-09-05T13:30:37.057098,2026-09-05
206110,SSK REM SGD NEGOTIATION LIST AMER David GBENDA (LB) Texas,2026-03-31,2026-03-31,David,Gbenda,LB,AMER,Texas,SSK,REM SGD NEGOTIATION LIST,True,184803,players,Eligible,Negotiation List,2026-09-05T13:30:37.057098,2026-09-05
206105,MTL ADD NEGOTIATION LIST AMER Blake BUSTARD (OL) Southern Mississippi,2026-03-31,2026-03-31,Blake,Bustard,OL,AMER,Southern Mississippi,MTL,ADD NEGOTIATION LIST,True,185978,players,Negotiation List,Eligible,2026-09-05T13:30:37.057098,2026-09-05
206106,BC REM UNS NEGOTIATION LIST AMER Jackie JOHNSON III (DL) Hawaii,2026-03-31,2026-03-31,Jackie,Johnson III,DL,AMER,Hawaii,BC,REM UNS NEGOTIATION LIST,True,184946,players,Eligible,Negotiation List,2026-09-05T13:30:37.057098,2026-09-05
206107,BC ADD NEGOTIATION LIST AMER Jamorri COLSON (DB) Washington State,2026-03-31,2026-03-31,Jamorri,Colson,DB,AMER,Washington State,BC,ADD NEGOTIATION LIST,True,185979,players,Negotiation List,Eligible,2026-09-05T13:30:37.057098,2026-09-05
206104,MTL REM UNS NEGOTIATION LIST AMER Jake BURTON (OL) Baylor,2026-03-31,2026-03-31,Jake,BURTON,OL,AMER,Baylor,MTL,REM UNS NEGOTIATION LIST,True,166612,players,Eligible,Negotiation List,2026-09-05T13:30:37.057098,2026-09-05
206103,TOR ADD NEGOTIATION LIST AMER Jordan POLLARD (LB) San Jose State,2026-03-31,2026-03-31,Jordan,Pollard,LB,AMER,San Jose State,TOR,ADD NEGOTIATION LIST,True,185977,players,Negotiation List,Eligible,2026-09-05T13:30:37.057098,2026-09-05
206102,TOR REM UNS NEGOTIATION LIST AMER Greg STROMAN (DB) Virginia Tech,2026-03-31,2026-03-31,Greg,STROMAN,DB,AMER,Virginia Tech,TOR,REM UNS NEGOTIATION LIST,True,167337,players,Eligible,Negotiation List,2026-09-05T13:30:37.057098,2026-09-05
206100,BC ADD NEGOTIATION LIST AMER Parker MCKENNA (LB) Washington State,2026-03-30,2026-03-30,Parker,McKenna,LB,AMER,Washington State,BC,ADD NEGOTIATION LIST,True,185976,players,Negotiation List,Eligible,2026-09-05T13:30:37.057098,2026-09-05
206099,BC REM UNS NEGOTIATION LIST AMER Nate RUTCHENA (LB) UC Davis,2026-03-30,2026-03-30,Nate,Rutchena,LB,AMER,UC Davis,BC,REM UNS NEGOTIATION LIST,True,185958,players,Eligible,Negotiation List,2026-09-05T13:30:37.057098,2026-09-05
206097,TOR REM UNS NEGOTIATION LIST AMER Noah FENSKE (OL) Southern Illinois,2026-03-30,2026-03-30,Noah,Fenske,OL,AMER,Southern Illinois,TOR,REM UNS NEGOTIATION LIST,True,185932,players,Eligible,Negotiation List,2026-09-05T13:30:37.057098,2026-09-05
206095,HAM REM UNS NEGOTIATION LIST AMER Nyheim HINES (RB) North Carolina State,2026-03-30,2026-03-30,Nyheim,Hines,RB,AMER,North Carolina State,HAM,REM UNS NEGOTIATION LIST,True,185963,players,Eligible,Negotiation List,2026-09-05T13:30:37.057098,2026-09-05
206096,HAM ADD NEGOTIATION LIST AMER Gabe JEUDY-LALLY (DB) Tennessee,2026-03-30,2026-03-30,Gabe,Jeudy-Lally,DB,AMER,Tennessee,HAM,ADD NEGOTIATION LIST,True,185857,players,Negotiation List,Eligible,2026-09-05T13:30:37.057098,2026-09-05
206098,TOR ADD NEGOTIATION LIST AMER Traeshon HOLDEN (WR) Oregon,2026-03-30,2026-03-30,Traeshon,Holden,WR,AMER,Oregon,TOR,ADD NEGOTIATION LIST,True,184301,players,Negotiation List,Eligible,2026-09-05T13:30:37.057098,2026-09-05
206089,BC REM UNS NEGOTIATION LIST AMER Perrion WINFREY (DL) Oklahoma,2026-03-30,2026-03-30,Perrion,Winfrey,DL,AMER,Oklahoma,BC,REM UNS NEGOTIATION LIST,True,185920,players,Eligible,Negotiation List,2026-09-05T13:30:37.057098,2026-09-05
206090,BC ADD NEGOTIATION LIST AMER Michael OTTY (DL) Bryant University,2026-03-30,2026-03-30,Michael,Otty,DL,AMER,Bryant University,BC,ADD NEGOTIATION LIST,True,185973,players,Negotiation List,Eligible,2026-09-05T13:30:37.057098,2026-09-05
206091,BC REM UNS NEGOTIATION LIST AMER DaJean WELLS (DB) Eastern Washington,2026-03-30,2026-03-30,DaJean,Wells,DB,AMER,Eastern Washington,BC,REM UNS NEGOTIATION LIST,True,185834,players,Eligible,Negotiation List,2026-09-05T13:30:37.057098,2026-09-05
206092,BC ADD NEGOTIATION LIST AMER Kelly AKHARAIYI (WR) Mississippi State,2026-03-30,2026-03-30,Kelly,Akharaiyi,WR,AMER,Mississippi State,BC,ADD NEGOTIATION LIST,True,185974,players,Negotiation List,Eligible,2026-09-05T13:30:37.057098,2026-09-05
206088,OTT ADD NEGOTIATION LIST AMER Jamal MULL (OL) Central Arkansas,2026-03-30,2026-03-30,Jamal,Mull,OL,AMER,Central Arkansas,OTT,ADD NEGOTIATION LIST,True,185972,players,Negotiation List,Eligible,2026-09-05T13:30:37.057098,2026-09-05
206086,BC ADD NEGOTIATION LIST AMER Matthew MCDOOM (DB) Cincinnati,2026-03-30,2026-03-30,Matthew,McDoom,DB,AMER,Cincinnati,BC,ADD NEGOTIATION LIST,True,185971,players,Negotiation List,Eligible,2026-09-05T13:30:37.057098,2026-09-05
206087,OTT REM UNS NEGOTIATION LIST AMER Desmond LITTLE (DL) Alabama Birmingham,2026-03-30,2026-03-30,Desmond,Little,DL,AMER,Alabama Birmingham,OTT,REM UNS NEGOTIATION LIST,True,185970,players,Eligible,Negotiation List,2026-09-05T13:30:37.057098,2026-09-05
206085,BC REM UNS NEGOTIATION LIST AMER Nasir BOWERS (DB) Toledo,2026-03-30,2026-03-30,Nasir,Bowers,DB,AMER,Toledo,BC,REM UNS NEGOTIATION LIST,True,185118,players,Eligible,Negotiation List,2026-09-05T13:30:37.057098,2026-09-05
206084,CGY REM SGD NEGOTIATION LIST AMER Ben WOOLDRIDGE (QB) Louisiana At Lafayette,2026-03-30,2026-03-30,Ben,Wooldridge,QB,AMER,Louisiana At Lafayette,CGY,REM SGD NEGOTIATION LIST,True,169155,players,Eligible,Negotiation List,2026-09-05T13:30:37.057098,2026-09-05
206081,OTT ADD NEGOTIATION LIST AMER Desmond LITTLE (DL) Alabama Birmingham,2026-03-27,2026-03-27,Desmond,Little,DL,AMER,Alabama Birmingham,OTT,ADD NEGOTIATION LIST,True,185970,players,Negotiation List,Eligible,2026-09-05T13:30:37.057098,2026-09-05
206080,OTT ADD NEGOTIATION LIST AMER Nick ANDERSEN (DB) Wake Forest,2026-03-27,2026-03-27,Nick,Andersen,DB,AMER,Wake Forest,OTT,ADD NEGOTIATION LIST,True,185969,players,Negotiation List,Eligible,2026-09-05T13:30:37.057098,2026-09-05
206079,OTT REM SGD NEGOTIATION LIST AMER Rory STARKEY (WR) Samford,2026-03-27,2026-03-27,Rory,Starkey,WR,AMER,Samford,OTT,REM SGD NEGOTIATION LIST,True,169565,players,Eligible,Negotiation List,2026-09-05T13:30:37.057098,2026-09-05
206078,OTT REM SGD NEGOTIATION LIST AMER Jordan BLY (WR) Gardner-Webb,2026-03-27,2026-03-27,Jordan,Bly,WR,AMER,Gardner-Webb,OTT,REM SGD NEGOTIATION LIST,True,169376,players,Eligible,Negotiation List,2026-09-05T13:30:37.057098,2026-09-05
206075,WPG ADD NEGOTIATION LIST AMER Antonio GRIER (LB) Arkansas,2026-03-27,2026-03-27,Antonio,Grier,LB,AMER,Arkansas,WPG,ADD NEGOTIATION LIST,True,184968,players,Negotiation List,Eligible,2026-09-05T13:30:37.057098,2026-09-05
206076,WPG REM UNS NEGOTIATION LIST AMER Ethan JOHNSON (DB) Appalachian State,2026-03-27,2026-03-27,Ethan,Johnson,DB,AMER,Appalachian State,WPG,REM UNS NEGOTIATION LIST,True,185128,players,Eligible,Negotiation List,2026-09-05T13:30:37.057098,2026-09-05
206073,BC REM UNS NEGOTIATION LIST AMER Jah JOYNER (DE) Minnesota,2026-03-26,2026-03-26,Jah,Joyner,DE,AMER,Minnesota,BC,REM UNS NEGOTIATION LIST,True,184832,players,Eligible,Negotiation List,2026-09-05T13:30:37.057098,2026-09-05
206072,BC ADD NEGOTIATION LIST AMER Sincere BROWN (WR) Colorado,2026-03-26,2026-03-26,Sincere,Brown,WR,AMER,Colorado,BC,ADD NEGOTIATION LIST,True,185967,players,Negotiation List,Eligible,2026-09-05T13:30:37.057098,2026-09-05
206070,OTT REM UNS NEGOTIATION LIST AMER Owen OSTROSKI (DL) Northern Iowa,2026-03-25,2026-03-25,Owen,Ostroski,DL,AMER,Northern Iowa,OTT,REM UNS NEGOTIATION LIST,True,185912,players,Eligible,Negotiation List,2026-09-05T13:30:37.057098,2026-09-05
206068,WPG REM UNS NEGOTIATION LIST AMER Jordan WILLIAMS (OL) Georgia Tech,2026-03-25,2026-03-25,Jordan,Williams,OL,AMER,Georgia Tech,WPG,REM UNS NEGOTIATION LIST,True,185055,players,Eligible,Negotiation List,2026-09-05T13:30:37.057098,2026-09-05
206069,OTT ADD NEGOTIATION LIST AMER KK RENO (LB) Southeastern Louisiana,2026-03-25,2026-03-25,KK,Reno,LB,AMER,Southeastern Louisiana,OTT,ADD NEGOTIATION LIST,True,185966,players,Negotiation List,Eligible,2026-09-05T13:30:37.057098,2026-09-05
206067,WPG ADD NEGOTIATION LIST AMER Dylan HAZEN (LB) Wake Forest,2026-03-25,2026-03-25,Dylan,Hazen,LB,AMER,Wake Forest,WPG,ADD NEGOTIATION LIST,True,185965,players,Negotiation List,Eligible,2026-09-05T13:30:37.057098,2026-09-05
206065,OTT ADD NEGOTIATION LIST AMER Sieh BANGURA (RB) Ohio,2026-03-25,2026-03-25,Sieh,Bangura,RB,AMER,Ohio,OTT,ADD NEGOTIATION LIST,True,185964,players,Negotiation List,Eligible,2026-09-05T13:30:37.057098,2026-09-05
206064,OTT REM SGD NEGOTIATION LIST AMER Chaz NEAL (OL) Florida Atlantic,2026-03-25,2026-03-25,Chaz,Neal,OL,AMER,Florida Atlantic,OTT,REM SGD NEGOTIATION LIST,True,185908,players,Eligible,Negotiation List,2026-09-05T13:30:37.057098,2026-09-05
206063,HAM ADD NEGOTIATION LIST AMER Nyheim HINES (RB) North Carolina State,2026-03-25,2026-03-25,Nyheim,Hines,RB,AMER,North Carolina State,HAM,ADD NEGOTIATION LIST,True,185963,players,Negotiation List,Eligible,2026-09-05T13:30:37.057098,2026-09-05
206062,HAM REM SGD NEGOTIATION LIST AMER Dawson SCOTT (DL) Southern Arkansas,2026-03-25,2026-03-25,Dawson,Scott,DL,AMER,Southern Arkansas,HAM,REM SGD NEGOTIATION LIST,True,185944,players,Eligible,Negotiation List,2026-09-05T13:30:37.057098,2026-09-05
206056,BC REM UNS NEGOTIATION LIST AMER Michael DWUMFOUR (DL) Rutgers,2026-03-24,2026-03-24,Michael,DWUMFOUR,DL,AMER,Rutgers,BC,REM UNS NEGOTIATION LIST,True,166503,players,Eligible,Negotiation List,2026-09-05T13:30:37.057098,2026-09-05
206057,BC REM UNS NEGOTIATION LIST AMER Virdel EDWARDS (CB) Hawaii,2026-03-24,2026-03-24,Virdel,Edwards,CB,AMER,Hawaii,BC,REM UNS NEGOTIATION LIST,True,185957,players,Eligible,Negotiation List,2026-09-05T13:30:37.057098,2026-09-05
206058,BC ADD NEGOTIATION LIST AMER Sean BROWN (LB) North Carolina State,2026-03-24,2026-03-24,Sean,Brown,LB,AMER,North Carolina State,BC,ADD NEGOTIATION LIST,True,185962,players,Negotiation List,Eligible,2026-09-05T13:30:37.057098,2026-09-05
206050,HAM REM UNS NEGOTIATION LIST AMER Quincy LIKIO (DL) San Jose State,2026-03-23,2026-03-23,Quincy,Likio,DL,AMER,San Jose State,HAM,REM UNS NEGOTIATION LIST,True,185824,players,Eligible,Negotiation List,2026-09-05T13:30:37.057098,2026-09-05
206051,HAM ADD NEGOTIATION LIST AMER Kentrel BULLOCK (RB) South Alabama,2026-03-23,2026-03-23,Kentrel,Bullock,RB,AMER,South Alabama,HAM,ADD NEGOTIATION LIST,True,185961,players,Negotiation List,Eligible,2026-09-05T13:30:37.057098,2026-09-05
206049,WPG ADD NEGOTIATION LIST AMER Ja'Kobe CLINTON (LB) West Florida,2026-03-23,2026-03-23,Ja'Kobe,Clinton,LB,AMER,West Florida,WPG,ADD NEGOTIATION LIST,True,185960,players,Negotiation List,Eligible,2026-09-05T13:30:37.057098,2026-09-05
206048,WPG REM UNS NEGOTIATION LIST AMER Casey ROGERS (DL) Oregon,2026-03-23,2026-03-23,Casey,Rogers,DL,AMER,Oregon,WPG,REM UNS NEGOTIATION LIST,True,184919,players,Eligible,Negotiation List,2026-09-05T13:30:37.057098,2026-09-05
206047,OTT ADD NEGOTIATION LIST AMER Sabastian HARSH (DL) North Carolina State,2026-03-23,2026-03-23,Sabastian,Harsh,DL,AMER,North Carolina State,OTT,ADD NEGOTIATION LIST,True,185959,players,Negotiation List,Eligible,2026-09-05T13:30:37.057098,2026-09-05
206046,OTT REM SGD NEGOTIATION LIST AMER Chris MILLS (DB) Texas State,2026-03-23,2026-03-23,Chris,Mills,DB,AMER,Texas State,OTT,REM SGD NEGOTIATION LIST,True,185913,players,Eligible,Negotiation List,2026-09-05T13:30:37.057098,2026-09-05
206043,BC ADD NEGOTIATION LIST AMER Nate RUTCHENA (LB) UC Davis,2026-03-20,2026-03-20,Nate,Rutchena,LB,AMER,UC Davis,BC,ADD NEGOTIATION LIST,True,185958,players,Negotiation List,Eligible,2026-09-05T13:30:37.057098,2026-09-05
206041,OTT ADD NEGOTIATION LIST AMER RJ STARKEY (WR) Samford,2026-03-20,2026-03-20,RJ,Starkey,WR,AMER,Samford,OTT,ADD NEGOTIATION LIST,True,169565,players,Negotiation List,Eligible,2026-09-05T13:30:37.057098,2026-09-05
206042,OTT REM UNS NEGOTIATION LIST AMER Jereme ROBINSON (DL) Kansas,2026-03-20,2026-03-20,Jereme,Robinson,DL,AMER,Kansas,OTT,REM UNS NEGOTIATION LIST,True,185893,players,Eligible,Negotiation List,2026-09-05T13:30:37.057098,2026-09-05
206039,OTT ADD NEGOTIATION LIST AMER Chaz NEAL (OL) Florida Atlantic,2026-03-20,2026-03-20,Chaz,Neal,OL,AMER,Florida Atlantic,OTT,ADD NEGOTIATION LIST,True,185908,players,Negotiation List,Eligible,2026-09-05T13:30:37.057098,2026-09-05
206040,OTT REM SGD NEGOTIATION LIST AMER Marcus BARNES (DB) William & Mary,2026-03-20,2026-03-20,Marcus,Barnes,DB,AMER,William & Mary,OTT,REM SGD NEGOTIATION LIST,True,185953,players,Eligible,Negotiation List,2026-09-05T13:30:37.057098,2026-09-05
206037,HAM ADD NEGOTIATION LIST AMER Nyzier FOURQUREAN (DB) Wisconsin,2026-03-20,2026-03-20,Nyzier,Fourqurean,DB,AMER,Wisconsin,HAM,ADD NEGOTIATION LIST,True,169316,players,Negotiation List,Eligible,2026-09-05T13:30:37.057098,2026-09-05
206038,HAM REM UNS NEGOTIATION LIST AMER John CAMPBELL JR (OL) Tennessee,2026-03-20,2026-03-20,John,Campbell Jr,OL,AMER,Tennessee,HAM,REM UNS NEGOTIATION LIST,True,184127,players,Eligible,Negotiation List,2026-09-05T13:30:37.057098,2026-09-05
206036,BC REM UNS NEGOTIATION LIST AMER Eli NEAL (LB) Marshall,2026-03-20,2026-03-20,Eli,Neal,LB,AMER,Marshall,BC,REM UNS NEGOTIATION LIST,True,168489,players,Eligible,Negotiation List,2026-09-05T13:30:37.057098,2026-09-05
206034,TOR ADD NEGOTIATION LIST AMER Kimo MAKANE'OLE (OL) West Virginia,2026-03-20,2026-03-20,Kimo,Makane'ole,OL,AMER,West Virginia,TOR,ADD NEGOTIATION LIST,True,185956,players,Negotiation List,Eligible,2026-09-05T13:30:37.057098,2026-09-05
206035,BC ADD NEGOTIATION LIST AMER Virdel EDWARDS (CB) Hawaii,2026-03-20,2026-03-20,Virdel,Edwards,CB,AMER,Hawaii,BC,ADD NEGOTIATION LIST,True,185957,players,Negotiation List,Eligible,2026-09-05T13:30:37.057098,2026-09-05
206032,EDM ADD NEGOTIATION LIST AMER Cam CARTER (OL) Murray State,2026-03-20,2026-03-20,Cam,Carter,OL,AMER,Murray State,EDM,ADD NEGOTIATION LIST,True,185955,players,Negotiation List,Eligible,2026-09-05T13:30:37.057098,2026-09-05
206033,EDM REM UNS NEGOTIATION LIST AMER Tedi KUSHI (OL) Western Michigan,2026-03-20,2026-03-20,Tedi,Kushi,OL,AMER,Western Michigan,EDM,REM UNS NEGOTIATION LIST,True,169388,players,Eligible,Negotiation List,2026-09-05T13:30:37.057098,2026-09-05
206028,WPG ADD NEGOTIATION LIST AMER Virgil LEMONS (DB) West Florida,2026-03-20,2026-03-20,Virgil,Lemons,DB,AMER,West Florida,WPG,ADD NEGOTIATION LIST,True,185836,players,Negotiation List,Eligible,2026-09-05T13:30:37.057098,2026-09-05
206029,WPG REM UNS NEGOTIATION LIST AMER Antonio GRIER (LB) Arkansas,2026-03-20,2026-03-20,Antonio,Grier,LB,AMER,Arkansas,WPG,REM UNS NEGOTIATION LIST,True,184968,players,Eligible,Negotiation List,2026-09-05T13:30:37.057098,2026-09-05
206027,CGY ADD NEGOTIATION LIST AMER Khairi MANNS (DL) James Madison,2026-03-19,2026-03-19,Khairi,Manns,DL,AMER,James Madison,CGY,ADD NEGOTIATION LIST,True,184028,players,Negotiation List,Eligible,2026-09-05T13:30:37.057098,2026-09-05
206026,CGY REM UNS NEGOTIATION LIST AMER Prince EMILI (DL) Pennsylvania,2026-03-19,2026-03-19,Prince,EMILI,DL,AMER,Pennsylvania,CGY,REM UNS NEGOTIATION LIST,True,167444,players,Eligible,Negotiation List,2026-09-05T13:30:37.057098,2026-09-05
206025,SSK ADD NEGOTIATION LIST AMER Delontae SCOTT (DL) Southern Methodist,2026-03-19,2026-03-19,Delontae,SCOTT,DL,AMER,Southern Methodist,SSK,ADD NEGOTIATION LIST,True,166133,players,Negotiation List,Eligible,2026-09-05T13:30:37.057098,2026-09-05
206024,SSK REM UNS NEGOTIATION LIST AMER Marcus TATE (OL) Clemson,2026-03-19,2026-03-19,Marcus,Tate,OL,AMER,Clemson,SSK,REM UNS NEGOTIATION LIST,True,185926,players,Eligible,Negotiation List,2026-09-05T13:30:37.057098,2026-09-05
206023,OTT ADD NEGOTIATION LIST AMER Jereme ROBINSON (DL) Kansas,2026-03-19,2026-03-19,Jereme,Robinson,DL,AMER,Kansas,OTT,ADD NEGOTIATION LIST,True,185893,players,Negotiation List,Eligible,2026-09-05T13:30:37.057098,2026-09-05
206022,OTT REM UNS NEGOTIATION LIST AMER Kekoa VISPERAS (QB) Eastern Washington,2026-03-19,2026-03-19,Kekoa,Visperas,QB,AMER,Eastern Washington,OTT,REM UNS NEGOTIATION LIST,True,168278,players,Eligible,Negotiation List,2026-09-05T13:30:37.057098,2026-09-05
206021,MTL ADD NEGOTIATION LIST AMER Jake BURTON (OL) Baylor,2026-03-19,2026-03-19,Jake,BURTON,OL,AMER,Baylor,MTL,ADD NEGOTIATION LIST,True,166612,players,Negotiation List,Eligible,2026-09-05T13:30:37.057098,2026-09-05
206020,MTL REM UNS NEGOTIATION LIST AMER Mario GOODRICH III (DB) Clemson,2026-03-19,2026-03-19,Mario,Goodrich III,DB,AMER,Clemson,MTL,REM UNS NEGOTIATION LIST,True,169150,players,Eligible,Negotiation List,2026-09-05T13:30:37.057098,2026-09-05
206019,MTL ADD NEGOTIATION LIST AMER Matthew JONES (OL) Ohio State,2026-03-19,2026-03-19,Matthew,Jones,OL,AMER,Ohio State,MTL,ADD NEGOTIATION LIST,True,185954,players,Negotiation List,Eligible,2026-09-05T13:30:37.057098,2026-09-05
206018,MTL REM UNS NEGOTIATION LIST AMER Tre STEWART (RB) Jacksonville State,2026-03-19,2026-03-19,Tre,Stewart,RB,AMER,Jacksonville State,MTL,REM UNS NEGOTIATION LIST,True,184936,players,Eligible,Negotiation List,2026-09-05T13:30:37.057098,2026-09-05
206017,EDM REM UNS NEGOTIATION LIST AMER Kenny DYSON (DL) Bryant University,2026-03-19,2026-03-19,Kenny,Dyson,DL,AMER,Bryant University,EDM,REM UNS NEGOTIATION LIST,True,168462,players,Eligible,Negotiation List,2026-09-05T13:30:37.057098,2026-09-05
206016,SSK ADD NEGOTIATION LIST AMER Raymond JOHNSON III (DL) Georgia Southern,2026-03-19,2026-03-19,Raymond,JOHNSON III,DL,AMER,Georgia Southern,SSK,ADD NEGOTIATION LIST,True,167212,players,Negotiation List,Eligible,2026-09-05T13:30:37.057098,2026-09-05
206008,HAM ADD NEGOTIATION LIST AMER Ryder ANDERSON (DL) Indiana,2026-03-19,2026-03-19,Ryder,ANDERSON,DL,AMER,Indiana,HAM,ADD NEGOTIATION LIST,True,167119,players,Negotiation List,Eligible,2026-09-05T13:30:37.057098,2026-09-05
206007,HAM REM UNS NEGOTIATION LIST AMER Jalen WHITE (RB) Georgia Southern,2026-03-19,2026-03-19,Jalen,White,RB,AMER,Georgia Southern,HAM,REM UNS NEGOTIATION LIST,True,185837,players,Eligible,Negotiation List,2026-09-05T13:30:37.057098,2026-09-05
206010,EDM ADD NEGOTIATION LIST AMER Chim OKORAFOR (OL) Benedictine,2026-03-19,2026-03-19,Chim,Okorafor,OL,AMER,Benedictine,EDM,ADD NEGOTIATION LIST,True,168211,players,Negotiation List,Eligible,2026-09-05T13:30:37.057098,2026-09-05
206009,EDM REM UNS NEGOTIATION LIST AMER Brandon CODRINGTON (DB) North Carolina Central,2026-03-19,2026-03-19,Brandon,Codrington,DB,AMER,North Carolina Central,EDM,REM UNS NEGOTIATION LIST,True,168617,players,Eligible,Negotiation List,2026-09-05T13:30:37.057098,2026-09-05
206012,OTT REM UNS NEGOTIATION LIST AMER Malik HAMM (DL) Lafayette College,2026-03-19,2026-03-19,Malik,HAMM,DL,AMER,Lafayette College,OTT,REM UNS NEGOTIATION LIST,True,167405,players,Eligible,Negotiation List,2026-09-05T13:30:37.057098,2026-09-05
206011,MTL ADD NEGOTIATION LIST AMER Marquez STEVENSON (WR) Houston,2026-03-19,2026-03-19,Marquez,Stevenson,WR,AMER,Houston,MTL,ADD NEGOTIATION LIST,True,168331,players,Negotiation List,Eligible,2026-09-05T13:30:37.057098,2026-09-05
206013,OTT ADD NEGOTIATION LIST AMER Lonnie PHELPS (DL) Kansas,2026-03-19,2026-03-19,Lonnie,Phelps,DL,AMER,Kansas,OTT,ADD NEGOTIATION LIST,True,168220,players,Negotiation List,Eligible,2026-09-05T13:30:37.057098,2026-09-05
206014,OTT REM UNS NEGOTIATION LIST AMER Kawaan BAKER (WR) South Alabama,2026-03-19,2026-03-19,Kawaan,BAKER,WR,AMER,South Alabama,OTT,REM UNS NEGOTIATION LIST,True,167461,players,Eligible,Negotiation List,2026-09-05T13:30:37.057098,2026-09-05
206015,OTT ADD NEGOTIATION LIST AMER Kwamie LASSITER II (WR) Kansas,2026-03-19,2026-03-19,Kwamie,Lassiter II,WR,AMER,Kansas,OTT,ADD NEGOTIATION LIST,True,169139,players,Negotiation List,Eligible,2026-09-05T13:30:37.057098,2026-09-05
206000,OTT REM UNS NEGOTIATION LIST AMER Chaz NEAL (OL) Florida Atlantic,2026-03-19,2026-03-19,Chaz,Neal,OL,AMER,Florida Atlantic,OTT,REM UNS NEGOTIATION LIST,True,185908,players,Eligible,Negotiation List,2026-09-05T13:30:37.057098,2026-09-05
206002,HAM ADD NEGOTIATION LIST AMER James ROBINSON (RB) Illinois State,2026-03-19,2026-03-19,James,Robinson,RB,AMER,Illinois State,HAM,ADD NEGOTIATION LIST,True,185821,players,Negotiation List,Eligible,2026-09-05T13:30:37.057098,2026-09-05
206001,OTT ADD NEGOTIATION LIST AMER Marcus BARNES (DB) William & Mary,2026-03-19,2026-03-19,Marcus,Barnes,DB,AMER,William & Mary,OTT,ADD NEGOTIATION LIST,True,185953,players,Negotiation List,Eligible,2026-09-05T13:30:37.057098,2026-09-05
206003,HAM ADD NEGOTIATION LIST AMER Jarrid WILLIAMS (OL) Miami,2026-03-19,2026-03-19,Jarrid,WILLIAMS,OL,AMER,Miami,HAM,ADD NEGOTIATION LIST,True,166687,players,Negotiation List,Eligible,2026-09-05T13:30:37.057098,2026-09-05
206004,HAM REM UNS NEGOTIATION LIST AMER Richard GOURAIGE (OL) Florida,2026-03-19,2026-03-19,Richard,Gouraige,OL,AMER,Florida,HAM,REM UNS NEGOTIATION LIST,True,185029,players,Eligible,Negotiation List,2026-09-05T13:30:37.057098,2026-09-05
206005,CGY REM UNS NEGOTIATION LIST AMER Ben FINLEY (QB) Akron,2026-03-19,2026-03-19,Ben,Finley,QB,AMER,Akron,CGY,REM UNS NEGOTIATION LIST,True,185827,players,Eligible,Negotiation List,2026-09-05T13:30:37.057098,2026-09-05
206006,CGY ADD NEGOTIATION LIST AMER Nate NOEL (RB) Missouri,2026-03-19,2026-03-19,Nate,Noel,RB,AMER,Missouri,CGY,ADD NEGOTIATION LIST,True,185007,players,Negotiation List,Eligible,2026-09-05T13:30:37.057098,2026-09-05
205999,OTT ADD NEGOTIATION LIST AMER Johnny BUCHANAN (LB) Delaware,2026-03-19,2026-03-19,Johnny,BUCHANAN,LB,AMER,Delaware,OTT,ADD NEGOTIATION LIST,True,167874,players,Negotiation List,Eligible,2026-09-05T13:30:37.057098,2026-09-05
205998,OTT REM UNS NEGOTIATION LIST AMER Ja'Quan SHEPPARD (DB) Maryland,2026-03-19,2026-03-19,Ja'Quan,Sheppard,DB,AMER,Maryland,OTT,REM UNS NEGOTIATION LIST,True,169119,players,Eligible,Negotiation List,2026-09-05T13:30:37.057098,2026-09-05
205997,"SSK REM SGD NEGOTIATION LIST AMER Juwuane ""JuJu"" HUGHES (DB) Fresno State",2026-03-19,2026-03-19,"Juwuane ""JuJu""",Hughes,DB,AMER,Fresno State,SSK,REM SGD NEGOTIATION LIST,True,168554,players,Eligible,Negotiation List,2026-09-05T13:30:37.057098,2026-09-05
205994,OTT REM UNS NEGOTIATION LIST AMER Gabe JEUDY-LALLY (DB) Tennessee,2026-03-19,2026-03-19,Gabe,Jeudy-Lally,DB,AMER,Tennessee,OTT,REM UNS NEGOTIATION LIST,True,185857,players,Eligible,Negotiation List,2026-09-05T13:30:37.057098,2026-09-05
205995,OTT ADD NEGOTIATION LIST AMER Dee ANDERSON (WR) Alabama A&M,2026-03-19,2026-03-19,Dee,ANDERSON,WR,AMER,Alabama A&M,OTT,ADD NEGOTIATION LIST,True,167123,players,Negotiation List,Eligible,2026-09-05T13:30:37.057098,2026-09-05
205993,EDM ADD NEGOTIATION LIST AMER Matt JONES (LB) Baylor,2026-03-19,2026-03-19,Matt,Jones,LB,AMER,Baylor,EDM,ADD NEGOTIATION LIST,True,184922,players,Negotiation List,Eligible,2026-09-05T13:30:37.057098,2026-09-05
205991,HAM REM SGD NEGOTIATION LIST AMER Julian PEARL (OL) Illinois,2026-03-19,2026-03-19,Julian,Pearl,OL,AMER,Illinois,HAM,REM SGD NEGOTIATION LIST,True,168723,players,Eligible,Negotiation List,2026-09-05T13:30:37.057098,2026-09-05
205989,BC ADD NEGOTIATION LIST AMER Jha’Quan JACKSON (WR) Tulane,2026-03-19,2026-03-19,Jha’Quan,Jackson,WR,AMER,Tulane,BC,ADD NEGOTIATION LIST,True,184859,players,Negotiation List,Eligible,2026-09-05T13:30:37.057098,2026-09-05
205987,BC ADD NEGOTIATION LIST AMER Michael DWUMFOUR (DL) Rutgers,2026-03-19,2026-03-19,Michael,DWUMFOUR,DL,AMER,Rutgers,BC,ADD NEGOTIATION LIST,True,166503,players,Negotiation List,Eligible,2026-09-05T13:30:37.057098,2026-09-05
205988,BC REM UNS NEGOTIATION LIST AMER Max TOMCZAK (WR) Youngstown State,2026-03-19,2026-03-19,Max,Tomczak,WR,AMER,Youngstown State,BC,REM UNS NEGOTIATION LIST,True,185152,players,Eligible,Negotiation List,2026-09-05T13:30:37.057098,2026-09-05
205984,BC REM UNS NEGOTIATION LIST AMER Wendol PHILORD (DB) Florida Atlantic,2026-03-19,2026-03-19,Wendol,Philord,DB,AMER,Florida Atlantic,BC,REM UNS NEGOTIATION LIST,True,185910,players,Eligible,Negotiation List,2026-09-05T13:30:37.057098,2026-09-05
205985,BC ADD NEGOTIATION LIST AMER TK MCLENDON (DL) Eastern Kentucky,2026-03-19,2026-03-19,TK,MCLENDON,DL,AMER,Eastern Kentucky,BC,ADD NEGOTIATION LIST,True,167414,players,Negotiation List,Eligible,2026-09-05T13:30:37.057098,2026-09-05
205986,BC REM UNS NEGOTIATION LIST AMER Virgil LEMONS (DB) West Florida,2026-03-19,2026-03-19,Virgil,Lemons,DB,AMER,West Florida,BC,REM UNS NEGOTIATION LIST,True,185836,players,Eligible,Negotiation List,2026-09-05T13:30:37.057098,2026-09-05
205981,BC ADD NEGOTIATION LIST AMER Caleb JONES (OL) Indiana,2026-03-19,2026-03-19,Caleb,Jones,OL,AMER,Indiana,BC,ADD NEGOTIATION LIST,True,184275,players,Negotiation List,Eligible,2026-09-05T13:30:37.057098,2026-09-05
205982,BC REM UNS NEGOTIATION LIST AMER Walker EGET (QB) San Jose State,2026-03-19,2026-03-19,Walker,Eget,QB,AMER,San Jose State,BC,REM UNS NEGOTIATION LIST,True,184977,players,Eligible,Negotiation List,2026-09-05T13:30:37.057098,2026-09-05
205983,BC ADD NEGOTIATION LIST AMER Jah JOYNER (DE) Minnesota,2026-03-19,2026-03-19,Jah,Joyner,DE,AMER,Minnesota,BC,ADD NEGOTIATION LIST,True,184832,players,Negotiation List,Eligible,2026-09-05T13:30:37.057098,2026-09-05
205980,BC REM UNS NEGOTIATION LIST AMER Jhamell BLENMAN (DB) Idaho,2026-03-19,2026-03-19,Jhamell,Blenman,DB,AMER,Idaho,BC,REM UNS NEGOTIATION LIST,True,185881,players,Eligible,Negotiation List,2026-09-05T13:30:37.057098,2026-09-05
205978,BC ADD NEGOTIATION LIST AMER Jackie JOHNSON III (DL) Hawaii,2026-03-19,2026-03-19,Jackie,Johnson III,DL,AMER,Hawaii,BC,ADD NEGOTIATION LIST,True,184946,players,Negotiation List,Eligible,2026-09-05T13:30:37.057098,2026-09-05
205979,BC ADD NEGOTIATION LIST AMER Myles DORN (DB) North Carolina,2026-03-19,2026-03-19,Myles,DORN,DB,AMER,North Carolina,BC,ADD NEGOTIATION LIST,True,168174,players,Negotiation List,Eligible,2026-09-05T13:30:37.057098,2026-09-05
205977,BC REM SGD NEGOTIATION LIST AMER Emani BAILEY (RB) Texas Christian,2026-03-18,2026-03-18,Emani,BAILEY,RB,AMER,Texas Christian,BC,REM SGD NEGOTIATION LIST,True,185846,players,Eligible,Negotiation List,2026-09-05T13:30:37.057098,2026-09-05
205974,OTT ADD NEGOTIATION LIST AMER Adam DOLAN (OL) Ball State,2026-03-18,2026-03-18,Adam,Dolan,OL,AMER,Ball State,OTT,ADD NEGOTIATION LIST,True,185952,players,Negotiation List,Eligible,2026-09-05T13:30:37.057098,2026-09-05
205973,OTT REM SGD NEGOTIATION LIST AMER Abraham CAMARA (DB) Texas Christian,2026-03-18,2026-03-18,Abraham,Camara,DB,AMER,Texas Christian,OTT,REM SGD NEGOTIATION LIST,True,185941,players,Eligible,Negotiation List,2026-09-05T13:30:37.057098,2026-09-05
205971,BC REM SGD NEGOTIATION LIST AMER Thomas RITTENHOUSE (QB) Illinois State,2026-03-18,2026-03-18,Thomas,RITTENHOUSE,QB,AMER,Illinois State,BC,REM SGD NEGOTIATION LIST,True,184271,players,Eligible,Negotiation List,2026-09-05T13:30:37.057098,2026-09-05
205963,CGY ADD NEGOTIATION LIST AMER JaTravis BROUGHTON (DB) Texas Christian,2026-03-17,2026-03-17,JaTravis,Broughton,DB,AMER,Texas Christian,CGY,ADD NEGOTIATION LIST,True,184928,players,Negotiation List,Eligible,2026-09-05T13:30:37.057098,2026-09-05
205961,WPG REM UNS NEGOTIATION LIST AMER Alex AKINGBULU (OL) Fresno State,2026-03-17,2026-03-17,Alex,Akingbulu,OL,AMER,Fresno State,WPG,REM UNS NEGOTIATION LIST,True,169043,players,Eligible,Negotiation List,2026-09-05T13:30:37.057098,2026-09-05
205962,WPG ADD NEGOTIATION LIST AMER Max PULLEY (DB) Wofford College,2026-03-17,2026-03-17,Max,Pulley,DB,AMER,Wofford College,WPG,ADD NEGOTIATION LIST,True,185951,players,Negotiation List,Eligible,2026-09-05T13:30:37.057098,2026-09-05
205960,EDM ADD NEGOTIATION LIST AMER Jake POPE (OL) Illinois State,2026-03-16,2026-03-16,Jake,Pope,OL,AMER,Illinois State,EDM,ADD NEGOTIATION LIST,True,185950,players,Negotiation List,Eligible,2026-09-05T13:30:37.057098,2026-09-05
205959,EDM REM UNS NEGOTIATION LIST AMER Elijah DOTSON (RB) Northern Colorado,2026-03-16,2026-03-16,Elijah,DOTSON,RB,AMER,Northern Colorado,EDM,REM UNS NEGOTIATION LIST,True,167596,players,Eligible,Negotiation List,2026-09-05T13:30:37.057098,2026-09-05
205958,EDM ADD NEGOTIATION LIST AMER Courtney JACKSON (WR) Arkansas State,2026-03-16,2026-03-16,Courtney,Jackson,WR,AMER,Arkansas State,EDM,ADD NEGOTIATION LIST,True,169500,players,Negotiation List,Eligible,2026-09-05T13:30:37.057098,2026-09-05
205957,EDM REM UNS NEGOTIATION LIST AMER Ramello DOTSON (DB) Kansas,2026-03-16,2026-03-16,Ramello,Dotson,DB,AMER,Kansas,EDM,REM UNS NEGOTIATION LIST,True,184680,players,Eligible,Negotiation List,2026-09-05T13:30:37.057098,2026-09-05
205951,TOR REM SGD NEGOTIATION LIST AMER Almount SMITH JR (WR) UT Martin,2026-03-13,2026-03-13,Almount,Smith Jr,WR,AMER,UT Martin,TOR,REM SGD NEGOTIATION LIST,True,185890,players,Eligible,Negotiation List,2026-09-05T13:30:37.057098,2026-09-05
205948,CGY ADD NEGOTIATION LIST AMER Jereme OMBOGO (WR) North Park University,2026-03-13,2026-03-13,Jereme,Ombogo,WR,AMER,North Park University,CGY,ADD NEGOTIATION LIST,True,185946,players,Negotiation List,Eligible,2026-09-05T13:30:37.057098,2026-09-05
205943,HAM ADD NEGOTIATION LIST AMER Dawson SCOTT (DL) Southern Arkansas,2026-03-13,2026-03-13,Dawson,Scott,DL,AMER,Southern Arkansas,HAM,ADD NEGOTIATION LIST,True,185944,players,Negotiation List,Eligible,2026-09-05T13:30:37.057098,2026-09-05
205944,CGY ADD NEGOTIATION LIST AMER Jase BAUER (QB) Tennessee Martin,2026-03-13,2026-03-13,Jase,Bauer,QB,AMER,Tennessee Martin,CGY,ADD NEGOTIATION LIST,True,185945,players,Negotiation List,Eligible,2026-09-05T13:30:37.057098,2026-09-05
205941,TOR ADD NEGOTIATION LIST AMER Malachi BAILEY (DL) Arizona,2026-03-13,2026-03-13,Malachi,Bailey,DL,AMER,Arizona,TOR,ADD NEGOTIATION LIST,True,185943,players,Negotiation List,Eligible,2026-09-05T13:30:37.057098,2026-09-05
205942,HAM REM UNS NEGOTIATION LIST AMER Tyre WEST (DL) Tennessee,2026-03-13,2026-03-13,Tyre,West,DL,AMER,Tennessee,HAM,REM UNS NEGOTIATION LIST,True,185796,players,Eligible,Negotiation List,2026-09-05T13:30:37.057098,2026-09-05
205940,CGY ADD NEGOTIATION LIST AMER Ta'Quan ROBERSON (QB) Buffalo,2026-03-13,2026-03-13,Ta'Quan,Roberson,QB,AMER,Buffalo,CGY,ADD NEGOTIATION LIST,True,185942,players,Negotiation List,Eligible,2026-09-05T13:30:37.057098,2026-09-05
205934,OTT REM UNS NEGOTIATION LIST AMER Mark ROBINSON (LB) Mississippi,2026-03-12,2026-03-12,Mark,ROBINSON,LB,AMER,Mississippi,OTT,REM UNS NEGOTIATION LIST,True,166677,players,Eligible,Negotiation List,2026-09-05T13:30:37.057098,2026-09-05
205935,OTT ADD NEGOTIATION LIST AMER Abe CAMARA (DB) Texas Christian,2026-03-12,2026-03-12,Abe,Camara,DB,AMER,Texas Christian,OTT,ADD NEGOTIATION LIST,True,185941,players,Negotiation List,Eligible,2026-09-05T13:30:37.057098,2026-09-05
205931,OTT REM SGD NEGOTIATION LIST AMER Bo SPEARMAN (LB) Austin Peay,2026-03-12,2026-03-12,Bo,Spearman,LB,AMER,Austin Peay,OTT,REM SGD NEGOTIATION LIST,True,185914,players,Eligible,Negotiation List,2026-09-05T13:30:37.057098,2026-09-05
205932,OTT ADD NEGOTIATION LIST AMER Aidan HUBBARD (DL) Northwestern,2026-03-12,2026-03-12,Aidan,Hubbard,DL,AMER,Northwestern,OTT,ADD NEGOTIATION LIST,True,185940,players,Negotiation List,Eligible,2026-09-05T13:30:37.057098,2026-09-05
205930,OTT ADD NEGOTIATION LIST AMER Anthony JOHNSON JR (DB) Iowa State,2026-03-12,2026-03-12,Anthony,Johnson Jr,DB,AMER,Iowa State,OTT,ADD NEGOTIATION LIST,True,185939,players,Negotiation List,Eligible,2026-09-05T13:30:37.057098,2026-09-05
205927,OTT REM SGD NEGOTIATION LIST AMER Gabriel BROWN (OL) Grand Valley State,2026-03-12,2026-03-12,Gabriel,Brown,OL,AMER,Grand Valley State,OTT,REM SGD NEGOTIATION LIST,True,185927,players,Eligible,Negotiation List,2026-09-05T13:30:37.057098,2026-09-05
205923,TOR ADD NEGOTIATION LIST AMER Noah FENSKE (OL) Southern Illinois,2026-03-12,2026-03-12,Noah,Fenske,OL,AMER,Southern Illinois,TOR,ADD NEGOTIATION LIST,True,185932,players,Negotiation List,Eligible,2026-09-05T13:30:37.057098,2026-09-05
205924,EDM ADD NEGOTIATION LIST AMER Tedi KUSHI (OL) Western Michigan,2026-03-12,2026-03-12,Tedi,Kushi,OL,AMER,Western Michigan,EDM,ADD NEGOTIATION LIST,True,169388,players,Negotiation List,Eligible,2026-09-05T13:30:37.057098,2026-09-05
205921,HAM REM UNS NEGOTIATION LIST AMER Silas DZANSI (OL) Virginia Tech,2026-03-11,2026-03-11,Silas,DZANSI,OL,AMER,Virginia Tech,HAM,REM UNS NEGOTIATION LIST,True,167609,players,Eligible,Negotiation List,2026-09-05T13:30:37.057098,2026-09-05
205922,HAM ADD NEGOTIATION LIST AMER JaCobian MORGAN (QB) Jackson State,2026-03-11,2026-03-11,JaCobian,Morgan,QB,AMER,Jackson State,HAM,ADD NEGOTIATION LIST,True,185931,players,Negotiation List,Eligible,2026-09-05T13:30:37.057098,2026-09-05
205920,EDM ADD NEGOTIATION LIST AMER Myles PURCHASE (DB) Iowa State,2026-03-11,2026-03-11,Myles,Purchase,DB,AMER,Iowa State,EDM,ADD NEGOTIATION LIST,True,184816,players,Negotiation List,Eligible,2026-09-05T13:30:37.057098,2026-09-05
205918,EDM REM SGD NEGOTIATION LIST AMER Michael DOWELL (DB) Miami of Ohio,2026-03-11,2026-03-11,Michael,Dowell,DB,AMER,Miami of Ohio,EDM,REM SGD NEGOTIATION LIST,True,169038,players,Eligible,Negotiation List,2026-09-05T13:30:37.057098,2026-09-05
205916,BC ADD NEGOTIATION LIST AMER Matt SPATNY (DL) Lehigh,2026-03-11,2026-03-11,Matt,Spatny,DL,AMER,Lehigh,BC,ADD NEGOTIATION LIST,True,185930,players,Negotiation List,Eligible,2026-09-05T13:30:37.057098,2026-09-05
205915,BC REM UNS NEGOTIATION LIST AMER DeQuan FINN (QB) Miami of Ohio,2026-03-11,2026-03-11,DeQuan,FINN,QB,AMER,Miami of Ohio,BC,REM UNS NEGOTIATION LIST,True,168182,players,Eligible,Negotiation List,2026-09-05T13:30:37.057098,2026-09-05
205914,HAM ADD NEGOTIATION LIST AMER Micah BERNARD (RB) Utah,2026-03-10,2026-03-10,Micah,Bernard,RB,AMER,Utah,HAM,ADD NEGOTIATION LIST,True,184674,players,Negotiation List,Eligible,2026-09-05T13:30:37.057098,2026-09-05
205913,TOR REM SGD NEGOTIATION LIST AMER Cole DEMAGISTRIS (OL) Sacred Heart,2026-03-10,2026-03-10,Cole,DeMagistris,OL,AMER,Sacred Heart,TOR,REM SGD NEGOTIATION LIST,True,185923,players,Eligible,Negotiation List,2026-09-05T13:30:37.057098,2026-09-05
205910,HAM REM SGD NEGOTIATION LIST AMER Stephen DOUGLAS (DB) Northwood University,2026-03-10,2026-03-10,Stephen,Douglas,DB,AMER,Northwood University,HAM,REM SGD NEGOTIATION LIST,True,185924,players,Eligible,Negotiation List,2026-09-05T13:30:37.057098,2026-09-05
205906,BC ADD NEGOTIATION LIST AMER TJ BURKE (DL) Lehigh,2026-03-09,2026-03-09,TJ,Burke,DL,AMER,Lehigh,BC,ADD NEGOTIATION LIST,True,185929,players,Negotiation List,Eligible,2026-09-05T13:30:37.057098,2026-09-05
205905,BC REM UNS NEGOTIATION LIST AMER Racey MCMATH (WR) Louisiana State,2026-03-09,2026-03-09,Racey,McMath,WR,AMER,Louisiana State,BC,REM UNS NEGOTIATION LIST,True,169136,players,Eligible,Negotiation List,2026-09-05T13:30:37.057098,2026-09-05
205901,OTT REM UNS NEGOTIATION LIST AMER Seth WILLIAMS (WR) Auburn,2026-03-09,2026-03-09,Seth,Williams,WR,AMER,Auburn,OTT,REM UNS NEGOTIATION LIST,True,169075,players,Eligible,Negotiation List,2026-09-05T13:30:37.057098,2026-09-05
205902,OTT ADD NEGOTIATION LIST AMER Gabriel BROWN (OL) Grand Valley State,2026-03-09,2026-03-09,Gabriel,Brown,OL,AMER,Grand Valley State,OTT,ADD NEGOTIATION LIST,True,185927,players,Negotiation List,Eligible,2026-09-05T13:30:37.057098,2026-09-05
205900,MTL REM SGD NEGOTIATION LIST AMER Ja'Coby MATTHEWS (WR) Alcorn State,2026-03-09,2026-03-09,Ja'Coby,Matthews,WR,AMER,Alcorn State,MTL,REM SGD NEGOTIATION LIST,True,185921,players,Eligible,Negotiation List,2026-09-05T13:30:37.057098,2026-09-05
205897,BC REM UNS NEGOTIATION LIST AMER Toriano PRIDE JR (DB) Missouri,2026-03-09,2026-03-09,Toriano,Pride JR,DB,AMER,Missouri,BC,REM UNS NEGOTIATION LIST,True,185759,players,Eligible,Negotiation List,2026-09-05T13:30:37.057098,2026-09-05
205898,BC ADD NEGOTIATION LIST AMER DeQuan FINN (QB) Toledo,2026-03-09,2026-03-09,DeQuan,FINN,QB,AMER,Toledo,BC,ADD NEGOTIATION LIST,True,168182,players,Negotiation List,Eligible,2026-09-05T13:30:37.057098,2026-09-05
205896,SSK ADD NEGOTIATION LIST AMER Marcus TATE (OL) Clemson,2026-03-09,2026-03-09,Marcus,Tate,OL,AMER,Clemson,SSK,ADD NEGOTIATION LIST,True,185926,players,Negotiation List,Eligible,2026-09-05T13:30:37.057098,2026-09-05
205895,SSK REM SGD NEGOTIATION LIST AMER Dartanyan TINSLEY (OL) Cincinnati,2026-03-09,2026-03-09,Dartanyan,Tinsley,OL,AMER,Cincinnati,SSK,REM SGD NEGOTIATION LIST,True,185916,players,Eligible,Negotiation List,2026-09-05T13:30:37.057098,2026-09-05
205893,BC REM UNS NEGOTIATION LIST AMER Marcus RILEY (WR) Florida A&M,2026-03-09,2026-03-09,Marcus,RILEY,WR,AMER,Florida A&M,BC,REM UNS NEGOTIATION LIST,True,140739,players,Eligible,Negotiation List,2026-09-05T13:30:37.057098,2026-09-05
205894,BC ADD NEGOTIATION LIST AMER Buddha PELETI (DL) Washington State,2026-03-09,2026-03-09,Buddha,Peleti,DL,AMER,Washington State,BC,ADD NEGOTIATION LIST,True,185925,players,Negotiation List,Eligible,2026-09-05T13:30:37.057098,2026-09-05
205890,TOR ADD NEGOTIATION LIST AMER Cole DEMAGISTRIS (OL) Sacred Heart,2026-03-09,2026-03-09,Cole,DeMagistris,OL,AMER,Sacred Heart,TOR,ADD NEGOTIATION LIST,True,185923,players,Negotiation List,Eligible,2026-09-05T13:30:37.057098,2026-09-05
205891,HAM REM UNS NEGOTIATION LIST AMER James ROBINSON (RB) Illinois State,2026-03-09,2026-03-09,James,Robinson,RB,AMER,Illinois State,HAM,REM UNS NEGOTIATION LIST,True,185821,players,Eligible,Negotiation List,2026-09-05T13:30:37.057098,2026-09-05
205892,HAM ADD NEGOTIATION LIST AMER Stephen DOUGLAS (DB) Northwood University,2026-03-09,2026-03-09,Stephen,Douglas,DB,AMER,Northwood University,HAM,ADD NEGOTIATION LIST,True,185924,players,Negotiation List,Eligible,2026-09-05T13:30:37.057098,2026-09-05
205885,MTL REM UNS NEGOTIATION LIST AMER Taylor MORIN (WR) Wake Forest,2026-03-06,2026-03-06,Taylor,Morin,WR,AMER,Wake Forest,MTL,REM UNS NEGOTIATION LIST,True,184414,players,Eligible,Negotiation List,2026-09-05T13:30:37.057098,2026-09-05
205886,MTL ADD NEGOTIATION LIST AMER Jacoby MATTHEWS (WR) Alcorn State,2026-03-06,2026-03-06,Jacoby,Matthews,WR,AMER,Alcorn State,MTL,ADD NEGOTIATION LIST,True,185921,players,Negotiation List,Eligible,2026-09-05T13:30:37.057098,2026-09-05
205887,CGY REM UNS NEGOTIATION LIST AMER JaTravis BROUGHTON (DB) Texas Christian,2026-03-06,2026-03-06,JaTravis,Broughton,DB,AMER,Texas Christian,CGY,REM UNS NEGOTIATION LIST,True,184928,players,Eligible,Negotiation List,2026-09-05T13:30:37.057098,2026-09-05
205888,CGY ADD NEGOTIATION LIST AMER Jermar JEFFERSON (RB) Oregon State,2026-03-06,2026-03-06,Jermar,Jefferson,RB,AMER,Oregon State,CGY,ADD NEGOTIATION LIST,True,185922,players,Negotiation List,Eligible,2026-09-05T13:30:37.057098,2026-09-05
205884,BC ADD NEGOTIATION LIST AMER Perrion WINFREY (DL) Oklahoma,2026-03-06,2026-03-06,Perrion,Winfrey,DL,AMER,Oklahoma,BC,ADD NEGOTIATION LIST,True,185920,players,Negotiation List,Eligible,2026-09-05T13:30:37.057098,2026-09-05
205881,TOR ADD NEGOTIATION LIST AMER Mani POWELL (LB) Purdue,2026-03-05,2026-03-05,Mani,Powell,LB,AMER,Purdue,TOR,ADD NEGOTIATION LIST,True,185919,players,Negotiation List,Eligible,2026-09-05T13:30:37.057098,2026-09-05
205878,OTT ADD NEGOTIATION LIST AMER Addison WEST (OL) Western Michigan,2026-03-03,2026-03-03,Addison,West,OL,AMER,Western Michigan,OTT,ADD NEGOTIATION LIST,True,185918,players,Negotiation List,Eligible,2026-09-05T13:30:37.057098,2026-09-05
205877,OTT REM UNS NEGOTIATION LIST AMER Parker CLEMENTS (OL) Virginia Tech,2026-03-03,2026-03-03,Parker,Clements,OL,AMER,Virginia Tech,OTT,REM UNS NEGOTIATION LIST,True,185108,players,Eligible,Negotiation List,2026-09-05T13:30:37.057098,2026-09-05
205876,BC REM SGD NEGOTIATION LIST AMER Ezekiel VANDENBURGH (DL) Illinois State,2026-03-03,2026-03-03,Ezekiel,VANDENBURGH,DL,AMER,Illinois State,BC,REM SGD NEGOTIATION LIST,True,167448,players,Eligible,Negotiation List,2026-09-05T13:30:37.057098,2026-09-05
205874,TOR REM SGD NEGOTIATION LIST AMER Dimitri STANLEY (WR) Iowa State,2026-03-03,2026-03-03,Dimitri,Stanley,WR,AMER,Iowa State,TOR,REM SGD NEGOTIATION LIST,True,169394,players,Eligible,Negotiation List,2026-09-05T13:30:37.057098,2026-09-05
205872,CGY ADD NEGOTIATION LIST AMER Preston STONE (QB) Northwestern,2026-03-03,2026-03-03,Preston,Stone,QB,AMER,Northwestern,CGY,ADD NEGOTIATION LIST,True,185917,players,Negotiation List,Eligible,2026-09-05T13:30:37.057098,2026-09-05
205871,TOR REM SGD NEGOTIATION LIST AMER Amin VANOVER (DL) Penn State,2026-03-03,2026-03-03,Amin,Vanover,DL,AMER,Penn State,TOR,REM SGD NEGOTIATION LIST,True,185915,players,Eligible,Negotiation List,2026-09-05T13:30:37.057098,2026-09-05
205868,SSK ADD NEGOTIATION LIST AMER Thomas PERRY (OL) Middlebury College,2026-03-03,2026-03-03,Thomas,Perry,OL,AMER,Middlebury College,SSK,ADD NEGOTIATION LIST,True,169437,players,Negotiation List,Eligible,2026-09-05T13:30:37.057098,2026-09-05
205867,SSK REM UNS NEGOTIATION LIST AMER Jereme ROBINSON (DL) Kansas,2026-03-03,2026-03-03,Jereme,Robinson,DL,AMER,Kansas,SSK,REM UNS NEGOTIATION LIST,True,185893,players,Eligible,Negotiation List,2026-09-05T13:30:37.057098,2026-09-05
205863,SSK REM UNS NEGOTIATION LIST AMER Lucky JACKSON (WR) Western Kentucky,2026-03-03,2026-03-03,Lucky,Jackson,WR,AMER,Western Kentucky,SSK,REM UNS NEGOTIATION LIST,True,185077,players,Eligible,Negotiation List,2026-09-05T13:30:37.057098,2026-09-05
205864,SSK ADD NEGOTIATION LIST AMER Dartanyan TINSLEY (OL) Cincinnati,2026-03-03,2026-03-03,Dartanyan,Tinsley,OL,AMER,Cincinnati,SSK,ADD NEGOTIATION LIST,True,185916,players,Negotiation List,Eligible,2026-09-05T13:30:37.057098,2026-09-05
205862,TOR REM SGD NEGOTIATION LIST AMER Quincy ROBINSON (DL) Delaware State,2026-03-02,2026-03-02,Quincy,Robinson,DL,AMER,Delaware State,TOR,REM SGD NEGOTIATION LIST,True,185902,players,Eligible,Negotiation List,2026-09-05T13:30:37.057098,2026-09-05
205857,TOR REM UNS NEGOTIATION LIST AMER James SMITH-WILLIAMS (DL) North Carolina State,2026-03-02,2026-03-02,James,SMITH-WILLIAMS,DL,AMER,North Carolina State,TOR,REM UNS NEGOTIATION LIST,True,165313,players,Eligible,Negotiation List,2026-09-05T13:30:37.057098,2026-09-05
205858,TOR ADD NEGOTIATION LIST AMER Amin VANOVER (DL) Penn State,2026-03-02,2026-03-02,Amin,Vanover,DL,AMER,Penn State,TOR,ADD NEGOTIATION LIST,True,185915,players,Negotiation List,Eligible,2026-09-05T13:30:37.057098,2026-09-05
205854,OTT ADD NEGOTIATION LIST AMER Bo SPEARMAN (LB) Austin Peay,2026-03-02,2026-03-02,Bo,Spearman,LB,AMER,Austin Peay,OTT,ADD NEGOTIATION LIST,True,185914,players,Negotiation List,Eligible,2026-09-05T13:30:37.057098,2026-09-05
205856,OTT ADD NEGOTIATION LIST AMER TJ SPEIGHT (WR) Monmouth,2026-03-02,2026-03-02,TJ,Speight,WR,AMER,Monmouth,OTT,ADD NEGOTIATION LIST,True,184979,players,Negotiation List,Eligible,2026-09-05T13:30:37.057098,2026-09-05
205853,OTT REM UNS NEGOTIATION LIST AMER JJ LIPPE (OL) Northern Illinois,2026-03-02,2026-03-02,JJ,Lippe,OL,AMER,Northern Illinois,OTT,REM UNS NEGOTIATION LIST,True,184909,players,Eligible,Negotiation List,2026-09-05T13:30:37.057098,2026-09-05
205855,OTT REM UNS NEGOTIATION LIST AMER Max TOOLEY (LB) Brigham Young,2026-03-02,2026-03-02,Max,Tooley,LB,AMER,Brigham Young,OTT,REM UNS NEGOTIATION LIST,True,169162,players,Eligible,Negotiation List,2026-09-05T13:30:37.057098,2026-09-05
205851,OTT REM UNS NEGOTIATION LIST AMER Isaiah DUNN (DB) Oregon State,2026-03-02,2026-03-02,Isaiah,Dunn,DB,AMER,Oregon State,OTT,REM UNS NEGOTIATION LIST,True,168440,players,Eligible,Negotiation List,2026-09-05T13:30:37.057098,2026-09-05
205852,OTT ADD NEGOTIATION LIST AMER Chris MILLS (DB) Texas State,2026-03-02,2026-03-02,Chris,Mills,DB,AMER,Texas State,OTT,ADD NEGOTIATION LIST,True,185913,players,Negotiation List,Eligible,2026-09-05T13:30:37.057098,2026-09-05
205844,BC REM UNS NEGOTIATION LIST AMER Delontae SCOTT (DL) Southern Methodist,2026-03-02,2026-03-02,Delontae,SCOTT,DL,AMER,Southern Methodist,BC,REM UNS NEGOTIATION LIST,True,166133,players,Eligible,Negotiation List,2026-09-05T13:30:37.057098,2026-09-05
205845,BC ADD NEGOTIATION LIST AMER Wendol PHILORD (DB) Florida Atlantic,2026-03-02,2026-03-02,Wendol,Philord,DB,AMER,Florida Atlantic,BC,ADD NEGOTIATION LIST,True,185910,players,Negotiation List,Eligible,2026-09-05T13:30:37.057098,2026-09-05
205846,BC REM UNS NEGOTIATION LIST AMER Harrison HAND (DB) Temple,2026-03-02,2026-03-02,Harrison,Hand,DB,AMER,Temple,BC,REM UNS NEGOTIATION LIST,True,185825,players,Eligible,Negotiation List,2026-09-05T13:30:37.057098,2026-09-05
205847,BC ADD NEGOTIATION LIST AMER David FISHER (DB) North Texas,2026-03-02,2026-03-02,David,Fisher,DB,AMER,North Texas,BC,ADD NEGOTIATION LIST,True,185911,players,Negotiation List,Eligible,2026-09-05T13:30:37.057098,2026-09-05
205848,OTT REM UNS NEGOTIATION LIST AMER Brendan BELL (LB) Villanova,2026-03-02,2026-03-02,Brendan,Bell,LB,AMER,Villanova,OTT,REM UNS NEGOTIATION LIST,True,184047,players,Eligible,Negotiation List,2026-09-05T13:30:37.057098,2026-09-05
205849,OTT ADD NEGOTIATION LIST AMER Owen OSTROSKI (DL) Northern Iowa,2026-03-02,2026-03-02,Owen,Ostroski,DL,AMER,Northern Iowa,OTT,ADD NEGOTIATION LIST,True,185912,players,Negotiation List,Eligible,2026-09-05T13:30:37.057098,2026-09-05
205841,HAM ADD NEGOTIATION LIST AMER Kaden DAVIS (WR) Northwest Missouri State,2026-02-27,2026-02-27,Kaden,DAVIS,WR,AMER,Northwest Missouri State,HAM,ADD NEGOTIATION LIST,True,167317,players,Negotiation List,Eligible,2026-09-05T13:30:37.057098,2026-09-05
205840,TOR ADD NEGOTIATION LIST AMER Octavian SMITH JR (WR) Maryland,2026-02-27,2026-02-27,Octavian,Smith Jr,WR,AMER,Maryland,TOR,ADD NEGOTIATION LIST,True,185909,players,Negotiation List,Eligible,2026-09-05T13:30:37.057098,2026-09-05
205839,CGY REM SGD NEGOTIATION LIST AMER Gerald MINCEY (OL) Kentucky,2026-02-27,2026-02-27,Gerald,MINCEY,OL,AMER,Kentucky,CGY,REM SGD NEGOTIATION LIST,True,185860,players,Eligible,Negotiation List,2026-09-05T13:30:37.057098,2026-09-05
205837,SSK ADD NEGOTIATION LIST AMER JuJu HUGHES (DB) Fresno State,2026-02-27,2026-02-27,JuJu,Hughes,DB,AMER,Fresno State,SSK,ADD NEGOTIATION LIST,True,168554,players,Negotiation List,Eligible,2026-09-05T13:30:37.057098,2026-09-05
205836,OTT ADD NEGOTIATION LIST AMER Chaz NEAL (OL) Florida Atlantic,2026-02-27,2026-02-27,Chaz,Neal,OL,AMER,Florida Atlantic,OTT,ADD NEGOTIATION LIST,True,185908,players,Negotiation List,Eligible,2026-09-05T13:30:37.057098,2026-09-05
205835,OTT REM SGD NEGOTIATION LIST AMER Christan HORN (WR) Appalachian State,2026-02-27,2026-02-27,Christan,Horn,WR,AMER,Appalachian State,OTT,REM SGD NEGOTIATION LIST,True,185891,players,Eligible,Negotiation List,2026-09-05T13:30:37.057098,2026-09-05
205831,CGY REM SGD NEGOTIATION LIST AMER Chris MURRAY (OL) Oklahoma,2026-02-27,2026-02-27,Chris,Murray,OL,AMER,Oklahoma,CGY,REM SGD NEGOTIATION LIST,True,185876,players,Eligible,Negotiation List,2026-09-05T13:30:37.057098,2026-09-05
205829,SSK REM SGD NEGOTIATION LIST AMER Tymetrius FRENCH (DE) West Virginia,2026-02-27,2026-02-27,Tymetrius,French,DE,AMER,West Virginia,SSK,REM SGD NEGOTIATION LIST,True,169370,players,Eligible,Negotiation List,2026-09-05T13:30:37.057098,2026-09-05
205826,SSK REM SGD NEGOTIATION LIST AMER Jerry JACOBS (DB) Arkansas,2026-02-26,2026-02-26,Jerry,Jacobs,DB,AMER,Arkansas,SSK,REM SGD NEGOTIATION LIST,True,184967,players,Eligible,Negotiation List,2026-09-05T13:30:37.057098,2026-09-05
205824,"EDM REM SGD NEGOTIATION LIST AMER Isiah ""Ike"" BROWN (DB) Florida International",2026-02-26,2026-02-26,"Isiah ""Ike""",BROWN,DB,AMER,Florida International,EDM,REM SGD NEGOTIATION LIST,True,166356,players,Eligible,Negotiation List,2026-09-05T13:30:37.057098,2026-09-05
205822,SSK ADD NEGOTIATION LIST AMER Zack JOHNSON (OL) North Dakota State,2026-02-26,2026-02-26,Zack,JOHNSON,OL,AMER,North Dakota State,SSK,ADD NEGOTIATION LIST,True,166454,players,Negotiation List,Eligible,2026-09-05T13:30:37.057098,2026-09-05
205820,HAM REM SGD NEGOTIATION LIST AMER Josiah SCOTT (DB) Michigan State,2026-02-26,2026-02-26,Josiah,Scott,DB,AMER,Michigan State,HAM,REM SGD NEGOTIATION LIST,True,185781,players,Eligible,Negotiation List,2026-09-05T13:30:37.057098,2026-09-05
205818,TOR REM UNS NEGOTIATION LIST AMER Rara THOMAS (WR) Troy,2026-02-25,2026-02-25,Rara,Thomas,WR,AMER,Troy,TOR,REM UNS NEGOTIATION LIST,True,185794,players,Eligible,Negotiation List,2026-09-05T13:30:37.057098,2026-09-05
205817,MTL ADD NEGOTIATION LIST AMER Rashad ROCHELLE (WR) Indiana State,2026-02-25,2026-02-25,Rashad,Rochelle,WR,AMER,Indiana State,MTL,ADD NEGOTIATION LIST,True,185907,players,Negotiation List,Eligible,2026-09-05T13:30:37.057098,2026-09-05
205810,SSK REM UNS NEGOTIATION LIST AMER JuJu HUGHES (DB) Fresno State,2026-02-25,2026-02-25,JuJu,Hughes,DB,AMER,Fresno State,SSK,REM UNS NEGOTIATION LIST,True,168554,players,Eligible,Negotiation List,2026-09-05T13:30:37.057098,2026-09-05
205816,SSK ADD NEGOTIATION LIST AMER Eric PHILLIPS (DL) Cincinnati,2026-02-25,2026-02-25,Eric,Phillips,DL,AMER,Cincinnati,SSK,ADD NEGOTIATION LIST,True,185906,players,Negotiation List,Eligible,2026-09-05T13:30:37.057098,2026-09-05
205815,MTL ADD NEGOTIATION LIST AMER Kyler MCMICHAEL (DB) North Carolina,2026-02-25,2026-02-25,Kyler,MCMICHAEL,DB,AMER,North Carolina,MTL,ADD NEGOTIATION LIST,True,168149,players,Negotiation List,Eligible,2026-09-05T13:30:37.057098,2026-09-05
205814,MTL REM SGD NEGOTIATION LIST AMER Zakhari FRANKLIN (WR) Illinois,2026-02-25,2026-02-25,Zakhari,Franklin,WR,AMER,Illinois,MTL,REM SGD NEGOTIATION LIST,True,168476,players,Eligible,Negotiation List,2026-09-05T13:30:37.057098,2026-09-05
205812,TOR ADD NEGOTIATION LIST AMER Rahsul FAISON (RB) South Carolina,2026-02-25,2026-02-25,Rahsul,Faison,RB,AMER,South Carolina,TOR,ADD NEGOTIATION LIST,True,185905,players,Negotiation List,Eligible,2026-09-05T13:30:37.057098,2026-09-05
205809,HAM ADD NEGOTIATION LIST AMER Clayton TUNE (QB) Houston,2026-02-24,2026-02-24,Clayton,TUNE,QB,AMER,Houston,HAM,ADD NEGOTIATION LIST,True,167201,players,Negotiation List,Eligible,2026-09-05T13:30:37.057098,2026-09-05
205808,HAM REM UNS NEGOTIATION LIST AMER Jaden CRAIG (QB) Harvard,2026-02-24,2026-02-24,Jaden,Craig,QB,AMER,Harvard,HAM,REM UNS NEGOTIATION LIST,True,185031,players,Eligible,Negotiation List,2026-09-05T13:30:37.057098,2026-09-05
205807,WPG ADD NEGOTIATION LIST AMER Demone HARRIS (DL) Buffalo,2026-02-24,2026-02-24,Demone,HARRIS,DL,AMER,Buffalo,WPG,ADD NEGOTIATION LIST,True,166596,players,Negotiation List,Eligible,2026-09-05T13:30:37.057098,2026-09-05
205806,WPG REM UNS NEGOTIATION LIST AMER Keveion'ta SPEARS (DL) Southern Methodist,2026-02-24,2026-02-24,Keveion'ta,Spears,DL,AMER,Southern Methodist,WPG,REM UNS NEGOTIATION LIST,True,185828,players,Eligible,Negotiation List,2026-09-05T13:30:37.057098,2026-09-05
205805,HAM ADD NEGOTIATION LIST AMER Josiah GREEN (DL) Duke,2026-02-24,2026-02-24,Josiah,Green,DL,AMER,Duke,HAM,ADD NEGOTIATION LIST,True,185903,players,Negotiation List,Eligible,2026-09-05T13:30:37.057098,2026-09-05
205804,HAM REM UNS NEGOTIATION LIST AMER Shaka TONEY (DL) Penn State,2026-02-24,2026-02-24,Shaka,Toney,DL,AMER,Penn State,HAM,REM UNS NEGOTIATION LIST,True,168706,players,Eligible,Negotiation List,2026-09-05T13:30:37.057098,2026-09-05
205803,TOR ADD NEGOTIATION LIST AMER Quincy ROBINSON (DL) Delaware State,2026-02-24,2026-02-24,Quincy,Robinson,DL,AMER,Delaware State,TOR,ADD NEGOTIATION LIST,True,185902,players,Negotiation List,Eligible,2026-09-05T13:30:37.057098,2026-09-05
205801,WPG ADD NEGOTIATION LIST AMER Kris TRINIDAD (DL) Old Dominion,2026-02-24,2026-02-24,Kris,Trinidad,DL,AMER,Old Dominion,WPG,ADD NEGOTIATION LIST,True,185901,players,Negotiation List,Eligible,2026-09-05T13:30:37.057098,2026-09-05
205800,MTL ADD NEGOTIATION LIST AMER Trey DEAN III (DB) Florida,2026-02-24,2026-02-24,Trey,Dean III,DB,AMER,Florida,MTL,ADD NEGOTIATION LIST,True,168249,players,Negotiation List,Eligible,2026-09-05T13:30:37.057098,2026-09-05
205799,WPG REM SGD NEGOTIATION LIST AMER Jordan TAYLOR (DB) James Madison,2026-02-24,2026-02-24,Jordan,Taylor,DB,AMER,James Madison,WPG,REM SGD NEGOTIATION LIST,True,184809,players,Eligible,Negotiation List,2026-09-05T13:30:37.057098,2026-09-05
205795,SSK ADD NEGOTIATION LIST AMER Lanell CARR JR (DL) Indiana,2026-02-23,2026-02-23,Lanell,Carr Jr,DL,AMER,Indiana,SSK,ADD NEGOTIATION LIST,True,185900,players,Negotiation List,Eligible,2026-09-05T13:30:37.057098,2026-09-05
205792,OTT REM UNS NEGOTIATION LIST AMER Xavier GUILLORY (WR) Arizona State,2026-02-23,2026-02-23,Xavier,Guillory,WR,AMER,Arizona State,OTT,REM UNS NEGOTIATION LIST,True,185060,players,Eligible,Negotiation List,2026-09-05T13:30:37.057098,2026-09-05
205793,OTT ADD NEGOTIATION LIST AMER Isaiah DUNN (DB) Oregon State,2026-02-23,2026-02-23,Isaiah,Dunn,DB,AMER,Oregon State,OTT,ADD NEGOTIATION LIST,True,168440,players,Negotiation List,Eligible,2026-09-05T13:30:37.057098,2026-09-05
205794,EDM ADD NEGOTIATION LIST AMER Tsion NUNNALLY (WR) Idaho State,2026-02-23,2026-02-23,Tsion,Nunnally,WR,AMER,Idaho State,EDM,ADD NEGOTIATION LIST,True,185899,players,Negotiation List,Eligible,2026-09-05T13:30:37.057098,2026-09-05
205791,SSK REM SGD NEGOTIATION LIST GLOB Oscar CHAPMAN (P) Auburn,2026-02-23,2026-02-23,Oscar,Chapman,P,GLOB,Auburn,SSK,REM SGD NEGOTIATION LIST,True,185838,players,Eligible,Negotiation List,2026-09-05T13:30:37.057098,2026-09-05
205786,TOR REM UNS NEGOTIATION LIST AMER Demone HARRIS (DL) Buffalo,2026-02-20,2026-02-20,Demone,HARRIS,DL,AMER,Buffalo,TOR,REM UNS NEGOTIATION LIST,True,166596,players,Eligible,Negotiation List,2026-09-05T13:30:37.057098,2026-09-05
205784,OTT ADD NEGOTIATION LIST AMER Clarence LEWIS (DB) Syracuse,2026-02-20,2026-02-20,Clarence,Lewis,DB,AMER,Syracuse,OTT,ADD NEGOTIATION LIST,True,185898,players,Negotiation List,Eligible,2026-09-05T13:30:37.057098,2026-09-05
205778,OTT REM UNS NEGOTIATION LIST AMER Matt LANDERS (WR) Arkansas,2026-02-20,2026-02-20,Matt,Landers,WR,AMER,Arkansas,OTT,REM UNS NEGOTIATION LIST,True,168644,players,Eligible,Negotiation List,2026-09-05T13:30:37.057098,2026-09-05
205776,OTT REM UNS NEGOTIATION LIST AMER Luke KANDRA (OL) Cincinnati,2026-02-20,2026-02-20,Luke,Kandra,OL,AMER,Cincinnati,OTT,REM UNS NEGOTIATION LIST,True,185856,players,Eligible,Negotiation List,2026-09-05T13:30:37.057098,2026-09-05
205777,OTT ADD NEGOTIATION LIST AMER Anthony PITTMAN (LB) Wayne State,2026-02-20,2026-02-20,Anthony,Pittman,LB,AMER,Wayne State,OTT,ADD NEGOTIATION LIST,True,185896,players,Negotiation List,Eligible,2026-09-05T13:30:37.057098,2026-09-05
205774,TOR REM SGD NEGOTIATION LIST AMER Elijah YOUNG (RB) Western Kentucky,2026-02-20,2026-02-20,Elijah,Young,RB,AMER,Western Kentucky,TOR,REM SGD NEGOTIATION LIST,True,185865,players,Eligible,Negotiation List,2026-09-05T13:30:37.057098,2026-09-05
205768,BC REM UNS NEGOTIATION LIST AMER Troy HAIRSTON (DL) Central Michigan,2026-02-20,2026-02-20,Troy,HAIRSTON,DL,AMER,Central Michigan,BC,REM UNS NEGOTIATION LIST,True,166114,players,Eligible,Negotiation List,2026-09-05T13:30:37.057098,2026-09-05
205769,BC ADD NEGOTIATION LIST AMER D'Ante SMITH (OL) East Carolina,2026-02-20,2026-02-20,D'Ante,Smith,OL,AMER,East Carolina,BC,ADD NEGOTIATION LIST,True,185112,players,Negotiation List,Eligible,2026-09-05T13:30:37.057098,2026-09-05
205767,SSK ADD NEGOTIATION LIST AMER Cameron YOUNG (DL) Mississippi State,2026-02-19,2026-02-19,Cameron,Young,DL,AMER,Mississippi State,SSK,ADD NEGOTIATION LIST,True,185894,players,Negotiation List,Eligible,2026-09-05T13:30:37.057098,2026-09-05
205766,SSK REM UNS NEGOTIATION LIST AMER Michael TUTSIE (DB) North Dakota State,2026-02-19,2026-02-19,Michael,Tutsie,DB,AMER,North Dakota State,SSK,REM UNS NEGOTIATION LIST,True,185879,players,Eligible,Negotiation List,2026-09-05T13:30:37.057098,2026-09-05
205765,SSK REM UNS NEGOTIATION LIST AMER Kendric PRYOR (WR) Wisconsin,2026-02-19,2026-02-19,Kendric,Pryor,WR,AMER,Wisconsin,SSK,REM UNS NEGOTIATION LIST,True,185874,players,Eligible,Negotiation List,2026-09-05T13:30:37.057098,2026-09-05
205764,OTT REM SGD NEGOTIATION LIST AMER Daniel JACKSON (WR) Minnesota,2026-02-19,2026-02-19,Daniel,Jackson,WR,AMER,Minnesota,OTT,REM SGD NEGOTIATION LIST,True,185786,players,Eligible,Negotiation List,2026-09-05T13:30:37.057098,2026-09-05
205759,MTL REM SGD NEGOTIATION LIST AMER Derrick LANGFORD JR (DB) Washington State,2026-02-19,2026-02-19,Derrick,Langford Jr,DB,AMER,Washington State,MTL,REM SGD NEGOTIATION LIST,True,168360,players,Eligible,Negotiation List,2026-09-05T13:30:37.057098,2026-09-05
205757,SSK ADD NEGOTIATION LIST AMER Jereme ROBINSON (DL) Kansas,2026-02-19,2026-02-19,Jereme,Robinson,DL,AMER,Kansas,SSK,ADD NEGOTIATION LIST,True,185893,players,Negotiation List,Eligible,2026-09-05T13:30:37.057098,2026-09-05
205755,OTT ADD NEGOTIATION LIST AMER Christian HORN (WR) Appalachian State,2026-02-19,2026-02-19,Christian,Horn,WR,AMER,Appalachian State,OTT,ADD NEGOTIATION LIST,True,185891,players,Negotiation List,Eligible,2026-09-05T13:30:37.057098,2026-09-05
205751,TOR ADD NEGOTIATION LIST AMER Ajay SMITH (WR) UT Martin,2026-02-19,2026-02-19,Ajay,Smith,WR,AMER,UT Martin,TOR,ADD NEGOTIATION LIST,True,185890,players,Negotiation List,Eligible,2026-09-05T13:30:37.057098,2026-09-05
205752,HAM REM UNS NEGOTIATION LIST AMER Tedi KUSHI (OL) Western Michigan,2026-02-19,2026-02-19,Tedi,Kushi,OL,AMER,Western Michigan,HAM,REM UNS NEGOTIATION LIST,True,169388,players,Eligible,Negotiation List,2026-09-05T13:30:37.057098,2026-09-05
205753,HAM ADD NEGOTIATION LIST AMER Shaka TONEY (DL) Penn State,2026-02-19,2026-02-19,Shaka,Toney,DL,AMER,Penn State,HAM,ADD NEGOTIATION LIST,True,168706,players,Negotiation List,Eligible,2026-09-05T13:30:37.057098,2026-09-05
205750,SSK ADD NEGOTIATION LIST AMER Thor GRIFFITH (DL) Louisville,2026-02-19,2026-02-19,Thor,Griffith,DL,AMER,Louisville,SSK,ADD NEGOTIATION LIST,True,185889,players,Negotiation List,Eligible,2026-09-05T13:30:37.057098,2026-09-05
205749,MTL REM SGD NEGOTIATION LIST AMER Arlington HAMBRIGHT (OL) Colorado,2026-02-19,2026-02-19,Arlington,HAMBRIGHT,OL,AMER,Colorado,MTL,REM SGD NEGOTIATION LIST,True,167319,players,Eligible,Negotiation List,2026-09-05T13:30:37.057098,2026-09-05
205747,TOR REM SGD NEGOTIATION LIST AMER Dymere MILLER (WR) Rutgers,2026-02-18,2026-02-18,Dymere,Miller,WR,AMER,Rutgers,TOR,REM SGD NEGOTIATION LIST,True,168394,players,Eligible,Negotiation List,2026-09-05T13:30:37.057098,2026-09-05
205743,EDM REM SGD NEGOTIATION LIST AMER Ladarius TENNISON (DB) Central Florida,2026-02-18,2026-02-18,Ladarius,Tennison,DB,AMER,Central Florida,EDM,REM SGD NEGOTIATION LIST,True,169261,players,Eligible,Negotiation List,2026-09-05T13:30:37.057098,2026-09-05
205736,TOR ADD NEGOTIATION LIST AMER Frank GINDA (LB) San Jose State,2026-02-18,2026-02-18,Frank,GINDA,LB,AMER,San Jose State,TOR,ADD NEGOTIATION LIST,True,164292,players,Negotiation List,Eligible,2026-09-05T13:30:37.057098,2026-09-05
205737,TOR REM UNS NEGOTIATION LIST AMER D'Ante SMITH (OL) East Carolina,2026-02-18,2026-02-18,D'Ante,Smith,OL,AMER,East Carolina,TOR,REM UNS NEGOTIATION LIST,True,185112,players,Eligible,Negotiation List,2026-09-05T13:30:37.057098,2026-09-05
205738,TOR ADD NEGOTIATION LIST AMER Kenan CHRISTON II (RB) Jackson State,2026-02-18,2026-02-18,Kenan,Christon II,RB,AMER,Jackson State,TOR,ADD NEGOTIATION LIST,True,185885,players,Negotiation List,Eligible,2026-09-05T13:30:37.057098,2026-09-05
205739,TOR REM UNS NEGOTIATION LIST AMER Brandon CROSSLEY (DB) Southern Methodist,2026-02-18,2026-02-18,Brandon,Crossley,DB,AMER,Southern Methodist,TOR,REM UNS NEGOTIATION LIST,True,185844,players,Eligible,Negotiation List,2026-09-05T13:30:37.057098,2026-09-05
205740,TOR ADD NEGOTIATION LIST AMER Jason COMPOH (DL) Merrimack,2026-02-18,2026-02-18,Jason,Compoh,DL,AMER,Merrimack,TOR,ADD NEGOTIATION LIST,True,185886,players,Negotiation List,Eligible,2026-09-05T13:30:37.057098,2026-09-05
205741,HAM REM UNS NEGOTIATION LIST AMER Earl BOSTICK (OL) Kansas,2026-02-18,2026-02-18,Earl,BOSTICK,OL,AMER,Kansas,HAM,REM UNS NEGOTIATION LIST,True,166702,players,Eligible,Negotiation List,2026-09-05T13:30:37.057098,2026-09-05
205742,HAM ADD NEGOTIATION LIST AMER Mitchell AGUDE (DL) Miami,2026-02-18,2026-02-18,Mitchell,Agude,DL,AMER,Miami,HAM,ADD NEGOTIATION LIST,True,168266,players,Negotiation List,Eligible,2026-09-05T13:30:37.057098,2026-09-05
205733,SSK REM UNS NEGOTIATION LIST AMER Tyler MANOA (DL) Arizona,2026-02-17,2026-02-17,Tyler,Manoa,DL,AMER,Arizona,SSK,REM UNS NEGOTIATION LIST,True,169263,players,Eligible,Negotiation List,2026-09-05T13:30:37.057098,2026-09-05
205734,SSK ADD NEGOTIATION LIST AMER Erick HUNTER (LB) Morgan State,2026-02-17,2026-02-17,Erick,Hunter,LB,AMER,Morgan State,SSK,ADD NEGOTIATION LIST,True,185884,players,Negotiation List,Eligible,2026-09-05T13:30:37.057098,2026-09-05
205730,SSK REM UNS NEGOTIATION LIST AMER Davion ROSS (DB) Memphis,2026-02-17,2026-02-17,Davion,Ross,DB,AMER,Memphis,SSK,REM UNS NEGOTIATION LIST,True,184802,players,Eligible,Negotiation List,2026-09-05T13:30:37.057098,2026-09-05
205732,SSK REM UNS NEGOTIATION LIST AMER Josiah EZIRIM (OL) Eastern Kentucky,2026-02-17,2026-02-17,Josiah,Ezirim,OL,AMER,Eastern Kentucky,SSK,REM UNS NEGOTIATION LIST,True,184810,players,Eligible,Negotiation List,2026-09-05T13:30:37.057098,2026-09-05
205731,SSK ADD NEGOTIATION LIST AMER Ckelby GIVENS (DL) Southern,2026-02-17,2026-02-17,Ckelby,Givens,DL,AMER,Southern,SSK,ADD NEGOTIATION LIST,True,184945,players,Negotiation List,Eligible,2026-09-05T13:30:37.057098,2026-09-05
205729,TOR REM SGD NEGOTIATION LIST AMER Qualan JONES (RB) Stephen F. Austin State,2026-02-17,2026-02-17,Qualan,Jones,RB,AMER,Stephen F. Austin State,TOR,REM SGD NEGOTIATION LIST,True,185867,players,Eligible,Negotiation List,2026-09-05T13:30:37.057098,2026-09-05
205714,BC ADD NEGOTIATION LIST AMER Jhamell BLENMAN (DB) Idaho,2026-02-17,2026-02-17,Jhamell,Blenman,DB,AMER,Idaho,BC,ADD NEGOTIATION LIST,True,185881,players,Negotiation List,Eligible,2026-09-05T13:30:37.057098,2026-09-05
205715,WPG REM UNS NEGOTIATION LIST AMER Roman PARODIE (DB) Ohio,2026-02-17,2026-02-17,Roman,Parodie,DB,AMER,Ohio,WPG,REM UNS NEGOTIATION LIST,True,184918,players,Eligible,Negotiation List,2026-09-05T13:30:37.057098,2026-09-05
205716,WPG ADD NEGOTIATION LIST AMER Jordan TAYLOR (DB) James Madison,2026-02-17,2026-02-17,Jordan,Taylor,DB,AMER,James Madison,WPG,ADD NEGOTIATION LIST,True,184809,players,Negotiation List,Eligible,2026-09-05T13:30:37.057098,2026-09-05
205717,SSK ADD NEGOTIATION LIST AMER Ty FRENCH (LB) West Virginia,2026-02-17,2026-02-17,Ty,French,LB,AMER,West Virginia,SSK,ADD NEGOTIATION LIST,True,169370,players,Negotiation List,Eligible,2026-09-05T13:30:37.057098,2026-09-05
205720,SSK ADD NEGOTIATION LIST AMER Makeah SCIPPIO (DL) Colorado State - Pueblo,2026-02-17,2026-02-17,Makeah,Scippio,DL,AMER,Colorado State - Pueblo,SSK,ADD NEGOTIATION LIST,True,185883,players,Negotiation List,Eligible,2026-09-05T13:30:37.057098,2026-09-05
205721,MTL REM UNS NEGOTIATION LIST AMER Jeremiah JEAN-BAPTISTE (LB) Mississippi,2026-02-17,2026-02-17,Jeremiah,Jean-Baptiste,LB,AMER,Mississippi,MTL,REM UNS NEGOTIATION LIST,True,185853,players,Eligible,Negotiation List,2026-09-05T13:30:37.057098,2026-09-05
205722,MTL ADD NEGOTIATION LIST AMER Breeland SPEAKS (DL) Mississippi,2026-02-17,2026-02-17,Breeland,SPEAKS,DL,AMER,Mississippi,MTL,ADD NEGOTIATION LIST,True,165873,players,Negotiation List,Eligible,2026-09-05T13:30:37.057098,2026-09-05
205723,MTL REM UNS NEGOTIATION LIST AMER Roderick DANIELS JR (WR) Southern Methodist,2026-02-17,2026-02-17,Roderick,Daniels Jr,WR,AMER,Southern Methodist,MTL,REM UNS NEGOTIATION LIST,True,169418,players,Eligible,Negotiation List,2026-09-05T13:30:37.057098,2026-09-05
205724,MTL ADD NEGOTIATION LIST AMER Zakhari FRANKLIN (WR) Illinois,2026-02-17,2026-02-17,Zakhari,Franklin,WR,AMER,Illinois,MTL,ADD NEGOTIATION LIST,True,168476,players,Negotiation List,Eligible,2026-09-05T13:30:37.057098,2026-09-05
205711,SSK REM SGD NEGOTIATION LIST AMER Jaison WILLIAMS (OL) Youngstown State,2026-02-13,2026-02-13,Jaison,Williams,OL,AMER,Youngstown State,SSK,REM SGD NEGOTIATION LIST,True,184847,players,Eligible,Negotiation List,2026-09-05T13:30:37.057098,2026-09-05
205709,OTT ADD NEGOTIATION LIST AMER Keilan ROBINSON (RB) Texas,2026-02-13,2026-02-13,Keilan,Robinson,RB,AMER,Texas,OTT,ADD NEGOTIATION LIST,True,184931,players,Negotiation List,Eligible,2026-09-05T13:30:37.057098,2026-09-05
205708,CGY ADD NEGOTIATION LIST AMER O'Donnell FORTUNE (DB) South Carolina,2026-02-13,2026-02-13,O'Donnell,Fortune,DB,AMER,South Carolina,CGY,ADD NEGOTIATION LIST,True,184848,players,Negotiation List,Eligible,2026-09-05T13:30:37.057098,2026-09-05
205707,SSK ADD NEGOTIATION LIST AMER Michael TUTSIE (DB) North Dakota State,2026-02-13,2026-02-13,Michael,Tutsie,DB,AMER,North Dakota State,SSK,ADD NEGOTIATION LIST,True,185879,players,Negotiation List,Eligible,2026-09-05T13:30:37.057098,2026-09-05
205706,SSK REM SGD NEGOTIATION LIST AMER James BURGESS JR. (DB) Alabama State,2026-02-13,2026-02-13,James,Burgess Jr.,DB,AMER,Alabama State,SSK,REM SGD NEGOTIATION LIST,True,184963,players,Eligible,Negotiation List,2026-09-05T13:30:37.057098,2026-09-05
205704,WPG ADD NEGOTIATION LIST AMER Nicholas LENON (DL) Merrimack,2026-02-13,2026-02-13,Nicholas,Lenon,DL,AMER,Merrimack,WPG,ADD NEGOTIATION LIST,True,185878,players,Negotiation List,Eligible,2026-09-05T13:30:37.057098,2026-09-05
205703,WPG REM SGD NEGOTIATION LIST AMER Jamoi MAYES (WR) Cincinnati,2026-02-13,2026-02-13,Jamoi,MAYES,WR,AMER,Cincinnati,WPG,REM SGD NEGOTIATION LIST,True,185809,players,Eligible,Negotiation List,2026-09-05T13:30:37.057098,2026-09-05
205701,OTT REM SGD NEGOTIATION LIST AMER Andy ISABELLA (WR) Massachusetts,2026-02-13,2026-02-13,Andy,Isabella,WR,AMER,Massachusetts,OTT,REM SGD NEGOTIATION LIST,True,169153,players,Eligible,Negotiation List,2026-09-05T13:30:37.057098,2026-09-05
205700,SSK REM SGD NEGOTIATION LIST AMER Darrell HENDERSON JR (RB) Memphis,2026-02-13,2026-02-13,Darrell,Henderson Jr,RB,AMER,Memphis,SSK,REM SGD NEGOTIATION LIST,True,185811,players,Eligible,Negotiation List,2026-09-05T13:30:37.057098,2026-09-05
205693,BC REM SGD NEGOTIATION LIST AMER Gevani MCCOY (QB) Temple,2026-02-12,2026-02-12,Gevani,MCCOY,QB,AMER,Temple,BC,REM SGD NEGOTIATION LIST,True,168169,players,Eligible,Negotiation List,2026-09-05T13:30:37.057098,2026-09-05
205689,SSK REM UNS NEGOTIATION LIST AMER O'Donnell FORTUNE (DB) South Carolina,2026-02-12,2026-02-12,O'Donnell,Fortune,DB,AMER,South Carolina,SSK,REM UNS NEGOTIATION LIST,True,184848,players,Eligible,Negotiation List,2026-09-05T13:30:37.057098,2026-09-05
205690,SSK ADD NEGOTIATION LIST AMER Tyler MANOA (DL) Arizona,2026-02-12,2026-02-12,Tyler,Manoa,DL,AMER,Arizona,SSK,ADD NEGOTIATION LIST,True,169263,players,Negotiation List,Eligible,2026-09-05T13:30:37.057098,2026-09-05
205684,MTL ADD NEGOTIATION LIST AMER Da'Jon TERRY (DL) Oklahoma,2026-02-12,2026-02-12,Da'Jon,Terry,DL,AMER,Oklahoma,MTL,ADD NEGOTIATION LIST,True,185877,players,Negotiation List,Eligible,2026-09-05T13:30:37.057098,2026-09-05
205683,MTL REM UNS NEGOTIATION LIST AMER Tashawn MANNING (OL) Kentucky,2026-02-12,2026-02-12,Tashawn,Manning,OL,AMER,Kentucky,MTL,REM UNS NEGOTIATION LIST,True,185872,players,Eligible,Negotiation List,2026-09-05T13:30:37.057098,2026-09-05
205681,SSK ADD NEGOTIATION LIST AMER James BURGESS (DB) Alabama State,2026-02-12,2026-02-12,James,Burgess,DB,AMER,Alabama State,SSK,ADD NEGOTIATION LIST,True,184963,players,Negotiation List,Eligible,2026-09-05T13:30:37.057098,2026-09-05
205682,TOR ADD NEGOTIATION LIST AMER Greg STROMAN (DB) Virginia Tech,2026-02-12,2026-02-12,Greg,STROMAN,DB,AMER,Virginia Tech,TOR,ADD NEGOTIATION LIST,True,167337,players,Negotiation List,Eligible,2026-09-05T13:30:37.057098,2026-09-05
205680,SSK REM UNS NEGOTIATION LIST AMER Mekhi GARNER (DB) Louisiana State,2026-02-12,2026-02-12,Mekhi,Garner,DB,AMER,Louisiana State,SSK,REM UNS NEGOTIATION LIST,True,169426,players,Eligible,Negotiation List,2026-09-05T13:30:37.057098,2026-09-05
205676,CGY ADD NEGOTIATION LIST AMER Chris MURRAY (OL) Oklahoma,2026-02-11,2026-02-11,Chris,Murray,OL,AMER,Oklahoma,CGY,ADD NEGOTIATION LIST,True,185876,players,Negotiation List,Eligible,2026-09-05T13:30:37.057098,2026-09-05
205671,TOR REM SGD NEGOTIATION LIST AMER Quincy SKINNER JR (WR) Vanderbilt,2026-02-11,2026-02-11,Quincy,Skinner Jr,WR,AMER,Vanderbilt,TOR,REM SGD NEGOTIATION LIST,True,185849,players,Eligible,Negotiation List,2026-09-05T13:30:37.057098,2026-09-05
205669,SSK ADD NEGOTIATION LIST AMER Jerry JACOBS (DB) Arkansas,2026-02-11,2026-02-11,Jerry,Jacobs,DB,AMER,Arkansas,SSK,ADD NEGOTIATION LIST,True,184967,players,Negotiation List,Eligible,2026-09-05T13:30:37.057098,2026-09-05
205668,SSK REM UNS NEGOTIATION LIST AMER Austin BRYANT (DL) Clemson,2026-02-11,2026-02-11,Austin,Bryant,DL,AMER,Clemson,SSK,REM UNS NEGOTIATION LIST,True,169459,players,Eligible,Negotiation List,2026-09-05T13:30:37.057098,2026-09-05
205651,MTL ADD NEGOTIATION LIST AMER Chandler MARTIN (LB) Memphis,2026-02-11,2026-02-11,Chandler,Martin,LB,AMER,Memphis,MTL,ADD NEGOTIATION LIST,True,184866,players,Negotiation List,Eligible,2026-09-05T13:30:37.057098,2026-09-05
205650,HAM REM UNS NEGOTIATION LIST AMER Christopher ALLEN (DL) Alabama,2026-02-11,2026-02-11,Christopher,Allen,DL,AMER,Alabama,HAM,REM UNS NEGOTIATION LIST,True,168299,players,Eligible,Negotiation List,2026-09-05T13:30:37.057098,2026-09-05
205641,HAM ADD NEGOTIATION LIST AMER Monaray BALDWIN (WR) Baylor,2026-02-11,2026-02-11,Monaray,Baldwin,WR,AMER,Baylor,HAM,ADD NEGOTIATION LIST,True,169607,players,Negotiation List,Eligible,2026-09-05T13:30:37.057098,2026-09-05
205639,WPG ADD NEGOTIATION LIST AMER Kaleb BLAHA (QB) Wisconsin - River Falls,2026-02-11,2026-02-11,Kaleb,Blaha,QB,AMER,Wisconsin - River Falls,WPG,ADD NEGOTIATION LIST,True,185875,players,Negotiation List,Eligible,2026-09-05T13:30:37.057098,2026-09-05
205638,WPG REM UNS NEGOTIATION LIST AMER Antwane WELLS JR (WR) Mississippi,2026-02-11,2026-02-11,Antwane,Wells Jr,WR,AMER,Mississippi,WPG,REM UNS NEGOTIATION LIST,True,185027,players,Eligible,Negotiation List,2026-09-05T13:30:37.057098,2026-09-05
205635,MTL REM UNS NEGOTIATION LIST AMER Rocky LOMBARDI (QB) Northern Illinois,2026-02-10,2026-02-10,Rocky,LOMBARDI,QB,AMER,Northern Illinois,MTL,REM UNS NEGOTIATION LIST,True,167728,players,Eligible,Negotiation List,2026-09-05T13:30:37.057098,2026-09-05
205631,MTL ADD NEGOTIATION LIST AMER Deontae CRAIG (DL) Iowa,2026-02-10,2026-02-10,Deontae,Craig,DL,AMER,Iowa,MTL,ADD NEGOTIATION LIST,True,169357,players,Negotiation List,Eligible,2026-09-05T13:30:37.057098,2026-09-05
205605,SSK ADD NEGOTIATION LIST AMER Eli RICKS (DB) Alabama,2026-02-10,2026-02-10,Eli,Ricks,DB,AMER,Alabama,SSK,ADD NEGOTIATION LIST,True,185858,players,Negotiation List,Eligible,2026-09-05T13:30:37.057098,2026-09-05
205608,SSK ADD NEGOTIATION LIST AMER Kendric PRYOR (WR) Wisconsin,2026-02-10,2026-02-10,Kendric,Pryor,WR,AMER,Wisconsin,SSK,ADD NEGOTIATION LIST,True,185874,players,Negotiation List,Eligible,2026-09-05T13:30:37.057098,2026-09-05
205606,SSK ADD NEGOTIATION LIST AMER Tuasivi NOMURA (LB) Fresno State,2026-02-10,2026-02-10,Tuasivi,Nomura,LB,AMER,Fresno State,SSK,ADD NEGOTIATION LIST,True,184959,players,Negotiation List,Eligible,2026-09-05T13:30:37.057098,2026-09-05
205604,TOR ADD NEGOTIATION LIST AMER James SMITH-WILLIAMS (DL) North Carolina State,2026-02-10,2026-02-10,James,SMITH-WILLIAMS,DL,AMER,North Carolina State,TOR,ADD NEGOTIATION LIST,True,165313,players,Negotiation List,Eligible,2026-09-05T13:30:37.057098,2026-09-05
205603,TOR REM UNS NEGOTIATION LIST AMER Jaxon JANKE (WR) South Dakota State,2026-02-10,2026-02-10,Jaxon,Janke,WR,AMER,South Dakota State,TOR,REM UNS NEGOTIATION LIST,True,168456,players,Eligible,Negotiation List,2026-09-05T13:30:37.057098,2026-09-05
205592,SSK REM SGD NEGOTIATION LIST AMER Juwann WINFREE (WR) Colorado,2026-02-10,2026-02-10,Juwann,Winfree,WR,AMER,Colorado,SSK,REM SGD NEGOTIATION LIST,True,185840,players,Eligible,Negotiation List,2026-09-05T13:30:37.057098,2026-09-05
205591,SSK REM SGD NEGOTIATION LIST AMER Freddie SWAIN (WR) Florida,2026-02-10,2026-02-10,Freddie,Swain,WR,AMER,Florida,SSK,REM SGD NEGOTIATION LIST,True,168226,players,Eligible,Negotiation List,2026-09-05T13:30:37.057098,2026-09-05
205590,SSK REM SGD NEGOTIATION LIST AMER Peny BOONE (RB) Central Florida,2026-02-10,2026-02-10,Peny,Boone,RB,AMER,Central Florida,SSK,REM SGD NEGOTIATION LIST,True,169171,players,Eligible,Negotiation List,2026-09-05T13:30:37.057098,2026-09-05
205579,CGY ADD NEGOTIATION LIST AMER Bugs MORTIMER (WR) Stephen F. Austin State,2026-02-10,2026-02-10,Bugs,Mortimer,WR,AMER,Stephen F. Austin State,CGY,ADD NEGOTIATION LIST,True,185873,players,Negotiation List,Eligible,2026-09-05T13:30:37.057098,2026-09-05
205580,MTL ADD NEGOTIATION LIST AMER Arlington HAMBRIGHT (OL) Colorado,2026-02-10,2026-02-10,Arlington,HAMBRIGHT,OL,AMER,Colorado,MTL,ADD NEGOTIATION LIST,True,167319,players,Negotiation List,Eligible,2026-09-05T13:30:37.057098,2026-09-05
205577,WPG ADD NEGOTIATION LIST AMER Blake DAVIS (DB) Grambling State,2026-02-10,2026-02-10,Blake,Davis,DB,AMER,Grambling State,WPG,ADD NEGOTIATION LIST,True,185870,players,Negotiation List,Eligible,2026-09-05T13:30:37.057098,2026-09-05
205574,TOR ADD NEGOTIATION LIST AMER Quincy SKINNER JR (WR) Vanderbilt,2026-02-10,2026-02-10,Quincy,Skinner Jr,WR,AMER,Vanderbilt,TOR,ADD NEGOTIATION LIST,True,185849,players,Negotiation List,Eligible,2026-09-05T13:30:37.057098,2026-09-05
205575,OTT ADD NEGOTIATION LIST AMER KJ CLOYD (LB) Miami,2026-02-10,2026-02-10,KJ,Cloyd,LB,AMER,Miami,OTT,ADD NEGOTIATION LIST,True,185871,players,Negotiation List,Eligible,2026-09-05T13:30:37.057098,2026-09-05
205576,MTL ADD NEGOTIATION LIST AMER Tashawn MANNING (OL) Kentucky,2026-02-10,2026-02-10,Tashawn,Manning,OL,AMER,Kentucky,MTL,ADD NEGOTIATION LIST,True,185872,players,Negotiation List,Eligible,2026-09-05T13:30:37.057098,2026-09-05
205572,WPG REM SGD NEGOTIATION LIST AMER Robert JAVIER (DB) Towson University,2026-02-10,2026-02-10,Robert,Javier,DB,AMER,Towson University,WPG,REM SGD NEGOTIATION LIST,True,169037,players,Eligible,Negotiation List,2026-09-05T13:30:37.057098,2026-09-05
205573,TOR REM UNS NEGOTIATION LIST AMER Logan BROWN (OL) Kansas,2026-02-10,2026-02-10,Logan,Brown,OL,AMER,Kansas,TOR,REM UNS NEGOTIATION LIST,True,184863,players,Eligible,Negotiation List,2026-09-05T13:30:37.057098,2026-09-05
204932,OTT REM SGD NEGOTIATION LIST AMER Mathew SEXTON (WR) Eastern Michigan,2026-02-10,2026-02-10,Mathew,SEXTON,WR,AMER,Eastern Michigan,OTT,REM SGD NEGOTIATION LIST,True,166504,players,Eligible,Negotiation List,2026-09-05T13:30:37.057098,2026-09-05
204924,OTT ADD NEGOTIATION LIST AMER Javin WHITE (DB) UNLV,2026-02-09,2026-02-09,Javin,WHITE,DB,AMER,UNLV,OTT,ADD NEGOTIATION LIST,True,165705,players,Negotiation List,Eligible,2026-09-05T13:30:37.057098,2026-09-05
204923,CGY REM UNS NEGOTIATION LIST AMER Quincy SKINNER JR (WR) Vanderbilt,2026-02-09,2026-02-09,Quincy,Skinner Jr,WR,AMER,Vanderbilt,CGY,REM UNS NEGOTIATION LIST,True,185849,players,Eligible,Negotiation List,2026-09-05T13:30:37.057098,2026-09-05
204922,WPG ADD NEGOTIATION LIST AMER Robert JAVIER (DB) Towson University,2026-02-09,2026-02-09,Robert,Javier,DB,AMER,Towson University,WPG,ADD NEGOTIATION LIST,True,169037,players,Negotiation List,Eligible,2026-09-05T13:30:37.057098,2026-09-05
204921,OTT REM SGD NEGOTIATION LIST AMER Jordan SMITH (DL) Alabama Birmingham,2026-02-09,2026-02-09,Jordan,Smith,DL,AMER,Alabama Birmingham,OTT,REM SGD NEGOTIATION LIST,True,168245,players,Eligible,Negotiation List,2026-09-05T13:30:37.057098,2026-09-05
204919,MTL REM SGD NEGOTIATION LIST AMER Dresser WINN (QB) Tennessee Martin,2026-02-09,2026-02-09,Dresser,WINN,QB,AMER,Tennessee Martin,MTL,REM SGD NEGOTIATION LIST,True,164460,players,Eligible,Negotiation List,2026-09-05T13:30:37.057098,2026-09-05
204918,MTL REM SGD NEGOTIATION LIST AMER Donovan MANUEL (LB) Florida International,2026-02-09,2026-02-09,Donovan,Manuel,LB,AMER,Florida International,MTL,REM SGD NEGOTIATION LIST,True,185861,players,Eligible,Negotiation List,2026-09-05T13:30:37.057098,2026-09-05
204911,MTL REM SGD NEGOTIATION LIST AMER Anthony BROWN JR. (QB) Oregon,2026-02-09,2026-02-09,Anthony,BROWN Jr.,QB,AMER,Oregon,MTL,REM SGD NEGOTIATION LIST,True,165823,players,Eligible,Negotiation List,2026-09-05T13:30:37.057098,2026-09-05
204906,WPG REM UNS NEGOTIATION LIST AMER Damonte SMITH (DL) Middle Tennessee State,2026-02-06,2026-02-06,Damonte,Smith,DL,AMER,Middle Tennessee State,WPG,REM UNS NEGOTIATION LIST,True,185862,players,Eligible,Negotiation List,2026-09-05T13:30:37.057098,2026-09-05
204907,WPG ADD NEGOTIATION LIST AMER Jonah PACE (DL) Iowa,2026-02-06,2026-02-06,Jonah,Pace,DL,AMER,Iowa,WPG,ADD NEGOTIATION LIST,True,185869,players,Negotiation List,Eligible,2026-09-05T13:30:37.057098,2026-09-05
204901,TOR REM UNS NEGOTIATION LIST AMER Fabien LOVETT (DL) Florida State,2026-02-06,2026-02-06,Fabien,Lovett,DL,AMER,Florida State,TOR,REM UNS NEGOTIATION LIST,True,185778,players,Eligible,Negotiation List,2026-09-05T13:30:37.057098,2026-09-05
204902,TOR ADD NEGOTIATION LIST AMER Qualan JONES (RB) Stephen F. Austin State,2026-02-06,2026-02-06,Qualan,Jones,RB,AMER,Stephen F. Austin State,TOR,ADD NEGOTIATION LIST,True,185867,players,Negotiation List,Eligible,2026-09-05T13:30:37.057098,2026-09-05
204898,TOR REM UNS NEGOTIATION LIST AMER Jabre BARBER (WR) Texas A&M,2026-02-06,2026-02-06,Jabre,Barber,WR,AMER,Texas A&M,TOR,REM UNS NEGOTIATION LIST,True,185033,players,Eligible,Negotiation List,2026-09-05T13:30:37.057098,2026-09-05
204899,TOR ADD NEGOTIATION LIST AMER Elijah YOUNG (RB) Western Kentucky,2026-02-06,2026-02-06,Elijah,Young,RB,AMER,Western Kentucky,TOR,ADD NEGOTIATION LIST,True,185865,players,Negotiation List,Eligible,2026-09-05T13:30:37.057098,2026-09-05
204897,OTT ADD NEGOTIATION LIST AMER Seth ANDERSON (OL) North Dakota,2026-02-06,2026-02-06,Seth,Anderson,OL,AMER,North Dakota,OTT,ADD NEGOTIATION LIST,True,185864,players,Negotiation List,Eligible,2026-09-05T13:30:37.057098,2026-09-05
204895,WPG REM SGD NEGOTIATION LIST AMER Michael FLETCHER (DL) Appalachian State,2026-02-06,2026-02-06,Michael,Fletcher,DL,AMER,Appalachian State,WPG,REM SGD NEGOTIATION LIST,True,185847,players,Eligible,Negotiation List,2026-09-05T13:30:37.057098,2026-09-05
204896,OTT REM UNS NEGOTIATION LIST AMER Jackson MITCHELL (LB) Connecticut,2026-02-06,2026-02-06,Jackson,Mitchell,LB,AMER,Connecticut,OTT,REM UNS NEGOTIATION LIST,True,169123,players,Eligible,Negotiation List,2026-09-05T13:30:37.057098,2026-09-05
204894,OTT ADD NEGOTIATION LIST AMER Brandon JOHNSON (WR) Central Florida,2026-02-06,2026-02-06,Brandon,Johnson,WR,AMER,Central Florida,OTT,ADD NEGOTIATION LIST,True,185863,players,Negotiation List,Eligible,2026-09-05T13:30:37.057098,2026-09-05
204892,WPG ADD NEGOTIATION LIST AMER Damonte SMITH (DL) Middle Tennessee State,2026-02-05,2026-02-05,Damonte,Smith,DL,AMER,Middle Tennessee State,WPG,ADD NEGOTIATION LIST,True,185862,players,Negotiation List,Eligible,2026-09-05T13:30:37.057098,2026-09-05
204891,BC ADD NEGOTIATION LIST AMER Delontae SCOTT (DL) Southern Methodist,2026-02-05,2026-02-05,Delontae,SCOTT,DL,AMER,Southern Methodist,BC,ADD NEGOTIATION LIST,True,166133,players,Negotiation List,Eligible,2026-09-05T13:30:37.057098,2026-09-05
204890,BC REM UNS NEGOTIATION LIST AMER Jackie JOHNSON III (DL) Hawaii,2026-02-05,2026-02-05,Jackie,Johnson III,DL,AMER,Hawaii,BC,REM UNS NEGOTIATION LIST,True,184946,players,Eligible,Negotiation List,2026-09-05T13:30:37.057098,2026-09-05
204888,WPG REM SGD NEGOTIATION LIST AMER Aaron SMITH (LB) South Carolina State,2026-02-05,2026-02-05,Aaron,Smith,LB,AMER,South Carolina State,WPG,REM SGD NEGOTIATION LIST,True,169402,players,Eligible,Negotiation List,2026-09-05T13:30:37.057098,2026-09-05
204882,CGY ADD NEGOTIATION LIST AMER Gerald MINCEY (OL) Kentucky,2026-02-05,2026-02-05,Gerald,Mincey,OL,AMER,Kentucky,CGY,ADD NEGOTIATION LIST,True,185860,players,Negotiation List,Eligible,2026-09-05T13:30:37.057098,2026-09-05
204883,MTL REM UNS NEGOTIATION LIST AMER Marlon WILLIAMS (WR) Central Florida,2026-02-05,2026-02-05,Marlon,WILLIAMS,WR,AMER,Central Florida,MTL,REM UNS NEGOTIATION LIST,True,166381,players,Eligible,Negotiation List,2026-09-05T13:30:37.057098,2026-09-05
204884,MTL ADD NEGOTIATION LIST AMER Donovan MANUEL (LB) Florida International,2026-02-05,2026-02-05,Donovan,Manuel,LB,AMER,Florida International,MTL,ADD NEGOTIATION LIST,True,185861,players,Negotiation List,Eligible,2026-09-05T13:30:37.057098,2026-09-05
204881,OTT REM SGD NEGOTIATION LIST AMER Cade MCDONALD (WR) Miami of Ohio,2026-02-05,2026-02-05,Cade,McDonald,WR,AMER,Miami of Ohio,OTT,REM SGD NEGOTIATION LIST,True,185013,players,Eligible,Negotiation List,2026-09-05T13:30:37.057098,2026-09-05
204879,CGY REM UNS NEGOTIATION LIST AMER Jermari HARRIS (DB) Iowa,2026-02-05,2026-02-05,Jermari,Harris,DB,AMER,Iowa,CGY,REM UNS NEGOTIATION LIST,True,184989,players,Eligible,Negotiation List,2026-09-05T13:30:37.057098,2026-09-05
204880,SSK ADD NEGOTIATION LIST AMER Joshuah BLEDSOE (DB) Missouri,2026-02-05,2026-02-05,Joshuah,Bledsoe,DB,AMER,Missouri,SSK,ADD NEGOTIATION LIST,True,185859,players,Negotiation List,Eligible,2026-09-05T13:30:37.057098,2026-09-05
204875,SSK REM SGD NEGOTIATION LIST AMER Tyrie CLEVELAND (WR) Florida,2026-02-05,2026-02-05,Tyrie,Cleveland,WR,AMER,Florida,SSK,REM SGD NEGOTIATION LIST,True,169223,players,Eligible,Negotiation List,2026-09-05T13:30:37.057098,2026-09-05
204872,HAM REM UNS NEGOTIATION LIST AMER Philip BLIDI (DL) Auburn,2026-02-05,2026-02-05,Philip,Blidi,DL,AMER,Auburn,HAM,REM UNS NEGOTIATION LIST,True,184838,players,Eligible,Negotiation List,2026-09-05T13:30:37.057098,2026-09-05
204873,HAM ADD NEGOTIATION LIST AMER CJ BREWER (DL) Coastal Carolina,2026-02-05,2026-02-05,CJ,BREWER,DL,AMER,Coastal Carolina,HAM,ADD NEGOTIATION LIST,True,166889,players,Negotiation List,Eligible,2026-09-05T13:30:37.057098,2026-09-05
204869,TOR REM UNS NEGOTIATION LIST AMER Cody SCHRADER (RB) Missouri,2026-02-05,2026-02-05,Cody,Schrader,RB,AMER,Missouri,TOR,REM UNS NEGOTIATION LIST,True,168387,players,Eligible,Negotiation List,2026-09-05T13:30:37.057098,2026-09-05
204870,TOR ADD NEGOTIATION LIST AMER Ryan HAYES (OL) Michigan,2026-02-05,2026-02-05,Ryan,Hayes,OL,AMER,Michigan,TOR,ADD NEGOTIATION LIST,True,169040,players,Negotiation List,Eligible,2026-09-05T13:30:37.057098,2026-09-05
204867,OTT REM UNS NEGOTIATION LIST AMER Landon PARKER (WR) Troy,2026-02-05,2026-02-05,Landon,Parker,WR,AMER,Troy,OTT,REM UNS NEGOTIATION LIST,True,185052,players,Eligible,Negotiation List,2026-09-05T13:30:37.057098,2026-09-05
204868,OTT ADD NEGOTIATION LIST AMER Gabe JEUDY-LALLY (DB) Tennessee,2026-02-05,2026-02-05,Gabe,Jeudy-Lally,DB,AMER,Tennessee,OTT,ADD NEGOTIATION LIST,True,185857,players,Negotiation List,Eligible,2026-09-05T13:30:37.057098,2026-09-05
204865,OTT ADD NEGOTIATION LIST AMER Luke KANDRA (OL) Cincinnati,2026-02-05,2026-02-05,Luke,Kandra,OL,AMER,Cincinnati,OTT,ADD NEGOTIATION LIST,True,185856,players,Negotiation List,Eligible,2026-09-05T13:30:37.057098,2026-09-05
204866,CGY ADD NEGOTIATION LIST AMER Junior BERGEN (WR) Montana,2026-02-05,2026-02-05,Junior,Bergen,WR,AMER,Montana,CGY,ADD NEGOTIATION LIST,True,168560,players,Negotiation List,Eligible,2026-09-05T13:30:37.057098,2026-09-05
204863,OTT ADD NEGOTIATION LIST AMER Jackson SIRMON (LB) California,2026-02-05,2026-02-05,Jackson,Sirmon,LB,AMER,California,OTT,ADD NEGOTIATION LIST,True,185855,players,Negotiation List,Eligible,2026-09-05T13:30:37.057098,2026-09-05
204864,OTT REM UNS NEGOTIATION LIST AMER John LEGLUE (OL) Tulane,2026-02-05,2026-02-05,John,Leglue,OL,AMER,Tulane,OTT,REM UNS NEGOTIATION LIST,True,169484,players,Eligible,Negotiation List,2026-09-05T13:30:37.057098,2026-09-05
204862,OTT REM UNS NEGOTIATION LIST AMER Tyler MANOA (DL) Arizona,2026-02-04,2026-02-04,Tyler,Manoa,DL,AMER,Arizona,OTT,REM UNS NEGOTIATION LIST,True,169263,players,Eligible,Negotiation List,2026-09-05T13:30:37.057098,2026-09-05
204861,MTL ADD NEGOTIATION LIST AMER Jeremiah JEAN-BAPTISTE (LB) Mississippi,2026-02-04,2026-02-04,Jeremiah,Jean-Baptiste,LB,AMER,Mississippi,MTL,ADD NEGOTIATION LIST,True,185853,players,Negotiation List,Eligible,2026-09-05T13:30:37.057098,2026-09-05
204860,MTL REM UNS NEGOTIATION LIST AMER Tyreek MADDOX-WILLIAMS (LB) Rutgers,2026-02-04,2026-02-04,Tyreek,Maddox-Williams,LB,AMER,Rutgers,MTL,REM UNS NEGOTIATION LIST,True,169022,players,Eligible,Negotiation List,2026-09-05T13:30:37.057098,2026-09-05
204859,EDM ADD NEGOTIATION LIST AMER Brandon CODRINGTON (DB) North Carolina Central,2026-02-04,2026-02-04,Brandon,Codrington,DB,AMER,North Carolina Central,EDM,ADD NEGOTIATION LIST,True,168617,players,Negotiation List,Eligible,2026-09-05T13:30:37.057098,2026-09-05
204858,EDM REM SGD NEGOTIATION LIST AMER Jeremiah WALKER (DB) Stephen F. Austin State,2026-02-04,2026-02-04,Jeremiah,Walker,DB,AMER,Stephen F. Austin State,EDM,REM SGD NEGOTIATION LIST,True,185114,players,Eligible,Negotiation List,2026-09-05T13:30:37.057098,2026-09-05
204840,CGY ADD NEGOTIATION LIST AMER Quincy SKINNER JR (WR) Vanderbilt,2026-02-04,2026-02-04,Quincy,Skinner Jr,WR,AMER,Vanderbilt,CGY,ADD NEGOTIATION LIST,True,185849,players,Negotiation List,Eligible,2026-09-05T13:30:37.057098,2026-09-05
204824,BC ADD NEGOTIATION LIST AMER Emani BAILEY (RB) Texas Christian,2026-02-04,2026-02-04,Emani,Bailey,RB,AMER,Texas Christian,BC,ADD NEGOTIATION LIST,True,185846,players,Negotiation List,Eligible,2026-09-05T13:30:37.057098,2026-09-05
204825,WPG REM UNS NEGOTIATION LIST AMER Phillip WEBB (DL) Jackson State,2026-02-04,2026-02-04,Phillip,Webb,DL,AMER,Jackson State,WPG,REM UNS NEGOTIATION LIST,True,169542,players,Eligible,Negotiation List,2026-09-05T13:30:37.057098,2026-09-05
204826,WPG ADD NEGOTIATION LIST AMER Michael FLETCHER (DL) Appalachian State,2026-02-04,2026-02-04,Michael,Fletcher,DL,AMER,Appalachian State,WPG,ADD NEGOTIATION LIST,True,185847,players,Negotiation List,Eligible,2026-09-05T13:30:37.057098,2026-09-05
204822,TOR ADD NEGOTIATION LIST AMER Demone HARRIS (DL) Buffalo,2026-02-04,2026-02-04,Demone,HARRIS,DL,AMER,Buffalo,TOR,ADD NEGOTIATION LIST,True,166596,players,Negotiation List,Eligible,2026-09-05T13:30:37.057098,2026-09-05
204823,BC REM UNS NEGOTIATION LIST AMER Xavier SMITH (WR) Florida A&M,2026-02-04,2026-02-04,Xavier,SMITH,WR,AMER,Florida A&M,BC,REM UNS NEGOTIATION LIST,True,167547,players,Eligible,Negotiation List,2026-09-05T13:30:37.057098,2026-09-05
204821,TOR REM UNS NEGOTIATION LIST AMER Junior BERGEN (WR) Montana,2026-02-04,2026-02-04,Junior,Bergen,WR,AMER,Montana,TOR,REM UNS NEGOTIATION LIST,True,168560,players,Eligible,Negotiation List,2026-09-05T13:30:37.057098,2026-09-05
204813,WPG ADD NEGOTIATION LIST AMER Jerand BRADLEY (WR) Kansas State,2026-02-03,2026-02-03,Jerand,Bradley,WR,AMER,Kansas State,WPG,ADD NEGOTIATION LIST,True,185845,players,Negotiation List,Eligible,2026-09-05T13:30:37.057098,2026-09-05
204811,TOR REM UNS NEGOTIATION LIST AMER Sataoa LAUMEA (OL) Utah,2026-02-03,2026-02-03,Sataoa,Laumea,OL,AMER,Utah,TOR,REM UNS NEGOTIATION LIST,True,185111,players,Eligible,Negotiation List,2026-09-05T13:30:37.057098,2026-09-05
204812,TOR ADD NEGOTIATION LIST AMER Jacobe COVINGTON (DB) Southern California,2026-02-03,2026-02-03,Jacobe,COVINGTON,DB,AMER,Southern California,TOR,ADD NEGOTIATION LIST,True,184943,players,Negotiation List,Eligible,2026-09-05T13:30:37.057098,2026-09-05
204809,TOR REM UNS NEGOTIATION LIST AMER Mitchell MAYES (OL) Charlotte,2026-02-03,2026-02-03,Mitchell,Mayes,OL,AMER,Charlotte,TOR,REM UNS NEGOTIATION LIST,True,184970,players,Eligible,Negotiation List,2026-09-05T13:30:37.057098,2026-09-05
204810,TOR ADD NEGOTIATION LIST AMER Brandon CROSSLEY (DB) Southern Methodist,2026-02-03,2026-02-03,Brandon,Crossley,DB,AMER,Southern Methodist,TOR,ADD NEGOTIATION LIST,True,185844,players,Negotiation List,Eligible,2026-09-05T13:30:37.057098,2026-09-05
204802,BC ADD NEGOTIATION LIST AMER Virgil LEMONS (DB) West Florida,2026-02-03,2026-02-03,Virgil,Lemons,DB,AMER,West Florida,BC,ADD NEGOTIATION LIST,True,185836,players,Negotiation List,Eligible,2026-09-05T13:30:37.057098,2026-09-05
204801,BC REM SGD NEGOTIATION LIST AMER Marquez CALLAWAY (WR) Tennessee,2026-02-03,2026-02-03,Marquez,CALLAWAY,WR,AMER,Tennessee,BC,REM SGD NEGOTIATION LIST,True,184393,players,Eligible,Negotiation List,2026-09-05T13:30:37.057098,2026-09-05
204800,OTT ADD NEGOTIATION LIST AMER Isaiah PRINCE (OL) Ohio State,2026-02-03,2026-02-03,Isaiah,Prince,OL,AMER,Ohio State,OTT,ADD NEGOTIATION LIST,True,185843,players,Negotiation List,Eligible,2026-09-05T13:30:37.057098,2026-09-05
204798,CGY ADD NEGOTIATION LIST AMER Jacob SPOMER (OL) Fresno State,2026-02-03,2026-02-03,Jacob,Spomer,OL,AMER,Fresno State,CGY,ADD NEGOTIATION LIST,True,185842,players,Negotiation List,Eligible,2026-09-05T13:30:37.057098,2026-09-05
204797,OTT ADD NEGOTIATION LIST AMER Jordan SMITH (DL) Alabama Birmingham,2026-02-03,2026-02-03,Jordan,Smith,DL,AMER,Alabama Birmingham,OTT,ADD NEGOTIATION LIST,True,168245,players,Negotiation List,Eligible,2026-09-05T13:30:37.057098,2026-09-05
204796,CGY ADD NEGOTIATION LIST AMER Jacolby CRISWELL (QB) East Tennessee State,2026-02-03,2026-02-03,Jacolby,Criswell,QB,AMER,East Tennessee State,CGY,ADD NEGOTIATION LIST,True,185841,players,Negotiation List,Eligible,2026-09-05T13:30:37.057098,2026-09-05
204793,SSK ADD NEGOTIATION LIST AMER Juwann WINFREE (WR) Colorado,2026-02-03,2026-02-03,Juwann,Winfree,WR,AMER,Colorado,SSK,ADD NEGOTIATION LIST,True,185840,players,Negotiation List,Eligible,2026-09-05T13:30:37.057098,2026-09-05
204792,SSK REM UNS NEGOTIATION LIST AMER Tanner MCCALISTER (DB) Ohio State,2026-02-03,2026-02-03,Tanner,McCalister,DB,AMER,Ohio State,SSK,REM UNS NEGOTIATION LIST,True,184279,players,Eligible,Negotiation List,2026-09-05T13:30:37.057098,2026-09-05
204791,SSK ADD NEGOTIATION LIST GLOB Oscar CHAPMAN (P) Auburn,2026-02-03,2026-02-03,Oscar,Chapman,P,GLOB,Auburn,SSK,ADD NEGOTIATION LIST,True,185838,players,Negotiation List,Eligible,2026-09-05T13:30:37.057098,2026-09-05
204790,SSK REM UNS NEGOTIATION LIST AMER Zachary THOMAS (OL) San Diego State,2026-02-03,2026-02-03,Zachary,THOMAS,OL,AMER,San Diego State,SSK,REM UNS NEGOTIATION LIST,True,167316,players,Eligible,Negotiation List,2026-09-05T13:30:37.057098,2026-09-05
204788,HAM REM UNS NEGOTIATION LIST AMER Kaden WETJEN (WR) Iowa,2026-02-03,2026-02-03,Kaden,Wetjen,WR,AMER,Iowa,HAM,REM UNS NEGOTIATION LIST,True,169240,players,Eligible,Negotiation List,2026-09-05T13:30:37.057098,2026-09-05
204789,HAM ADD NEGOTIATION LIST AMER Jalen WHITE (RB) Georgia Southern,2026-02-03,2026-02-03,Jalen,White,RB,AMER,Georgia Southern,HAM,ADD NEGOTIATION LIST,True,185837,players,Negotiation List,Eligible,2026-09-05T13:30:37.057098,2026-09-05
204785,WPG ADD NEGOTIATION LIST AMER Aaron SMITH (LB) South Carolina State,2026-02-03,2026-02-03,Aaron,Smith,LB,AMER,South Carolina State,WPG,ADD NEGOTIATION LIST,True,169402,players,Negotiation List,Eligible,2026-09-05T13:30:37.057098,2026-09-05
204784,OTT REM SGD NEGOTIATION LIST AMER Jacquez STUART (RB) Toledo,2026-02-03,2026-02-03,Jacquez,Stuart,RB,AMER,Toledo,OTT,REM SGD NEGOTIATION LIST,True,169456,players,Eligible,Negotiation List,2026-09-05T13:30:37.057098,2026-09-05
204782,BC ADD NEGOTIATION LIST AMER Cole GONZALES (QB) Charlotte,2026-02-03,2026-02-03,Cole,Gonzales,QB,AMER,Charlotte,BC,ADD NEGOTIATION LIST,True,169051,players,Negotiation List,Eligible,2026-09-05T13:30:37.057098,2026-09-05
204779,OTT REM UNS NEGOTIATION LIST AMER Drew MESTEMAKER (QB) North Texas,2026-02-03,2026-02-03,Drew,Mestemaker,QB,AMER,North Texas,OTT,REM UNS NEGOTIATION LIST,True,184940,players,Eligible,Negotiation List,2026-09-05T13:30:37.057098,2026-09-05
204781,BC REM UNS NEGOTIATION LIST AMER Mac MCCAIN (DB) North Carolina A&T,2026-02-03,2026-02-03,Mac,MCCAIN,DB,AMER,North Carolina A&T,BC,REM UNS NEGOTIATION LIST,True,168130,players,Eligible,Negotiation List,2026-09-05T13:30:37.057098,2026-09-05
204778,TOR ADD NEGOTIATION LIST AMER Keenan ISAAC (DB) Alabama State,2026-02-03,2026-02-03,Keenan,ISAAC,DB,AMER,Alabama State,TOR,ADD NEGOTIATION LIST,True,167648,players,Negotiation List,Eligible,2026-09-05T13:30:37.057098,2026-09-05
204767,TOR REM SGD NEGOTIATION LIST AMER Caleb NELSON (DB) Sacramento State,2026-02-02,2026-02-02,Caleb,Nelson,DB,AMER,Sacramento State,TOR,REM SGD NEGOTIATION LIST,True,185782,players,Eligible,Negotiation List,2026-09-05T13:30:37.057098,2026-09-05
204761,WPG ADD NEGOTIATION LIST AMER Corey RUCKER (WR) Arkansas State,2026-02-02,2026-02-02,Corey,Rucker,WR,AMER,Arkansas State,WPG,ADD NEGOTIATION LIST,True,185835,players,Negotiation List,Eligible,2026-09-05T13:30:37.057098,2026-09-05
204759,EDM ADD NEGOTIATION LIST AMER Dee WILLIAMS (DB) Tennessee,2026-02-02,2026-02-02,Dee,Williams,DB,AMER,Tennessee,EDM,ADD NEGOTIATION LIST,True,168340,players,Negotiation List,Eligible,2026-09-05T13:30:37.057098,2026-09-05
204758,WPG REM SGD NEGOTIATION LIST AMER Dorian SINGER (WR) Utah,2026-02-02,2026-02-02,Dorian,Singer,WR,AMER,Utah,WPG,REM SGD NEGOTIATION LIST,True,184795,players,Eligible,Negotiation List,2026-09-05T13:30:37.057098,2026-09-05
204752,SSK ADD NEGOTIATION LIST AMER Tanner MCCALISTER (DB) Ohio State,2026-02-02,2026-02-02,Tanner,McCalister,DB,AMER,Ohio State,SSK,ADD NEGOTIATION LIST,True,184279,players,Negotiation List,Eligible,2026-09-05T13:30:37.057098,2026-09-05
204746,BC REM UNS NEGOTIATION LIST AMER William HOOPER (DB) Northwestern State,2026-02-02,2026-02-02,William,Hooper,DB,AMER,Northwestern State,BC,REM UNS NEGOTIATION LIST,True,168491,players,Eligible,Negotiation List,2026-09-05T13:30:37.057098,2026-09-05
204747,BC ADD NEGOTIATION LIST AMER Essang BASSEY (DB) Wake Forest,2026-02-02,2026-02-02,Essang,Bassey,DB,AMER,Wake Forest,BC,ADD NEGOTIATION LIST,True,185776,players,Negotiation List,Eligible,2026-09-05T13:30:37.057098,2026-09-05
204744,TOR REM UNS NEGOTIATION LIST AMER Chace DAVIS (DL) Bowling Green State,2026-02-02,2026-02-02,Chace,Davis,DL,AMER,Bowling Green State,TOR,REM UNS NEGOTIATION LIST,True,184971,players,Eligible,Negotiation List,2026-09-05T13:30:37.057098,2026-09-05
204745,TOR ADD NEGOTIATION LIST AMER Mason COBB (LB) Southern California,2026-02-02,2026-02-02,Mason,Cobb,LB,AMER,Southern California,TOR,ADD NEGOTIATION LIST,True,184044,players,Negotiation List,Eligible,2026-09-05T13:30:37.057098,2026-09-05
204742,BC ADD NEGOTIATION LIST AMER DaJean WELLS (DB) Eastern Washington,2026-02-02,2026-02-02,DaJean,Wells,DB,AMER,Eastern Washington,BC,ADD NEGOTIATION LIST,True,185834,players,Negotiation List,Eligible,2026-09-05T13:30:37.057098,2026-09-05
204743,HAM ADD NEGOTIATION LIST AMER Silas DZANSI (OL) Virginia Tech,2026-02-02,2026-02-02,Silas,DZANSI,OL,AMER,Virginia Tech,HAM,ADD NEGOTIATION LIST,True,167609,players,Negotiation List,Eligible,2026-09-05T13:30:37.057098,2026-09-05
204741,HAM REM SGD NEGOTIATION LIST AMER Xavier MALONE (WR) Henderson State,2026-02-02,2026-02-02,Xavier,MALONE,WR,AMER,Henderson State,HAM,REM SGD NEGOTIATION LIST,True,167838,players,Eligible,Negotiation List,2026-09-05T13:30:37.057098,2026-09-05
204740,WPG REM SGD NEGOTIATION LIST AMER Micah CRETSINGER (LB) Saginaw Valley State,2026-02-02,2026-02-02,Micah,Cretsinger,LB,AMER,Saginaw Valley State,WPG,REM SGD NEGOTIATION LIST,True,184042,players,Eligible,Negotiation List,2026-09-05T13:30:37.057098,2026-09-05
204739,WPG REM SGD NEGOTIATION LIST AMER Joseph TAYLOR (RB) Arizona,2026-02-02,2026-02-02,Joseph,Taylor,RB,AMER,Arizona,WPG,REM SGD NEGOTIATION LIST,True,169058,players,Eligible,Negotiation List,2026-09-05T13:30:37.057098,2026-09-05
204736,CGY REM SGD NEGOTIATION LIST AMER Norell POLLARD (DL) Virginia Tech,2026-02-02,2026-02-02,Norell,POLLARD,DL,AMER,Virginia Tech,CGY,REM SGD NEGOTIATION LIST,True,168486,players,Eligible,Negotiation List,2026-09-05T13:30:37.057098,2026-09-05
204718,CGY ADD NEGOTIATION LIST AMER Zevi ECKHAUS (QB) Washington State,2026-01-30,2026-01-30,Zevi,Eckhaus,QB,AMER,Washington State,CGY,ADD NEGOTIATION LIST,True,168941,players,Negotiation List,Eligible,2026-09-05T13:30:37.057098,2026-09-05
204711,TOR ADD NEGOTIATION LIST AMER Dimitri STANLEY (WR) Iowa State,2026-01-30,2026-01-30,Dimitri,Stanley,WR,AMER,Iowa State,TOR,ADD NEGOTIATION LIST,True,169394,players,Negotiation List,Eligible,2026-09-05T13:30:37.057098,2026-09-05
204710,TOR REM UNS NEGOTIATION LIST AMER Ckelby GIVENS (DL) Southern,2026-01-30,2026-01-30,Ckelby,Givens,DL,AMER,Southern,TOR,REM UNS NEGOTIATION LIST,True,184945,players,Eligible,Negotiation List,2026-09-05T13:30:37.057098,2026-09-05
204708,BC REM SGD NEGOTIATION LIST AMER Bryan THOMPSON (WR) Arizona State,2026-01-30,2026-01-30,Bryan,THOMPSON,WR,AMER,Arizona State,BC,REM SGD NEGOTIATION LIST,True,169252,players,Eligible,Negotiation List,2026-09-05T13:30:37.057098,2026-09-05
204706,BC REM SGD NEGOTIATION LIST AMER Demetric FELTON JR. (RB) UCLA,2026-01-30,2026-01-30,Demetric,FELTON JR.,RB,AMER,UCLA,BC,REM SGD NEGOTIATION LIST,True,168568,players,Eligible,Negotiation List,2026-09-05T13:30:37.057098,2026-09-05
204707,BC ADD NEGOTIATION LIST AMER Troy HAIRSTON (DL) Central Michigan,2026-01-30,2026-01-30,Troy,HAIRSTON,DL,AMER,Central Michigan,BC,ADD NEGOTIATION LIST,True,166114,players,Negotiation List,Eligible,2026-09-05T13:30:37.057098,2026-09-05
204697,HAM ADD NEGOTIATION LIST AMER De'Jon BENTON (DL) Hawaii,2026-01-30,2026-01-30,De'Jon,Benton,DL,AMER,Hawaii,HAM,ADD NEGOTIATION LIST,True,185832,players,Negotiation List,Eligible,2026-09-05T13:30:37.057098,2026-09-05
204692,MTL REM UNS NEGOTIATION LIST AMER Darian MENSAH (QB) Miami,2026-01-30,2026-01-30,Darian,Mensah,QB,AMER,Miami,MTL,REM UNS NEGOTIATION LIST,True,185023,players,Eligible,Negotiation List,2026-09-05T13:30:37.057098,2026-09-05
204693,MTL ADD NEGOTIATION LIST AMER Rocky LOMBARDI (QB) Northern Illinois,2026-01-30,2026-01-30,Rocky,LOMBARDI,QB,AMER,Northern Illinois,MTL,ADD NEGOTIATION LIST,True,167728,players,Negotiation List,Eligible,2026-09-05T13:30:37.057098,2026-09-05
204694,WPG ADD NEGOTIATION LIST AMER Micah CRETSINGER (LB) Saginaw Valley State,2026-01-30,2026-01-30,Micah,Cretsinger,LB,AMER,Saginaw Valley State,WPG,ADD NEGOTIATION LIST,True,184042,players,Negotiation List,Eligible,2026-09-05T13:30:37.057098,2026-09-05
204690,HAM REM SGD NEGOTIATION LIST AMER Gregory JUNIOR (DB) Ouachita Baptist,2026-01-30,2026-01-30,Gregory,Junior,DB,AMER,Ouachita Baptist,HAM,REM SGD NEGOTIATION LIST,True,184167,players,Eligible,Negotiation List,2026-09-05T13:30:37.057098,2026-09-05
204682,"EDM REM SGD NEGOTIATION LIST AMER Ifeoluwa ""Ife"" ADEYI (WR) Sam Houston State",2026-01-29,2026-01-29,"Ifeoluwa ""Ife""",Adeyi,WR,AMER,Sam Houston State,EDM,REM SGD NEGOTIATION LIST,True,169519,players,Eligible,Negotiation List,2026-09-05T13:30:37.057098,2026-09-05
204665,SSK ADD NEGOTIATION LIST AMER Devin VOISON (WR) South Alabama,2026-01-29,2026-01-29,Devin,Voison,WR,AMER,South Alabama,SSK,ADD NEGOTIATION LIST,True,185830,players,Negotiation List,Eligible,2026-09-05T13:30:37.057098,2026-09-05
204660,CGY REM SGD NEGOTIATION LIST AMER Brandon MAINA (DL) Wofford College,2026-01-29,2026-01-29,Brandon,MAINA,DL,AMER,Wofford College,CGY,REM SGD NEGOTIATION LIST,True,185777,players,Eligible,Negotiation List,2026-09-05T13:30:37.057098,2026-09-05
204649,OTT ADD NEGOTIATION LIST AMER Divaad WILSON (DB) Central Florida,2026-01-29,2026-01-29,Divaad,Wilson,DB,AMER,Central Florida,OTT,ADD NEGOTIATION LIST,True,168270,players,Negotiation List,Eligible,2026-09-05T13:30:37.057098,2026-09-05
204650,OTT REM UNS NEGOTIATION LIST AMER Zack ANNEXSTAD (QB) Illinois State,2026-01-29,2026-01-29,Zack,Annexstad,QB,AMER,Illinois State,OTT,REM UNS NEGOTIATION LIST,True,168233,players,Eligible,Negotiation List,2026-09-05T13:30:37.057098,2026-09-05
204651,OTT ADD NEGOTIATION LIST AMER Aydan WHITE (DB) North Carolina State,2026-01-29,2026-01-29,Aydan,White,DB,AMER,North Carolina State,OTT,ADD NEGOTIATION LIST,True,185829,players,Negotiation List,Eligible,2026-09-05T13:30:37.057098,2026-09-05
204648,CGY REM UNS NEGOTIATION LIST AMER Rocky LOMBARDI (QB) Northern Illinois,2026-01-29,2026-01-29,Rocky,LOMBARDI,QB,AMER,Northern Illinois,CGY,REM UNS NEGOTIATION LIST,True,167728,players,Eligible,Negotiation List,2026-09-05T13:30:37.057098,2026-09-05
204647,OTT ADD NEGOTIATION LIST AMER Xavier GUILLORY (WR) Arizona State,2026-01-29,2026-01-29,Xavier,Guillory,WR,AMER,Arizona State,OTT,ADD NEGOTIATION LIST,True,185060,players,Negotiation List,Eligible,2026-09-05T13:30:37.057098,2026-09-05
204646,EDM ADD NEGOTIATION LIST AMER Jason MAITRE (DB) Wisconsin,2026-01-29,2026-01-29,Jason,Maitre,DB,AMER,Wisconsin,EDM,ADD NEGOTIATION LIST,True,169055,players,Negotiation List,Eligible,2026-09-05T13:30:37.057098,2026-09-05
204645,CGY REM SGD NEGOTIATION LIST AMER B.J. THOMPSON (DL) Stephen F. Austin State,2026-01-29,2026-01-29,B.J.,THOMPSON,DL,AMER,Stephen F. Austin State,CGY,REM SGD NEGOTIATION LIST,True,166574,players,Eligible,Negotiation List,2026-09-05T13:30:37.057098,2026-09-05
204642,SSK REM SGD NEGOTIATION LIST AMER Vi JONES (LB) North Carolina State,2026-01-28,2026-01-29,Vi,Jones,LB,AMER,North Carolina State,SSK,REM SGD NEGOTIATION LIST,True,168512,players,Eligible,Negotiation List,2026-09-05T13:30:37.057098,2026-09-05
204626,OTT REM SGD NEGOTIATION LIST AMER Jeremy LUCIEN (DB) Vanderbilt,2026-01-28,2026-01-28,Jeremy,Lucien,DB,AMER,Vanderbilt,OTT,REM SGD NEGOTIATION LIST,True,169391,players,Eligible,Negotiation List,2026-09-05T13:30:37.057098,2026-09-05
204625,WPG ADD NEGOTIATION LIST AMER Keveion'ta SPEARS (DL) Southern Methodist,2026-01-28,2026-01-28,Keveion'ta,Spears,DL,AMER,Southern Methodist,WPG,ADD NEGOTIATION LIST,True,185828,players,Negotiation List,Eligible,2026-09-05T13:30:37.057098,2026-09-05
204622,MTL ADD NEGOTIATION LIST AMER Kyron DRONES (QB) Virginia Tech,2026-01-28,2026-01-28,Kyron,Drones,QB,AMER,Virginia Tech,MTL,ADD NEGOTIATION LIST,True,168990,players,Negotiation List,Eligible,2026-09-05T13:30:37.057098,2026-09-05
204621,CGY REM SGD NEGOTIATION LIST AMER Tyreem POWELL (LB) Rutgers,2026-01-28,2026-01-28,Tyreem,POWELL,LB,AMER,Rutgers,CGY,REM SGD NEGOTIATION LIST,True,184957,players,Eligible,Negotiation List,2026-09-05T13:30:37.057098,2026-09-05
204620,MTL REM SGD NEGOTIATION LIST AMER Thakarius KEYES (DB) Tulane,2026-01-28,2026-01-28,Thakarius,KEYES,DB,AMER,Tulane,MTL,REM SGD NEGOTIATION LIST,True,166624,players,Eligible,Negotiation List,2026-09-05T13:30:37.057098,2026-09-05
204619,CGY REM SGD NEGOTIATION LIST AMER Rashod OWENS (WR) Oklahoma State,2026-01-28,2026-01-28,Rashod,OWENS,WR,AMER,Oklahoma State,CGY,REM SGD NEGOTIATION LIST,True,184767,players,Eligible,Negotiation List,2026-09-05T13:30:37.057098,2026-09-05
204609,MTL ADD NEGOTIATION LIST AMER Kristian WILKERSON (WR) Southeast Missouri State,2026-01-27,2026-01-27,Kristian,WILKERSON,WR,AMER,Southeast Missouri State,MTL,ADD NEGOTIATION LIST,True,165714,players,Negotiation List,Eligible,2026-09-05T13:30:37.057098,2026-09-05
204608,MTL REM UNS NEGOTIATION LIST AMER Daviyon NIXON (DL) Iowa,2026-01-27,2026-01-27,Daviyon,NIXON,DL,AMER,Iowa,MTL,REM UNS NEGOTIATION LIST,True,167713,players,Eligible,Negotiation List,2026-09-05T13:30:37.057098,2026-09-05
204606,CGY ADD NEGOTIATION LIST AMER Ben FINLEY (QB) Akron,2026-01-27,2026-01-27,Ben,Finley,QB,AMER,Akron,CGY,ADD NEGOTIATION LIST,True,185827,players,Negotiation List,Eligible,2026-09-05T13:30:37.057098,2026-09-05
204605,OTT REM SGD NEGOTIATION LIST AMER Josh PEARCY (DL) Rice,2026-01-27,2026-01-27,Josh,Pearcy,DL,AMER,Rice,OTT,REM SGD NEGOTIATION LIST,True,169374,players,Eligible,Negotiation List,2026-09-05T13:30:37.057098,2026-09-05
204603,EDM REM SGD NEGOTIATION LIST AMER Kisean JOHNSON (WR) Western Kentucky,2026-01-27,2026-01-27,Kisean,Johnson,WR,AMER,Western Kentucky,EDM,REM SGD NEGOTIATION LIST,True,185787,players,Eligible,Negotiation List,2026-09-05T13:30:37.057098,2026-09-05
204598,HAM ADD NEGOTIATION LIST AMER Brandon WALTON (OL) Florida Atlantic,2026-01-27,2026-01-27,Brandon,WALTON,OL,AMER,Florida Atlantic,HAM,ADD NEGOTIATION LIST,True,165880,players,Negotiation List,Eligible,2026-09-05T13:30:37.057098,2026-09-05
204595,TOR REM UNS NEGOTIATION LIST AMER Marcel REED (QB) Texas A&M,2026-01-27,2026-01-27,Marcel,Reed,QB,AMER,Texas A&M,TOR,REM UNS NEGOTIATION LIST,True,169176,players,Eligible,Negotiation List,2026-09-05T13:30:37.057098,2026-09-05
204596,TOR ADD NEGOTIATION LIST AMER Luis PEREZ (QB) Texas A&M Commerce,2026-01-27,2026-01-27,Luis,PEREZ,QB,AMER,Texas A&M Commerce,TOR,ADD NEGOTIATION LIST,True,163735,players,Negotiation List,Eligible,2026-09-05T13:30:37.057098,2026-09-05
204593,HAM REM UNS NEGOTIATION LIST AMER Isaac UKWU (DL) Mississippi,2026-01-27,2026-01-27,Isaac,Ukwu,DL,AMER,Mississippi,HAM,REM UNS NEGOTIATION LIST,True,184927,players,Eligible,Negotiation List,2026-09-05T13:30:37.057098,2026-09-05
204594,HAM ADD NEGOTIATION LIST AMER Kyrese ROWAN (WR) Utah State,2026-01-27,2026-01-27,Kyrese,Rowan,WR,AMER,Utah State,HAM,ADD NEGOTIATION LIST,True,184896,players,Negotiation List,Eligible,2026-09-05T13:30:37.057098,2026-09-05
204592,HAM REM SGD NEGOTIATION LIST AMER Shane WATTS (RB) Fort Hays State,2026-01-27,2026-01-27,Shane,Watts,RB,AMER,Fort Hays State,HAM,REM SGD NEGOTIATION LIST,True,169554,players,Eligible,Negotiation List,2026-09-05T13:30:37.057098,2026-09-05
204589,MTL ADD NEGOTIATION LIST AMER Thakarius KEYES (DB) Tulane,2026-01-26,2026-01-26,Thakarius,KEYES,DB,AMER,Tulane,MTL,ADD NEGOTIATION LIST,True,166624,players,Negotiation List,Eligible,2026-09-05T13:30:37.057098,2026-09-05
204588,MTL REM UNS NEGOTIATION LIST AMER Gottlieb AYEDZE (OL) Maryland,2026-01-26,2026-01-26,Gottlieb,Ayedze,OL,AMER,Maryland,MTL,REM UNS NEGOTIATION LIST,True,168556,players,Eligible,Negotiation List,2026-09-05T13:30:37.057098,2026-09-05
204587,OTT ADD NEGOTIATION LIST AMER Max TOOLEY (LB) Brigham Young,2026-01-26,2026-01-26,Max,Tooley,LB,AMER,Brigham Young,OTT,ADD NEGOTIATION LIST,True,169162,players,Negotiation List,Eligible,2026-09-05T13:30:37.057098,2026-09-05
204578,BC REM UNS NEGOTIATION LIST AMER Mark GILBERT (DB) Duke,2026-01-26,2026-01-26,Mark,GILBERT,DB,AMER,Duke,BC,REM UNS NEGOTIATION LIST,True,167676,players,Eligible,Negotiation List,2026-09-05T13:30:37.057098,2026-09-05
204579,BC ADD NEGOTIATION LIST AMER AJ PENA (DL) Rhode Island,2026-01-26,2026-01-26,AJ,Pena,DL,AMER,Rhode Island,BC,ADD NEGOTIATION LIST,True,185826,players,Negotiation List,Eligible,2026-09-05T13:30:37.057098,2026-09-05
204577,BC ADD NEGOTIATION LIST AMER Xavier SMITH (WR) Florida A&M,2026-01-26,2026-01-26,Xavier,SMITH,WR,AMER,Florida A&M,BC,ADD NEGOTIATION LIST,True,167547,players,Negotiation List,Eligible,2026-09-05T13:30:37.057098,2026-09-05
204576,BC ADD NEGOTIATION LIST AMER Harrison HAND (DB) Temple,2026-01-26,2026-01-26,Harrison,Hand,DB,AMER,Temple,BC,ADD NEGOTIATION LIST,True,185825,players,Negotiation List,Eligible,2026-09-05T13:30:37.057098,2026-09-05
204575,BC ADD NEGOTIATION LIST AMER Jackie JOHNSON III (DL) Hawaii,2026-01-26,2026-01-26,Jackie,Johnson III,DL,AMER,Hawaii,BC,ADD NEGOTIATION LIST,True,184946,players,Negotiation List,Eligible,2026-09-05T13:30:37.057098,2026-09-05
204574,BC REM SGD NEGOTIATION LIST AMER Corey FLAGG JR. (LB) Missouri,2026-01-26,2026-01-26,Corey,FLAGG JR.,LB,AMER,Missouri,BC,REM SGD NEGOTIATION LIST,True,169303,players,Eligible,Negotiation List,2026-09-05T13:30:37.057098,2026-09-05
204573,BC REM SGD NEGOTIATION LIST AMER Tony JONES JR. (RB) Notre Dame,2026-01-26,2026-01-26,Tony,JONES JR.,RB,AMER,Notre Dame,BC,REM SGD NEGOTIATION LIST,True,166464,players,Eligible,Negotiation List,2026-09-05T13:30:37.057098,2026-09-05
204572,BC REM SGD NEGOTIATION LIST AMER Joshua PICKETT (DB) Duke,2026-01-26,2026-01-26,Joshua,PICKETT,DB,AMER,Duke,BC,REM SGD NEGOTIATION LIST,True,185147,players,Eligible,Negotiation List,2026-09-05T13:30:37.057098,2026-09-05
204564,HAM ADD NEGOTIATION LIST AMER Quincy LIKIO (DL) San Jose State,2026-01-26,2026-01-26,Quincy,Likio,DL,AMER,San Jose State,HAM,ADD NEGOTIATION LIST,True,185824,players,Negotiation List,Eligible,2026-09-05T13:30:37.057098,2026-09-05
204559,SSK REM UNS NEGOTIATION LIST AMER Mitchell AGUDE (DL) Miami,2026-01-26,2026-01-26,Mitchell,Agude,DL,AMER,Miami,SSK,REM UNS NEGOTIATION LIST,True,168266,players,Eligible,Negotiation List,2026-09-05T13:30:37.057098,2026-09-05
204557,SSK ADD NEGOTIATION LIST AMER Power ECHOLS (LB) North Carolina,2026-01-26,2026-01-26,Power,Echols,LB,AMER,North Carolina,SSK,ADD NEGOTIATION LIST,True,184858,players,Negotiation List,Eligible,2026-09-05T13:30:37.057098,2026-09-05
204548,WPG REM UNS NEGOTIATION LIST AMER Sincere HAYNESWORTH (OL) Tulane,2026-01-26,2026-01-26,Sincere,Haynesworth,OL,AMER,Tulane,WPG,REM UNS NEGOTIATION LIST,True,185783,players,Eligible,Negotiation List,2026-09-05T13:30:37.057098,2026-09-05
204549,WPG ADD NEGOTIATION LIST AMER Michael LUNZ (DL) South Carolina State,2026-01-26,2026-01-26,Michael,Lunz,DL,AMER,South Carolina State,WPG,ADD NEGOTIATION LIST,True,185822,players,Negotiation List,Eligible,2026-09-05T13:30:37.057098,2026-09-05
204545,HAM REM UNS NEGOTIATION LIST AMER Kaleb PROCTOR (DL) Southeastern Louisiana,2026-01-26,2026-01-26,Kaleb,Proctor,DL,AMER,Southeastern Louisiana,HAM,REM UNS NEGOTIATION LIST,True,185813,players,Eligible,Negotiation List,2026-09-05T13:30:37.057098,2026-09-05
204546,HAM ADD NEGOTIATION LIST AMER James ROBINSON (RB) Illinois State,2026-01-26,2026-01-26,James,Robinson,RB,AMER,Illinois State,HAM,ADD NEGOTIATION LIST,True,185821,players,Negotiation List,Eligible,2026-09-05T13:30:37.057098,2026-09-05
204547,SSK ADD NEGOTIATION LIST AMER Peny BOONE (RB) Central Florida,2026-01-26,2026-01-26,Peny,Boone,RB,AMER,Central Florida,SSK,ADD NEGOTIATION LIST,True,169171,players,Negotiation List,Eligible,2026-09-05T13:30:37.057098,2026-09-05
204544,MTL REM UNS NEGOTIATION LIST AMER Luis PEREZ (QB) Texas A&M Commerce,2026-01-26,2026-01-26,Luis,PEREZ,QB,AMER,Texas A&M Commerce,MTL,REM UNS NEGOTIATION LIST,True,163735,players,Eligible,Negotiation List,2026-09-05T13:30:37.057098,2026-09-05
204543,SSK ADD NEGOTIATION LIST AMER Justin OSBORNE (OL) Southern Methodist,2026-01-26,2026-01-26,Justin,Osborne,OL,AMER,Southern Methodist,SSK,ADD NEGOTIATION LIST,True,184268,players,Negotiation List,Eligible,2026-09-05T13:30:37.057098,2026-09-05
204541,HAM ADD NEGOTIATION LIST AMER Xavier MALONE (WR) Henderson State,2026-01-26,2026-01-26,Xavier,MALONE,WR,AMER,Henderson State,HAM,ADD NEGOTIATION LIST,True,167838,players,Negotiation List,Eligible,2026-09-05T13:30:37.057098,2026-09-05
204542,SSK REM UNS NEGOTIATION LIST AMER Tyrese ROBINSON (OL) Oklahoma,2026-01-26,2026-01-26,Tyrese,Robinson,OL,AMER,Oklahoma,SSK,REM UNS NEGOTIATION LIST,True,168238,players,Eligible,Negotiation List,2026-09-05T13:30:37.057098,2026-09-05
204539,MTL ADD NEGOTIATION LIST AMER Mason REIGER (DL) Wisconsin,2026-01-26,2026-01-26,Mason,Reiger,DL,AMER,Wisconsin,MTL,ADD NEGOTIATION LIST,True,185820,players,Negotiation List,Eligible,2026-09-05T13:30:37.057098,2026-09-05
204540,HAM REM UNS NEGOTIATION LIST AMER Jahvaree RITZIE (DL) North Carolina,2026-01-26,2026-01-26,Jahvaree,Ritzie,DL,AMER,North Carolina,HAM,REM UNS NEGOTIATION LIST,True,185049,players,Eligible,Negotiation List,2026-09-05T13:30:37.057098,2026-09-05
204537,WPG REM SGD NEGOTIATION LIST AMER Micah MAZZCCUA (OL) Nebraska,2026-01-26,2026-01-26,Micah,Mazzccua,OL,AMER,Nebraska,WPG,REM SGD NEGOTIATION LIST,True,169606,players,Eligible,Negotiation List,2026-09-05T13:30:37.057098,2026-09-05
204536,HAM REM SGD NEGOTIATION LIST AMER Larry ROUNTREE (RB) Missouri,2026-01-26,2026-01-26,Larry,Rountree,RB,AMER,Missouri,HAM,REM SGD NEGOTIATION LIST,True,168377,players,Eligible,Negotiation List,2026-09-05T13:30:37.057098,2026-09-05
204535,CGY REM SGD NEGOTIATION LIST AMER Tre'Mon MORRIS-BRASH (DL) Central Florida,2026-01-26,2026-01-26,Tre'Mon,MORRIS-BRASH,DL,AMER,Central Florida,CGY,REM SGD NEGOTIATION LIST,True,184892,players,Eligible,Negotiation List,2026-09-05T13:30:37.057098,2026-09-05
204534,CGY REM SGD NEGOTIATION LIST AMER Kam ALEXANDER (DB) Oregon,2026-01-26,2026-01-26,Kam,Alexander,DB,AMER,Oregon,CGY,REM SGD NEGOTIATION LIST,True,169569,players,Eligible,Negotiation List,2026-09-05T13:30:37.057098,2026-09-05
204533,WPG REM SGD NEGOTIATION LIST AMER Brandon BOUYER-RANDLE (LB) Connecticut,2026-01-26,2026-01-26,Brandon,Bouyer-Randle,LB,AMER,Connecticut,WPG,REM SGD NEGOTIATION LIST,True,168882,players,Eligible,Negotiation List,2026-09-05T13:30:37.057098,2026-09-05
204532,OTT REM SGD NEGOTIATION LIST AMER Anton JUNCAJ (DL) Arkansas,2026-01-26,2026-01-26,Anton,Juncaj,DL,AMER,Arkansas,OTT,REM SGD NEGOTIATION LIST,True,168361,players,Eligible,Negotiation List,2026-09-05T13:30:37.057098,2026-09-05
204527,SSK REM SGD NEGOTIATION LIST AMER Jordan MCCLOUD (QB) James Madison,2026-01-26,2026-01-26,Jordan,MCCLOUD,QB,AMER,James Madison,SSK,REM SGD NEGOTIATION LIST,True,166029,players,Eligible,Negotiation List,2026-09-05T13:30:37.057098,2026-09-05
204526,SSK REM SGD NEGOTIATION LIST AMER Justin WEAVER (DL) Kentucky,2026-01-26,2026-01-26,Justin,Weaver,DL,AMER,Kentucky,SSK,REM SGD NEGOTIATION LIST,True,169616,players,Eligible,Negotiation List,2026-09-05T13:30:37.057098,2026-09-05
204525,CGY REM SGD NEGOTIATION LIST AMER Kay’Ron LYNCH-ADAMS (RB) Michigan State,2026-01-26,2026-01-26,Kay’Ron,LYNCH-ADAMS,RB,AMER,Michigan State,CGY,REM SGD NEGOTIATION LIST,True,185779,players,Eligible,Negotiation List,2026-09-05T13:30:37.057098,2026-09-05
204503,MTL REM UNS NEGOTIATION LIST AMER David PERALES (DL) Fresno State,2026-01-24,2026-01-24,David,PERALES,DL,AMER,Fresno State,MTL,REM UNS NEGOTIATION LIST,True,167639,players,Eligible,Negotiation List,2026-09-05T13:30:37.057098,2026-09-05
204500,BC ADD NEGOTIATION LIST AMER Marc STAMPLEY II (DB) Houston,2026-01-23,2026-01-23,Marc,Stampley II,DB,AMER,Houston,BC,ADD NEGOTIATION LIST,True,185817,players,Negotiation List,Eligible,2026-09-05T13:30:37.057098,2026-09-05
204498,BC REM UNS NEGOTIATION LIST AMER Drew DECK (WR) Montana,2026-01-23,2026-01-23,Drew,Deck,WR,AMER,Montana,BC,REM UNS NEGOTIATION LIST,True,185086,players,Eligible,Negotiation List,2026-09-05T13:30:37.057098,2026-09-05
204497,MTL ADD NEGOTIATION LIST AMER Darrian DALCOURT (OL) Alabama,2026-01-23,2026-01-23,Darrian,Dalcourt,OL,AMER,Alabama,MTL,ADD NEGOTIATION LIST,True,185816,players,Negotiation List,Eligible,2026-09-05T13:30:37.057098,2026-09-05
204496,MTL REM UNS NEGOTIATION LIST AMER Dez FITZPATRICK (WR) Louisville,2026-01-23,2026-01-23,Dez,Fitzpatrick,WR,AMER,Louisville,MTL,REM UNS NEGOTIATION LIST,True,185093,players,Eligible,Negotiation List,2026-09-05T13:30:37.057098,2026-09-05
204494,MTL ADD NEGOTIATION LIST AMER Kadeem TELFORT (OL) Alabama Birmingham,2026-01-23,2026-01-23,Kadeem,Telfort,OL,AMER,Alabama Birmingham,MTL,ADD NEGOTIATION LIST,True,168932,players,Negotiation List,Eligible,2026-09-05T13:30:37.057098,2026-09-05
204495,MTL ADD NEGOTIATION LIST AMER Gottlieb AYEDZE (OL) Maryland,2026-01-23,2026-01-23,Gottlieb,Ayedze,OL,AMER,Maryland,MTL,ADD NEGOTIATION LIST,True,168556,players,Negotiation List,Eligible,2026-09-05T13:30:37.057098,2026-09-05
204488,WPG ADD NEGOTIATION LIST AMER James THOMPSON JR (DL) Illinois,2026-01-23,2026-01-23,James,Thompson Jr,DL,AMER,Illinois,WPG,ADD NEGOTIATION LIST,True,185815,players,Negotiation List,Eligible,2026-09-05T13:30:37.057098,2026-09-05
204486,EDM REM UNS NEGOTIATION LIST AMER Lance DIXON (LB) Toledo,2026-01-23,2026-01-23,Lance,Dixon,LB,AMER,Toledo,EDM,REM UNS NEGOTIATION LIST,True,169322,players,Eligible,Negotiation List,2026-09-05T13:30:37.057098,2026-09-05
204487,EDM ADD NEGOTIATION LIST AMER Joe COOPER (OL) Slippery Rock,2026-01-23,2026-01-23,Joe,Cooper,OL,AMER,Slippery Rock,EDM,ADD NEGOTIATION LIST,True,185814,players,Negotiation List,Eligible,2026-09-05T13:30:37.057098,2026-09-05
204483,WPG ADD NEGOTIATION LIST AMER Casey ROGERS (DL) Oregon,2026-01-23,2026-01-23,Casey,Rogers,DL,AMER,Oregon,WPG,ADD NEGOTIATION LIST,True,184919,players,Negotiation List,Eligible,2026-09-05T13:30:37.057098,2026-09-05
204484,TOR REM UNS NEGOTIATION LIST AMER Brendan RICE (WR) Southern California,2026-01-23,2026-01-23,Brendan,Rice,WR,AMER,Southern California,TOR,REM UNS NEGOTIATION LIST,True,184961,players,Eligible,Negotiation List,2026-09-05T13:30:37.057098,2026-09-05
204485,TOR ADD NEGOTIATION LIST AMER Quindarious MONDAY (DB) Auburn,2026-01-23,2026-01-23,Quindarious,Monday,DB,AMER,Auburn,TOR,ADD NEGOTIATION LIST,True,168236,players,Negotiation List,Eligible,2026-09-05T13:30:37.057098,2026-09-05
204481,MTL ADD NEGOTIATION LIST AMER Athan KALIAKMANIS (QB) Rutgers,2026-01-23,2026-01-23,Athan,Kaliakmanis,QB,AMER,Rutgers,MTL,ADD NEGOTIATION LIST,True,185812,players,Negotiation List,Eligible,2026-09-05T13:30:37.057098,2026-09-05
204482,HAM ADD NEGOTIATION LIST AMER Kaleb PROCTOR (DL) Southeastern Louisiana,2026-01-23,2026-01-23,Kaleb,Proctor,DL,AMER,Southeastern Louisiana,HAM,ADD NEGOTIATION LIST,True,185813,players,Negotiation List,Eligible,2026-09-05T13:30:37.057098,2026-09-05
204480,CGY REM SGD NEGOTIATION LIST AMER Millard BRADFORD (DB) Texas Christian,2026-01-23,2026-01-23,Millard,Bradford,DB,AMER,Texas Christian,CGY,REM SGD NEGOTIATION LIST,True,184269,players,Eligible,Negotiation List,2026-09-05T13:30:37.057098,2026-09-05
204473,BC ADD NEGOTIATION LIST AMER Racey MCMATH (WR) Louisiana State,2026-01-23,2026-01-23,Racey,McMath,WR,AMER,Louisiana State,BC,ADD NEGOTIATION LIST,True,169136,players,Negotiation List,Eligible,2026-09-05T13:30:37.057098,2026-09-05
204472,BC REM UNS NEGOTIATION LIST AMER Russell DANDY (DB) Eastern Illinois,2026-01-23,2026-01-23,Russell,DANDY,DB,AMER,Eastern Illinois,BC,REM UNS NEGOTIATION LIST,True,168515,players,Eligible,Negotiation List,2026-09-05T13:30:37.057098,2026-09-05
204479,HAM REM SGD NEGOTIATION LIST AMER Jerjuan NEWTON (WR) Toledo,2026-01-23,2026-01-23,Jerjuan,Newton,WR,AMER,Toledo,HAM,REM SGD NEGOTIATION LIST,True,184879,players,Eligible,Negotiation List,2026-09-05T13:30:37.057098,2026-09-05
204465,HAM ADD NEGOTIATION LIST AMER Deslin ALEXANDRE (DL) Pittsburgh,2026-01-22,2026-01-22,Deslin,ALEXANDRE,DL,AMER,Pittsburgh,HAM,ADD NEGOTIATION LIST,True,167862,players,Negotiation List,Eligible,2026-09-05T13:30:37.057098,2026-09-05
204463,EDM REM UNS NEGOTIATION LIST AMER Lonnie PHELPS (DL) Kansas,2026-01-22,2026-01-22,Lonnie,Phelps,DL,AMER,Kansas,EDM,REM UNS NEGOTIATION LIST,True,168220,players,Eligible,Negotiation List,2026-09-05T13:30:37.057098,2026-09-05
204464,EDM ADD NEGOTIATION LIST AMER Ike BROWN (DB) Florida International,2026-01-22,2026-01-22,Ike,BROWN,DB,AMER,Florida International,EDM,ADD NEGOTIATION LIST,True,166356,players,Negotiation List,Eligible,2026-09-05T13:30:37.057098,2026-09-05
204462,SSK ADD NEGOTIATION LIST AMER Darrell HENDERSON JR (RB) Memphis,2026-01-22,2026-01-22,Darrell,Henderson Jr,RB,AMER,Memphis,SSK,ADD NEGOTIATION LIST,True,185811,players,Negotiation List,Eligible,2026-09-05T13:30:37.057098,2026-09-05
204461,SSK REM UNS NEGOTIATION LIST AMER Tuasivi NOMURA (LB) Fresno State,2026-01-22,2026-01-22,Tuasivi,Nomura,LB,AMER,Fresno State,SSK,REM UNS NEGOTIATION LIST,True,184959,players,Eligible,Negotiation List,2026-09-05T13:30:37.057098,2026-09-05
204460,WPG REM SGD NEGOTIATION LIST AMER Shyheim BATTLE (DB) North Carolina State,2026-01-22,2026-01-22,Shyheim,Battle,DB,AMER,North Carolina State,WPG,REM SGD NEGOTIATION LIST,True,168926,players,Eligible,Negotiation List,2026-09-05T13:30:37.057098,2026-09-05
204459,WPG REM SGD NEGOTIATION LIST AMER Khris BOGLE (DL) Michigan State,2026-01-22,2026-01-22,Khris,Bogle,DL,AMER,Michigan State,WPG,REM SGD NEGOTIATION LIST,True,184094,players,Eligible,Negotiation List,2026-09-05T13:30:37.057098,2026-09-05
204456,BC ADD NEGOTIATION LIST AMER Russell DANDY (DB) Eastern Illinois,2026-01-22,2026-01-22,Russell,DANDY,DB,AMER,Eastern Illinois,BC,ADD NEGOTIATION LIST,True,168515,players,Negotiation List,Eligible,2026-09-05T13:30:37.057098,2026-09-05
204455,BC REM UNS NEGOTIATION LIST AMER Racey MCMATH (WR) Louisiana State,2026-01-22,2026-01-22,Racey,McMath,WR,AMER,Louisiana State,BC,REM UNS NEGOTIATION LIST,True,169136,players,Eligible,Negotiation List,2026-09-05T13:30:37.057098,2026-09-05
204454,WPG ADD NEGOTIATION LIST AMER Brady BOYD (WR) Utah State,2026-01-22,2026-01-22,Brady,Boyd,WR,AMER,Utah State,WPG,ADD NEGOTIATION LIST,True,185810,players,Negotiation List,Eligible,2026-09-05T13:30:37.057098,2026-09-05
204453,WPG ADD NEGOTIATION LIST AMER Jamoi MAYES (WR) Cincinnati,2026-01-22,2026-01-22,Jamoi,Mayes,WR,AMER,Cincinnati,WPG,ADD NEGOTIATION LIST,True,185809,players,Negotiation List,Eligible,2026-09-05T13:30:37.057098,2026-09-05
204450,SSK REM SGD NEGOTIATION LIST AMER Marcus HAYNES (DL) Old Dominion,2026-01-22,2026-01-22,Marcus,HAYNES,DL,AMER,Old Dominion,SSK,REM SGD NEGOTIATION LIST,True,167557,players,Eligible,Negotiation List,2026-09-05T13:30:37.057098,2026-09-05
204451,SSK ADD NEGOTIATION LIST AMER Quincy IVORY (DL) Jackson State,2026-01-22,2026-01-22,Quincy,Ivory,DL,AMER,Jackson State,SSK,ADD NEGOTIATION LIST,True,185807,players,Negotiation List,Eligible,2026-09-05T13:30:37.057098,2026-09-05
204448,OTT REM UNS NEGOTIATION LIST AMER RJ OBEN (DL) Notre Dame,2026-01-22,2026-01-22,RJ,Oben,DL,AMER,Notre Dame,OTT,REM UNS NEGOTIATION LIST,True,184170,players,Eligible,Negotiation List,2026-09-05T13:30:37.057098,2026-09-05
204449,OTT ADD NEGOTIATION LIST AMER Mathew SEXTON (WR) Eastern Michigan,2026-01-22,2026-01-22,Mathew,SEXTON,WR,AMER,Eastern Michigan,OTT,ADD NEGOTIATION LIST,True,166504,players,Negotiation List,Eligible,2026-09-05T13:30:37.057098,2026-09-05
204446,WPG REM SGD NEGOTIATION LIST AMER Warren BURRELL (DB) Georgia Tech,2026-01-21,2026-01-21,Warren,Burrell,DB,AMER,Georgia Tech,WPG,REM SGD NEGOTIATION LIST,True,185785,players,Eligible,Negotiation List,2026-09-05T13:30:37.057098,2026-09-05
204445,WPG REM SGD NEGOTIATION LIST AMER Warren PEEPLES (DL) Southeastern Louisiana,2026-01-21,2026-01-21,Warren,Peeples,DL,AMER,Southeastern Louisiana,WPG,REM SGD NEGOTIATION LIST,True,169295,players,Eligible,Negotiation List,2026-09-05T13:30:37.057098,2026-09-05
204444,MTL REM SGD NEGOTIATION LIST AMER Bryce GANIOUS (DL) Wake Forest,2026-01-21,2026-01-21,Bryce,Ganious,DL,AMER,Wake Forest,MTL,REM SGD NEGOTIATION LIST,True,184844,players,Eligible,Negotiation List,2026-09-05T13:30:37.057098,2026-09-05
204436,OTT REM UNS NEGOTIATION LIST AMER Gunner BRITTON (OL) Auburn,2026-01-21,2026-01-21,Gunner,Britton,OL,AMER,Auburn,OTT,REM UNS NEGOTIATION LIST,True,169030,players,Eligible,Negotiation List,2026-09-05T13:30:37.057098,2026-09-05
204437,OTT ADD NEGOTIATION LIST AMER Sincere MCCORMICK (RB) Texas at San Antonio,2026-01-21,2026-01-21,Sincere,McCormick,RB,AMER,Texas at San Antonio,OTT,ADD NEGOTIATION LIST,True,185774,players,Negotiation List,Eligible,2026-09-05T13:30:37.057098,2026-09-05
204438,OTT REM UNS NEGOTIATION LIST AMER Maxen HOOK (DB) Toledo,2026-01-21,2026-01-21,Maxen,Hook,DB,AMER,Toledo,OTT,REM UNS NEGOTIATION LIST,True,184908,players,Eligible,Negotiation List,2026-09-05T13:30:37.057098,2026-09-05
204439,OTT ADD NEGOTIATION LIST AMER Malik HAMM (DL) Lafayette College,2026-01-21,2026-01-21,Malik,HAMM,DL,AMER,Lafayette College,OTT,ADD NEGOTIATION LIST,True,167405,players,Negotiation List,Eligible,2026-09-05T13:30:37.057098,2026-09-05
204440,OTT REM UNS NEGOTIATION LIST AMER Dominique HAMPTON (LB) Washington,2026-01-21,2026-01-21,Dominique,Hampton,LB,AMER,Washington,OTT,REM UNS NEGOTIATION LIST,True,184925,players,Eligible,Negotiation List,2026-09-05T13:30:37.057098,2026-09-05
204441,OTT ADD NEGOTIATION LIST AMER Mark ROBINSON (LB) Mississippi,2026-01-21,2026-01-21,Mark,ROBINSON,LB,AMER,Mississippi,OTT,ADD NEGOTIATION LIST,True,166677,players,Negotiation List,Eligible,2026-09-05T13:30:37.057098,2026-09-05
204442,OTT REM UNS NEGOTIATION LIST AMER Braeden DANIELS (OL) Utah,2026-01-21,2026-01-21,Braeden,Daniels,OL,AMER,Utah,OTT,REM UNS NEGOTIATION LIST,True,169199,players,Eligible,Negotiation List,2026-09-05T13:30:37.057098,2026-09-05
204443,OTT ADD NEGOTIATION LIST AMER Ja'Quan SHEPPARD (DB) Maryland,2026-01-21,2026-01-21,Ja'Quan,Sheppard,DB,AMER,Maryland,OTT,ADD NEGOTIATION LIST,True,169119,players,Negotiation List,Eligible,2026-09-05T13:30:37.057098,2026-09-05
204432,MTL ADD NEGOTIATION LIST AMER Darrynton EVANS (RB) Appalachian State,2026-01-21,2026-01-21,Darrynton,Evans,RB,AMER,Appalachian State,MTL,ADD NEGOTIATION LIST,True,168264,players,Negotiation List,Eligible,2026-09-05T13:30:37.057098,2026-09-05
204428,SSK ADD NEGOTIATION LIST AMER Cornell POWELL (WR) Clemson,2026-01-21,2026-01-21,Cornell,POWELL,WR,AMER,Clemson,SSK,ADD NEGOTIATION LIST,True,167302,players,Negotiation List,Eligible,2026-09-05T13:30:37.057098,2026-09-05
204427,SSK REM UNS NEGOTIATION LIST AMER Bobby PRICE (DB) Norfolk State,2026-01-21,2026-01-21,Bobby,Price,DB,AMER,Norfolk State,SSK,REM UNS NEGOTIATION LIST,True,185115,players,Eligible,Negotiation List,2026-09-05T13:30:37.057098,2026-09-05
204425,SSK REM UNS NEGOTIATION LIST AMER Doneiko SLAUGHTER (DB) Arkansas,2026-01-21,2026-01-21,Doneiko,Slaughter,DB,AMER,Arkansas,SSK,REM UNS NEGOTIATION LIST,True,185094,players,Eligible,Negotiation List,2026-09-05T13:30:37.057098,2026-09-05
204426,SSK ADD NEGOTIATION LIST AMER JuJu HUGHES (DB) Fresno State,2026-01-21,2026-01-21,JuJu,Hughes,DB,AMER,Fresno State,SSK,ADD NEGOTIATION LIST,True,168554,players,Negotiation List,Eligible,2026-09-05T13:30:37.057098,2026-09-05
204423,TOR REM UNS NEGOTIATION LIST AMER Kyron DRONES (QB) Virginia Tech,2026-01-21,2026-01-21,Kyron,Drones,QB,AMER,Virginia Tech,TOR,REM UNS NEGOTIATION LIST,True,168990,players,Eligible,Negotiation List,2026-09-05T13:30:37.057098,2026-09-05
204424,TOR ADD NEGOTIATION LIST AMER Anthony GUERCIO (QB) Clarion,2026-01-21,2026-01-21,Anthony,Guercio,QB,AMER,Clarion,TOR,ADD NEGOTIATION LIST,True,185806,players,Negotiation List,Eligible,2026-09-05T13:30:37.057098,2026-09-05
204421,BC REM UNS NEGOTIATION LIST AMER Essang BASSEY (DB) Wake Forest,2026-01-20,2026-01-20,Essang,Bassey,DB,AMER,Wake Forest,BC,REM UNS NEGOTIATION LIST,True,185776,players,Eligible,Negotiation List,2026-09-05T13:30:37.057098,2026-09-05
204420,BC ADD NEGOTIATION LIST AMER Lardarius WEBB JR. (DB) Wake Forest,2026-01-20,2026-01-20,Lardarius,Webb Jr.,DB,AMER,Wake Forest,BC,ADD NEGOTIATION LIST,True,185805,players,Negotiation List,Eligible,2026-09-05T13:30:37.057098,2026-09-05
204418,MTL REM SGD NEGOTIATION LIST AMER Trey JONES III (DB) Texas A&M,2026-01-20,2026-01-20,Trey,Jones III,DB,AMER,Texas A&M,MTL,REM SGD NEGOTIATION LIST,True,184125,players,Eligible,Negotiation List,2026-09-05T13:30:37.057098,2026-09-05
204417,WPG REM SGD NEGOTIATION LIST AMER Key'Shawn SMITH (WR) Southern Methodist,2026-01-20,2026-01-20,Key'Shawn,Smith,WR,AMER,Southern Methodist,WPG,REM SGD NEGOTIATION LIST,True,184092,players,Eligible,Negotiation List,2026-09-05T13:30:37.057098,2026-09-05
204413,TOR ADD NEGOTIATION LIST AMER Rara THOMAS (WR) Troy,2026-01-20,2026-01-20,Rara,Thomas,WR,AMER,Troy,TOR,ADD NEGOTIATION LIST,True,185794,players,Negotiation List,Eligible,2026-09-05T13:30:37.057098,2026-09-05
204412,TOR REM UNS NEGOTIATION LIST AMER Dwight MCGLOTHERN (DB) Arkansas,2026-01-20,2026-01-20,Dwight,McGlothern,DB,AMER,Arkansas,TOR,REM UNS NEGOTIATION LIST,True,185054,players,Eligible,Negotiation List,2026-09-05T13:30:37.057098,2026-09-05
204410,TOR REM UNS NEGOTIATION LIST AMER Damien MARTINEZ (RB) Miami,2026-01-20,2026-01-20,Damien,Martinez,RB,AMER,Miami,TOR,REM UNS NEGOTIATION LIST,True,185034,players,Eligible,Negotiation List,2026-09-05T13:30:37.057098,2026-09-05
204411,TOR ADD NEGOTIATION LIST AMER Jamal HAYNES (RB) Georgia Tech,2026-01-20,2026-01-20,Jamal,Haynes,RB,AMER,Georgia Tech,TOR,ADD NEGOTIATION LIST,True,185804,players,Negotiation List,Eligible,2026-09-05T13:30:37.057098,2026-09-05
204409,WPG ADD NEGOTIATION LIST AMER Brandon BOUYER-RANDLE (LB) Connecticut,2026-01-20,2026-01-20,Brandon,Bouyer-Randle,LB,AMER,Connecticut,WPG,ADD NEGOTIATION LIST,True,168882,players,Negotiation List,Eligible,2026-09-05T13:30:37.057098,2026-09-05
204407,HAM REM SGD NEGOTIATION LIST AMER Kaleb HAYES (DB) Brigham Young,2026-01-20,2026-01-20,Kaleb,Hayes,DB,AMER,Brigham Young,HAM,REM SGD NEGOTIATION LIST,True,168215,players,Eligible,Negotiation List,2026-09-05T13:30:37.057098,2026-09-05
204403,EDM ADD NEGOTIATION LIST AMER Michael DOWELL (DB) Miami of Ohio,2026-01-20,2026-01-20,Michael,Dowell,DB,AMER,Miami of Ohio,EDM,ADD NEGOTIATION LIST,True,169038,players,Negotiation List,Eligible,2026-09-05T13:30:37.057098,2026-09-05
204404,TOR REM UNS NEGOTIATION LIST AMER MJ DEVONSHIRE (DB) Pittsburgh,2026-01-20,2026-01-20,MJ,Devonshire,DB,AMER,Pittsburgh,TOR,REM UNS NEGOTIATION LIST,True,185117,players,Eligible,Negotiation List,2026-09-05T13:30:37.057098,2026-09-05
204405,TOR ADD NEGOTIATION LIST AMER Ayden GARNES (DB) Arizona,2026-01-20,2026-01-20,Ayden,Garnes,DB,AMER,Arizona,TOR,ADD NEGOTIATION LIST,True,185803,players,Negotiation List,Eligible,2026-09-05T13:30:37.057098,2026-09-05
204406,HAM ADD NEGOTIATION LIST AMER Jacolby GEORGE (WR) Miami,2026-01-20,2026-01-20,Jacolby,George,WR,AMER,Miami,HAM,ADD NEGOTIATION LIST,True,184932,players,Negotiation List,Eligible,2026-09-05T13:30:37.057098,2026-09-05
204401,HAM REM SGD NEGOTIATION LIST AMER Brian UGWU (DL) Miami of Ohio,2026-01-20,2026-01-20,Brian,Ugwu,DL,AMER,Miami of Ohio,HAM,REM SGD NEGOTIATION LIST,True,184209,players,Eligible,Negotiation List,2026-09-05T13:30:37.057098,2026-09-05
204400,CGY REM SGD NEGOTIATION LIST AMER Jordan KERLEY (WR) Southern Methodist,2026-01-20,2026-01-20,Jordan,Kerley,WR,AMER,Southern Methodist,CGY,REM SGD NEGOTIATION LIST,True,169236,players,Eligible,Negotiation List,2026-09-05T13:30:37.057098,2026-09-05
204399,MTL REM SGD NEGOTIATION LIST AMER DeMeer BLANKUMSEE (WR) Memphis,2026-01-20,2026-01-20,DeMeer,Blankumsee,WR,AMER,Memphis,MTL,REM SGD NEGOTIATION LIST,True,185797,players,Eligible,Negotiation List,2026-09-05T13:30:37.057098,2026-09-05
204392,CGY ADD NEGOTIATION LIST AMER Titus LEO (DL) Wagner College,2026-01-19,2026-01-19,Titus,Leo,DL,AMER,Wagner College,CGY,ADD NEGOTIATION LIST,True,169108,players,Negotiation List,Eligible,2026-09-05T13:30:37.057098,2026-09-05
204388,WPG ADD NEGOTIATION LIST AMER Micah MAZZCCUA (OL) Nebraska,2026-01-19,2026-01-19,Micah,Mazzccua,OL,AMER,Nebraska,WPG,ADD NEGOTIATION LIST,True,169606,players,Negotiation List,Eligible,2026-09-05T13:30:37.057098,2026-09-05
204387,WPG REM UNS NEGOTIATION LIST GLOB Alex MASTROMANNO (P) Florida State,2026-01-19,2026-01-19,Alex,Mastromanno,P,GLOB,Florida State,WPG,REM UNS NEGOTIATION LIST,True,185767,players,Eligible,Negotiation List,2026-09-05T13:30:37.057098,2026-09-05
204383,WPG REM UNS NEGOTIATION LIST AMER Zack JOHNSON (OL) North Dakota State,2026-01-19,2026-01-19,Zack,JOHNSON,OL,AMER,North Dakota State,WPG,REM UNS NEGOTIATION LIST,True,166454,players,Eligible,Negotiation List,2026-09-05T13:30:37.057098,2026-09-05
204369,MTL ADD NEGOTIATION LIST AMER Daniel RICKERT (DL) Virginia,2026-01-19,2026-01-19,Daniel,Rickert,DL,AMER,Virginia,MTL,ADD NEGOTIATION LIST,True,185800,players,Negotiation List,Eligible,2026-09-05T13:30:37.057098,2026-09-05
204366,MTL ADD NEGOTIATION LIST AMER Cyrus ALLEN (WR) Cincinnati,2026-01-19,2026-01-19,Cyrus,Allen,WR,AMER,Cincinnati,MTL,ADD NEGOTIATION LIST,True,185799,players,Negotiation List,Eligible,2026-09-05T13:30:37.057098,2026-09-05
204365,MTL REM SGD NEGOTIATION LIST AMER Phillip BROOKS (WR) Kansas State,2026-01-19,2026-01-19,Phillip,BROOKS,WR,AMER,Kansas State,MTL,REM SGD NEGOTIATION LIST,True,168668,players,Eligible,Negotiation List,2026-09-05T13:30:37.057098,2026-09-05
204358,MTL ADD NEGOTIATION LIST AMER Anthony SMITH (WR) East Carolina,2026-01-19,2026-01-19,Anthony,Smith,WR,AMER,East Carolina,MTL,ADD NEGOTIATION LIST,True,185798,players,Negotiation List,Eligible,2026-09-05T13:30:37.057098,2026-09-05
204357,MTL REM UNS NEGOTIATION LIST AMER Jacolby GEORGE (WR) Miami,2026-01-19,2026-01-19,Jacolby,George,WR,AMER,Miami,MTL,REM UNS NEGOTIATION LIST,True,184932,players,Eligible,Negotiation List,2026-09-05T13:30:37.057098,2026-09-05
204336,MTL REM UNS NEGOTIATION LIST AMER Spencer ROLLAND (OL) North Carolina,2026-01-19,2026-01-19,Spencer,Rolland,OL,AMER,North Carolina,MTL,REM UNS NEGOTIATION LIST,True,169066,players,Eligible,Negotiation List,2026-09-05T13:30:37.057098,2026-09-05
204337,MTL ADD NEGOTIATION LIST AMER Anthony BROWN (QB) Oregon,2026-01-19,2026-01-19,Anthony,BROWN,QB,AMER,Oregon,MTL,ADD NEGOTIATION LIST,True,165823,players,Negotiation List,Eligible,2026-09-05T13:30:37.057098,2026-09-05
204338,BC REM UNS NEGOTIATION LIST AMER Kelvin JOSEPH (DB) Kentucky,2026-01-19,2026-01-19,Kelvin,Joseph,DB,AMER,Kentucky,BC,REM UNS NEGOTIATION LIST,True,185063,players,Eligible,Negotiation List,2026-09-05T13:30:37.057098,2026-09-05
204339,BC ADD NEGOTIATION LIST AMER Bryan THOMPSON (WR) Arizona State,2026-01-19,2026-01-19,Bryan,Thompson,WR,AMER,Arizona State,BC,ADD NEGOTIATION LIST,True,169252,players,Negotiation List,Eligible,2026-09-05T13:30:37.057098,2026-09-05
204340,SSK ADD NEGOTIATION LIST AMER Lincoln PARE (RB) Texas State,2026-01-19,2026-01-19,Lincoln,Pare,RB,AMER,Texas State,SSK,ADD NEGOTIATION LIST,True,184921,players,Negotiation List,Eligible,2026-09-05T13:30:37.057098,2026-09-05
204341,WPG REM UNS NEGOTIATION LIST AMER Amari GAINER (LB) North Carolina,2026-01-19,2026-01-19,Amari,Gainer,LB,AMER,North Carolina,WPG,REM UNS NEGOTIATION LIST,True,184975,players,Eligible,Negotiation List,2026-09-05T13:30:37.057098,2026-09-05
204342,WPG ADD NEGOTIATION LIST AMER Anterio THOMPSON (DL) Washington,2026-01-19,2026-01-19,Anterio,Thompson,DL,AMER,Washington,WPG,ADD NEGOTIATION LIST,True,185790,players,Negotiation List,Eligible,2026-09-05T13:30:37.057098,2026-09-05
204344,WPG ADD NEGOTIATION LIST AMER Trevonte SYLVESTER (OL) Louisville,2026-01-19,2026-01-19,Trevonte,Sylvester,OL,AMER,Louisville,WPG,ADD NEGOTIATION LIST,True,185791,players,Negotiation List,Eligible,2026-09-05T13:30:37.057098,2026-09-05
204345,EDM REM UNS NEGOTIATION LIST AMER Jacob ZENO (QB) Alabama Birmingham,2026-01-19,2026-01-19,Jacob,Zeno,QB,AMER,Alabama Birmingham,EDM,REM UNS NEGOTIATION LIST,True,168334,players,Eligible,Negotiation List,2026-09-05T13:30:37.057098,2026-09-05
204346,EDM ADD NEGOTIATION LIST AMER Jacob CLARK (QB) Missouri State,2026-01-19,2026-01-19,Jacob,Clark,QB,AMER,Missouri State,EDM,ADD NEGOTIATION LIST,True,185792,players,Negotiation List,Eligible,2026-09-05T13:30:37.057098,2026-09-05
204347,MTL REM UNS NEGOTIATION LIST AMER Dyontae JOHNSON (LB) Toledo,2026-01-19,2026-01-19,Dyontae,JOHNSON,LB,AMER,Toledo,MTL,REM UNS NEGOTIATION LIST,True,167597,players,Eligible,Negotiation List,2026-09-05T13:30:37.057098,2026-09-05
204348,MTL ADD NEGOTIATION LIST AMER Reuben FATHEREE II (OL) Texas A&M,2026-01-19,2026-01-19,Reuben,Fatheree II,OL,AMER,Texas A&M,MTL,ADD NEGOTIATION LIST,True,185793,players,Negotiation List,Eligible,2026-09-05T13:30:37.057098,2026-09-05
204351,TOR REM UNS NEGOTIATION LIST AMER Karsen BARNHART (OL) Michigan,2026-01-19,2026-01-19,Karsen,Barnhart,OL,AMER,Michigan,TOR,REM UNS NEGOTIATION LIST,True,168933,players,Eligible,Negotiation List,2026-09-05T13:30:37.057098,2026-09-05
204352,TOR ADD NEGOTIATION LIST AMER Cash JONES (RB) Georgia,2026-01-19,2026-01-19,Cash,Jones,RB,AMER,Georgia,TOR,ADD NEGOTIATION LIST,True,185795,players,Negotiation List,Eligible,2026-09-05T13:30:37.057098,2026-09-05
204353,HAM REM UNS NEGOTIATION LIST AMER Amare BARNO (DL) Virginia Tech,2026-01-19,2026-01-19,Amare,BARNO,DL,AMER,Virginia Tech,HAM,REM UNS NEGOTIATION LIST,True,166828,players,Eligible,Negotiation List,2026-09-05T13:30:37.057098,2026-09-05
204354,HAM ADD NEGOTIATION LIST AMER Tyre WEST (DL) Tennessee,2026-01-19,2026-01-19,Tyre,West,DL,AMER,Tennessee,HAM,ADD NEGOTIATION LIST,True,185796,players,Negotiation List,Eligible,2026-09-05T13:30:37.057098,2026-09-05
204355,MTL REM UNS NEGOTIATION LIST AMER Jah JOYNER (DE) Minnesota,2026-01-19,2026-01-19,Jah,Joyner,DE,AMER,Minnesota,MTL,REM UNS NEGOTIATION LIST,True,184832,players,Eligible,Negotiation List,2026-09-05T13:30:37.057098,2026-09-05
204356,MTL ADD NEGOTIATION LIST AMER DeMeer BLANKUMSEE (WR) Memphis,2026-01-19,2026-01-19,DeMeer,Blankumsee,WR,AMER,Memphis,MTL,ADD NEGOTIATION LIST,True,185797,players,Negotiation List,Eligible,2026-09-05T13:30:37.057098,2026-09-05
204335,EDM REM SGD NEGOTIATION LIST AMER Ian KENNELLY (DB) Grand Valley State,2026-01-19,2026-01-19,Ian,Kennelly,DB,AMER,Grand Valley State,EDM,REM SGD NEGOTIATION LIST,True,184926,players,Eligible,Negotiation List,2026-09-05T13:30:37.057098,2026-09-05
204334,SSK REM SGD NEGOTIATION LIST AMER Desmond EVANS (DL) North Carolina,2026-01-19,2026-01-19,Desmond,Evans,DL,AMER,North Carolina,SSK,REM SGD NEGOTIATION LIST,True,169525,players,Eligible,Negotiation List,2026-09-05T13:30:37.057098,2026-09-05
204331,MTL REM SGD NEGOTIATION LIST AMER Terique OWENS (WR) Missouri State,2026-01-19,2026-01-19,Terique,Owens,WR,AMER,Missouri State,MTL,REM SGD NEGOTIATION LIST,True,185079,players,Eligible,Negotiation List,2026-09-05T13:30:37.057098,2026-09-05
204330,CGY REM SGD NEGOTIATION LIST AMER RJ MOTEN (LB) Florida,2026-01-19,2026-01-19,RJ,Moten,LB,AMER,Florida,CGY,REM SGD NEGOTIATION LIST,True,169557,players,Eligible,Negotiation List,2026-09-05T13:30:37.057098,2026-09-05
204318,WPG ADD NEGOTIATION LIST AMER Dominic BAILEY (DL) Tennessee,2026-01-16,2026-01-16,Dominic,Bailey,DL,AMER,Tennessee,WPG,ADD NEGOTIATION LIST,True,185788,players,Negotiation List,Eligible,2026-09-05T13:30:37.057098,2026-09-05
204313,EDM REM SGD NEGOTIATION LIST AMER Ketron JACKSON JR (WR) Baylor,2026-01-16,2026-01-16,Ketron,Jackson Jr,WR,AMER,Baylor,EDM,REM SGD NEGOTIATION LIST,True,169583,players,Eligible,Negotiation List,2026-09-05T13:30:37.057098,2026-09-05
204314,MTL REM UNS NEGOTIATION LIST AMER Brett GABBERT (QB) Miami of Ohio,2026-01-16,2026-01-16,Brett,GABBERT,QB,AMER,Miami of Ohio,MTL,REM UNS NEGOTIATION LIST,True,167438,players,Eligible,Negotiation List,2026-09-05T13:30:37.057098,2026-09-05
204315,MTL ADD NEGOTIATION LIST AMER David PERALES (DL) Fresno State,2026-01-16,2026-01-16,David,PERALES,DL,AMER,Fresno State,MTL,ADD NEGOTIATION LIST,True,167639,players,Negotiation List,Eligible,2026-09-05T13:30:37.057098,2026-09-05
204316,EDM ADD NEGOTIATION LIST AMER Kisean JOHNSON (WR) Western Kentucky,2026-01-16,2026-01-16,Kisean,Johnson,WR,AMER,Western Kentucky,EDM,ADD NEGOTIATION LIST,True,185787,players,Negotiation List,Eligible,2026-09-05T13:30:37.057098,2026-09-05
204310,OTT REM UNS NEGOTIATION LIST AMER Mac DALENA (WR) Fresno State,2026-01-16,2026-01-16,Mac,Dalena,WR,AMER,Fresno State,OTT,REM UNS NEGOTIATION LIST,True,184857,players,Eligible,Negotiation List,2026-09-05T13:30:37.057098,2026-09-05
204311,OTT ADD NEGOTIATION LIST AMER John LEGLUE (OL) Tulane,2026-01-16,2026-01-16,John,Leglue,OL,AMER,Tulane,OTT,ADD NEGOTIATION LIST,True,169484,players,Negotiation List,Eligible,2026-09-05T13:30:37.057098,2026-09-05
204308,MTL REM UNS NEGOTIATION LIST AMER Shaquan LOYAL (DB) Rutgers,2026-01-16,2026-01-16,Shaquan,Loyal,DB,AMER,Rutgers,MTL,REM UNS NEGOTIATION LIST,True,185011,players,Eligible,Negotiation List,2026-09-05T13:30:37.057098,2026-09-05
204309,MTL ADD NEGOTIATION LIST AMER Phillip BROOKS (WR) Kansas State,2026-01-16,2026-01-16,Phillip,BROOKS,WR,AMER,Kansas State,MTL,ADD NEGOTIATION LIST,True,168668,players,Negotiation List,Eligible,2026-09-05T13:30:37.057098,2026-09-05
204305,HAM REM UNS NEGOTIATION LIST AMER Jha’Quan JACKSON (WR) Tulane,2026-01-16,2026-01-16,Jha’Quan,Jackson,WR,AMER,Tulane,HAM,REM UNS NEGOTIATION LIST,True,184859,players,Eligible,Negotiation List,2026-09-05T13:30:37.057098,2026-09-05
204306,HAM ADD NEGOTIATION LIST AMER Earl BOSTICK (OL) Kansas,2026-01-16,2026-01-16,Earl,BOSTICK,OL,AMER,Kansas,HAM,ADD NEGOTIATION LIST,True,166702,players,Negotiation List,Eligible,2026-09-05T13:30:37.057098,2026-09-05
204303,OTT REM UNS NEGOTIATION LIST AMER Tariq CASTRO-FIELDS (DB) Penn State,2026-01-16,2026-01-16,Tariq,Castro-Fields,DB,AMER,Penn State,OTT,REM UNS NEGOTIATION LIST,True,169200,players,Eligible,Negotiation List,2026-09-05T13:30:37.057098,2026-09-05
204304,OTT ADD NEGOTIATION LIST AMER DT SHEFFIELD (WR) Rutgers,2026-01-16,2026-01-16,DT,Sheffield,WR,AMER,Rutgers,OTT,ADD NEGOTIATION LIST,True,169222,players,Negotiation List,Eligible,2026-09-05T13:30:37.057098,2026-09-05
204302,OTT ADD NEGOTIATION LIST AMER Daniel JACKSON (WR) Minnesota,2026-01-16,2026-01-16,Daniel,Jackson,WR,AMER,Minnesota,OTT,ADD NEGOTIATION LIST,True,185786,players,Negotiation List,Eligible,2026-09-05T13:30:37.057098,2026-09-05
204300,EDM ADD NEGOTIATION LIST AMER Jaylon THOMAS (OL) Southern Methodist,2026-01-16,2026-01-16,Jaylon,THOMAS,OL,AMER,Southern Methodist,EDM,ADD NEGOTIATION LIST,True,167803,players,Negotiation List,Eligible,2026-09-05T13:30:37.057098,2026-09-05
204301,OTT REM UNS NEGOTIATION LIST AMER Tre SWILLING (DB) Georgia Tech,2026-01-16,2026-01-16,Tre,SWILLING,DB,AMER,Georgia Tech,OTT,REM UNS NEGOTIATION LIST,True,167501,players,Eligible,Negotiation List,2026-09-05T13:30:37.057098,2026-09-05
204299,EDM REM UNS NEGOTIATION LIST AMER Jason IVEY (OL) North Carolina A&T,2026-01-16,2026-01-16,Jason,Ivey,OL,AMER,North Carolina A&T,EDM,REM UNS NEGOTIATION LIST,True,169448,players,Eligible,Negotiation List,2026-09-05T13:30:37.057098,2026-09-05
204294,EDM REM UNS NEGOTIATION LIST AMER Cam CAMPER (WR) Boise State,2026-01-16,2026-01-16,Cam,Camper,WR,AMER,Boise State,EDM,REM UNS NEGOTIATION LIST,True,184815,players,Eligible,Negotiation List,2026-09-05T13:30:37.057098,2026-09-05
204295,EDM ADD NEGOTIATION LIST AMER Julian HICKS (WR) Albany,2026-01-16,2026-01-16,Julian,Hicks,WR,AMER,Albany,EDM,ADD NEGOTIATION LIST,True,184920,players,Negotiation List,Eligible,2026-09-05T13:30:37.057098,2026-09-05
204292,WPG REM UNS NEGOTIATION LIST AMER Kyahva TEZINO (LB) San Diego State,2026-01-16,2026-01-16,Kyahva,TEZINO,LB,AMER,San Diego State,WPG,REM UNS NEGOTIATION LIST,True,165836,players,Eligible,Negotiation List,2026-09-05T13:30:37.057098,2026-09-05
204293,WPG ADD NEGOTIATION LIST AMER Warren BURRELL (DB) Georgia Tech,2026-01-16,2026-01-16,Warren,Burrell,DB,AMER,Georgia Tech,WPG,ADD NEGOTIATION LIST,True,185785,players,Negotiation List,Eligible,2026-09-05T13:30:37.057098,2026-09-05
204290,WPG REM UNS NEGOTIATION LIST AMER Daniel GRZESIAK (DL) Cincinnati,2026-01-16,2026-01-16,Daniel,Grzesiak,DL,AMER,Cincinnati,WPG,REM UNS NEGOTIATION LIST,True,168903,players,Eligible,Negotiation List,2026-09-05T13:30:37.057098,2026-09-05
204272,CGY ADD NEGOTIATION LIST AMER Jase MCCLELLAN (RB) Alabama,2026-01-15,2026-01-15,Jase,McClellan,RB,AMER,Alabama,CGY,ADD NEGOTIATION LIST,True,168714,players,Negotiation List,Eligible,2026-09-05T13:30:37.057098,2026-09-05
204275,WPG REM UNS NEGOTIATION LIST AMER Mason BROOKS (OL) Mississippi,2026-01-15,2026-01-15,Mason,BROOKS,OL,AMER,Mississippi,WPG,REM UNS NEGOTIATION LIST,True,167602,players,Eligible,Negotiation List,2026-09-05T13:30:37.057098,2026-09-05
204276,WPG ADD NEGOTIATION LIST AMER Sincere HAYNESWORTH (OL) Tulane,2026-01-15,2026-01-15,Sincere,Haynesworth,OL,AMER,Tulane,WPG,ADD NEGOTIATION LIST,True,185783,players,Negotiation List,Eligible,2026-09-05T13:30:37.057098,2026-09-05
204273,HAM REM UNS NEGOTIATION LIST AMER Gottlieb AYEDZE (OL) Maryland,2026-01-15,2026-01-15,Gottlieb,Ayedze,OL,AMER,Maryland,HAM,REM UNS NEGOTIATION LIST,True,168556,players,Eligible,Negotiation List,2026-09-05T13:30:37.057098,2026-09-05
204274,HAM ADD NEGOTIATION LIST AMER Kaleb HAYES (DB) Brigham Young,2026-01-15,2026-01-15,Kaleb,Hayes,DB,AMER,Brigham Young,HAM,ADD NEGOTIATION LIST,True,168215,players,Negotiation List,Eligible,2026-09-05T13:30:37.057098,2026-09-05
204269,CGY REM UNS NEGOTIATION LIST AMER Jordan WATERS (RB) North Carolina State,2026-01-15,2026-01-15,Jordan,Waters,RB,AMER,North Carolina State,CGY,REM UNS NEGOTIATION LIST,True,185126,players,Eligible,Negotiation List,2026-09-05T13:30:37.057098,2026-09-05
204250,BC REM UNS NEGOTIATION LIST AMER Jahcour PEARSON (WR) Mississippi,2026-01-15,2026-01-15,Jahcour,PEARSON,WR,AMER,Mississippi,BC,REM UNS NEGOTIATION LIST,True,166834,players,Eligible,Negotiation List,2026-09-05T13:30:37.057098,2026-09-05
204251,BC ADD NEGOTIATION LIST AMER Zeke VANDENBURGH (DL) Illinois State,2026-01-15,2026-01-15,Zeke,VANDENBURGH,DL,AMER,Illinois State,BC,ADD NEGOTIATION LIST,True,167448,players,Negotiation List,Eligible,2026-09-05T13:30:37.057098,2026-09-05
204252,CGY REM UNS NEGOTIATION LIST AMER Nate NOEL (RB) Missouri,2026-01-15,2026-01-15,Nate,Noel,RB,AMER,Missouri,CGY,REM UNS NEGOTIATION LIST,True,185007,players,Eligible,Negotiation List,2026-09-05T13:30:37.057098,2026-09-05
204253,CGY ADD NEGOTIATION LIST AMER Kay’Ron LYNCH-ADAMS (RB) Michigan State,2026-01-15,2026-01-15,Kay’Ron,Lynch-Adams,RB,AMER,Michigan State,CGY,ADD NEGOTIATION LIST,True,185779,players,Negotiation List,Eligible,2026-09-05T13:30:37.057098,2026-09-05
204254,TOR REM UNS NEGOTIATION LIST AMER Deon JACKSON (RB) Duke,2026-01-15,2026-01-15,Deon,Jackson,RB,AMER,Duke,TOR,REM UNS NEGOTIATION LIST,True,169138,players,Eligible,Negotiation List,2026-09-05T13:30:37.057098,2026-09-05
204255,TOR ADD NEGOTIATION LIST AMER Devyn BOBBY (DB) Baylor,2026-01-15,2026-01-15,Devyn,Bobby,DB,AMER,Baylor,TOR,ADD NEGOTIATION LIST,True,185780,players,Negotiation List,Eligible,2026-09-05T13:30:37.057098,2026-09-05
204256,TOR REM UNS NEGOTIATION LIST AMER Caleb ETIENNE (OL) Brigham Young,2026-01-15,2026-01-15,Caleb,Etienne,OL,AMER,Brigham Young,TOR,REM UNS NEGOTIATION LIST,True,184923,players,Eligible,Negotiation List,2026-09-05T13:30:37.057098,2026-09-05
204257,TOR ADD NEGOTIATION LIST AMER Jabre BARBER (WR) Texas A&M,2026-01-15,2026-01-15,Jabre,Barber,WR,AMER,Texas A&M,TOR,ADD NEGOTIATION LIST,True,185033,players,Negotiation List,Eligible,2026-09-05T13:30:37.057098,2026-09-05
204258,HAM REM UNS NEGOTIATION LIST AMER Keenan ISAAC (DB) Alabama State,2026-01-15,2026-01-15,Keenan,ISAAC,DB,AMER,Alabama State,HAM,REM UNS NEGOTIATION LIST,True,167648,players,Eligible,Negotiation List,2026-09-05T13:30:37.057098,2026-09-05
204259,HAM ADD NEGOTIATION LIST AMER Josiah SCOTT (DB) Michigan State,2026-01-15,2026-01-15,Josiah,Scott,DB,AMER,Michigan State,HAM,ADD NEGOTIATION LIST,True,185781,players,Negotiation List,Eligible,2026-09-05T13:30:37.057098,2026-09-05
204260,BC REM UNS NEGOTIATION LIST AMER Jackie JOHNSON III (DL) Hawaii,2026-01-15,2026-01-15,Jackie,Johnson III,DL,AMER,Hawaii,BC,REM UNS NEGOTIATION LIST,True,184946,players,Eligible,Negotiation List,2026-09-05T13:30:37.057098,2026-09-05
204261,BC ADD NEGOTIATION LIST AMER Mac MCCAIN (DB) North Carolina A&T,2026-01-15,2026-01-15,Mac,MCCAIN,DB,AMER,North Carolina A&T,BC,ADD NEGOTIATION LIST,True,168130,players,Negotiation List,Eligible,2026-09-05T13:30:37.057098,2026-09-05
204262,TOR REM UNS NEGOTIATION LIST AMER Mark PERRY (DB) Texas Christian,2026-01-15,2026-01-15,Mark,Perry,DB,AMER,Texas Christian,TOR,REM UNS NEGOTIATION LIST,True,184822,players,Eligible,Negotiation List,2026-09-05T13:30:37.057098,2026-09-05
204263,TOR ADD NEGOTIATION LIST AMER Caleb NELSON (DB) Sacramento State,2026-01-15,2026-01-15,Caleb,Nelson,DB,AMER,Sacramento State,TOR,ADD NEGOTIATION LIST,True,185782,players,Negotiation List,Eligible,2026-09-05T13:30:37.057098,2026-09-05
204264,CGY REM UNS NEGOTIATION LIST AMER Mario WILLIAMS (WR) Tulane,2026-01-15,2026-01-15,Mario,Williams,WR,AMER,Tulane,CGY,REM UNS NEGOTIATION LIST,True,185000,players,Eligible,Negotiation List,2026-09-05T13:30:37.057098,2026-09-05
204265,CGY ADD NEGOTIATION LIST AMER Millard BRADFORD (DB) Texas Christian,2026-01-15,2026-01-15,Millard,Bradford,DB,AMER,Texas Christian,CGY,ADD NEGOTIATION LIST,True,184269,players,Negotiation List,Eligible,2026-09-05T13:30:37.057098,2026-09-05
204226,WPG REM UNS NEGOTIATION LIST AMER Myles COLE (DL) Texas Tech,2026-01-15,2026-01-15,Myles,Cole,DL,AMER,Texas Tech,WPG,REM UNS NEGOTIATION LIST,True,185024,players,Eligible,Negotiation List,2026-09-05T13:30:37.057098,2026-09-05
204227,WPG ADD NEGOTIATION LIST AMER Phillip WEBB (DL) Jackson State,2026-01-15,2026-01-15,Phillip,Webb,DL,AMER,Jackson State,WPG,ADD NEGOTIATION LIST,True,169542,players,Negotiation List,Eligible,2026-09-05T13:30:37.057098,2026-09-05
204228,BC REM UNS NEGOTIATION LIST AMER Jalen MORENO-CROPPER (WR) Fresno State,2026-01-15,2026-01-15,Jalen,MORENO-CROPPER,WR,AMER,Fresno State,BC,REM UNS NEGOTIATION LIST,True,167520,players,Eligible,Negotiation List,2026-09-05T13:30:37.057098,2026-09-05
204229,BC ADD NEGOTIATION LIST AMER Marquez CALLAWAY (WR) Tennessee,2026-01-15,2026-01-15,Marquez,Callaway,WR,AMER,Tennessee,BC,ADD NEGOTIATION LIST,True,184393,players,Negotiation List,Eligible,2026-09-05T13:30:37.057098,2026-09-05
204230,BC REM UNS NEGOTIATION LIST AMER Sincere MCCORMICK (RB) Texas at San Antonio,2026-01-15,2026-01-15,Sincere,McCormick,RB,AMER,Texas at San Antonio,BC,REM UNS NEGOTIATION LIST,True,185774,players,Eligible,Negotiation List,2026-09-05T13:30:37.057098,2026-09-05
204231,BC ADD NEGOTIATION LIST AMER Tony JONES JR. (RB) Notre Dame,2026-01-15,2026-01-15,Tony,JONES JR.,RB,AMER,Notre Dame,BC,ADD NEGOTIATION LIST,True,166464,players,Negotiation List,Eligible,2026-09-05T13:30:37.057098,2026-09-05
204232,BC REM UNS NEGOTIATION LIST AMER Colton DOWELL (WR) Tennessee Martin,2026-01-15,2026-01-15,Colton,DOWELL,WR,AMER,Tennessee Martin,BC,REM UNS NEGOTIATION LIST,True,167442,players,Eligible,Negotiation List,2026-09-05T13:30:37.057098,2026-09-05
204233,BC ADD NEGOTIATION LIST AMER William HOOPER (DB) Northwestern State,2026-01-15,2026-01-15,William,Hooper,DB,AMER,Northwestern State,BC,ADD NEGOTIATION LIST,True,168491,players,Negotiation List,Eligible,2026-09-05T13:30:37.057098,2026-09-05
204234,HAM ADD NEGOTIATION LIST AMER Larry ROUNTREE (RB) Missouri,2026-01-15,2026-01-15,Larry,Rountree,RB,AMER,Missouri,HAM,ADD NEGOTIATION LIST,True,168377,players,Negotiation List,Eligible,2026-09-05T13:30:37.057098,2026-09-05
204235,EDM REM UNS NEGOTIATION LIST AMER Davontavean MARTIN (WR) Oklahoma State,2026-01-15,2026-01-15,Davontavean,Martin,WR,AMER,Oklahoma State,EDM,REM UNS NEGOTIATION LIST,True,184291,players,Eligible,Negotiation List,2026-09-05T13:30:37.057098,2026-09-05
204236,EDM ADD NEGOTIATION LIST AMER Ife ADEYI (WR) Sam Houston State,2026-01-15,2026-01-15,Ife,Adeyi,WR,AMER,Sam Houston State,EDM,ADD NEGOTIATION LIST,True,169519,players,Negotiation List,Eligible,2026-09-05T13:30:37.057098,2026-09-05
204237,EDM REM UNS NEGOTIATION LIST AMER Monaray BALDWIN (WR) Baylor,2026-01-15,2026-01-15,Monaray,Baldwin,WR,AMER,Baylor,EDM,REM UNS NEGOTIATION LIST,True,169607,players,Eligible,Negotiation List,2026-09-05T13:30:37.057098,2026-09-05
204238,EDM ADD NEGOTIATION LIST AMER Ketron JACKSON JR (WR) Baylor,2026-01-15,2026-01-15,Ketron,Jackson Jr,WR,AMER,Baylor,EDM,ADD NEGOTIATION LIST,True,169583,players,Negotiation List,Eligible,2026-09-05T13:30:37.057098,2026-09-05
204239,TOR REM UNS NEGOTIATION LIST AMER Herman SMITH III (DB) Colorado,2026-01-15,2026-01-15,Herman,Smith III,DB,AMER,Colorado,TOR,REM UNS NEGOTIATION LIST,True,185772,players,Eligible,Negotiation List,2026-09-05T13:30:37.057098,2026-09-05
204241,TOR ADD NEGOTIATION LIST AMER Fabien LOVETT (DL) Florida State,2026-01-15,2026-01-15,Fabien,Lovett,DL,AMER,Florida State,TOR,ADD NEGOTIATION LIST,True,185778,players,Negotiation List,Eligible,2026-09-05T13:30:37.057098,2026-09-05
204242,HAM REM UNS NEGOTIATION LIST AMER DJ JAMES (DB) Auburn,2026-01-15,2026-01-15,DJ,James,DB,AMER,Auburn,HAM,REM UNS NEGOTIATION LIST,True,169131,players,Eligible,Negotiation List,2026-09-05T13:30:37.057098,2026-09-05
204243,HAM ADD NEGOTIATION LIST AMER Julian PEARL (OL) Illinois,2026-01-15,2026-01-15,Julian,Pearl,OL,AMER,Illinois,HAM,ADD NEGOTIATION LIST,True,168723,players,Negotiation List,Eligible,2026-09-05T13:30:37.057098,2026-09-05
204244,HAM REM UNS NEGOTIATION LIST AMER Jalen MCKENZIE (OL) Southern California,2026-01-15,2026-01-15,Jalen,MCKENZIE,OL,AMER,Southern California,HAM,REM UNS NEGOTIATION LIST,True,167318,players,Eligible,Negotiation List,2026-09-05T13:30:37.057098,2026-09-05
204245,HAM ADD NEGOTIATION LIST AMER Isaac UKWU (DL) Mississippi,2026-01-15,2026-01-15,Isaac,Ukwu,DL,AMER,Mississippi,HAM,ADD NEGOTIATION LIST,True,184927,players,Negotiation List,Eligible,2026-09-05T13:30:37.057098,2026-09-05
204246,BC REM UNS NEGOTIATION LIST AMER Luq BARCOO (DB) San Diego State,2026-01-15,2026-01-15,Luq,BARCOO,DB,AMER,San Diego State,BC,REM UNS NEGOTIATION LIST,True,166558,players,Eligible,Negotiation List,2026-09-05T13:30:37.057098,2026-09-05
204247,BC ADD NEGOTIATION LIST AMER Mark GILBERT (DB) Duke,2026-01-15,2026-01-15,Mark,GILBERT,DB,AMER,Duke,BC,ADD NEGOTIATION LIST,True,167676,players,Negotiation List,Eligible,2026-09-05T13:30:37.057098,2026-09-05
204225,HAM REM SGD NEGOTIATION LIST AMER TaMuarion WILSON (LB) Central Arkansas,2026-01-15,2026-01-15,TaMuarion,Wilson,LB,AMER,Central Arkansas,HAM,REM SGD NEGOTIATION LIST,True,184179,players,Eligible,Negotiation List,2026-09-05T13:30:37.057098,2026-09-05
204215,EDM ADD NEGOTIATION LIST AMER Keenan GARBER (DB) Kansas State,2026-01-14,2026-01-14,Keenan,Garber,DB,AMER,Kansas State,EDM,ADD NEGOTIATION LIST,True,184877,players,Negotiation List,Eligible,2026-09-05T13:30:37.057098,2026-09-05
204214,EDM REM UNS NEGOTIATION LIST AMER Joey FISHER (OL) Shepherd University,2026-01-14,2026-01-14,Joey,FISHER,OL,AMER,Shepherd University,EDM,REM UNS NEGOTIATION LIST,True,167637,players,Eligible,Negotiation List,2026-09-05T13:30:37.057098,2026-09-05
204213,WPG ADD NEGOTIATION LIST AMER Khris BOGLE (DL) Michigan State,2026-01-14,2026-01-14,Khris,Bogle,DL,AMER,Michigan State,WPG,ADD NEGOTIATION LIST,True,184094,players,Negotiation List,Eligible,2026-09-05T13:30:37.057098,2026-09-05
204212,WPG REM UNS NEGOTIATION LIST AMER Anthony TYUS III (RB) Ohio,2026-01-14,2026-01-14,Anthony,Tyus III,RB,AMER,Ohio,WPG,REM UNS NEGOTIATION LIST,True,184126,players,Eligible,Negotiation List,2026-09-05T13:30:37.057098,2026-09-05
204211,HAM ADD NEGOTIATION LIST AMER Christopher ALLEN (DL) Alabama,2026-01-14,2026-01-14,Christopher,Allen,DL,AMER,Alabama,HAM,ADD NEGOTIATION LIST,True,168299,players,Negotiation List,Eligible,2026-09-05T13:30:37.057098,2026-09-05
204210,HAM REM UNS NEGOTIATION LIST AMER Phillip WEBB (DL) Jackson State,2026-01-14,2026-01-14,Phillip,Webb,DL,AMER,Jackson State,HAM,REM UNS NEGOTIATION LIST,True,169542,players,Eligible,Negotiation List,2026-09-05T13:30:37.057098,2026-09-05
204195,MTL REM UNS NEGOTIATION LIST AMER Kellen MOND (QB) Texas A&M,2026-01-14,2026-01-14,Kellen,Mond,QB,AMER,Texas A&M,MTL,REM UNS NEGOTIATION LIST,True,168641,players,Eligible,Negotiation List,2026-09-05T13:30:37.057098,2026-09-05
204196,MTL ADD NEGOTIATION LIST AMER Luis PEREZ (QB) Texas A&M Commerce,2026-01-14,2026-01-14,Luis,PEREZ,QB,AMER,Texas A&M Commerce,MTL,ADD NEGOTIATION LIST,True,163735,players,Negotiation List,Eligible,2026-09-05T13:30:37.057098,2026-09-05
204197,BC REM UNS NEGOTIATION LIST AMER Shaun JOLLY (DB) Appalachian State,2026-01-14,2026-01-14,Shaun,JOLLY,DB,AMER,Appalachian State,BC,REM UNS NEGOTIATION LIST,True,167295,players,Eligible,Negotiation List,2026-09-05T13:30:37.057098,2026-09-05
204198,BC ADD NEGOTIATION LIST AMER Kelvin JOSEPH (DB) Kentucky,2026-01-14,2026-01-14,Kelvin,Joseph,DB,AMER,Kentucky,BC,ADD NEGOTIATION LIST,True,185063,players,Negotiation List,Eligible,2026-09-05T13:30:37.057098,2026-09-05
204199,CGY REM UNS NEGOTIATION LIST AMER Jared BARTLETT (LB) Cincinnati,2026-01-14,2026-01-14,Jared,Bartlett,LB,AMER,Cincinnati,CGY,REM UNS NEGOTIATION LIST,True,184873,players,Eligible,Negotiation List,2026-09-05T13:30:37.057098,2026-09-05
204200,CGY ADD NEGOTIATION LIST AMER Norell POLLARD (DL) Virginia Tech,2026-01-14,2026-01-14,Norell,Pollard,DL,AMER,Virginia Tech,CGY,ADD NEGOTIATION LIST,True,168486,players,Negotiation List,Eligible,2026-09-05T13:30:37.057098,2026-09-05
204201,CGY REM UNS NEGOTIATION LIST AMER Jacoby WINDMON (DL) Michigan State,2026-01-14,2026-01-14,Jacoby,Windmon,DL,AMER,Michigan State,CGY,REM UNS NEGOTIATION LIST,True,168908,players,Eligible,Negotiation List,2026-09-05T13:30:37.057098,2026-09-05
204202,CGY ADD NEGOTIATION LIST AMER DaShaun WHITE (LB) Oklahoma,2026-01-14,2026-01-14,DaShaun,WHITE,LB,AMER,Oklahoma,CGY,ADD NEGOTIATION LIST,True,167589,players,Negotiation List,Eligible,2026-09-05T13:30:37.057098,2026-09-05
204187,CGY REM UNS NEGOTIATION LIST AMER Marcellus JOHNSON (OL) Missouri,2026-01-13,2026-01-13,Marcellus,Johnson,OL,AMER,Missouri,CGY,REM UNS NEGOTIATION LIST,True,169014,players,Eligible,Negotiation List,2026-09-05T13:30:37.057098,2026-09-05
204188,CGY ADD NEGOTIATION LIST AMER Brandon MAINA (DL) Wofford College,2026-01-13,2026-01-13,Brandon,Maina,DL,AMER,Wofford College,CGY,ADD NEGOTIATION LIST,True,185777,players,Negotiation List,Eligible,2026-09-05T13:30:37.057098,2026-09-05
204185,MTL REM UNS NEGOTIATION LIST AMER Luis PEREZ (QB) Texas A&M Commerce,2026-01-13,2026-01-13,Luis,PEREZ,QB,AMER,Texas A&M Commerce,MTL,REM UNS NEGOTIATION LIST,True,163735,players,Eligible,Negotiation List,2026-09-05T13:30:37.057098,2026-09-05
204186,MTL ADD NEGOTIATION LIST AMER Kellen MOND (QB) Texas A&M,2026-01-13,2026-01-13,Kellen,Mond,QB,AMER,Texas A&M,MTL,ADD NEGOTIATION LIST,True,168641,players,Negotiation List,Eligible,2026-09-05T13:30:37.057098,2026-09-05
204181,BC ADD NEGOTIATION LIST AMER Essang BASSEY (DB) Wake Forest,2026-01-13,2026-01-13,Essang,Bassey,DB,AMER,Wake Forest,BC,ADD NEGOTIATION LIST,True,185776,players,Negotiation List,Eligible,2026-09-05T13:30:37.057098,2026-09-05
204179,EDM ADD NEGOTIATION LIST AMER Keyshawn JAMES-NEWBY (DL) New Mexico,2026-01-13,2026-01-13,Keyshawn,James-Newby,DL,AMER,New Mexico,EDM,ADD NEGOTIATION LIST,True,185775,players,Negotiation List,Eligible,2026-09-05T13:30:37.057098,2026-09-05
204180,BC REM UNS NEGOTIATION LIST AMER Jaren HALL (QB) Brigham Young,2026-01-13,2026-01-13,Jaren,HALL,QB,AMER,Brigham Young,BC,REM UNS NEGOTIATION LIST,True,166495,players,Eligible,Negotiation List,2026-09-05T13:30:37.057098,2026-09-05
204178,EDM REM UNS NEGOTIATION LIST AMER Eric O'NEILL (DL) Rutgers,2026-01-13,2026-01-13,Eric,O'Neill,DL,AMER,Rutgers,EDM,REM UNS NEGOTIATION LIST,True,185151,players,Eligible,Negotiation List,2026-09-05T13:30:37.057098,2026-09-05
204171,BC REM UNS NEGOTIATION LIST AMER Marquez CALLAWAY (WR) Tennessee,2026-01-13,2026-01-13,Marquez,Callaway,WR,AMER,Tennessee,BC,REM UNS NEGOTIATION LIST,True,184393,players,Eligible,Negotiation List,2026-09-05T13:30:37.057098,2026-09-05
204172,BC ADD NEGOTIATION LIST AMER Sincere MCCORMICK (RB) Texas at San Antonio,2026-01-13,2026-01-13,Sincere,McCormick,RB,AMER,Texas at San Antonio,BC,ADD NEGOTIATION LIST,True,185774,players,Negotiation List,Eligible,2026-09-05T13:30:37.057098,2026-09-05
204173,CGY REM UNS NEGOTIATION LIST AMER Samori TOURE (WR) Nebraska,2026-01-13,2026-01-13,Samori,Toure,WR,AMER,Nebraska,CGY,REM UNS NEGOTIATION LIST,True,184886,players,Eligible,Negotiation List,2026-09-05T13:30:37.057098,2026-09-05
204174,CGY ADD NEGOTIATION LIST AMER Rocky LOMBARDI (QB) Northern Illinois,2026-01-13,2026-01-13,Rocky,LOMBARDI,QB,AMER,Northern Illinois,CGY,ADD NEGOTIATION LIST,True,167728,players,Negotiation List,Eligible,2026-09-05T13:30:37.057098,2026-09-05
204167,HAM REM UNS NEGOTIATION LIST AMER Andrew ARMSTRONG (WR) Arkansas,2026-01-13,2026-01-13,Andrew,Armstrong,WR,AMER,Arkansas,HAM,REM UNS NEGOTIATION LIST,True,184898,players,Eligible,Negotiation List,2026-09-05T13:30:37.057098,2026-09-05
204168,HAM ADD NEGOTIATION LIST AMER TaMuarion WILSON (DB) Central Arkansas,2026-01-13,2026-01-13,TaMuarion,Wilson,DB,AMER,Central Arkansas,HAM,ADD NEGOTIATION LIST,True,184179,players,Negotiation List,Eligible,2026-09-05T13:30:37.057098,2026-09-05
204169,BC REM UNS NEGOTIATION LIST AMER Takkarist MCKINLEY (DL) UCLA,2026-01-13,2026-01-13,Takkarist,McKinley,DL,AMER,UCLA,BC,REM UNS NEGOTIATION LIST,True,168636,players,Eligible,Negotiation List,2026-09-05T13:30:37.057098,2026-09-05
204170,BC ADD NEGOTIATION LIST AMER Jalen MORENO-CROPPER (WR) Fresno State,2026-01-13,2026-01-13,Jalen,MORENO-CROPPER,WR,AMER,Fresno State,BC,ADD NEGOTIATION LIST,True,167520,players,Negotiation List,Eligible,2026-09-05T13:30:37.057098,2026-09-05
204165,TOR ADD NEGOTIATION LIST AMER DaRon GILBERT (LB) Northern Illinois,2026-01-12,2026-01-12,DaRon,Gilbert,LB,AMER,Northern Illinois,TOR,ADD NEGOTIATION LIST,True,185771,players,Negotiation List,Negotiation List,2026-09-05T13:30:37.057098,2026-09-05
204164,EDM ADD NEGOTIATION LIST AMER Joshua CEPHUS (WR) Texas at San Antonio,2026-01-12,2026-01-12,Joshua,Cephus,WR,AMER,Texas at San Antonio,EDM,ADD NEGOTIATION LIST,True,185773,players,Negotiation List,Eligible,2026-09-05T13:30:37.057098,2026-09-05
204163,EDM REM UNS NEGOTIATION LIST AMER Ketron JACKSON JR (WR) Baylor,2026-01-12,2026-01-12,Ketron,Jackson Jr,WR,AMER,Baylor,EDM,REM UNS NEGOTIATION LIST,True,169583,players,Eligible,Negotiation List,2026-09-05T13:30:37.057098,2026-09-05
204159,CGY ADD NEGOTIATION LIST AMER Jared BARTLETT (LB) Cincinnati,2026-01-12,2026-01-12,Jared,Bartlett,LB,AMER,Cincinnati,CGY,ADD NEGOTIATION LIST,True,184873,players,Negotiation List,Eligible,2026-09-05T13:30:37.057098,2026-09-05
204158,CGY REM UNS NEGOTIATION LIST AMER Shemar BARTHOLOMEW (DB) Georgia Southern,2026-01-12,2026-01-12,Shemar,Bartholomew,DB,AMER,Georgia Southern,CGY,REM UNS NEGOTIATION LIST,True,169016,players,Eligible,Negotiation List,2026-09-05T13:30:37.057098,2026-09-05
204157,CGY ADD NEGOTIATION LIST AMER Jaylen MAHONEY (DB) Vanderbilt,2026-01-12,2026-01-12,Jaylen,Mahoney,DB,AMER,Vanderbilt,CGY,ADD NEGOTIATION LIST,True,184806,players,Negotiation List,Eligible,2026-09-05T13:30:37.057098,2026-09-05
204155,SSK REM UNS NEGOTIATION LIST AMER Xavier GUILLORY (WR) Arizona State,2026-01-12,2026-01-12,Xavier,Guillory,WR,AMER,Arizona State,SSK,REM UNS NEGOTIATION LIST,True,185060,players,Eligible,Negotiation List,2026-09-05T13:30:37.057098,2026-09-05
204156,SSK ADD NEGOTIATION LIST AMER Gabriel MURPHY (DL) UCLA,2026-01-12,2026-01-12,Gabriel,Murphy,DL,AMER,UCLA,SSK,ADD NEGOTIATION LIST,True,168934,players,Negotiation List,Eligible,2026-09-05T13:30:37.057098,2026-09-05
204142,WPG ADD NEGOTIATION LIST AMER Tunde FATUKASI (OL) Bowling Green State,2026-01-12,2026-01-12,Tunde,Fatukasi,OL,AMER,Bowling Green State,WPG,ADD NEGOTIATION LIST,True,185768,players,Negotiation List,Eligible,2026-09-05T13:30:37.057098,2026-09-05
204143,TOR REM UNS NEGOTIATION LIST AMER Raheem BLACKSHEAR (RB) Virginia Tech,2026-01-12,2026-01-12,Raheem,Blackshear,RB,AMER,Virginia Tech,TOR,REM UNS NEGOTIATION LIST,True,185109,players,Eligible,Negotiation List,2026-09-05T13:30:37.057098,2026-09-05
204139,WPG REM UNS NEGOTIATION LIST AMER Luke FLORIEA (WR) Kent State,2026-01-12,2026-01-12,Luke,Floriea,WR,AMER,Kent State,WPG,REM UNS NEGOTIATION LIST,True,169328,players,Eligible,Negotiation List,2026-09-05T13:30:37.057098,2026-09-05
204140,WPG ADD NEGOTIATION LIST GLOB Alex MASTROMANNO (P) Florida State,2026-01-12,2026-01-12,Alex,Mastromanno,P,GLOB,Florida State,WPG,ADD NEGOTIATION LIST,True,185767,players,Negotiation List,Eligible,2026-09-05T13:30:37.057098,2026-09-05
204141,WPG REM UNS NEGOTIATION LIST AMER Garmon RANDOLPH (DL) Baylor,2026-01-12,2026-01-12,Garmon,Randolph,DL,AMER,Baylor,WPG,REM UNS NEGOTIATION LIST,True,184081,players,Eligible,Negotiation List,2026-09-05T13:30:37.057098,2026-09-05
204144,TOR ADD NEGOTIATION LIST AMER Jalen BELL (DL) Memphis,2026-01-12,2026-01-12,Jalen,Bell,DL,AMER,Memphis,TOR,ADD NEGOTIATION LIST,True,185769,players,Negotiation List,Eligible,2026-09-05T13:30:37.057098,2026-09-05
204145,MTL REM UNS NEGOTIATION LIST AMER Samuel DANKAH (LB) East Carolina,2026-01-12,2026-01-12,Samuel,Dankah,LB,AMER,East Carolina,MTL,REM UNS NEGOTIATION LIST,True,185141,players,Eligible,Negotiation List,2026-09-05T13:30:37.057098,2026-09-05
204146,MTL ADD NEGOTIATION LIST AMER Ayinde JOHNSON (DB) Rhode Island,2026-01-12,2026-01-12,Ayinde,Johnson,DB,AMER,Rhode Island,MTL,ADD NEGOTIATION LIST,True,185770,players,Negotiation List,Eligible,2026-09-05T13:30:37.057098,2026-09-05
204147,BC REM UNS NEGOTIATION LIST AMER Kellen DIESCH (OL) Arizona State,2026-01-12,2026-01-12,Kellen,Diesch,OL,AMER,Arizona State,BC,REM UNS NEGOTIATION LIST,True,168896,players,Eligible,Negotiation List,2026-09-05T13:30:37.057098,2026-09-05
204148,BC ADD NEGOTIATION LIST AMER Takkarist MCKINLEY (DL) UCLA,2026-01-12,2026-01-12,Takkarist,McKinley,DL,AMER,UCLA,BC,ADD NEGOTIATION LIST,True,168636,players,Negotiation List,Eligible,2026-09-05T13:30:37.057098,2026-09-05
204149,TOR REM UNS NEGOTIATION LIST AMER Jaden SHIRDEN (RB) Monmouth,2026-01-12,2026-01-12,Jaden,Shirden,RB,AMER,Monmouth,TOR,REM UNS NEGOTIATION LIST,True,168721,players,Eligible,Negotiation List,2026-09-05T13:30:37.057098,2026-09-05
204151,SSK REM UNS NEGOTIATION LIST AMER Will ROGERS (QB) Washington,2026-01-12,2026-01-12,Will,ROGERS,QB,AMER,Washington,SSK,REM UNS NEGOTIATION LIST,True,166534,players,Eligible,Negotiation List,2026-09-05T13:30:37.057098,2026-09-05
204152,SSK ADD NEGOTIATION LIST AMER Tristan NEWSON (LB) Missouri,2026-01-12,2026-01-12,Tristan,Newson,LB,AMER,Missouri,SSK,ADD NEGOTIATION LIST,True,169306,players,Negotiation List,Eligible,2026-09-05T13:30:37.057098,2026-09-05
204153,TOR REM UNS NEGOTIATION LIST AMER TaMuarion WILSON (DB) Central Arkansas,2026-01-12,2026-01-12,TaMuarion,Wilson,DB,AMER,Central Arkansas,TOR,REM UNS NEGOTIATION LIST,True,184179,players,Eligible,Negotiation List,2026-09-05T13:30:37.057098,2026-09-05
204154,TOR ADD NEGOTIATION LIST AMER Herman SMITH III (DB) Colorado,2026-01-12,2026-01-12,Herman,Smith III,DB,AMER,Colorado,TOR,ADD NEGOTIATION LIST,True,185772,players,Negotiation List,Eligible,2026-09-05T13:30:37.057098,2026-09-05
204121,OTT ADD NEGOTIATION LIST AMER Zach CALZADA (QB) Kentucky,2026-01-09,2026-01-09,Zach,Calzada,QB,AMER,Kentucky,OTT,ADD NEGOTIATION LIST,True,169279,players,Negotiation List,Eligible,2026-09-05T13:30:37.057098,2026-09-05
204120,OTT REM UNS NEGOTIATION LIST AMER Patrick MCMORRIS (DB) California,2026-01-09,2026-01-09,Patrick,McMorris,DB,AMER,California,OTT,REM UNS NEGOTIATION LIST,True,185009,players,Eligible,Negotiation List,2026-09-05T13:30:37.057098,2026-09-05
204117,MTL REM UNS NEGOTIATION LIST AMER Trace FORD (DL) Oklahoma,2026-01-09,2026-01-09,Trace,Ford,DL,AMER,Oklahoma,MTL,REM UNS NEGOTIATION LIST,True,184458,players,Eligible,Negotiation List,2026-09-05T13:30:37.057098,2026-09-05
204118,MTL ADD NEGOTIATION LIST AMER Dean PATTERSON (WR) Georgia Tech,2026-01-09,2026-01-09,Dean,Patterson,WR,AMER,Georgia Tech,MTL,ADD NEGOTIATION LIST,True,185765,players,Negotiation List,Eligible,2026-09-05T13:30:37.057098,2026-09-05
204116,WPG ADD NEGOTIATION LIST AMER Shyheim BATTLE (DB) North Carolina State,2026-01-09,2026-01-09,Shyheim,Battle,DB,AMER,North Carolina State,WPG,ADD NEGOTIATION LIST,True,168926,players,Negotiation List,Eligible,2026-09-05T13:30:37.057098,2026-09-05
204115,WPG REM UNS NEGOTIATION LIST AMER Eli PANCOL (WR) Duke,2026-01-09,2026-01-09,Eli,Pancol,WR,AMER,Duke,WPG,REM UNS NEGOTIATION LIST,True,184911,players,Eligible,Negotiation List,2026-09-05T13:30:37.057098,2026-09-05
204112,MTL REM UNS NEGOTIATION LIST AMER Kam ARNOLD (LB) Boston College,2026-01-09,2026-01-09,Kam,Arnold,LB,AMER,Boston College,MTL,REM UNS NEGOTIATION LIST,True,184796,players,Eligible,Negotiation List,2026-09-05T13:30:37.057098,2026-09-05
204113,MTL ADD NEGOTIATION LIST AMER Luis PEREZ (QB) Texas A&M Commerce,2026-01-09,2026-01-09,Luis,PEREZ,QB,AMER,Texas A&M Commerce,MTL,ADD NEGOTIATION LIST,True,163735,players,Negotiation List,Eligible,2026-09-05T13:30:37.057098,2026-09-05
204114,CGY ADD NEGOTIATION LIST AMER Shad BANKS JR (LB) Texas at San Antonio,2026-01-09,2026-01-09,Shad,Banks Jr,LB,AMER,Texas at San Antonio,CGY,ADD NEGOTIATION LIST,True,185762,players,Negotiation List,Eligible,2026-09-05T13:30:37.057098,2026-09-05
204110,SSK REM UNS NEGOTIATION LIST AMER Trinidad CHAMBLISS (QB) Mississippi,2026-01-08,2026-01-08,Trinidad,Chambliss,QB,AMER,Mississippi,SSK,REM UNS NEGOTIATION LIST,True,184939,players,Eligible,Negotiation List,2026-09-05T13:30:37.057098,2026-09-05
204111,SSK ADD NEGOTIATION LIST AMER Khalid DUKE (DL) Kansas State,2026-01-08,2026-01-08,Khalid,Duke,DL,AMER,Kansas State,SSK,ADD NEGOTIATION LIST,True,168996,players,Negotiation List,Eligible,2026-09-05T13:30:37.057098,2026-09-05
204106,TOR REM UNS NEGOTIATION LIST AMER Andre JEFFERSON (DL) Lenoir-Rhyne College,2026-01-08,2026-01-08,Andre,Jefferson,DL,AMER,Lenoir-Rhyne College,TOR,REM UNS NEGOTIATION LIST,True,184300,players,Eligible,Negotiation List,2026-09-05T13:30:37.057098,2026-09-05
204107,TOR ADD NEGOTIATION LIST AMER Jacob KONGAIKA (DL) Arizona State,2026-01-08,2026-01-08,Jacob,Kongaika,DL,AMER,Arizona State,TOR,ADD NEGOTIATION LIST,True,185761,players,Negotiation List,Eligible,2026-09-05T13:30:37.057098,2026-09-05
204101,HAM ADD NEGOTIATION LIST AMER Alex WOLLSCHLAEGER (OL) Kentucky,2026-01-08,2026-01-08,Alex,Wollschlaeger,OL,AMER,Kentucky,HAM,ADD NEGOTIATION LIST,True,185760,players,Negotiation List,Eligible,2026-09-05T13:30:37.057098,2026-09-05
204098,BC REM UNS NEGOTIATION LIST AMER Deon CAIN (WR) Clemson,2026-01-08,2026-01-08,Deon,CAIN,WR,AMER,Clemson,BC,REM UNS NEGOTIATION LIST,True,166567,players,Eligible,Negotiation List,2026-09-05T13:30:37.057098,2026-09-05
204099,BC ADD NEGOTIATION LIST AMER Toriano PRIDE JR (DB) Missouri,2026-01-08,2026-01-08,Toriano,Pride JR,DB,AMER,Missouri,BC,ADD NEGOTIATION LIST,True,185759,players,Negotiation List,Eligible,2026-09-05T13:30:37.057098,2026-09-05
204100,HAM REM UNS NEGOTIATION LIST AMER Milo EIFLER (LB) Illinois,2026-01-08,2026-01-08,Milo,EIFLER,LB,AMER,Illinois,HAM,REM UNS NEGOTIATION LIST,True,166517,players,Eligible,Negotiation List,2026-09-05T13:30:37.057098,2026-09-05
204097,SSK ADD NEGOTIATION LIST AMER Leshon WILLIAMS (RB) Kansas,2026-01-08,2026-01-08,Leshon,Williams,RB,AMER,Kansas,SSK,ADD NEGOTIATION LIST,True,185758,players,Negotiation List,Eligible,2026-09-05T13:30:37.057098,2026-09-05
204094,SSK REM SGD NEGOTIATION LIST AMER Ali JENNINGS III (WR) Virginia Tech,2026-01-08,2026-01-08,Ali,Jennings III,WR,AMER,Virginia Tech,SSK,REM SGD NEGOTIATION LIST,True,184298,players,Eligible,Negotiation List,2026-09-05T13:30:37.057098,2026-09-05
204081,TOR ADD NEGOTIATION LIST AMER Devon MARSHALL (DB) North Carolina State,2026-01-07,2026-01-07,Devon,Marshall,DB,AMER,North Carolina State,TOR,ADD NEGOTIATION LIST,True,185757,players,Negotiation List,Eligible,2026-09-05T13:30:37.057098,2026-09-05
204080,TOR REM UNS NEGOTIATION LIST AMER Wesley STEINER (LB) Washington State,2026-01-07,2026-01-07,Wesley,Steiner,LB,AMER,Washington State,TOR,REM UNS NEGOTIATION LIST,True,184220,players,Eligible,Negotiation List,2026-09-05T13:30:37.057098,2026-09-05
204076,TOR REM UNS NEGOTIATION LIST AMER Michael BATTON (LB) Houston,2026-01-07,2026-01-07,Michael,Batton,LB,AMER,Houston,TOR,REM UNS NEGOTIATION LIST,True,184801,players,Eligible,Negotiation List,2026-09-05T13:30:37.057098,2026-09-05
204077,TOR ADD NEGOTIATION LIST AMER Hank BEATTY (WR) Illinois,2026-01-07,2026-01-07,Hank,Beatty,WR,AMER,Illinois,TOR,ADD NEGOTIATION LIST,True,185756,players,Negotiation List,Eligible,2026-09-05T13:30:37.057098,2026-09-05
204069,SSK REM UNS NEGOTIATION LIST AMER Tanner MCCALISTER (DB) Ohio State,2026-01-07,2026-01-07,Tanner,McCalister,DB,AMER,Ohio State,SSK,REM UNS NEGOTIATION LIST,True,185149,players,Eligible,Negotiation List,2026-09-05T13:30:37.057098,2026-09-05
204070,SSK ADD NEGOTIATION LIST AMER Freddie SWAIN (WR) Florida,2026-01-07,2026-01-07,Freddie,Swain,WR,AMER,Florida,SSK,ADD NEGOTIATION LIST,True,168226,players,Negotiation List,Eligible,2026-09-05T13:30:37.057098,2026-09-05
204067,WPG ADD NEGOTIATION LIST AMER Jimto OBIDEGWU (OL) North Texas,2026-01-07,2026-01-07,Jimto,Obidegwu,OL,AMER,North Texas,WPG,ADD NEGOTIATION LIST,True,185755,players,Negotiation List,Eligible,2026-09-05T13:30:37.057098,2026-09-05
204066,WPG REM UNS NEGOTIATION LIST AMER Joaquin DAVIS (WR) North Carolina Central,2026-01-07,2026-01-07,Joaquin,Davis,WR,AMER,North Carolina Central,WPG,REM UNS NEGOTIATION LIST,True,169445,players,Eligible,Negotiation List,2026-09-05T13:30:37.057098,2026-09-05
204065,EDM ADD NEGOTIATION LIST AMER Ben BELL (DL) Virginia Tech,2026-01-07,2026-01-07,Ben,Bell,DL,AMER,Virginia Tech,EDM,ADD NEGOTIATION LIST,True,185754,players,Negotiation List,Eligible,2026-09-05T13:30:37.057098,2026-09-05
204063,EDM REM UNS NEGOTIATION LIST AMER Dallas GANT (LB) Toledo,2026-01-07,2026-01-07,Dallas,Gant,LB,AMER,Toledo,EDM,REM UNS NEGOTIATION LIST,True,168720,players,Eligible,Negotiation List,2026-09-05T13:30:37.057098,2026-09-05
204061,WPG REM UNS NEGOTIATION LIST AMER Liam FORNADEL (OL) James Madison,2026-01-07,2026-01-07,Liam,FORNADEL,OL,AMER,James Madison,WPG,REM UNS NEGOTIATION LIST,True,166705,players,Eligible,Negotiation List,2026-09-05T13:30:37.057098,2026-09-05
204062,WPG ADD NEGOTIATION LIST AMER EJ HORTON (WR) Purdue,2026-01-07,2026-01-07,EJ,Horton,WR,AMER,Purdue,WPG,ADD NEGOTIATION LIST,True,185753,players,Negotiation List,Eligible,2026-09-05T13:30:37.057098,2026-09-05
204054,HAM ADD NEGOTIATION LIST AMER Taco DOWLER (WR) Montana State,2026-01-07,2026-01-07,Taco,Dowler,WR,AMER,Montana State,HAM,ADD NEGOTIATION LIST,True,185751,players,Negotiation List,Eligible,2026-09-05T13:30:37.057098,2026-09-05
204053,HAM REM UNS NEGOTIATION LIST AMER Cam RILEY (LB) Florida State,2026-01-07,2026-01-07,Cam,Riley,LB,AMER,Florida State,HAM,REM UNS NEGOTIATION LIST,True,184902,players,Eligible,Negotiation List,2026-09-05T13:30:37.057098,2026-09-05
204047,HAM ADD NEGOTIATION LIST AMER Hank BACHMEIER (QB) Wake Forest,2026-01-06,2026-01-07,Hank,BACHMEIER,QB,AMER,Wake Forest,HAM,ADD NEGOTIATION LIST,True,165217,players,Negotiation List,Eligible,2026-09-05T13:30:37.057098,2026-09-05
204046,HAM REM UNS NEGOTIATION LIST AMER Ochaun MATHIS (DL) Nebraska,2026-01-06,2026-01-07,Ochaun,Mathis,DL,AMER,Nebraska,HAM,REM UNS NEGOTIATION LIST,True,169076,players,Eligible,Negotiation List,2026-09-05T13:30:37.057098,2026-09-05
204039,TOR ADD NEGOTIATION LIST AMER Melvin PRIESTLY (OL) Illinois,2026-01-06,2026-01-06,Melvin,Priestly,OL,AMER,Illinois,TOR,ADD NEGOTIATION LIST,True,185749,players,Negotiation List,Eligible,2026-09-05T13:30:37.057098,2026-09-05
204038,TOR REM UNS NEGOTIATION LIST AMER Nusi MALANI (DL) Washington State,2026-01-06,2026-01-06,Nusi,Malani,DL,AMER,Washington State,TOR,REM UNS NEGOTIATION LIST,True,185039,players,Eligible,Negotiation List,2026-09-05T13:30:37.057098,2026-09-05
204037,TOR ADD NEGOTIATION LIST AMER Tommy DUNN JR (DL) Kansas,2026-01-06,2026-01-06,Tommy,Dunn Jr,DL,AMER,Kansas,TOR,ADD NEGOTIATION LIST,True,185748,players,Negotiation List,Eligible,2026-09-05T13:30:37.057098,2026-09-05
204034,BC REM UNS NEGOTIATION LIST AMER Keydrain CALLIGAN (DB) Southeastern Louisiana,2026-01-06,2026-01-06,Keydrain,CALLIGAN,DB,AMER,Southeastern Louisiana,BC,REM UNS NEGOTIATION LIST,True,169619,players,Eligible,Negotiation List,2026-09-05T13:30:37.057098,2026-09-05
204035,BC ADD NEGOTIATION LIST AMER Max TOMCZAK (WR) Youngstown State,2026-01-06,2026-01-06,Max,Tomczak,WR,AMER,Youngstown State,BC,ADD NEGOTIATION LIST,True,185152,players,Negotiation List,Eligible,2026-09-05T13:30:37.057098,2026-09-05
204033,EDM ADD NEGOTIATION LIST AMER Eric O'NEILL (DL) Rutgers,2026-01-06,2026-01-06,Eric,O'Neill,DL,AMER,Rutgers,EDM,ADD NEGOTIATION LIST,True,185151,players,Negotiation List,Eligible,2026-09-05T13:30:37.057098,2026-09-05
204030,BC REM UNS NEGOTIATION LIST AMER Michael DWUMFOUR (DL) Rutgers,2026-01-06,2026-01-06,Michael,DWUMFOUR,DL,AMER,Rutgers,BC,REM UNS NEGOTIATION LIST,True,166503,players,Eligible,Negotiation List,2026-09-05T13:30:37.057098,2026-09-05
204031,BC ADD NEGOTIATION LIST AMER Jackson CARMAN (OL) Clemson,2026-01-06,2026-01-06,Jackson,Carman,OL,AMER,Clemson,BC,ADD NEGOTIATION LIST,True,185150,players,Negotiation List,Eligible,2026-09-05T13:30:37.057098,2026-09-05
204032,EDM REM UNS NEGOTIATION LIST AMER Myles PURCHASE (DB) Iowa State,2026-01-06,2026-01-06,Myles,Purchase,DB,AMER,Iowa State,EDM,REM UNS NEGOTIATION LIST,True,184816,players,Eligible,Negotiation List,2026-09-05T13:30:37.057098,2026-09-05
204028,SSK REM UNS NEGOTIATION LIST AMER Power ECHOLS (LB) North Carolina,2026-01-06,2026-01-06,Power,Echols,LB,AMER,North Carolina,SSK,REM UNS NEGOTIATION LIST,True,184858,players,Eligible,Negotiation List,2026-09-05T13:30:37.057098,2026-09-05
204029,SSK ADD NEGOTIATION LIST AMER Tanner MCCALLISTER (DB) Ohio State,2026-01-06,2026-01-06,Tanner,McCallister,DB,AMER,Ohio State,SSK,ADD NEGOTIATION LIST,True,185149,players,Negotiation List,Eligible,2026-09-05T13:30:37.057098,2026-09-05
204014,TOR REM SGD NEGOTIATION LIST AMER Marcus HARPER II (OL) Oregon,2026-01-05,2026-01-05,Marcus,Harper II,OL,AMER,Oregon,TOR,REM SGD NEGOTIATION LIST,True,185124,players,Eligible,Negotiation List,2026-09-05T13:30:37.057098,2026-09-05
204011,EDM ADD NEGOTIATION LIST AMER Ryan SCHERNECKE (OL) Kutztown,2026-01-05,2026-01-05,Ryan,Schernecke,OL,AMER,Kutztown,EDM,ADD NEGOTIATION LIST,True,185148,players,Negotiation List,Eligible,2026-09-05T13:30:37.057098,2026-09-05
204010,EDM REM UNS NEGOTIATION LIST AMER Jaylon THOMAS (OL) Southern Methodist,2026-01-05,2026-01-05,Jaylon,THOMAS,OL,AMER,Southern Methodist,EDM,REM UNS NEGOTIATION LIST,True,167803,players,Eligible,Negotiation List,2026-09-05T13:30:37.057098,2026-09-05
204008,BC ADD NEGOTIATION LIST AMER Joshua PICKETT (DB) Duke,2026-01-05,2026-01-05,Joshua,Pickett,DB,AMER,Duke,BC,ADD NEGOTIATION LIST,True,185147,players,Negotiation List,Eligible,2026-09-05T13:30:37.057098,2026-09-05
204007,BC REM UNS NEGOTIATION LIST AMER Jordan TA'AMU (QB) Mississippi,2026-01-05,2026-01-05,Jordan,TA'AMU,QB,AMER,Mississippi,BC,REM UNS NEGOTIATION LIST,True,163675,players,Eligible,Negotiation List,2026-09-05T13:30:37.057098,2026-09-05
204006,WPG ADD NEGOTIATION LIST AMER Karon PRUNTY (DB) Wake Forest,2026-01-05,2026-01-05,Karon,Prunty,DB,AMER,Wake Forest,WPG,ADD NEGOTIATION LIST,True,185146,players,Negotiation List,Eligible,2026-09-05T13:30:37.057098,2026-09-05
204003,TOR ADD NEGOTIATION LIST AMER Jaden RIOS (DB) Texas State,2026-01-05,2026-01-05,Jaden,Rios,DB,AMER,Texas State,TOR,ADD NEGOTIATION LIST,True,185145,players,Negotiation List,Eligible,2026-09-05T13:30:37.057098,2026-09-05
204004,WPG ADD NEGOTIATION LIST AMER Kyahva TEZINO (LB) San Diego State,2026-01-05,2026-01-05,Kyahva,TEZINO,LB,AMER,San Diego State,WPG,ADD NEGOTIATION LIST,True,165836,players,Negotiation List,Eligible,2026-09-05T13:30:37.057098,2026-09-05
204005,WPG REM UNS NEGOTIATION LIST AMER Khris BOGLE (DL) Michigan State,2026-01-05,2026-01-05,Khris,Bogle,DL,AMER,Michigan State,WPG,REM UNS NEGOTIATION LIST,True,184094,players,Eligible,Negotiation List,2026-09-05T13:30:37.057098,2026-09-05
204002,CGY REM SGD NEGOTIATION LIST AMER Jeremiah HUNTER (WR) Washington,2026-01-05,2026-01-05,Jeremiah,Hunter,WR,AMER,Washington,CGY,REM SGD NEGOTIATION LIST,True,184282,players,Eligible,Negotiation List,2026-09-05T13:30:37.057098,2026-09-05
204001,CGY REM SGD NEGOTIATION LIST AMER Jeff FOREMAN (WR) Arkansas State,2026-01-05,2026-01-05,Jeff,FOREMAN,WR,AMER,Arkansas State,CGY,REM SGD NEGOTIATION LIST,True,185136,players,Eligible,Negotiation List,2026-09-05T13:30:37.057098,2026-09-05
203992,EDM REM UNS NEGOTIATION LIST AMER Malik CUNNINGHAM (QB) Louisville,2026-01-02,2026-01-02,Malik,Cunningham,QB,AMER,Louisville,EDM,REM UNS NEGOTIATION LIST,True,169096,players,Eligible,Negotiation List,2026-09-05T13:30:37.057098,2026-09-05
203990,EDM REM UNS NEGOTIATION LIST AMER Brandon SMITH (WR) Iowa,2026-01-02,2026-01-02,Brandon,SMITH,WR,AMER,Iowa,EDM,REM UNS NEGOTIATION LIST,True,167283,players,Eligible,Negotiation List,2026-09-05T13:30:37.057098,2026-09-05
203991,EDM ADD NEGOTIATION LIST AMER Ketron JACKSON JR (WR) Baylor,2026-01-02,2026-01-02,Ketron,Jackson Jr,WR,AMER,Baylor,EDM,ADD NEGOTIATION LIST,True,169583,players,Negotiation List,Eligible,2026-09-05T13:30:37.057098,2026-09-05
203993,EDM ADD NEGOTIATION LIST AMER Carlos ALLEN JR (DL) Houston,2026-01-02,2026-01-02,Carlos,Allen Jr,DL,AMER,Houston,EDM,ADD NEGOTIATION LIST,True,185143,players,Negotiation List,Eligible,2026-09-05T13:30:37.057098,2026-09-05
203988,MTL ADD NEGOTIATION LIST AMER Samuel DANKAH (LB) East Carolina,2026-01-02,2026-01-02,Samuel,Dankah,LB,AMER,East Carolina,MTL,ADD NEGOTIATION LIST,True,185141,players,Negotiation List,Eligible,2026-09-05T13:30:37.057098,2026-09-05
203989,OTT ADD NEGOTIATION LIST AMER Daniel SOBKOWICZ (WR) Illinois State,2026-01-02,2026-01-02,Daniel,Sobkowicz,WR,AMER,Illinois State,OTT,ADD NEGOTIATION LIST,True,185142,players,Negotiation List,Eligible,2026-09-05T13:30:37.057098,2026-09-05
203987,MTL REM UNS NEGOTIATION LIST AMER Chidozie NWANKWO (DL) Colorado,2026-01-02,2026-01-02,Chidozie,Nwankwo,DL,AMER,Colorado,MTL,REM UNS NEGOTIATION LIST,True,169338,players,Eligible,Negotiation List,2026-09-05T13:30:37.057098,2026-09-05
203986,BC ADD NEGOTIATION LIST AMER Jake RETZLAFF (QB) Tulane,2026-01-02,2026-01-02,Jake,Retzlaff,QB,AMER,Tulane,BC,ADD NEGOTIATION LIST,True,169189,players,Negotiation List,Ineligible,2026-09-05T13:30:37.057098,2026-09-05
203985,BC REM SGD NEGOTIATION LIST AMER Ralen GOFORTH (LB) Washington,2026-01-02,2026-01-02,Ralen,GOFORTH,LB,AMER,Washington,BC,REM SGD NEGOTIATION LIST,True,168692,players,Eligible,Negotiation List,2026-09-05T13:30:37.057098,2026-09-05
203960,WPG REM UNS NEGOTIATION LIST AMER Max TOOLEY (LB) Brigham Young,2026-01-02,2026-01-02,Max,Tooley,LB,AMER,Brigham Young,WPG,REM UNS NEGOTIATION LIST,True,169162,players,Eligible,Negotiation List,2026-09-05T13:30:37.057098,2026-09-05
203961,WPG ADD NEGOTIATION LIST AMER Tyren MONTGOMERY (WR) John Carroll,2026-01-02,2026-01-02,Tyren,Montgomery,WR,AMER,John Carroll,WPG,ADD NEGOTIATION LIST,True,185132,players,Negotiation List,Eligible,2026-09-05T13:30:37.057098,2026-09-05
203962,SSK REM UNS NEGOTIATION LIST AMER Curtis JACOBS (LB) Penn State,2026-01-02,2026-01-02,Curtis,Jacobs,LB,AMER,Penn State,SSK,REM UNS NEGOTIATION LIST,True,169515,players,Eligible,Negotiation List,2026-09-05T13:30:37.057098,2026-09-05
203963,SSK ADD NEGOTIATION LIST AMER Zachary THOMAS (OL) San Diego State,2026-01-02,2026-01-02,Zachary,THOMAS,OL,AMER,San Diego State,SSK,ADD NEGOTIATION LIST,True,167316,players,Negotiation List,Eligible,2026-09-05T13:30:37.057098,2026-09-05
203964,WPG ADD NEGOTIATION LIST AMER Jakari FOSTER (DB) Louisiana Tech,2026-01-02,2026-01-02,Jakari,Foster,DB,AMER,Louisiana Tech,WPG,ADD NEGOTIATION LIST,True,185133,players,Negotiation List,Eligible,2026-09-05T13:30:37.057098,2026-09-05
203965,MTL ADD NEGOTIATION LIST AMER Dasan MCCULLOUGH (DL) Nebraska,2026-01-02,2026-01-02,Dasan,McCullough,DL,AMER,Nebraska,MTL,ADD NEGOTIATION LIST,True,185134,players,Negotiation List,Eligible,2026-09-05T13:30:37.057098,2026-09-05
203966,WPG REM UNS NEGOTIATION LIST AMER DaMarcus MITCHELL (DL) Purdue,2026-01-02,2026-01-02,DaMarcus,Mitchell,DL,AMER,Purdue,WPG,REM UNS NEGOTIATION LIST,True,168227,players,Eligible,Negotiation List,2026-09-05T13:30:37.057098,2026-09-05
203967,WPG ADD NEGOTIATION LIST AMER Mitchell MELTON (DL) Virginia,2026-01-02,2026-01-02,Mitchell,Melton,DL,AMER,Virginia,WPG,ADD NEGOTIATION LIST,True,185135,players,Negotiation List,Eligible,2026-09-05T13:30:37.057098,2026-09-05
203968,CGY REM UNS NEGOTIATION LIST AMER Elijah COOKS (WR) San Jose State,2026-01-02,2026-01-02,Elijah,Cooks,WR,AMER,San Jose State,CGY,REM UNS NEGOTIATION LIST,True,169395,players,Eligible,Negotiation List,2026-09-05T13:30:37.057098,2026-09-05
203969,CGY ADD NEGOTIATION LIST AMER Jeff FOREMAN (WR) Arkansas State,2026-01-02,2026-01-02,Jeff,Foreman,WR,AMER,Arkansas State,CGY,ADD NEGOTIATION LIST,True,185136,players,Negotiation List,Eligible,2026-09-05T13:30:37.057098,2026-09-05
203970,EDM REM UNS NEGOTIATION LIST AMER Connor BAZELAK (QB) Bowling Green State,2026-01-02,2026-01-02,Connor,Bazelak,QB,AMER,Bowling Green State,EDM,REM UNS NEGOTIATION LIST,True,184840,players,Eligible,Negotiation List,2026-09-05T13:30:37.057098,2026-09-05
203971,EDM ADD NEGOTIATION LIST AMER Braylon BRAXTON (QB) Southern Mississippi,2026-01-02,2026-01-02,Braylon,Braxton,QB,AMER,Southern Mississippi,EDM,ADD NEGOTIATION LIST,True,185137,players,Negotiation List,Eligible,2026-09-05T13:30:37.057098,2026-09-05
203972,HAM REM UNS NEGOTIATION LIST AMER Kedon SLOVIS (QB) Pittsburgh,2026-01-02,2026-01-02,Kedon,SLOVIS,QB,AMER,Pittsburgh,HAM,REM UNS NEGOTIATION LIST,True,165238,players,Eligible,Negotiation List,2026-09-05T13:30:37.057098,2026-09-05
203973,HAM ADD NEGOTIATION LIST AMER Jack STRAND (QB) Minnesota State Moorhead,2026-01-02,2026-01-02,Jack,Strand,QB,AMER,Minnesota State Moorhead,HAM,ADD NEGOTIATION LIST,True,185138,players,Negotiation List,Eligible,2026-09-05T13:30:37.057098,2026-09-05
203974,HAM REM UNS NEGOTIATION LIST AMER Tyron HERRING (DB) Delaware,2026-01-02,2026-01-02,Tyron,Herring,DB,AMER,Delaware,HAM,REM UNS NEGOTIATION LIST,True,185127,players,Eligible,Negotiation List,2026-09-05T13:30:37.057098,2026-09-05
203975,HAM ADD NEGOTIATION LIST AMER Julius DAVIS (RB) Montana State,2026-01-02,2026-01-02,Julius,Davis,RB,AMER,Montana State,HAM,ADD NEGOTIATION LIST,True,185139,players,Negotiation List,Eligible,2026-09-05T13:30:37.057098,2026-09-05
203976,HAM REM UNS NEGOTIATION LIST AMER Kyrese ROWAN (WR) Utah State,2026-01-02,2026-01-02,Kyrese,Rowan,WR,AMER,Utah State,HAM,REM UNS NEGOTIATION LIST,True,184896,players,Eligible,Negotiation List,2026-09-05T13:30:37.057098,2026-09-05
203977,HAM ADD NEGOTIATION LIST AMER Jordan CROOK (WR) Arizona State,2026-01-02,2026-01-02,Jordan,Crook,WR,AMER,Arizona State,HAM,ADD NEGOTIATION LIST,True,185140,players,Negotiation List,Eligible,2026-09-05T13:30:37.057098,2026-09-05
203959,"OTT REM SGD NEGOTIATION LIST AMER Theodore ""TJ"" JACKSON JR. (DL) West Virginia",2026-01-02,2026-01-02,"Theodore ""TJ""",Jackson Jr.,DL,AMER,West Virginia,OTT,REM SGD NEGOTIATION LIST,True,169324,players,Eligible,Negotiation List,2026-09-05T13:30:37.057098,2026-09-05
203958,TOR REM SGD NEGOTIATION LIST AMER Tyler KAHMANN (WR) Emporia State,2026-01-02,2026-01-02,Tyler,Kahmann,WR,AMER,Emporia State,TOR,REM SGD NEGOTIATION LIST,True,169355,players,Eligible,Negotiation List,2026-09-05T13:30:37.057098,2026-09-05
203956,MTL REM SGD NEGOTIATION LIST AMER Quali CONLEY (RB) Arizona,2026-01-02,2026-01-02,Quali,Conley,RB,AMER,Arizona,MTL,REM SGD NEGOTIATION LIST,True,184413,players,Eligible,Negotiation List,2026-09-05T13:30:37.057098,2026-09-05
203934,EDM ADD NEGOTIATION LIST AMER Rushawn BAKER (RB) Elon University,2025-12-30,2025-12-30,Rushawn,Baker,RB,AMER,Elon University,EDM,ADD NEGOTIATION LIST,True,185130,players,Negotiation List,Eligible,2026-09-05T13:30:37.057098,2026-09-05
203933,EDM REM UNS NEGOTIATION LIST AMER Benton WHITLEY (DL) Holy Cross,2025-12-30,2025-12-30,Benton,WHITLEY,DL,AMER,Holy Cross,EDM,REM UNS NEGOTIATION LIST,True,166716,players,Eligible,Negotiation List,2026-09-05T13:30:37.057098,2026-09-05
203932,EDM ADD NEGOTIATION LIST AMER Jason IVEY (OL) North Carolina A&T,2025-12-30,2025-12-30,Jason,Ivey,OL,AMER,North Carolina A&T,EDM,ADD NEGOTIATION LIST,True,169448,players,Negotiation List,Eligible,2026-09-05T13:30:37.057098,2026-09-05
203931,EDM REM SGD NEGOTIATION LIST AMER Ayir ASANTE (WR) Wyoming,2025-12-30,2025-12-30,Ayir,Asante,WR,AMER,Wyoming,EDM,REM SGD NEGOTIATION LIST,True,168514,players,Eligible,Negotiation List,2026-09-05T13:30:37.057098,2026-09-05
203927,WPG ADD NEGOTIATION LIST AMER Ethan JOHNSON (DB) Appalachian State,2025-12-30,2025-12-30,Ethan,Johnson,DB,AMER,Appalachian State,WPG,ADD NEGOTIATION LIST,True,185128,players,Negotiation List,Eligible,2026-09-05T13:30:37.057098,2026-09-05
203926,CGY ADD NEGOTIATION LIST AMER Jeremiah HUNTER (WR) Washington,2025-12-30,2025-12-30,Jeremiah,Hunter,WR,AMER,Washington,CGY,ADD NEGOTIATION LIST,True,184282,players,Negotiation List,Eligible,2026-09-05T13:30:37.057098,2026-09-05
203925,CGY REM UNS NEGOTIATION LIST AMER Jaylen MAHONEY (DB) Vanderbilt,2025-12-30,2025-12-30,Jaylen,Mahoney,DB,AMER,Vanderbilt,CGY,REM UNS NEGOTIATION LIST,True,184806,players,Eligible,Negotiation List,2026-09-05T13:30:37.057098,2026-09-05
203919,HAM ADD NEGOTIATION LIST AMER Tyron HERRING (DB) Delaware,2025-12-29,2025-12-29,Tyron,Herring,DB,AMER,Delaware,HAM,ADD NEGOTIATION LIST,True,185127,players,Negotiation List,Eligible,2026-09-05T13:30:37.057098,2026-09-05
203918,HAM REM SGD NEGOTIATION LIST AMER Caiden WOULLARD (DL) Oklahoma,2025-12-29,2025-12-29,Caiden,Woullard,DL,AMER,Oklahoma,HAM,REM SGD NEGOTIATION LIST,True,184934,players,Eligible,Negotiation List,2026-09-05T13:30:37.057098,2026-09-05
203909,TOR REM UNS NEGOTIATION LIST AMER Nolan SLYWKA (WR) Stony Brook,2025-12-29,2025-12-29,Nolan,Slywka,WR,AMER,Stony Brook,TOR,REM UNS NEGOTIATION LIST,True,184290,players,Eligible,Negotiation List,2026-09-05T13:30:37.057098,2026-09-05
203910,TOR ADD NEGOTIATION LIST AMER Marcus HARPER (OL) Oregon,2025-12-29,2025-12-29,Marcus,Harper,OL,AMER,Oregon,TOR,ADD NEGOTIATION LIST,True,185124,players,Negotiation List,Eligible,2026-09-05T13:30:37.057098,2026-09-05
203911,SSK REM SGD NEGOTIATION LIST GLOB Sylvain YONDJOUEN (DL) Georgia Tech,2025-12-29,2025-12-29,Sylvain,Yondjouen,DL,GLOB,Georgia Tech,SSK,REM SGD NEGOTIATION LIST,True,184014,players,Eligible,Negotiation List,2026-09-05T13:30:37.057098,2026-09-05
203912,SSK ADD NEGOTIATION LIST AMER Damon BANKSTON (RB) New Mexico,2025-12-29,2025-12-29,Damon,Bankston,RB,AMER,New Mexico,SSK,ADD NEGOTIATION LIST,True,185125,players,Negotiation List,Eligible,2026-09-05T13:30:37.057098,2026-09-05
203913,CGY REM UNS NEGOTIATION LIST AMER D.J. WILLIAMS (RB) Arizona,2025-12-29,2025-12-29,D.J.,WILLIAMS,RB,AMER,Arizona,CGY,REM UNS NEGOTIATION LIST,True,168674,players,Eligible,Negotiation List,2026-09-05T13:30:37.057098,2026-09-05
203914,CGY ADD NEGOTIATION LIST AMER Jordan WATERS (RB) North Carolina State,2025-12-29,2025-12-29,Jordan,Waters,RB,AMER,North Carolina State,CGY,ADD NEGOTIATION LIST,True,185126,players,Negotiation List,Eligible,2026-09-05T13:30:37.057098,2026-09-05
203904,EDM ADD NEGOTIATION LIST AMER Kyler BAUGH (DT) Minnesota,2025-12-28,2025-12-29,Kyler,Baugh,DT,AMER,Minnesota,EDM,ADD NEGOTIATION LIST,True,168648,players,Negotiation List,Eligible,2026-09-05T13:30:37.057098,2026-09-05
203899,BC ADD NEGOTIATION LIST AMER Lorenzo THOMPSON (OL) Rhode Island,2025-12-26,2025-12-29,Lorenzo,Thompson,OL,AMER,Rhode Island,BC,ADD NEGOTIATION LIST,True,168472,players,Negotiation List,Eligible,2026-09-05T13:30:37.057098,2026-09-05
203900,MTL ADD NEGOTIATION LIST AMER Tyreek MADDOX-WILLIAMS (LB) Rutgers,2025-12-26,2025-12-29,Tyreek,Maddox-Williams,LB,AMER,Rutgers,MTL,ADD NEGOTIATION LIST,True,169022,players,Negotiation List,Eligible,2026-09-05T13:30:37.057098,2026-09-05
203898,EDM REM SGD NEGOTIATION LIST AMER Antario BROWN (RB) Northern Illinois,2025-12-26,2025-12-29,Antario,Brown,RB,AMER,Northern Illinois,EDM,REM SGD NEGOTIATION LIST,True,169614,players,Eligible,Negotiation List,2026-09-05T13:30:37.057098,2026-09-05
203896,BC REM SGD NEGOTIATION LIST AMER Anthony SAMBUCCI (WR) Western Michigan,2025-12-25,2025-12-29,Anthony,SAMBUCCI,WR,AMER,Western Michigan,BC,REM SGD NEGOTIATION LIST,True,185122,players,Eligible,Negotiation List,2026-09-05T13:30:37.057098,2026-09-05
203889,EDM ADD NEGOTIATION LIST AMER Lamareon JAMES (DB) Texas Christian,2025-12-23,2025-12-23,Lamareon,James,DB,AMER,Texas Christian,EDM,ADD NEGOTIATION LIST,True,185123,players,Negotiation List,Eligible,2026-09-05T13:30:37.057098,2026-09-05
203888,EDM REM UNS NEGOTIATION LIST AMER Tysheem JOHNSON (DB) Oregon,2025-12-23,2025-12-23,Tysheem,Johnson,DB,AMER,Oregon,EDM,REM UNS NEGOTIATION LIST,True,184999,players,Eligible,Negotiation List,2026-09-05T13:30:37.057098,2026-09-05
203886,WPG REM SGD NEGOTIATION LIST AMER Payton THORNE (QB) Auburn,2025-12-23,2025-12-23,Payton,THORNE,QB,AMER,Auburn,WPG,REM SGD NEGOTIATION LIST,True,166541,players,Eligible,Negotiation List,2026-09-05T13:30:37.057098,2026-09-05
203874,WPG REM SGD NEGOTIATION LIST AMER Jahmal BANKS (WR) Nebraska,2025-12-23,2025-12-23,Jahmal,Banks,WR,AMER,Nebraska,WPG,REM SGD NEGOTIATION LIST,True,184799,players,Eligible,Negotiation List,2026-09-05T13:30:37.057098,2026-09-05
203873,EDM ADD NEGOTIATION LIST AMER Antario BROWN (RB) Northern Illinois,2025-12-23,2025-12-23,Antario,Brown,RB,AMER,Northern Illinois,EDM,ADD NEGOTIATION LIST,True,169614,players,Negotiation List,Eligible,2026-09-05T13:30:37.057098,2026-09-05
203871,TOR ADD NEGOTIATION LIST AMER Xazavian VALLADAY (RB) Arizona State,2025-12-23,2025-12-23,Xazavian,Valladay,RB,AMER,Arizona State,TOR,ADD NEGOTIATION LIST,True,168224,players,Negotiation List,Eligible,2026-09-05T13:30:37.057098,2026-09-05
203872,EDM REM UNS NEGOTIATION LIST AMER Casey ROGERS (DL) Oregon,2025-12-23,2025-12-23,Casey,Rogers,DL,AMER,Oregon,EDM,REM UNS NEGOTIATION LIST,True,184919,players,Eligible,Negotiation List,2026-09-05T13:30:37.057098,2026-09-05
203870,TOR REM UNS NEGOTIATION LIST AMER Caleb MURPHY (DL) Ferris State,2025-12-23,2025-12-23,Caleb,MURPHY,DL,AMER,Ferris State,TOR,REM UNS NEGOTIATION LIST,True,167498,players,Eligible,Negotiation List,2026-09-05T13:30:37.057098,2026-09-05
203864,BC REM UNS NEGOTIATION LIST AMER Xazavian VALLADAY (RB) Arizona State,2025-12-22,2025-12-22,Xazavian,Valladay,RB,AMER,Arizona State,BC,REM UNS NEGOTIATION LIST,True,168224,players,Eligible,Negotiation List,2026-09-05T13:30:37.057098,2026-09-05
203865,BC ADD NEGOTIATION LIST AMER Anthony SAMBUCCI (WR) Western Michigan,2025-12-22,2025-12-22,Anthony,Sambucci,WR,AMER,Western Michigan,BC,ADD NEGOTIATION LIST,True,185122,players,Negotiation List,Eligible,2026-09-05T13:30:37.057098,2026-09-05
203853,SSK ADD NEGOTIATION LIST AMER Tyrese ROBINSON (OL) Oklahoma,2025-12-22,2025-12-22,Tyrese,Robinson,OL,AMER,Oklahoma,SSK,ADD NEGOTIATION LIST,True,168238,players,Negotiation List,Eligible,2026-09-05T13:30:37.057098,2026-09-05
203854,HAM ADD NEGOTIATION LIST AMER Gottlieb AYEDZE (OL) Maryland,2025-12-22,2025-12-22,Gottlieb,Ayedze,OL,AMER,Maryland,HAM,ADD NEGOTIATION LIST,True,168556,players,Negotiation List,Eligible,2026-09-05T13:30:37.057098,2026-09-05
203852,SSK REM UNS NEGOTIATION LIST AMER Alphonzo TUPUTALA (LB) Washington,2025-12-22,2025-12-22,Alphonzo,Tuputala,LB,AMER,Washington,SSK,REM UNS NEGOTIATION LIST,True,184855,players,Eligible,Negotiation List,2026-09-05T13:30:37.057098,2026-09-05
203851,HAM REM SGD NEGOTIATION LIST AMER Craig YOUNG (LB) Kansas,2025-12-22,2025-12-22,Craig,Young,LB,AMER,Kansas,HAM,REM SGD NEGOTIATION LIST,True,169106,players,Eligible,Negotiation List,2026-09-05T13:30:37.057098,2026-09-05
203850,MTL REM SGD NEGOTIATION LIST AMER Diwun BLACK (LB) Temple,2025-12-22,2025-12-22,Diwun,BLACK,LB,AMER,Temple,MTL,REM SGD NEGOTIATION LIST,True,166093,players,Eligible,Negotiation List,2026-09-05T13:30:37.057098,2026-09-05
203845,WPG ADD NEGOTIATION LIST AMER Aidan MEEK (OL) Sacramento State,2025-12-19,2025-12-19,Aidan,Meek,OL,AMER,Sacramento State,WPG,ADD NEGOTIATION LIST,True,185120,players,Negotiation List,Eligible,2026-09-05T13:30:37.057098,2026-09-05
203841,TOR REM UNS NEGOTIATION LIST AMER Shedeur SANDERS (QB) Colorado,2025-12-19,2025-12-19,Shedeur,SANDERS,QB,AMER,Colorado,TOR,REM UNS NEGOTIATION LIST,True,166525,players,Eligible,Negotiation List,2026-09-05T13:30:37.057098,2026-09-05
203842,TOR ADD NEGOTIATION LIST AMER Deon JACKSON (RB) Duke,2025-12-19,2025-12-19,Deon,Jackson,RB,AMER,Duke,TOR,ADD NEGOTIATION LIST,True,169138,players,Negotiation List,Eligible,2026-09-05T13:30:37.057098,2026-09-05
203840,BC REM UNS NEGOTIATION LIST AMER Cade JOHNSON (WR) South Dakota State,2025-12-19,2025-12-19,Cade,JOHNSON,WR,AMER,South Dakota State,BC,REM UNS NEGOTIATION LIST,True,166622,players,Eligible,Negotiation List,2026-09-05T13:30:37.057098,2026-09-05
203837,WPG REM SGD NEGOTIATION LIST AMER Joseph MORE (OL) Arkansas,2025-12-18,2025-12-18,Joseph,More,OL,AMER,Arkansas,WPG,REM SGD NEGOTIATION LIST,True,185096,players,Eligible,Negotiation List,2026-09-05T13:30:37.057098,2026-09-05
203833,TOR REM UNS NEGOTIATION LIST AMER Drew NASH (QB) Western Colorado,2025-12-18,2025-12-18,Drew,Nash,QB,AMER,Western Colorado,TOR,REM UNS NEGOTIATION LIST,True,184962,players,Eligible,Negotiation List,2026-09-05T13:30:37.057098,2026-09-05
203834,TOR ADD NEGOTIATION LIST AMER Hudson CLARK (DB) Arkansas,2025-12-18,2025-12-18,Hudson,Clark,DB,AMER,Arkansas,TOR,ADD NEGOTIATION LIST,True,185119,players,Negotiation List,Eligible,2026-09-05T13:30:37.057098,2026-09-05
203832,BC ADD NEGOTIATION LIST AMER Nasir BOWERS (DB) Toledo,2025-12-18,2025-12-18,Nasir,Bowers,DB,AMER,Toledo,BC,ADD NEGOTIATION LIST,True,185118,players,Negotiation List,Eligible,2026-09-05T13:30:37.057098,2026-09-05
203831,BC REM SGD NEGOTIATION LIST AMER Peyton BARBER (RB) Auburn,2025-12-18,2025-12-18,Peyton,BARBER,RB,AMER,Auburn,BC,REM SGD NEGOTIATION LIST,True,185082,players,Eligible,Negotiation List,2026-09-05T13:30:37.057098,2026-09-05
203827,TOR ADD NEGOTIATION LIST AMER MJ DEVONSHIRE (DB) Pittsburgh,2025-12-18,2025-12-18,MJ,Devonshire,DB,AMER,Pittsburgh,TOR,ADD NEGOTIATION LIST,True,185117,players,Negotiation List,Eligible,2026-09-05T13:30:37.057098,2026-09-05
203826,TOR REM UNS NEGOTIATION LIST AMER Esa POLE (OL) Washington State,2025-12-18,2025-12-18,Esa,Pole,OL,AMER,Washington State,TOR,REM UNS NEGOTIATION LIST,True,185017,players,Eligible,Negotiation List,2026-09-05T13:30:37.057098,2026-09-05
203825,EDM ADD NEGOTIATION LIST AMER Myles PURCHASE (DB) Iowa State,2025-12-18,2025-12-18,Myles,Purchase,DB,AMER,Iowa State,EDM,ADD NEGOTIATION LIST,True,184816,players,Negotiation List,Eligible,2026-09-05T13:30:37.057098,2026-09-05
203824,EDM REM UNS NEGOTIATION LIST AMER Keenan GARBER (DB) Kansas State,2025-12-18,2025-12-18,Keenan,Garber,DB,AMER,Kansas State,EDM,REM UNS NEGOTIATION LIST,True,184877,players,Eligible,Negotiation List,2026-09-05T13:30:37.057098,2026-09-05
203822,SSK ADD NEGOTIATION LIST AMER Matthew SLUKA (QB) James Madison,2025-12-18,2025-12-18,Matthew,SLUKA,QB,AMER,James Madison,SSK,ADD NEGOTIATION LIST,True,168082,players,Negotiation List,Eligible,2026-09-05T13:30:37.057098,2026-09-05
203821,SSK REM UNS NEGOTIATION LIST AMER Adam BOCK (LB) South Dakota State,2025-12-18,2025-12-18,Adam,Bock,LB,AMER,South Dakota State,SSK,REM UNS NEGOTIATION LIST,True,169287,players,Eligible,Negotiation List,2026-09-05T13:30:37.057098,2026-09-05
203811,BC ADD NEGOTIATION LIST AMER Bernard GOODEN (DL) Louisiana State,2025-12-18,2025-12-18,Bernard,Gooden,DL,AMER,Louisiana State,BC,ADD NEGOTIATION LIST,True,185116,players,Negotiation List,Eligible,2026-09-05T13:30:37.057098,2026-09-05
203809,BC ADD NEGOTIATION LIST AMER Racey MCMATH (WR) Louisiana State,2025-12-18,2025-12-18,Racey,McMath,WR,AMER,Louisiana State,BC,ADD NEGOTIATION LIST,True,169136,players,Negotiation List,Eligible,2026-09-05T13:30:37.057098,2026-09-05
203810,BC REM UNS NEGOTIATION LIST AMER Cole GONZALES (QB) Western Carolina,2025-12-18,2025-12-18,Cole,Gonzales,QB,AMER,Western Carolina,BC,REM UNS NEGOTIATION LIST,True,169051,players,Eligible,Negotiation List,2026-09-05T13:30:37.057098,2026-09-05
203808,BC REM UNS NEGOTIATION LIST AMER Nate LYNN (DL) William & Mary,2025-12-18,2025-12-18,Nate,Lynn,DL,AMER,William & Mary,BC,REM UNS NEGOTIATION LIST,True,168694,players,Eligible,Negotiation List,2026-09-05T13:30:37.057098,2026-09-05
203805,MTL ADD NEGOTIATION LIST AMER Leroy WATSON (OL) Texas at San Antonio,2025-12-17,2025-12-17,Leroy,Watson,OL,AMER,Texas at San Antonio,MTL,ADD NEGOTIATION LIST,True,169105,players,Negotiation List,Eligible,2026-09-05T13:30:37.057098,2026-09-05
203804,HAM ADD NEGOTIATION LIST AMER DJ JAMES (DB) Auburn,2025-12-17,2025-12-17,DJ,James,DB,AMER,Auburn,HAM,ADD NEGOTIATION LIST,True,169131,players,Negotiation List,Eligible,2026-09-05T13:30:37.057098,2026-09-05
203803,HAM REM UNS NEGOTIATION LIST AMER McClendon CURTIS (OL) Chattanooga,2025-12-17,2025-12-17,McClendon,Curtis,OL,AMER,Chattanooga,HAM,REM UNS NEGOTIATION LIST,True,185087,players,Eligible,Negotiation List,2026-09-05T13:30:37.057098,2026-09-05
203802,WPG REM SGD NEGOTIATION LIST AMER Gerald MONROE (WR) Graceland,2025-12-17,2025-12-17,Gerald,Monroe,WR,AMER,Graceland,WPG,REM SGD NEGOTIATION LIST,True,168333,players,Eligible,Negotiation List,2026-09-05T13:30:37.057098,2026-09-05
203799,MTL REM SGD NEGOTIATION LIST AMER Aaron SHAMPKLIN (RB) Harvard,2025-12-17,2025-12-17,Aaron,Shampklin,RB,AMER,Harvard,MTL,REM SGD NEGOTIATION LIST,True,185091,players,Eligible,Negotiation List,2026-09-05T13:30:37.057098,2026-09-05
203790,SSK ADD NEGOTIATION LIST AMER Bobby PRICE (DB) Norfolk State,2025-12-17,2025-12-17,Bobby,Price,DB,AMER,Norfolk State,SSK,ADD NEGOTIATION LIST,True,185115,players,Negotiation List,Eligible,2026-09-05T13:30:37.057098,2026-09-05
203789,SSK REM UNS NEGOTIATION LIST AMER Zachary THOMAS (OL) San Diego State,2025-12-17,2025-12-17,Zachary,THOMAS,OL,AMER,San Diego State,SSK,REM UNS NEGOTIATION LIST,True,167316,players,Eligible,Negotiation List,2026-09-05T13:30:37.057098,2026-09-05
203776,MTL ADD NEGOTIATION LIST AMER Marlon WILLIAMS (WR) Central Florida,2025-12-17,2025-12-17,Marlon,WILLIAMS,WR,AMER,Central Florida,MTL,ADD NEGOTIATION LIST,True,166381,players,Negotiation List,Eligible,2026-09-05T13:30:37.057098,2026-09-05
203775,MTL REM UNS NEGOTIATION LIST AMER Doug NESTER (OL) West Virginia,2025-12-17,2025-12-17,Doug,Nester,OL,AMER,West Virginia,MTL,REM UNS NEGOTIATION LIST,True,184888,players,Eligible,Negotiation List,2026-09-05T13:30:37.057098,2026-09-05
203772,TOR ADD NEGOTIATION LIST AMER Trey WEDIG (OL) Indiana,2025-12-17,2025-12-17,Trey,Wedig,OL,AMER,Indiana,TOR,ADD NEGOTIATION LIST,True,184890,players,Negotiation List,Eligible,2026-09-05T13:30:37.057098,2026-09-05
203773,EDM REM UNS NEGOTIATION LIST AMER Tanner MCCALISTER (DB) Ohio State,2025-12-17,2025-12-17,Tanner,McCalister,DB,AMER,Ohio State,EDM,REM UNS NEGOTIATION LIST,True,184279,players,Eligible,Negotiation List,2026-09-05T13:30:37.057098,2026-09-05
203774,EDM ADD NEGOTIATION LIST AMER Jeremiah WALKER (DB) Stephen F. Austin State,2025-12-17,2025-12-17,Jeremiah,Walker,DB,AMER,Stephen F. Austin State,EDM,ADD NEGOTIATION LIST,True,185114,players,Negotiation List,Eligible,2026-09-05T13:30:37.057098,2026-09-05
203771,TOR REM UNS NEGOTIATION LIST AMER Matthew SLUKA (QB) James Madison,2025-12-17,2025-12-17,Matthew,SLUKA,QB,AMER,James Madison,TOR,REM UNS NEGOTIATION LIST,True,168082,players,Eligible,Negotiation List,2026-09-05T13:30:37.057098,2026-09-05
203761,WPG REM UNS NEGOTIATION LIST AMER Deuce VAUGHN (RB) Kansas State,2025-12-16,2025-12-16,Deuce,Vaughn,RB,AMER,Kansas State,WPG,REM UNS NEGOTIATION LIST,True,169034,players,Eligible,Negotiation List,2026-09-05T13:30:37.057098,2026-09-05
203762,WPG ADD NEGOTIATION LIST AMER DaMarcus MITCHELL (DL) Purdue,2025-12-16,2025-12-16,DaMarcus,Mitchell,DL,AMER,Purdue,WPG,ADD NEGOTIATION LIST,True,168227,players,Negotiation List,Eligible,2026-09-05T13:30:37.057098,2026-09-05
203759,TOR REM UNS NEGOTIATION LIST AMER Xavier ROBIOU (DB) Howard,2025-12-16,2025-12-16,Xavier,Robiou,DB,AMER,Howard,TOR,REM UNS NEGOTIATION LIST,True,184174,players,Eligible,Negotiation List,2026-09-05T13:30:37.057098,2026-09-05
203760,TOR ADD NEGOTIATION LIST AMER D'Ante SMITH (OL) East Carolina,2025-12-16,2025-12-16,D'Ante,Smith,OL,AMER,East Carolina,TOR,ADD NEGOTIATION LIST,True,185112,players,Negotiation List,Eligible,2026-09-05T13:30:37.057098,2026-09-05
203758,TOR ADD NEGOTIATION LIST AMER Sataoa LAUMEA (OL) Utah,2025-12-16,2025-12-16,Sataoa,Laumea,OL,AMER,Utah,TOR,ADD NEGOTIATION LIST,True,185111,players,Negotiation List,Eligible,2026-09-05T13:30:37.057098,2026-09-05
203757,TOR REM UNS NEGOTIATION LIST AMER Zach EVANS (RB) Mississippi,2025-12-16,2025-12-16,Zach,Evans,RB,AMER,Mississippi,TOR,REM UNS NEGOTIATION LIST,True,169127,players,Eligible,Negotiation List,2026-09-05T13:30:37.057098,2026-09-05
203755,SSK ADD NEGOTIATION LIST AMER Curtis JACOBS (LB) Penn State,2025-12-16,2025-12-16,Curtis,Jacobs,LB,AMER,Penn State,SSK,ADD NEGOTIATION LIST,True,169515,players,Negotiation List,Eligible,2026-09-05T13:30:37.057098,2026-09-05
203752,TOR REM UNS NEGOTIATION LIST AMER Lincoln PARE (RB) Texas State,2025-12-16,2025-12-16,Lincoln,Pare,RB,AMER,Texas State,TOR,REM UNS NEGOTIATION LIST,True,184921,players,Eligible,Negotiation List,2026-09-05T13:30:37.057098,2026-09-05
203753,TOR ADD NEGOTIATION LIST AMER Rakim JARRETT (WR) Maryland,2025-12-16,2025-12-16,Rakim,Jarrett,WR,AMER,Maryland,TOR,ADD NEGOTIATION LIST,True,185110,players,Negotiation List,Eligible,2026-09-05T13:30:37.057098,2026-09-05
203750,SSK REM SGD NEGOTIATION LIST AMER Malik KNOWLES (WR) Kansas State,2025-12-16,2025-12-16,Malik,Knowles,WR,AMER,Kansas State,SSK,REM SGD NEGOTIATION LIST,True,169145,players,Eligible,Negotiation List,2026-09-05T13:30:37.057098,2026-09-05
203749,SSK ADD NEGOTIATION LIST AMER Zachary THOMAS (OL) San Diego State,2025-12-16,2025-12-16,Zachary,THOMAS,OL,AMER,San Diego State,SSK,ADD NEGOTIATION LIST,True,167316,players,Negotiation List,Eligible,2026-09-05T13:30:37.057098,2026-09-05
203747,TOR ADD NEGOTIATION LIST AMER Raheem BLACKSHEAR (RB) Virginia Tech,2025-12-15,2025-12-15,Raheem,Blackshear,RB,AMER,Virginia Tech,TOR,ADD NEGOTIATION LIST,True,185109,players,Negotiation List,Eligible,2026-09-05T13:30:37.057098,2026-09-05
203745,OTT REM UNS NEGOTIATION LIST AMER Loshiaka ROQUES (DL) North Dakota State,2025-12-15,2025-12-15,Loshiaka,Roques,DL,AMER,North Dakota State,OTT,REM UNS NEGOTIATION LIST,True,184254,players,Eligible,Negotiation List,2026-09-05T13:30:37.057098,2026-09-05
203746,OTT ADD NEGOTIATION LIST AMER Parker CLEMENTS (OL) Virginia Tech,2025-12-15,2025-12-15,Parker,Clements,OL,AMER,Virginia Tech,OTT,ADD NEGOTIATION LIST,True,185108,players,Negotiation List,Eligible,2026-09-05T13:30:37.057098,2026-09-05
203744,BC ADD NEGOTIATION LIST AMER Demetric FELTON (RB) UCLA,2025-12-15,2025-12-15,Demetric,Felton,RB,AMER,UCLA,BC,ADD NEGOTIATION LIST,True,168568,players,Negotiation List,Eligible,2026-09-05T13:30:37.057098,2026-09-05
203743,TOR ADD NEGOTIATION LIST AMER Karsen BARNHART (OL) Michigan,2025-12-15,2025-12-15,Karsen,Barnhart,OL,AMER,Michigan,TOR,ADD NEGOTIATION LIST,True,168933,players,Negotiation List,Eligible,2026-09-05T13:30:37.057098,2026-09-05
203742,MTL ADD NEGOTIATION LIST AMER KJ HAMLER (WR) Penn State,2025-12-15,2025-12-15,KJ,Hamler,WR,AMER,Penn State,MTL,ADD NEGOTIATION LIST,True,185102,players,Negotiation List,Eligible,2026-09-05T13:30:37.057098,2026-09-05
203741,MTL REM SGD NEGOTIATION LIST AMER Austin WATKINS (WR) Alabama Birmingham,2025-12-15,2025-12-15,Austin,WATKINS,WR,AMER,Alabama Birmingham,MTL,REM SGD NEGOTIATION LIST,True,166703,players,Eligible,Negotiation List,2026-09-05T13:30:37.057098,2026-09-05
203737,OTT ADD NEGOTIATION LIST AMER Jailin WALKER (LB) Indiana,2025-12-15,2025-12-15,Jailin,Walker,LB,AMER,Indiana,OTT,ADD NEGOTIATION LIST,True,184682,players,Negotiation List,Eligible,2026-09-05T13:30:37.057098,2026-09-05
203735,BC ADD NEGOTIATION LIST AMER Luq BARCOO (DB) San Diego State,2025-12-15,2025-12-15,Luq,BARCOO,DB,AMER,San Diego State,BC,ADD NEGOTIATION LIST,True,166558,players,Negotiation List,Eligible,2026-09-05T13:30:37.057098,2026-09-05
203736,OTT REM UNS NEGOTIATION LIST AMER Ty ZENTNER (P) Kansas State,2025-12-15,2025-12-15,Ty,Zentner,P,AMER,Kansas State,OTT,REM UNS NEGOTIATION LIST,True,169291,players,Eligible,Negotiation List,2026-09-05T13:30:37.057098,2026-09-05
203733,SSK ADD NEGOTIATION LIST AMER Tyrie CLEVELAND (WR) Florida,2025-12-15,2025-12-15,Tyrie,Cleveland,WR,AMER,Florida,SSK,ADD NEGOTIATION LIST,True,169223,players,Negotiation List,Eligible,2026-09-05T13:30:37.057098,2026-09-05
203734,WPG ADD NEGOTIATION LIST AMER Joe MORE (OL) Arkansas,2025-12-15,2025-12-15,Joe,More,OL,AMER,Arkansas,WPG,ADD NEGOTIATION LIST,True,185096,players,Negotiation List,Eligible,2026-09-05T13:30:37.057098,2026-09-05
203731,SSK REM SGD NEGOTIATION LIST AMER Sundiata ANDERSON (DL) Grambling State,2025-12-15,2025-12-15,Sundiata,ANDERSON,DL,AMER,Grambling State,SSK,REM SGD NEGOTIATION LIST,True,167514,players,Eligible,Negotiation List,2026-09-05T13:30:37.057098,2026-09-05
203730,SSK REM SGD NEGOTIATION LIST AMER Davin VANN (DL) North Carolina State,2025-12-15,2025-12-15,Davin,Vann,DL,AMER,North Carolina State,SSK,REM SGD NEGOTIATION LIST,True,169595,players,Eligible,Negotiation List,2026-09-05T13:30:37.057098,2026-09-05
203724,TOR REM SGD NEGOTIATION LIST AMER Desmond BLAND (OL) West Florida,2025-12-12,2025-12-12,Desmond,Bland,OL,AMER,West Florida,TOR,REM SGD NEGOTIATION LIST,True,168895,players,Eligible,Negotiation List,2026-09-05T13:30:37.057098,2026-09-05
203719,CGY REM UNS NEGOTIATION LIST AMER Chase COTA (WR) Oregon,2025-12-12,2025-12-12,Chase,Cota,WR,AMER,Oregon,CGY,REM UNS NEGOTIATION LIST,True,169304,players,Eligible,Negotiation List,2026-09-05T13:30:37.057098,2026-09-05
203720,CGY ADD NEGOTIATION LIST AMER Samori TOURE (WR) Nebraska,2025-12-12,2025-12-12,Samori,Toure,WR,AMER,Nebraska,CGY,ADD NEGOTIATION LIST,True,184886,players,Negotiation List,Eligible,2026-09-05T13:30:37.057098,2026-09-05
203718,SSK ADD NEGOTIATION LIST AMER Jaylen JOHNSON (WR) East Carolina,2025-12-11,2025-12-11,Jaylen,Johnson,WR,AMER,East Carolina,SSK,ADD NEGOTIATION LIST,True,185095,players,Negotiation List,Eligible,2026-09-05T13:30:37.057098,2026-09-05
203717,SSK REM UNS NEGOTIATION LIST AMER Andrew FARMER (DL) Lane College,2025-12-11,2025-12-11,Andrew,FARMER,DL,AMER,Lane College,SSK,REM UNS NEGOTIATION LIST,True,167418,players,Eligible,Negotiation List,2026-09-05T13:30:37.057098,2026-09-05
203716,SSK ADD NEGOTIATION LIST AMER Doneiko SLAUGHTER (DB) Arkansas,2025-12-11,2025-12-11,Doneiko,Slaughter,DB,AMER,Arkansas,SSK,ADD NEGOTIATION LIST,True,185094,players,Negotiation List,Eligible,2026-09-05T13:30:37.057098,2026-09-05
203715,SSK REM UNS NEGOTIATION LIST AMER Jalen DALTON (DL) North Carolina,2025-12-11,2025-12-11,Jalen,DALTON,DL,AMER,North Carolina,SSK,REM UNS NEGOTIATION LIST,True,167049,players,Eligible,Negotiation List,2026-09-05T13:30:37.057098,2026-09-05
203713,MTL REM UNS NEGOTIATION LIST AMER Victor SNOW (WR) Buffalo,2025-12-11,2025-12-11,Victor,Snow,WR,AMER,Buffalo,MTL,REM UNS NEGOTIATION LIST,True,185068,players,Eligible,Negotiation List,2026-09-05T13:30:37.057098,2026-09-05
203714,MTL ADD NEGOTIATION LIST AMER Dez FITZPATRICK (WR) Louisville,2025-12-11,2025-12-11,Dez,Fitzpatrick,WR,AMER,Louisville,MTL,ADD NEGOTIATION LIST,True,185093,players,Negotiation List,Eligible,2026-09-05T13:30:37.057098,2026-09-05
203712,WPG REM SGD NEGOTIATION LIST AMER Cameron MCCUTCHEON (DB) Western Carolina,2025-12-11,2025-12-11,Cameron,McCutcheon,DB,AMER,Western Carolina,WPG,REM SGD NEGOTIATION LIST,True,169271,players,Eligible,Negotiation List,2026-09-05T13:30:37.057098,2026-09-05
203710,WPG ADD NEGOTIATION LIST AMER Gabriel BENYARD (WR) Kennesaw State,2025-12-11,2025-12-11,Gabriel,Benyard,WR,AMER,Kennesaw State,WPG,ADD NEGOTIATION LIST,True,185092,players,Negotiation List,Eligible,2026-09-05T13:30:37.057098,2026-09-05
203709,WPG REM UNS NEGOTIATION LIST AMER Samori TOURE (WR) Nebraska,2025-12-11,2025-12-11,Samori,Toure,WR,AMER,Nebraska,WPG,REM UNS NEGOTIATION LIST,True,184886,players,Eligible,Negotiation List,2026-09-05T13:30:37.057098,2026-09-05
203708,MTL ADD NEGOTIATION LIST AMER Aaron SHAMPKLIN (RB) Harvard,2025-12-11,2025-12-11,Aaron,Shampklin,RB,AMER,Harvard,MTL,ADD NEGOTIATION LIST,True,185091,players,Negotiation List,Eligible,2026-09-05T13:30:37.057098,2026-09-05
203707,MTL REM UNS NEGOTIATION LIST AMER Kenny WILLEKES (DL) Michigan State,2025-12-11,2025-12-11,Kenny,WILLEKES,DL,AMER,Michigan State,MTL,REM UNS NEGOTIATION LIST,True,168133,players,Eligible,Negotiation List,2026-09-05T13:30:37.057098,2026-09-05
203698,MTL REM UNS NEGOTIATION LIST AMER TJ SPEIGHT (WR) Monmouth,2025-12-11,2025-12-11,TJ,Speight,WR,AMER,Monmouth,MTL,REM UNS NEGOTIATION LIST,True,184979,players,Eligible,Negotiation List,2026-09-05T13:30:37.057098,2026-09-05
203697,MTL ADD NEGOTIATION LIST AMER Austin WATKINS (WR) Alabama Birmingham,2025-12-11,2025-12-11,Austin,WATKINS,WR,AMER,Alabama Birmingham,MTL,ADD NEGOTIATION LIST,True,166703,players,Negotiation List,Eligible,2026-09-05T13:30:37.057098,2026-09-05
203695,BC REM SGD NEGOTIATION LIST GLOB Mark MCNAMEE (K) No College,2025-12-11,2025-12-11,Mark,MCNAMEE,K,GLOB,No College,BC,REM SGD NEGOTIATION LIST,True,184021,players,Eligible,Negotiation List,2026-09-05T13:30:37.057098,2026-09-05
203683,MTL ADD NEGOTIATION LIST AMER Daniel WISE (DL) Kansas,2025-12-09,2025-12-09,Daniel,WISE,DL,AMER,Kansas,MTL,ADD NEGOTIATION LIST,True,165161,players,Negotiation List,Eligible,2026-09-05T13:30:37.057098,2026-09-05
203682,CGY ADD NEGOTIATION LIST AMER LaDarius HAMILTON (DL) North Texas,2025-12-09,2025-12-09,LaDarius,HAMILTON,DL,AMER,North Texas,CGY,ADD NEGOTIATION LIST,True,166289,players,Negotiation List,Eligible,2026-09-05T13:30:37.057098,2026-09-05
203673,CGY REM SGD NEGOTIATION LIST AMER Ed MONTILUS (OL) North Carolina,2025-12-09,2025-12-09,Ed,MONTILUS,OL,AMER,North Carolina,CGY,REM SGD NEGOTIATION LIST,True,168850,players,Eligible,Negotiation List,2026-09-05T13:30:37.057098,2026-09-05
203670,HAM ADD NEGOTIATION LIST AMER McClendon CURTIS (OL) Chattanooga,2025-12-09,2025-12-09,McClendon,Curtis,OL,AMER,Chattanooga,HAM,ADD NEGOTIATION LIST,True,185087,players,Negotiation List,Eligible,2026-09-05T13:30:37.057098,2026-09-05
203669,HAM REM SGD NEGOTIATION LIST AMER Cameron STONE (DB) Hawaii,2025-12-09,2025-12-09,Cameron,STONE,DB,AMER,Hawaii,HAM,REM SGD NEGOTIATION LIST,True,169323,players,Eligible,Negotiation List,2026-09-05T13:30:37.057098,2026-09-05
203667,HAM ADD NEGOTIATION LIST AMER Keenan ISAAC (DB) Alabama State,2025-12-09,2025-12-09,Keenan,ISAAC,DB,AMER,Alabama State,HAM,ADD NEGOTIATION LIST,True,167648,players,Negotiation List,Eligible,2026-09-05T13:30:37.057098,2026-09-05
203666,HAM REM SGD NEGOTIATION LIST AMER Blayne TAYLOR (WR) Abilene Christian,2025-12-09,2025-12-09,Blayne,Taylor,WR,AMER,Abilene Christian,HAM,REM SGD NEGOTIATION LIST,True,169553,players,Eligible,Negotiation List,2026-09-05T13:30:37.057098,2026-09-05
203653,BC ADD NEGOTIATION LIST AMER Drew DECK (WR) Montana,2025-12-08,2025-12-08,Drew,Deck,WR,AMER,Montana,BC,ADD NEGOTIATION LIST,True,185086,players,Negotiation List,Eligible,2026-09-05T13:30:37.057098,2026-09-05
203654,OTT ADD NEGOTIATION LIST AMER Braeden DANIELS (OL) Utah,2025-12-08,2025-12-08,Braeden,Daniels,OL,AMER,Utah,OTT,ADD NEGOTIATION LIST,True,169199,players,Negotiation List,Eligible,2026-09-05T13:30:37.057098,2026-09-05
203650,BC REM UNS NEGOTIATION LIST AMER Anthony AVERETT (DB) Alabama,2025-12-08,2025-12-08,Anthony,Averett,DB,AMER,Alabama,BC,REM UNS NEGOTIATION LIST,True,184904,players,Eligible,Negotiation List,2026-09-05T13:30:37.057098,2026-09-05
203651,BC ADD NEGOTIATION LIST AMER Junior VANDEROSS (WR) Toledo,2025-12-08,2025-12-08,Junior,Vandeross,WR,AMER,Toledo,BC,ADD NEGOTIATION LIST,True,185085,players,Negotiation List,Eligible,2026-09-05T13:30:37.057098,2026-09-05
203652,BC REM UNS NEGOTIATION LIST AMER Kobe CLAYBORNE (DL) South Dakota State,2025-12-08,2025-12-08,Kobe,Clayborne,DL,AMER,South Dakota State,BC,REM UNS NEGOTIATION LIST,True,185032,players,Eligible,Negotiation List,2026-09-05T13:30:37.057098,2026-09-05
203649,OTT REM SGD NEGOTIATION LIST GLOB Nouredin NOUILI (OL) Nebraska,2025-12-08,2025-12-08,Nouredin,NOUILI,OL,GLOB,Nebraska,OTT,REM SGD NEGOTIATION LIST,True,168767,players,Eligible,Negotiation List,2026-09-05T13:30:37.057098,2026-09-05
203648,WPG ADD NEGOTIATION LIST AMER Gerald MONROE (WR) Graceland,2025-12-08,2025-12-08,Gerald,Monroe,WR,AMER,Graceland,WPG,ADD NEGOTIATION LIST,True,168333,players,Negotiation List,Eligible,2026-09-05T13:30:37.057098,2026-09-05
203643,OTT REM UNS NEGOTIATION LIST AMER Jimmy HOLIDAY (WR) Louisiana Tech,2025-12-08,2025-12-08,Jimmy,Holiday,WR,AMER,Louisiana Tech,OTT,REM UNS NEGOTIATION LIST,True,185062,players,Eligible,Negotiation List,2026-09-05T13:30:37.057098,2026-09-05
203644,OTT ADD NEGOTIATION LIST AMER Sam VIDLAK (QB) Stephen F. Austin State,2025-12-08,2025-12-08,Sam,Vidlak,QB,AMER,Stephen F. Austin State,OTT,ADD NEGOTIATION LIST,True,185084,players,Negotiation List,Eligible,2026-09-05T13:30:37.057098,2026-09-05
203641,BC REM UNS NEGOTIATION LIST AMER Ronnie PERKINS (DL) Oklahoma,2025-12-08,2025-12-08,Ronnie,Perkins,DL,AMER,Oklahoma,BC,REM UNS NEGOTIATION LIST,True,169359,players,Eligible,Negotiation List,2026-09-05T13:30:37.057098,2026-09-05
203642,BC ADD NEGOTIATION LIST AMER Bryun PARHAM (LB) Connecticut,2025-12-08,2025-12-08,Bryun,Parham,LB,AMER,Connecticut,BC,ADD NEGOTIATION LIST,True,185083,players,Negotiation List,Eligible,2026-09-05T13:30:37.057098,2026-09-05
203640,WPG REM SGD NEGOTIATION LIST AMER Tairiq STEWART (OL) North Carolina A&T,2025-12-08,2025-12-08,Tairiq,STEWART,OL,AMER,North Carolina A&T,WPG,REM SGD NEGOTIATION LIST,True,168432,players,Eligible,Negotiation List,2026-09-05T13:30:37.057098,2026-09-05
203639,MTL REM SGD NEGOTIATION LIST AMER Faion HICKS (DB) Wisconsin,2025-12-08,2025-12-08,Faion,Hicks,DB,AMER,Wisconsin,MTL,REM SGD NEGOTIATION LIST,True,168978,players,Eligible,Negotiation List,2026-09-05T13:30:37.057098,2026-09-05
203636,BC ADD NEGOTIATION LIST AMER Peyton BARBER (RB) Auburn,2025-12-05,2025-12-05,Peyton,Barber,RB,AMER,Auburn,BC,ADD NEGOTIATION LIST,True,185082,players,Negotiation List,Eligible,2026-09-05T13:30:37.057098,2026-09-05
203635,BC REM UNS NEGOTIATION LIST AMER Demetric FELTON (WR) UCLA,2025-12-05,2025-12-05,Demetric,Felton,WR,AMER,UCLA,BC,REM UNS NEGOTIATION LIST,True,168568,players,Eligible,Negotiation List,2026-09-05T13:30:37.057098,2026-09-05
203618,OTT ADD NEGOTIATION LIST AMER Jeremy LUCIEN (DB) Vanderbilt,2025-12-05,2025-12-05,Jeremy,Lucien,DB,AMER,Vanderbilt,OTT,ADD NEGOTIATION LIST,True,169391,players,Negotiation List,Eligible,2026-09-05T13:30:37.057098,2026-09-05
203617,OTT ADD NEGOTIATION LIST AMER Matt LANDERS (WR) Arkansas,2025-12-05,2025-12-05,Matt,Landers,WR,AMER,Arkansas,OTT,ADD NEGOTIATION LIST,True,168644,players,Negotiation List,Eligible,2026-09-05T13:30:37.057098,2026-09-05
203620,OTT REM UNS NEGOTIATION LIST AMER Will BRADLEY-KING (DL) Baylor,2025-12-05,2025-12-05,Will,Bradley-King,DL,AMER,Baylor,OTT,REM UNS NEGOTIATION LIST,True,184255,players,Eligible,Negotiation List,2026-09-05T13:30:37.057098,2026-09-05
203619,OTT REM UNS NEGOTIATION LIST AMER Isreal ABANIKANDA (RB) Pittsburgh,2025-12-05,2025-12-05,Isreal,Abanikanda,RB,AMER,Pittsburgh,OTT,REM UNS NEGOTIATION LIST,True,185010,players,Eligible,Negotiation List,2026-09-05T13:30:37.057098,2026-09-05
203622,EDM REM UNS NEGOTIATION LIST AMER Jabari SMALL (RB) Tennessee,2025-12-05,2025-12-05,Jabari,Small,RB,AMER,Tennessee,EDM,REM UNS NEGOTIATION LIST,True,184257,players,Eligible,Negotiation List,2026-09-05T13:30:37.057098,2026-09-05
203621,EDM ADD NEGOTIATION LIST AMER Ayir ASANTE (WR) Wyoming,2025-12-05,2025-12-05,Ayir,Asante,WR,AMER,Wyoming,EDM,ADD NEGOTIATION LIST,True,168514,players,Negotiation List,Eligible,2026-09-05T13:30:37.057098,2026-09-05
203623,WPG ADD NEGOTIATION LIST AMER Tairiq STEWART (OL) North Carolina A&T,2025-12-05,2025-12-05,Tairiq,STEWART,OL,AMER,North Carolina A&T,WPG,ADD NEGOTIATION LIST,True,168432,players,Negotiation List,Eligible,2026-09-05T13:30:37.057098,2026-09-05
203624,WPG REM UNS NEGOTIATION LIST AMER KJ HENRY (DL) Clemson,2025-12-05,2025-12-05,KJ,Henry,DL,AMER,Clemson,WPG,REM UNS NEGOTIATION LIST,True,184678,players,Eligible,Negotiation List,2026-09-05T13:30:37.057098,2026-09-05
203626,HAM REM UNS NEGOTIATION LIST AMER Jalen KIMBER (DB) Penn State,2025-12-05,2025-12-05,Jalen,Kimber,DB,AMER,Penn State,HAM,REM UNS NEGOTIATION LIST,True,185057,players,Eligible,Negotiation List,2026-09-05T13:30:37.057098,2026-09-05
203625,HAM ADD NEGOTIATION LIST AMER Cameron STONE (DB) Hawaii,2025-12-05,2025-12-05,Cameron,STONE,DB,AMER,Hawaii,HAM,ADD NEGOTIATION LIST,True,169323,players,Negotiation List,Eligible,2026-09-05T13:30:37.057098,2026-09-05
203627,CGY ADD NEGOTIATION LIST AMER Ed MONTILUS (OL) North Carolina,2025-12-05,2025-12-05,Ed,MONTILUS,OL,AMER,North Carolina,CGY,ADD NEGOTIATION LIST,True,168850,players,Negotiation List,Eligible,2026-09-05T13:30:37.057098,2026-09-05
203628,CGY REM UNS NEGOTIATION LIST AMER Vershon LEE (OL) South Carolina,2025-12-05,2025-12-05,Vershon,Lee,OL,AMER,South Carolina,CGY,REM UNS NEGOTIATION LIST,True,184118,players,Eligible,Negotiation List,2026-09-05T13:30:37.057098,2026-09-05
203629,SSK REM UNS NEGOTIATION LIST AMER Eric BANKS (DT) Texas at San Antonio,2025-12-05,2025-12-05,Eric,Banks,DT,AMER,Texas at San Antonio,SSK,REM UNS NEGOTIATION LIST,True,184841,players,Eligible,Negotiation List,2026-09-05T13:30:37.057098,2026-09-05
203630,SSK ADD NEGOTIATION LIST AMER Jalen DALTON (DL) North Carolina,2025-12-05,2025-12-05,Jalen,DALTON,DL,AMER,North Carolina,SSK,ADD NEGOTIATION LIST,True,167049,players,Negotiation List,Eligible,2026-09-05T13:30:37.057098,2026-09-05
203631,WPG REM UNS NEGOTIATION LIST AMER Ethan DOWNS (DL) Oklahoma,2025-12-05,2025-12-05,Ethan,Downs,DL,AMER,Oklahoma,WPG,REM UNS NEGOTIATION LIST,True,184870,players,Eligible,Negotiation List,2026-09-05T13:30:37.057098,2026-09-05
203632,WPG ADD NEGOTIATION LIST AMER Khris BOGLE (DL) Michigan State,2025-12-05,2025-12-05,Khris,Bogle,DL,AMER,Michigan State,WPG,ADD NEGOTIATION LIST,True,184094,players,Negotiation List,Eligible,2026-09-05T13:30:37.057098,2026-09-05
203616,"OTT ADD NEGOTIATION LIST AMER Roterius ""Ro"" TORRENCE (DB) Arizona State",2025-12-05,2025-12-05,"Roterius ""Ro""",Torrence,DB,AMER,Arizona State,OTT,ADD NEGOTIATION LIST,True,168997,players,Negotiation List,Eligible,2026-09-05T13:30:37.057098,2026-09-05
203615,OTT ADD NEGOTIATION LIST GLOB Nouredin NOUILI (OL) Nebraska,2025-12-05,2025-12-05,Nouredin,NOUILI,OL,GLOB,Nebraska,OTT,ADD NEGOTIATION LIST,True,168767,players,Negotiation List,Eligible,2026-09-05T13:30:37.057098,2026-09-05
203612,SSK REM UNS NEGOTIATION LIST AMER Mikey VICTOR (DB) Alabama State,2025-12-05,2025-12-05,Mikey,Victor,DB,AMER,Alabama State,SSK,REM UNS NEGOTIATION LIST,True,168555,players,Eligible,Negotiation List,2026-09-05T13:30:37.057098,2026-09-05
203613,SSK ADD NEGOTIATION LIST GLOB Sylvain YONDJOUEN (DL) Georgia Tech,2025-12-05,2025-12-05,Sylvain,Yondjouen,DL,GLOB,Georgia Tech,SSK,ADD NEGOTIATION LIST,True,184014,players,Negotiation List,Eligible,2026-09-05T13:30:37.057098,2026-09-05
203604,WPG ADD NEGOTIATION LIST AMER Matthew JACKSON (LB) Eastern Kentucky,2025-12-04,2025-12-04,Matthew,JACKSON,LB,AMER,Eastern Kentucky,WPG,ADD NEGOTIATION LIST,True,167399,players,Negotiation List,Eligible,2026-09-05T13:30:37.057098,2026-09-05
203603,WPG REM UNS NEGOTIATION LIST AMER Beanie BISHOP (DB) West Virginia,2025-12-04,2025-12-04,Beanie,Bishop,DB,AMER,West Virginia,WPG,REM UNS NEGOTIATION LIST,True,185030,players,Eligible,Negotiation List,2026-09-05T13:30:37.057098,2026-09-05
203600,CGY ADD NEGOTIATION LIST AMER Jordan POLK (DB) Texas State,2025-12-04,2025-12-04,Jordan,Polk,DB,AMER,Texas State,CGY,ADD NEGOTIATION LIST,True,185080,players,Negotiation List,Eligible,2026-09-05T13:30:37.057098,2026-09-05
203599,CGY REM UNS NEGOTIATION LIST AMER Tyreek MADDOX-WILLIAMS (LB) Rutgers,2025-12-04,2025-12-04,Tyreek,Maddox-Williams,LB,AMER,Rutgers,CGY,REM UNS NEGOTIATION LIST,True,169022,players,Eligible,Negotiation List,2026-09-05T13:30:37.057098,2026-09-05
203598,CGY ADD NEGOTIATION LIST AMER B.J. THOMPSON (DL) Stephen F. Austin State,2025-12-04,2025-12-04,B.J.,THOMPSON,DL,AMER,Stephen F. Austin State,CGY,ADD NEGOTIATION LIST,True,166574,players,Negotiation List,Eligible,2026-09-05T13:30:37.057098,2026-09-05
203597,CGY REM UNS NEGOTIATION LIST AMER Khris BOGLE (DL) Michigan State,2025-12-04,2025-12-04,Khris,Bogle,DL,AMER,Michigan State,CGY,REM UNS NEGOTIATION LIST,True,184094,players,Eligible,Negotiation List,2026-09-05T13:30:37.057098,2026-09-05
203596,CGY ADD NEGOTIATION LIST AMER D.J. WILLIAMS (RB) Arizona,2025-12-04,2025-12-04,D.J.,WILLIAMS,RB,AMER,Arizona,CGY,ADD NEGOTIATION LIST,True,168674,players,Negotiation List,Eligible,2026-09-05T13:30:37.057098,2026-09-05
203595,BC ADD NEGOTIATION LIST GLOB Mark MCNAMEE (K) No College,2025-12-04,2025-12-04,Mark,MCNAMEE,K,GLOB,No College,BC,ADD NEGOTIATION LIST,True,184021,players,Negotiation List,Eligible,2026-09-05T13:30:37.057098,2026-09-05
203594,HAM ADD NEGOTIATION LIST AMER Phillip WEBB (DL) Jackson State,2025-12-04,2025-12-04,Phillip,Webb,DL,AMER,Jackson State,HAM,ADD NEGOTIATION LIST,True,169542,players,Negotiation List,Eligible,2026-09-05T13:30:37.057098,2026-09-05
203593,HAM REM UNS NEGOTIATION LIST AMER Eku LEOTA (LB) Auburn,2025-12-04,2025-12-04,Eku,Leota,LB,AMER,Auburn,HAM,REM UNS NEGOTIATION LIST,True,184891,players,Eligible,Negotiation List,2026-09-05T13:30:37.057098,2026-09-05
203590,MTL REM UNS NEGOTIATION LIST AMER Red MURDOCK (LB) Buffalo,2025-12-03,2025-12-03,Red,Murdock,LB,AMER,Buffalo,MTL,REM UNS NEGOTIATION LIST,True,185026,players,Eligible,Negotiation List,2026-09-05T13:30:37.057098,2026-09-05
203591,MTL ADD NEGOTIATION LIST AMER Terique OWENS (WR) Missouri State,2025-12-03,2025-12-03,Terique,Owens,WR,AMER,Missouri State,MTL,ADD NEGOTIATION LIST,True,185079,players,Negotiation List,Eligible,2026-09-05T13:30:37.057098,2026-09-05
203587,MTL ADD NEGOTIATION LIST AMER Isaiah THOMAS (DL) Oklahoma,2025-12-03,2025-12-03,Isaiah,Thomas,DL,AMER,Oklahoma,MTL,ADD NEGOTIATION LIST,True,185076,players,Negotiation List,Eligible,2026-09-05T13:30:37.057098,2026-09-05
203588,SSK ADD NEGOTIATION LIST AMER Lucky JACKSON (WR) Western Kentucky,2025-12-03,2025-12-03,Lucky,Jackson,WR,AMER,Western Kentucky,SSK,ADD NEGOTIATION LIST,True,185077,players,Negotiation List,Eligible,2026-09-05T13:30:37.057098,2026-09-05
203586,SSK REM SGD NEGOTIATION LIST AMER Marcus MAJOR JR. (RB) Minnesota,2025-12-03,2025-12-03,Marcus,Major Jr.,RB,AMER,Minnesota,SSK,REM SGD NEGOTIATION LIST,True,184830,players,Eligible,Negotiation List,2026-09-05T13:30:37.057098,2026-09-05
203579,BC REM UNS NEGOTIATION LIST AMER Tyvon RUSSELL (DB) Vanderbilt,2025-12-03,2025-12-03,Tyvon,Russell,DB,AMER,Vanderbilt,BC,REM UNS NEGOTIATION LIST,True,185028,players,Eligible,Negotiation List,2026-09-05T13:30:37.057098,2026-09-05
203580,BC ADD NEGOTIATION LIST AMER Nate LYNN (DL) William & Mary,2025-12-03,2025-12-03,Nate,Lynn,DL,AMER,William & Mary,BC,ADD NEGOTIATION LIST,True,168694,players,Negotiation List,Eligible,2026-09-05T13:30:37.057098,2026-09-05
203578,EDM REM UNS NEGOTIATION LIST AMER Antwaun POWELL-RYLAND (DL) Virginia Tech,2025-12-02,2025-12-02,Antwaun,Powell-Ryland,DL,AMER,Virginia Tech,EDM,REM UNS NEGOTIATION LIST,True,184958,players,Eligible,Negotiation List,2026-09-05T13:30:37.057098,2026-09-05
203577,BC REM SGD NEGOTIATION LIST AMER Jaelon DARDEN (WR) North Texas,2025-12-02,2025-12-02,Jaelon,DARDEN,WR,AMER,North Texas,BC,REM SGD NEGOTIATION LIST,True,166077,players,Eligible,Negotiation List,2026-09-05T13:30:37.057098,2026-09-05
203574,EDM ADD NEGOTIATION LIST AMER Brandon SMITH (WR) Iowa,2025-12-02,2025-12-02,Brandon,SMITH,WR,AMER,Iowa,EDM,ADD NEGOTIATION LIST,True,167283,players,Negotiation List,Eligible,2026-09-05T13:30:37.057098,2026-09-05
203570,MTL REM SGD NEGOTIATION LIST AMER Cale SANDERS JR. (DB) Southern Methodist,2025-12-02,2025-12-02,Cale,Sanders Jr.,DB,AMER,Southern Methodist,MTL,REM SGD NEGOTIATION LIST,True,184175,players,Eligible,Negotiation List,2026-09-05T13:30:37.057098,2026-09-05
203564,MTL REM UNS NEGOTIATION LIST AMER Ricky BARBER (DL) Central Florida,2025-12-01,2025-12-01,Ricky,Barber,DL,AMER,Central Florida,MTL,REM UNS NEGOTIATION LIST,True,169206,players,Eligible,Negotiation List,2026-09-05T13:30:37.057098,2026-09-05
203565,MTL ADD NEGOTIATION LIST AMER Cale SANDERS JR (DB) Southern Methodist,2025-12-01,2025-12-01,Cale,Sanders Jr,DB,AMER,Southern Methodist,MTL,ADD NEGOTIATION LIST,True,184175,players,Negotiation List,Eligible,2026-09-05T13:30:37.057098,2026-09-05
203563,BC ADD NEGOTIATION LIST AMER Kyle DIXON (WR) Culver-Stockton College,2025-12-01,2025-12-01,Kyle,Dixon,WR,AMER,Culver-Stockton College,BC,ADD NEGOTIATION LIST,True,185073,players,Negotiation List,Eligible,2026-09-05T13:30:37.057098,2026-09-05
203562,CGY REM SGD NEGOTIATION LIST AMER Shaquan DAVIS (WR) South Carolina State,2025-12-01,2025-12-01,Shaquan,DAVIS,WR,AMER,South Carolina State,CGY,REM SGD NEGOTIATION LIST,True,169144,players,Eligible,Negotiation List,2026-09-05T13:30:37.057098,2026-09-05
203554,MTL ADD NEGOTIATION LIST AMER Jaelyn DUNCAN (OL) Maryland,2025-11-28,2025-11-28,Jaelyn,Duncan,OL,AMER,Maryland,MTL,ADD NEGOTIATION LIST,True,185072,players,Negotiation List,Eligible,2026-09-05T13:30:37.057098,2026-09-05
203553,MTL REM UNS NEGOTIATION LIST AMER Trey WEDIG (OL) Indiana,2025-11-28,2025-11-28,Trey,Wedig,OL,AMER,Indiana,MTL,REM UNS NEGOTIATION LIST,True,184890,players,Eligible,Negotiation List,2026-09-05T13:30:37.057098,2026-09-05
203550,MTL ADD NEGOTIATION LIST AMER Spencer ROLLAND (OL) North Carolina,2025-11-28,2025-11-28,Spencer,Rolland,OL,AMER,North Carolina,MTL,ADD NEGOTIATION LIST,True,169066,players,Negotiation List,Eligible,2026-09-05T13:30:37.057098,2026-09-05
203548,WPG REM UNS NEGOTIATION LIST AMER Nick WHITESIDE II (DB) Saginaw Valley State,2025-11-28,2025-11-28,Nick,Whiteside II,DB,AMER,Saginaw Valley State,WPG,REM UNS NEGOTIATION LIST,True,169091,players,Eligible,Negotiation List,2026-09-05T13:30:37.057098,2026-09-05
203549,WPG ADD NEGOTIATION LIST AMER Antonio GRIER (LB) Arkansas,2025-11-28,2025-11-28,Antonio,Grier,LB,AMER,Arkansas,WPG,ADD NEGOTIATION LIST,True,184968,players,Negotiation List,Eligible,2026-09-05T13:30:37.057098,2026-09-05
203547,OTT REM SGD NEGOTIATION LIST AMER Dennis BRIGGS JR. (DL) Illinois,2025-11-27,2025-11-27,Dennis,Briggs Jr.,DL,AMER,Illinois,OTT,REM SGD NEGOTIATION LIST,True,185056,players,Eligible,Negotiation List,2026-09-05T13:30:37.057098,2026-09-05
203534,SSK REM UNS NEGOTIATION LIST AMER Antonio GRIER (LB) Arkansas,2025-11-27,2025-11-27,Antonio,Grier,LB,AMER,Arkansas,SSK,REM UNS NEGOTIATION LIST,True,184968,players,Eligible,Negotiation List,2026-09-05T13:30:37.057098,2026-09-05
203535,SSK ADD NEGOTIATION LIST AMER Dicaprio BOOTLE (DB) Nebraska,2025-11-27,2025-11-27,Dicaprio,BOOTLE,DB,AMER,Nebraska,SSK,ADD NEGOTIATION LIST,True,166479,players,Negotiation List,Eligible,2026-09-05T13:30:37.057098,2026-09-05
203533,HAM ADD NEGOTIATION LIST AMER Jayden MCDONALD (LB) Connecticut,2025-11-27,2025-11-27,Jayden,McDonald,LB,AMER,Connecticut,HAM,ADD NEGOTIATION LIST,True,185069,players,Negotiation List,Eligible,2026-09-05T13:30:37.057098,2026-09-05
203532,HAM REM UNS NEGOTIATION LIST AMER David PERALES (DL) Fresno State,2025-11-27,2025-11-27,David,PERALES,DL,AMER,Fresno State,HAM,REM UNS NEGOTIATION LIST,True,167639,players,Eligible,Negotiation List,2026-09-05T13:30:37.057098,2026-09-05
203528,MTL REM SGD NEGOTIATION LIST AMER Kahzir BROWN (DB) Florida Atlantic,2025-11-27,2025-11-27,Kahzir,Brown,DB,AMER,Florida Atlantic,MTL,REM SGD NEGOTIATION LIST,True,184456,players,Eligible,Negotiation List,2026-09-05T13:30:37.057098,2026-09-05
203524,MTL ADD NEGOTIATION LIST AMER Victor SNOW (WR) Buffalo,2025-11-26,2025-11-26,Victor,Snow,WR,AMER,Buffalo,MTL,ADD NEGOTIATION LIST,True,185068,players,Negotiation List,Eligible,2026-09-05T13:30:37.057098,2026-09-05
203523,MTL ADD NEGOTIATION LIST AMER Jonathan BRADY (WR) Indiana,2025-11-26,2025-11-26,Jonathan,Brady,WR,AMER,Indiana,MTL,ADD NEGOTIATION LIST,True,185067,players,Negotiation List,Eligible,2026-09-05T13:30:37.057098,2026-09-05
203522,BC REM UNS NEGOTIATION LIST AMER Ameer SPEED (DB) Michigan State,2025-11-26,2025-11-26,Ameer,SPEED,DB,AMER,Michigan State,BC,REM UNS NEGOTIATION LIST,True,167759,players,Eligible,Negotiation List,2026-09-05T13:30:37.057098,2026-09-05
203521,BC ADD NEGOTIATION LIST AMER Deon CAIN (WR) Clemson,2025-11-26,2025-11-26,Deon,CAIN,WR,AMER,Clemson,BC,ADD NEGOTIATION LIST,True,166567,players,Negotiation List,Eligible,2026-09-05T13:30:37.057098,2026-09-05
203519,MTL REM SGD NEGOTIATION LIST AMER Kylan GUIDRY (DL) Western Kentucky,2025-11-26,2025-11-26,Kylan,Guidry,DL,AMER,Western Kentucky,MTL,REM SGD NEGOTIATION LIST,True,184459,players,Eligible,Negotiation List,2026-09-05T13:30:37.057098,2026-09-05
203516,MTL REM SGD NEGOTIATION LIST AMER Desmond IGBINOSUN (LB) Rutgers,2025-11-26,2025-11-26,Desmond,Igbinosun,LB,AMER,Rutgers,MTL,REM SGD NEGOTIATION LIST,True,185064,players,Eligible,Negotiation List,2026-09-05T13:30:37.057098,2026-09-05
203514,WPG ADD NEGOTIATION LIST AMER Nick WHITESIDE II (DB) Saginaw Valley State,2025-11-26,2025-11-26,Nick,Whiteside II,DB,AMER,Saginaw Valley State,WPG,ADD NEGOTIATION LIST,True,169091,players,Negotiation List,Eligible,2026-09-05T13:30:37.057098,2026-09-05
203513,TOR REM SGD NEGOTIATION LIST AMER Nicolas TOOMER (DB) Indiana,2025-11-26,2025-11-26,Nicolas,Toomer,DB,AMER,Indiana,TOR,REM SGD NEGOTIATION LIST,True,184246,players,Eligible,Negotiation List,2026-09-05T13:30:37.057098,2026-09-05
203512,MTL ADD NEGOTIATION LIST AMER Roderick DANIELS JR (WR) Southern Methodist,2025-11-26,2025-11-26,Roderick,Daniels Jr,WR,AMER,Southern Methodist,MTL,ADD NEGOTIATION LIST,True,169418,players,Negotiation List,Eligible,2026-09-05T13:30:37.057098,2026-09-05
203504,CGY ADD NEGOTIATION LIST AMER Shemar BARTHOLOMEW (DB) Georgia Southern,2025-11-26,2025-11-26,Shemar,Bartholomew,DB,AMER,Georgia Southern,CGY,ADD NEGOTIATION LIST,True,169016,players,Negotiation List,Eligible,2026-09-05T13:30:37.057098,2026-09-05
203502,CGY REM UNS NEGOTIATION LIST AMER Joseph VAUGHN (LB) UCLA,2025-11-26,2025-11-26,Joseph,Vaughn,LB,AMER,UCLA,CGY,REM UNS NEGOTIATION LIST,True,184884,players,Eligible,Negotiation List,2026-09-05T13:30:37.057098,2026-09-05
203501,OTT REM SGD NEGOTIATION LIST GLOB Yoann MIANGUÉ (DL) Laval,2025-11-26,2025-11-26,Yoann,MIANGUÉ,DL,GLOB,Laval,OTT,REM SGD NEGOTIATION LIST,True,184996,players,Eligible,Negotiation List,2026-09-05T13:30:37.057098,2026-09-05
203497,MTL REM UNS NEGOTIATION LIST AMER TJ SHEFFIELD (WR) Connecticut,2025-11-26,2025-11-26,TJ,Sheffield,WR,AMER,Connecticut,MTL,REM UNS NEGOTIATION LIST,True,184087,players,Eligible,Negotiation List,2026-09-05T13:30:37.057098,2026-09-05
203495,BC REM UNS NEGOTIATION LIST AMER Kelvin JOSEPH (DB) Kentucky,2025-11-26,2025-11-26,Kelvin,Joseph,DB,AMER,Kentucky,BC,REM UNS NEGOTIATION LIST,True,185063,players,Eligible,Negotiation List,2026-09-05T13:30:37.057098,2026-09-05
203490,HAM ADD NEGOTIATION LIST AMER Eku LEOTA (LB) Auburn,2025-11-25,2025-11-25,Eku,Leota,LB,AMER,Auburn,HAM,ADD NEGOTIATION LIST,True,184891,players,Negotiation List,Eligible,2026-09-05T13:30:37.057098,2026-09-05
203489,HAM REM UNS NEGOTIATION LIST AMER Thomas RUSH (DL) Minnesota,2025-11-25,2025-11-25,Thomas,RUSH,DL,AMER,Minnesota,HAM,REM UNS NEGOTIATION LIST,True,167649,players,Eligible,Negotiation List,2026-09-05T13:30:37.057098,2026-09-05
203487,MTL REM UNS NEGOTIATION LIST AMER Zevi ECKHAUS (QB) Washington State,2025-11-25,2025-11-25,Zevi,Eckhaus,QB,AMER,Washington State,MTL,REM UNS NEGOTIATION LIST,True,168941,players,Eligible,Negotiation List,2026-09-05T13:30:37.057098,2026-09-05
203488,MTL ADD NEGOTIATION LIST AMER Desmond IGBINOSUN (LB) Rutgers,2025-11-25,2025-11-25,Desmond,Igbinosun,LB,AMER,Rutgers,MTL,ADD NEGOTIATION LIST,True,185064,players,Negotiation List,Eligible,2026-09-05T13:30:37.057098,2026-09-05
203484,BC ADD NEGOTIATION LIST AMER Kelvin JOSEPH (DB) Kentucky,2025-11-25,2025-11-25,Kelvin,Joseph,DB,AMER,Kentucky,BC,ADD NEGOTIATION LIST,True,185063,players,Negotiation List,Eligible,2026-09-05T13:30:37.057098,2026-09-05
203483,BC REM UNS NEGOTIATION LIST AMER Micah ABRAHAM (DB) Marshall,2025-11-25,2025-11-25,Micah,Abraham,DB,AMER,Marshall,BC,REM UNS NEGOTIATION LIST,True,184155,players,Eligible,Negotiation List,2026-09-05T13:30:37.057098,2026-09-05
203480,WPG REM SGD NEGOTIATION LIST AMER Bryce PERKINS (QB) Virginia,2025-11-25,2025-11-25,Bryce,PERKINS,QB,AMER,Virginia,WPG,REM SGD NEGOTIATION LIST,True,164492,players,Eligible,Negotiation List,2026-09-05T13:30:37.057098,2026-09-05
203476,OTT REM UNS NEGOTIATION LIST AMER Isaiah GREENE (DB) Campbell University,2025-11-25,2025-11-25,Isaiah,Greene,DB,AMER,Campbell University,OTT,REM UNS NEGOTIATION LIST,True,185044,players,Eligible,Negotiation List,2026-09-05T13:30:37.057098,2026-09-05
203477,OTT ADD NEGOTIATION LIST AMER Jimmy HOLLIDAY (WR) Louisiana Tech,2025-11-25,2025-11-25,Jimmy,Holliday,WR,AMER,Louisiana Tech,OTT,ADD NEGOTIATION LIST,True,185062,players,Negotiation List,Eligible,2026-09-05T13:30:37.057098,2026-09-05
203472,BC REM SGD NEGOTIATION LIST AMER Kaedin ROBINSON (WR) Appalachian State,2025-11-24,2025-11-24,Kaedin,ROBINSON,WR,AMER,Appalachian State,BC,REM SGD NEGOTIATION LIST,True,169512,players,Eligible,Negotiation List,2026-09-05T13:30:37.057098,2026-09-05
203473,BC ADD NEGOTIATION LIST AMER Anthony AVERETT (DB) Alabama,2025-11-24,2025-11-24,Anthony,Averett,DB,AMER,Alabama,BC,ADD NEGOTIATION LIST,True,184904,players,Negotiation List,Eligible,2026-09-05T13:30:37.057098,2026-09-05
203463,EDM ADD NEGOTIATION LIST AMER Jamil MUHAMMAD (DL) Southern California,2025-11-24,2025-11-24,Jamil,Muhammad,DL,AMER,Southern California,EDM,ADD NEGOTIATION LIST,True,185061,players,Negotiation List,Eligible,2026-09-05T13:30:37.057098,2026-09-05
203462,EDM REM UNS NEGOTIATION LIST AMER Carter BRADLEY (QB) South Alabama,2025-11-24,2025-11-24,Carter,BRADLEY,QB,AMER,South Alabama,EDM,REM UNS NEGOTIATION LIST,True,168143,players,Eligible,Negotiation List,2026-09-05T13:30:37.057098,2026-09-05
203461,SSK ADD NEGOTIATION LIST AMER Xavier GUILLORY (WR) Arizona State,2025-11-24,2025-11-24,Xavier,Guillory,WR,AMER,Arizona State,SSK,ADD NEGOTIATION LIST,True,185060,players,Negotiation List,Eligible,2026-09-05T13:30:37.057098,2026-09-05
203454,EDM REM UNS NEGOTIATION LIST AMER Ethan ROBINSON (DB) Minnesota,2025-11-24,2025-11-24,Ethan,Robinson,DB,AMER,Minnesota,EDM,REM UNS NEGOTIATION LIST,True,184912,players,Eligible,Negotiation List,2026-09-05T13:30:37.057098,2026-09-05
203456,EDM ADD NEGOTIATION LIST AMER Nash JONES (OL) Texas State,2025-11-24,2025-11-24,Nash,Jones,OL,AMER,Texas State,EDM,ADD NEGOTIATION LIST,True,185059,players,Negotiation List,Eligible,2026-09-05T13:30:37.057098,2026-09-05
203453,BC ADD NEGOTIATION LIST AMER Fentrell CYPRESS II (DB) Florida State,2025-11-24,2025-11-24,Fentrell,Cypress II,DB,AMER,Florida State,BC,ADD NEGOTIATION LIST,True,185058,players,Negotiation List,Eligible,2026-09-05T13:30:37.057098,2026-09-05
203451,HAM ADD NEGOTIATION LIST AMER Jalen KIMBER (DB) Penn State,2025-11-24,2025-11-24,Jalen,Kimber,DB,AMER,Penn State,HAM,ADD NEGOTIATION LIST,True,185057,players,Negotiation List,Eligible,2026-09-05T13:30:37.057098,2026-09-05
203452,BC REM UNS NEGOTIATION LIST AMER Jacob HARRIS (WR) Central Florida,2025-11-24,2025-11-24,Jacob,Harris,WR,AMER,Central Florida,BC,REM UNS NEGOTIATION LIST,True,169270,players,Eligible,Negotiation List,2026-09-05T13:30:37.057098,2026-09-05
203450,HAM REM UNS NEGOTIATION LIST AMER Garnett HOLLIS JR (DB) West Virginia,2025-11-24,2025-11-24,Garnett,Hollis Jr,DB,AMER,West Virginia,HAM,REM UNS NEGOTIATION LIST,True,185045,players,Eligible,Negotiation List,2026-09-05T13:30:37.057098,2026-09-05
203448,MTL ADD NEGOTIATION LIST AMER Kenny WILLEKES (DL) Michigan State,2025-11-24,2025-11-24,Kenny,WILLEKES,DL,AMER,Michigan State,MTL,ADD NEGOTIATION LIST,True,168133,players,Negotiation List,Eligible,2026-09-05T13:30:37.057098,2026-09-05
203447,MTL REM UNS NEGOTIATION LIST AMER Charlie THOMAS (LB) Georgia Tech,2025-11-24,2025-11-24,Charlie,Thomas,LB,AMER,Georgia Tech,MTL,REM UNS NEGOTIATION LIST,True,169262,players,Eligible,Negotiation List,2026-09-05T13:30:37.057098,2026-09-05
203440,BC REM UNS NEGOTIATION LIST AMER Brandon CODRINGTON (DB) North Carolina Central,2025-11-24,2025-11-24,Brandon,Codrington,DB,AMER,North Carolina Central,BC,REM UNS NEGOTIATION LIST,True,168617,players,Eligible,Negotiation List,2026-09-05T13:30:37.057098,2026-09-05
203441,BC ADD NEGOTIATION LIST AMER Shaun JOLLY (DB) Appalachian State,2025-11-24,2025-11-24,Shaun,JOLLY,DB,AMER,Appalachian State,BC,ADD NEGOTIATION LIST,True,167295,players,Negotiation List,Eligible,2026-09-05T13:30:37.057098,2026-09-05
203439,OTT ADD NEGOTIATION LIST AMER Dennis BRIGGS JR (DL) Illinois,2025-11-24,2025-11-24,Dennis,Briggs Jr,DL,AMER,Illinois,OTT,ADD NEGOTIATION LIST,True,185056,players,Negotiation List,Eligible,2026-09-05T13:30:37.057098,2026-09-05
203438,OTT REM SGD NEGOTIATION LIST AMER Tre'Vonn RYBKA (DL) Kentucky,2025-11-24,2025-11-24,Tre'Vonn,Rybka,DL,AMER,Kentucky,OTT,REM SGD NEGOTIATION LIST,True,184295,players,Eligible,Negotiation List,2026-09-05T13:30:37.057098,2026-09-05
203437,HAM ADD NEGOTIATION LIST AMER Caiden WOULLARD (DL) Oklahoma,2025-11-24,2025-11-24,Caiden,Woullard,DL,AMER,Oklahoma,HAM,ADD NEGOTIATION LIST,True,184934,players,Negotiation List,Eligible,2026-09-05T13:30:37.057098,2026-09-05
203436,HAM REM SGD NEGOTIATION LIST AMER Branson DEEN (DL) Miami,2025-11-24,2025-11-24,Branson,Deen,DL,AMER,Miami,HAM,REM SGD NEGOTIATION LIST,True,168506,players,Eligible,Negotiation List,2026-09-05T13:30:37.057098,2026-09-05
203432,WPG ADD NEGOTIATION LIST AMER Jordan WILLIAMS (OL) Georgia Tech,2025-11-21,2025-11-21,Jordan,Williams,OL,AMER,Georgia Tech,WPG,ADD NEGOTIATION LIST,True,185055,players,Negotiation List,Eligible,2026-09-05T13:30:37.057098,2026-09-05
203428,WPG REM SGD NEGOTIATION LIST AMER Johnny HODGES (LB) Texas Christian,2025-11-21,2025-11-21,Johnny,Hodges,LB,AMER,Texas Christian,WPG,REM SGD NEGOTIATION LIST,True,184218,players,Eligible,Negotiation List,2026-09-05T13:30:37.057098,2026-09-05
203425,TOR ADD NEGOTIATION LIST AMER Dwight MCGLOTHERN (DB) Arkansas,2025-11-21,2025-11-21,Dwight,McGlothern,DB,AMER,Arkansas,TOR,ADD NEGOTIATION LIST,True,185054,players,Negotiation List,Eligible,2026-09-05T13:30:37.057098,2026-09-05
203424,TOR REM UNS NEGOTIATION LIST AMER Amari ODOM (QB) Kennesaw State,2025-11-21,2025-11-21,Amari,Odom,QB,AMER,Kennesaw State,TOR,REM UNS NEGOTIATION LIST,True,185008,players,Eligible,Negotiation List,2026-09-05T13:30:37.057098,2026-09-05
203417,OTT REM UNS NEGOTIATION LIST AMER Marlon DAVIDSON (DL) Auburn,2025-11-20,2025-11-20,Marlon,DAVIDSON,DL,AMER,Auburn,OTT,REM UNS NEGOTIATION LIST,True,167645,players,Eligible,Negotiation List,2026-09-05T13:30:37.057098,2026-09-05
203418,OTT ADD NEGOTIATION LIST AMER Landon PARKER (WR) Troy,2025-11-20,2025-11-20,Landon,Parker,WR,AMER,Troy,OTT,ADD NEGOTIATION LIST,True,185052,players,Negotiation List,Eligible,2026-09-05T13:30:37.057098,2026-09-05
203416,WPG ADD NEGOTIATION LIST AMER Johnny HODGES (LB) Texas Christian,2025-11-20,2025-11-20,Johnny,Hodges,LB,AMER,Texas Christian,WPG,ADD NEGOTIATION LIST,True,184218,players,Negotiation List,Eligible,2026-09-05T13:30:37.057098,2026-09-05
203415,WPG REM UNS NEGOTIATION LIST AMER Kiondre THOMAS (DB) Kansas State,2025-11-20,2025-11-20,Kiondre,THOMAS,DB,AMER,Kansas State,WPG,REM UNS NEGOTIATION LIST,True,166508,players,Eligible,Negotiation List,2026-09-05T13:30:37.057098,2026-09-05
203413,MTL REM UNS NEGOTIATION LIST AMER Cornelius JOHNSON (WR) Michigan,2025-11-20,2025-11-20,Cornelius,Johnson,WR,AMER,Michigan,MTL,REM UNS NEGOTIATION LIST,True,184899,players,Eligible,Negotiation List,2026-09-05T13:30:37.057098,2026-09-05
203414,MTL ADD NEGOTIATION LIST AMER Sam BROWN (WR) Miami,2025-11-20,2025-11-20,Sam,Brown,WR,AMER,Miami,MTL,ADD NEGOTIATION LIST,True,185051,players,Negotiation List,Eligible,2026-09-05T13:30:37.057098,2026-09-05
203409,HAM REM UNS NEGOTIATION LIST AMER Earl BOSTICK (OL) Kansas,2025-11-20,2025-11-20,Earl,BOSTICK,OL,AMER,Kansas,HAM,REM UNS NEGOTIATION LIST,True,166702,players,Eligible,Negotiation List,2026-09-05T13:30:37.057098,2026-09-05
203410,HAM ADD NEGOTIATION LIST AMER Jahvaree RITZIE (DL) North Carolina,2025-11-20,2025-11-20,Jahvaree,Ritzie,DL,AMER,North Carolina,HAM,ADD NEGOTIATION LIST,True,185049,players,Negotiation List,Eligible,2026-09-05T13:30:37.057098,2026-09-05
203406,MTL REM UNS NEGOTIATION LIST AMER Liam ANDERSON (LB) Holy Cross,2025-11-19,2025-11-19,Liam,Anderson,LB,AMER,Holy Cross,MTL,REM UNS NEGOTIATION LIST,True,184917,players,Eligible,Negotiation List,2026-09-05T13:30:37.057098,2026-09-05
203407,MTL ADD NEGOTIATION LIST AMER Zevi ECKHAUS (QB) Washington State,2025-11-19,2025-11-19,Zevi,Eckhaus,QB,AMER,Washington State,MTL,ADD NEGOTIATION LIST,True,168941,players,Negotiation List,Eligible,2026-09-05T13:30:37.057098,2026-09-05
203405,SSK REM SGD NEGOTIATION LIST AMER Brayden SCHAGER (QB) Hawaii,2025-11-19,2025-11-19,Brayden,Schager,QB,AMER,Hawaii,SSK,REM SGD NEGOTIATION LIST,True,168354,players,Eligible,Negotiation List,2026-09-05T13:30:37.057098,2026-09-05
203386,HAM REM UNS NEGOTIATION LIST AMER Jaden DAVIS (DB) Miami,2025-11-19,2025-11-19,Jaden,Davis,DB,AMER,Miami,HAM,REM UNS NEGOTIATION LIST,True,184824,players,Eligible,Negotiation List,2026-09-05T13:30:37.057098,2026-09-05
203387,HAM ADD NEGOTIATION LIST AMER Andrew ARMSTRONG (WR) Arkansas,2025-11-19,2025-11-19,Andrew,Armstrong,WR,AMER,Arkansas,HAM,ADD NEGOTIATION LIST,True,184898,players,Negotiation List,Eligible,2026-09-05T13:30:37.057098,2026-09-05
203384,SSK REM UNS NEGOTIATION LIST AMER Daequan HARDY (DB) Penn State,2025-11-19,2025-11-19,Daequan,Hardy,DB,AMER,Penn State,SSK,REM UNS NEGOTIATION LIST,True,184995,players,Eligible,Negotiation List,2026-09-05T13:30:37.057098,2026-09-05
203385,SSK ADD NEGOTIATION LIST AMER Adam BOCK (LB) South Dakota State,2025-11-19,2025-11-19,Adam,Bock,LB,AMER,South Dakota State,SSK,ADD NEGOTIATION LIST,True,169287,players,Negotiation List,Eligible,2026-09-05T13:30:37.057098,2026-09-05
203382,OTT REM UNS NEGOTIATION LIST AMER Jeremiah MOON (DE) Florida,2025-11-19,2025-11-19,Jeremiah,Moon,DE,AMER,Florida,OTT,REM UNS NEGOTIATION LIST,True,168571,players,Eligible,Negotiation List,2026-09-05T13:30:37.057098,2026-09-05
203383,OTT ADD NEGOTIATION LIST AMER Isaiah GREENE (DB) Campbell University,2025-11-19,2025-11-19,Isaiah,Greene,DB,AMER,Campbell University,OTT,ADD NEGOTIATION LIST,True,185044,players,Negotiation List,Eligible,2026-09-05T13:30:37.057098,2026-09-05
203369,SSK REM UNS NEGOTIATION LIST AMER Andrew ARMSTRONG (WR) Arkansas,2025-11-18,2025-11-18,Andrew,Armstrong,WR,AMER,Arkansas,SSK,REM UNS NEGOTIATION LIST,True,184898,players,Eligible,Negotiation List,2026-09-05T13:30:37.057098,2026-09-05
203370,SSK ADD NEGOTIATION LIST AMER Alphonzo TUPUTALA (LB) Washington,2025-11-18,2025-11-18,Alphonzo,Tuputala,LB,AMER,Washington,SSK,ADD NEGOTIATION LIST,True,184855,players,Negotiation List,Eligible,2026-09-05T13:30:37.057098,2026-09-05
203371,SSK REM UNS NEGOTIATION LIST AMER Jabre BARBER (WR) Texas A&M,2025-11-18,2025-11-18,Jabre,Barber,WR,AMER,Texas A&M,SSK,REM UNS NEGOTIATION LIST,True,185033,players,Eligible,Negotiation List,2026-09-05T13:30:37.057098,2026-09-05
203372,SSK ADD NEGOTIATION LIST AMER Tuasivi NOMURA (LB) Fresno State,2025-11-18,2025-11-18,Tuasivi,Nomura,LB,AMER,Fresno State,SSK,ADD NEGOTIATION LIST,True,184959,players,Negotiation List,Eligible,2026-09-05T13:30:37.057098,2026-09-05
203373,SSK REM UNS NEGOTIATION LIST AMER Shemar BARTHOLOMEW (DB) Georgia Southern,2025-11-18,2025-11-18,Shemar,Bartholomew,DB,AMER,Georgia Southern,SSK,REM UNS NEGOTIATION LIST,True,169016,players,Eligible,Negotiation List,2026-09-05T13:30:37.057098,2026-09-05
203374,SSK ADD NEGOTIATION LIST AMER Marcus MAJOR JR. (RB) Minnesota,2025-11-18,2025-11-18,Marcus,Major Jr.,RB,AMER,Minnesota,SSK,ADD NEGOTIATION LIST,True,184830,players,Negotiation List,Eligible,2026-09-05T13:30:37.057098,2026-09-05
203375,HAM ADD NEGOTIATION LIST AMER Garnett HOLLIS JR (DB) West Virginia,2025-11-18,2025-11-18,Garnett,Hollis Jr,DB,AMER,West Virginia,HAM,ADD NEGOTIATION LIST,True,185045,players,Negotiation List,Eligible,2026-09-05T13:30:37.057098,2026-09-05
203376,WPG REM UNS NEGOTIATION LIST AMER Adam BOCK (LB) South Dakota State,2025-11-18,2025-11-18,Adam,Bock,LB,AMER,South Dakota State,WPG,REM UNS NEGOTIATION LIST,True,169287,players,Eligible,Negotiation List,2026-09-05T13:30:37.057098,2026-09-05
203377,WPG ADD NEGOTIATION LIST AMER Justin LAMSON (QB) Montana State,2025-11-18,2025-11-18,Justin,Lamson,QB,AMER,Montana State,WPG,ADD NEGOTIATION LIST,True,185046,players,Negotiation List,Eligible,2026-09-05T13:30:37.057098,2026-09-05
203362,HAM REM SGD NEGOTIATION LIST AMER Moochie DIXON (WR) Southern Methodist,2025-11-18,2025-11-18,Moochie,Dixon,WR,AMER,Southern Methodist,HAM,REM SGD NEGOTIATION LIST,True,184924,players,Eligible,Negotiation List,2026-09-05T13:30:37.057098,2026-09-05
203049,BC REM UNS NEGOTIATION LIST AMER Reggie ROBERSON JR (WR) Southern Methodist,2025-11-16,2025-11-16,Reggie,Roberson Jr,WR,AMER,Southern Methodist,BC,REM UNS NEGOTIATION LIST,True,168521,players,Eligible,Negotiation List,2026-09-05T13:30:37.057098,2026-09-05
203050,BC ADD NEGOTIATION LIST AMER Ameer SPEED (DB) Michigan State,2025-11-16,2025-11-16,Ameer,SPEED,DB,AMER,Michigan State,BC,ADD NEGOTIATION LIST,True,167759,players,Negotiation List,Eligible,2026-09-05T13:30:37.057098,2026-09-05
203048,BC ADD NEGOTIATION LIST AMER Brandon CODRINGTON (DB) North Carolina Central,2025-11-15,2025-11-16,Brandon,Codrington,DB,AMER,North Carolina Central,BC,ADD NEGOTIATION LIST,True,168617,players,Negotiation List,Eligible,2026-09-05T13:30:37.057098,2026-09-05
202999,WPG ADD NEGOTIATION LIST AMER Drake STOOPS (WR) Oklahoma,2025-11-14,2025-11-14,Drake,Stoops,WR,AMER,Oklahoma,WPG,ADD NEGOTIATION LIST,True,185041,players,Negotiation List,Eligible,2026-09-05T13:30:37.057098,2026-09-05
202998,WPG REM SGD NEGOTIATION LIST AMER Michael DIXON (DB) Rutgers,2025-11-14,2025-11-14,Michael,Dixon,DB,AMER,Rutgers,WPG,REM SGD NEGOTIATION LIST,True,169443,players,Eligible,Negotiation List,2026-09-05T13:30:37.057098,2026-09-05
202989,OTT ADD NEGOTIATION LIST AMER Tucker GLEASON (QB) Toledo,2025-11-13,2025-11-13,Tucker,Gleason,QB,AMER,Toledo,OTT,ADD NEGOTIATION LIST,True,185040,players,Negotiation List,Eligible,2026-09-05T13:30:37.057098,2026-09-05
202988,TOR ADD NEGOTIATION LIST AMER Nusi MALANI (DL) Washington State,2025-11-13,2025-11-13,Nusi,Malani,DL,AMER,Washington State,TOR,ADD NEGOTIATION LIST,True,185039,players,Negotiation List,Eligible,2026-09-05T13:30:37.057098,2026-09-05
202983,OTT REM SGD NEGOTIATION LIST AMER Marquez COOPER (RB) San Diego State,2025-11-13,2025-11-13,Marquez,Cooper,RB,AMER,San Diego State,OTT,REM SGD NEGOTIATION LIST,True,169293,players,Eligible,Negotiation List,2026-09-05T13:30:37.057098,2026-09-05
202981,TOR REM UNS NEGOTIATION LIST AMER Tyron JOHNSON (WR) Oklahoma State,2025-11-12,2025-11-12,Tyron,JOHNSON,WR,AMER,Oklahoma State,TOR,REM UNS NEGOTIATION LIST,True,166617,players,Eligible,Negotiation List,2026-09-05T13:30:37.057098,2026-09-05
202980,OTT ADD NEGOTIATION LIST AMER Mac DALENA (WR) Fresno State,2025-11-12,2025-11-12,Mac,Dalena,WR,AMER,Fresno State,OTT,ADD NEGOTIATION LIST,True,184857,players,Negotiation List,Eligible,2026-09-05T13:30:37.057098,2026-09-05
202979,OTT REM UNS NEGOTIATION LIST AMER Hal PRESLEY (WR) Baylor,2025-11-12,2025-11-12,Hal,Presley,WR,AMER,Baylor,OTT,REM UNS NEGOTIATION LIST,True,184221,players,Eligible,Negotiation List,2026-09-05T13:30:37.057098,2026-09-05
202977,WPG REM UNS NEGOTIATION LIST AMER Andrew STUEBER (OL) Michigan,2025-11-12,2025-11-12,Andrew,Stueber,OL,AMER,Michigan,WPG,REM UNS NEGOTIATION LIST,True,184930,players,Eligible,Negotiation List,2026-09-05T13:30:37.057098,2026-09-05
202978,WPG ADD NEGOTIATION LIST AMER Joaquin DAVIS (WR) North Carolina Central,2025-11-12,2025-11-12,Joaquin,Davis,WR,AMER,North Carolina Central,WPG,ADD NEGOTIATION LIST,True,169445,players,Negotiation List,Eligible,2026-09-05T13:30:37.057098,2026-09-05
202975,WPG ADD NEGOTIATION LIST AMER Rocco BECHT (QB) Iowa State,2025-11-12,2025-11-12,Rocco,Becht,QB,AMER,Iowa State,WPG,ADD NEGOTIATION LIST,True,185038,players,Negotiation List,Eligible,2026-09-05T13:30:37.057098,2026-09-05
202972,BC REM SGD NEGOTIATION LIST AMER Bruce HARMON JR. (DB) Stephen F. Austin State,2025-11-12,2025-11-12,Bruce,HARMON JR.,DB,AMER,Stephen F. Austin State,BC,REM SGD NEGOTIATION LIST,True,184935,players,Eligible,Negotiation List,2026-09-05T13:30:37.057098,2026-09-05
202969,SSK ADD NEGOTIATION LIST AMER Cam ROSS (WR) Virginia,2025-11-11,2025-11-11,Cam,Ross,WR,AMER,Virginia,SSK,ADD NEGOTIATION LIST,True,185037,players,Negotiation List,Eligible,2026-09-05T13:30:37.057098,2026-09-05
202968,WPG REM SGD NEGOTIATION LIST AMER Bryce KIRTZ (WR) Northwestern,2025-11-11,2025-11-11,Bryce,Kirtz,WR,AMER,Northwestern,WPG,REM SGD NEGOTIATION LIST,True,184285,players,Eligible,Negotiation List,2026-09-05T13:30:37.057098,2026-09-05
202960,SSK REM SGD NEGOTIATION LIST AMER Seyi OLADIPO JR. (DB) Boise State,2025-11-11,2025-11-11,Seyi,Oladipo Jr.,DB,AMER,Boise State,SSK,REM SGD NEGOTIATION LIST,True,185020,players,Eligible,Negotiation List,2026-09-05T13:30:37.057098,2026-09-05
202959,OTT ADD NEGOTIATION LIST AMER Stone EARLE (QB) Abilene Christian,2025-11-11,2025-11-11,Stone,Earle,QB,AMER,Abilene Christian,OTT,ADD NEGOTIATION LIST,True,185036,players,Negotiation List,Eligible,2026-09-05T13:30:37.057098,2026-09-05
202958,OTT REM UNS NEGOTIATION LIST AMER Coleman OWEN (WR) Ohio,2025-11-11,2025-11-11,Coleman,Owen,WR,AMER,Ohio,OTT,REM UNS NEGOTIATION LIST,True,169344,players,Eligible,Negotiation List,2026-09-05T13:30:37.057098,2026-09-05
202951,WPG REM UNS NEGOTIATION LIST AMER Ty FRENCH (LB) West Virginia,2025-11-10,2025-11-10,Ty,French,LB,AMER,West Virginia,WPG,REM UNS NEGOTIATION LIST,True,169370,players,Eligible,Negotiation List,2026-09-05T13:30:37.057098,2026-09-05
202952,WPG ADD NEGOTIATION LIST AMER Cameron MCCUTCHEON (DB) Western Carolina,2025-11-10,2025-11-10,Cameron,McCutcheon,DB,AMER,Western Carolina,WPG,ADD NEGOTIATION LIST,True,169271,players,Negotiation List,Eligible,2026-09-05T13:30:37.057098,2026-09-05
202831,TOR ADD NEGOTIATION LIST AMER Damien MARTINEZ (RB) Miami,2025-11-07,2025-11-07,Damien,Martinez,RB,AMER,Miami,TOR,ADD NEGOTIATION LIST,True,185034,players,Negotiation List,Eligible,2026-09-05T13:30:37.057098,2026-09-05
202832,TOR REM UNS NEGOTIATION LIST AMER Shilo SANDERS (DB) Colorado,2025-11-07,2025-11-07,Shilo,Sanders,DB,AMER,Colorado,TOR,REM UNS NEGOTIATION LIST,True,184850,players,Eligible,Negotiation List,2026-09-05T13:30:37.057098,2026-09-05
202802,SSK REM UNS NEGOTIATION LIST AMER Josh ROSS (LB) Michigan,2025-11-06,2025-11-06,Josh,Ross,LB,AMER,Michigan,SSK,REM UNS NEGOTIATION LIST,True,184988,players,Eligible,Negotiation List,2026-09-05T13:30:37.057098,2026-09-05
202803,SSK ADD NEGOTIATION LIST AMER Jabre BARBER (WR) Texas A&M,2025-11-06,2025-11-06,Jabre,Barber,WR,AMER,Texas A&M,SSK,ADD NEGOTIATION LIST,True,185033,players,Negotiation List,Eligible,2026-09-05T13:30:37.057098,2026-09-05
202799,WPG REM UNS NEGOTIATION LIST AMER Mac DALENA (WR) Fresno State,2025-11-06,2025-11-06,Mac,Dalena,WR,AMER,Fresno State,WPG,REM UNS NEGOTIATION LIST,True,184857,players,Eligible,Negotiation List,2026-09-05T13:30:37.057098,2026-09-05
202800,WPG ADD NEGOTIATION LIST AMER Bryce KIRTZ (WR) Northwestern,2025-11-06,2025-11-06,Bryce,Kirtz,WR,AMER,Northwestern,WPG,ADD NEGOTIATION LIST,True,184285,players,Negotiation List,Eligible,2026-09-05T13:30:37.057098,2026-09-05
202801,BC ADD NEGOTIATION LIST AMER Cade JOHNSON (WR) South Dakota State,2025-11-06,2025-11-06,Cade,JOHNSON,WR,AMER,South Dakota State,BC,ADD NEGOTIATION LIST,True,166622,players,Negotiation List,Eligible,2026-09-05T13:30:37.057098,2026-09-05
202798,BC REM SGD NEGOTIATION LIST AMER Adonis ALEXANDER (DB) Virginia Tech,2025-11-05,2025-11-05,Adonis,ALEXANDER,DB,AMER,Virginia Tech,BC,REM SGD NEGOTIATION LIST,True,164276,players,Eligible,Negotiation List,2026-09-05T13:30:37.057098,2026-09-05
202790,TOR ADD NEGOTIATION LIST AMER Hendon HOOKER (QB) Tennessee,2025-11-05,2025-11-05,Hendon,HOOKER,QB,AMER,Tennessee,TOR,ADD NEGOTIATION LIST,True,165853,players,Negotiation List,Eligible,2026-09-05T13:30:37.057098,2026-09-05
202791,BC REM UNS NEGOTIATION LIST AMER Carlos DAVIS (DL) Nebraska,2025-11-05,2025-11-05,Carlos,DAVIS,DL,AMER,Nebraska,BC,REM UNS NEGOTIATION LIST,True,167298,players,Eligible,Negotiation List,2026-09-05T13:30:37.057098,2026-09-05
202792,BC ADD NEGOTIATION LIST AMER Kobe CLAYBORNE (DL) South Dakota State,2025-11-05,2025-11-05,Kobe,Clayborne,DL,AMER,South Dakota State,BC,ADD NEGOTIATION LIST,True,185032,players,Negotiation List,Eligible,2026-09-05T13:30:37.057098,2026-09-05
202789,TOR REM UNS NEGOTIATION LIST AMER Beau PRIBULA (QB) Missouri,2025-11-05,2025-11-05,Beau,Pribula,QB,AMER,Missouri,TOR,REM UNS NEGOTIATION LIST,True,184903,players,Eligible,Negotiation List,2026-09-05T13:30:37.057098,2026-09-05
202786,HAM REM UNS NEGOTIATION LIST AMER Logan FIFE (QB) Montana,2025-11-04,2025-11-04,Logan,Fife,QB,AMER,Montana,HAM,REM UNS NEGOTIATION LIST,True,169212,players,Eligible,Negotiation List,2026-09-05T13:30:37.057098,2026-09-05
202787,HAM ADD NEGOTIATION LIST AMER Jaden CRAIG (QB) Harvard,2025-11-04,2025-11-04,Jaden,Craig,QB,AMER,Harvard,HAM,ADD NEGOTIATION LIST,True,185031,players,Negotiation List,Eligible,2026-09-05T13:30:37.057098,2026-09-05
202779,BC REM UNS NEGOTIATION LIST AMER Anthony AVERETT (DB) Alabama,2025-11-03,2025-11-03,Anthony,Averett,DB,AMER,Alabama,BC,REM UNS NEGOTIATION LIST,True,184904,players,Eligible,Negotiation List,2026-09-05T13:30:37.057098,2026-09-05
202780,BC ADD NEGOTIATION LIST AMER Tyvon RUSSELL (DB) Vanderbilt,2025-11-03,2025-11-03,Tyvon,Russell,DB,AMER,Vanderbilt,BC,ADD NEGOTIATION LIST,True,185028,players,Negotiation List,Eligible,2026-09-05T13:30:37.057098,2026-09-05
202781,HAM ADD NEGOTIATION LIST AMER Richard GOURAIGE (OL) Florida,2025-11-03,2025-11-03,Richard,Gouraige,OL,AMER,Florida,HAM,ADD NEGOTIATION LIST,True,185029,players,Negotiation List,Eligible,2026-09-05T13:30:37.057098,2026-09-05
202782,WPG REM UNS NEGOTIATION LIST AMER Reid HOLSKEY (OL) Miami of Ohio,2025-11-03,2025-11-03,Reid,Holskey,OL,AMER,Miami of Ohio,WPG,REM UNS NEGOTIATION LIST,True,169532,players,Eligible,Negotiation List,2026-09-05T13:30:37.057098,2026-09-05
202783,WPG ADD NEGOTIATION LIST AMER Beanie BISHOP (DB) West Virginia,2025-11-03,2025-11-03,Beanie,Bishop,DB,AMER,West Virginia,WPG,ADD NEGOTIATION LIST,True,185030,players,Negotiation List,Eligible,2026-09-05T13:30:37.057098,2026-09-05
202777,MTL REM UNS NEGOTIATION LIST AMER Winston WRIGHT JR (WR) East Carolina,2025-11-03,2025-11-03,Winston,Wright Jr,WR,AMER,East Carolina,MTL,REM UNS NEGOTIATION LIST,True,184082,players,Eligible,Negotiation List,2026-09-05T13:30:37.057098,2026-09-05
202778,MTL ADD NEGOTIATION LIST AMER Dresser WINN (QB) Tennessee Martin,2025-11-03,2025-11-03,Dresser,WINN,QB,AMER,Tennessee Martin,MTL,ADD NEGOTIATION LIST,True,164460,players,Negotiation List,Eligible,2026-09-05T13:30:37.057098,2026-09-05
202776,HAM REM SGD NEGOTIATION LIST AMER Kendall BOHLER (DB) Florida A&M,2025-11-03,2025-11-03,Kendall,Bohler,DB,AMER,Florida A&M,HAM,REM SGD NEGOTIATION LIST,True,169447,players,Eligible,Negotiation List,2026-09-05T13:30:37.057098,2026-09-05
202773,WPG ADD NEGOTIATION LIST AMER Antwane WELLS JR (WR) Mississippi,2025-11-03,2025-11-03,Antwane,Wells Jr,WR,AMER,Mississippi,WPG,ADD NEGOTIATION LIST,True,185027,players,Negotiation List,Eligible,2026-09-05T13:30:37.057098,2026-09-05
202772,MTL ADD NEGOTIATION LIST AMER Red MURDOCK (LB) Buffalo,2025-11-03,2025-11-03,Red,Murdock,LB,AMER,Buffalo,MTL,ADD NEGOTIATION LIST,True,185026,players,Negotiation List,Eligible,2026-09-05T13:30:37.057098,2026-09-05
202768,WPG REM SGD NEGOTIATION LIST AMER Michael (Bucky) WILLIAMS (OL) Appalachian State,2025-11-02,2025-11-02,Michael (Bucky),Williams,OL,AMER,Appalachian State,WPG,REM SGD NEGOTIATION LIST,True,185003,players,Eligible,Negotiation List,2026-09-05T13:30:37.057098,2026-09-05
202733,TOR ADD NEGOTIATION LIST AMER Dason BROOKS (RB) Idaho State,2025-11-02,2025-11-02,Dason,Brooks,RB,AMER,Idaho State,TOR,ADD NEGOTIATION LIST,True,185025,players,Negotiation List,Eligible,2026-09-05T13:30:37.057098,2026-09-05
202679,WPG REM UNS NEGOTIATION LIST AMER Aaron SMITH (LB) South Carolina State,2025-11-01,2025-11-01,Aaron,Smith,LB,AMER,South Carolina State,WPG,REM UNS NEGOTIATION LIST,True,169402,players,Eligible,Negotiation List,2026-09-05T13:30:37.057098,2026-09-05
202680,WPG ADD NEGOTIATION LIST AMER Myles COLE (DL) Texas Tech,2025-11-01,2025-11-01,Myles,Cole,DL,AMER,Texas Tech,WPG,ADD NEGOTIATION LIST,True,185024,players,Negotiation List,Eligible,2026-09-05T13:30:37.057098,2026-09-05
202681,BC REM UNS NEGOTIATION LIST AMER Tyler SCOTT (WR) Cincinnati,2025-11-01,2025-11-01,Tyler,Scott,WR,AMER,Cincinnati,BC,REM UNS NEGOTIATION LIST,True,185019,players,Eligible,Negotiation List,2026-09-05T13:30:37.057098,2026-09-05
202682,BC ADD NEGOTIATION LIST AMER Jahcour PEARSON (WR) Mississippi,2025-11-01,2025-11-01,Jahcour,PEARSON,WR,AMER,Mississippi,BC,ADD NEGOTIATION LIST,True,166834,players,Negotiation List,Eligible,2026-09-05T13:30:37.057098,2026-09-05
202606,SSK REM UNS NEGOTIATION LIST AMER Duke SHELLEY (DB) Kansas State,2025-10-31,2025-10-31,Duke,Shelley,DB,AMER,Kansas State,SSK,REM UNS NEGOTIATION LIST,True,184272,players,Eligible,Negotiation List,2026-09-05T13:30:37.057098,2026-09-05
202608,SSK REM UNS NEGOTIATION LIST AMER Jahcour PEARSON (WR) Mississippi,2025-10-31,2025-10-31,Jahcour,PEARSON,WR,AMER,Mississippi,SSK,REM UNS NEGOTIATION LIST,True,166834,players,Eligible,Negotiation List,2026-09-05T13:30:37.057098,2026-09-05
202607,SSK ADD NEGOTIATION LIST AMER Sundiata ANDERSON (DL) Grambling State,2025-10-31,2025-10-31,Sundiata,ANDERSON,DL,AMER,Grambling State,SSK,ADD NEGOTIATION LIST,True,167514,players,Negotiation List,Eligible,2026-09-05T13:30:37.057098,2026-09-05
202609,SSK ADD NEGOTIATION LIST AMER Mikey VICTOR (DB) Alabama State,2025-10-31,2025-10-31,Mikey,Victor,DB,AMER,Alabama State,SSK,ADD NEGOTIATION LIST,True,168555,players,Negotiation List,Eligible,2026-09-05T13:30:37.057098,2026-09-05
202605,MTL REM SGD NEGOTIATION LIST AMER Giles JACKSON (WR) Washington,2025-10-31,2025-10-31,Giles,Jackson,WR,AMER,Washington,MTL,REM SGD NEGOTIATION LIST,True,169439,players,Eligible,Negotiation List,2026-09-05T13:30:37.057098,2026-09-05
202569,HAM REM UNS NEGOTIATION LIST AMER Ronnie BELL (WR) Michigan,2025-10-31,2025-10-31,Ronnie,Bell,WR,AMER,Michigan,HAM,REM UNS NEGOTIATION LIST,True,184793,players,Eligible,Negotiation List,2026-09-05T13:30:37.057098,2026-09-05
202570,HAM ADD NEGOTIATION LIST AMER Jaden DAVIS (DB) Miami,2025-10-31,2025-10-31,Jaden,Davis,DB,AMER,Miami,HAM,ADD NEGOTIATION LIST,True,184824,players,Negotiation List,Eligible,2026-09-05T13:30:37.057098,2026-09-05
202568,BC ADD NEGOTIATION LIST AMER Reggie ROBERSON JR (WR) Southern Methodist,2025-10-31,2025-10-31,Reggie,Roberson Jr,WR,AMER,Southern Methodist,BC,ADD NEGOTIATION LIST,True,168521,players,Negotiation List,Eligible,2026-09-05T13:30:37.057098,2026-09-05
202567,BC REM SGD NEGOTIATION LIST AMER Christian OLMSTEAD (OL) Findlay,2025-10-31,2025-10-31,Christian,OLMSTEAD,OL,AMER,Findlay,BC,REM SGD NEGOTIATION LIST,True,166591,players,Eligible,Negotiation List,2026-09-05T13:30:37.057098,2026-09-05
202559,EDM ADD NEGOTIATION LIST AMER Dallas GANT (LB) Toledo,2025-10-30,2025-10-30,Dallas,Gant,LB,AMER,Toledo,EDM,ADD NEGOTIATION LIST,True,168720,players,Negotiation List,Eligible,2026-09-05T13:30:37.057098,2026-09-05
202558,EDM REM UNS NEGOTIATION LIST AMER Matt JONES (LB) Baylor,2025-10-30,2025-10-30,Matt,Jones,LB,AMER,Baylor,EDM,REM UNS NEGOTIATION LIST,True,184922,players,Eligible,Negotiation List,2026-09-05T13:30:37.057098,2026-09-05
202557,BC ADD NEGOTIATION LIST AMER Adonis ALEXANDER (DB) Virginia Tech,2025-10-30,2025-10-30,Adonis,ALEXANDER,DB,AMER,Virginia Tech,BC,ADD NEGOTIATION LIST,True,164276,players,Negotiation List,Eligible,2026-09-05T13:30:37.057098,2026-09-05
202556,BC REM UNS NEGOTIATION LIST AMER JuJu HUGHES (DB) Fresno State,2025-10-30,2025-10-30,JuJu,Hughes,DB,AMER,Fresno State,BC,REM UNS NEGOTIATION LIST,True,168554,players,Eligible,Negotiation List,2026-09-05T13:30:37.057098,2026-09-05
202542,MTL ADD NEGOTIATION LIST AMER Darian MENSAH (QB) Duke,2025-10-30,2025-10-30,Darian,Mensah,QB,AMER,Duke,MTL,ADD NEGOTIATION LIST,True,185023,players,Negotiation List,Eligible,2026-09-05T13:30:37.057098,2026-09-05
202541,MTL REM SGD NEGOTIATION LIST AMER Decarius HAWTHORNE (DT) South Florida,2025-10-30,2025-10-30,Decarius,Hawthorne,DT,AMER,South Florida,MTL,REM SGD NEGOTIATION LIST,True,185015,players,Eligible,Negotiation List,2026-09-05T13:30:37.057098,2026-09-05
202527,SSK ADD NEGOTIATION LIST AMER Brayden SCHAGER (QB) Hawaii,2025-10-29,2025-10-29,Brayden,Schager,QB,AMER,Hawaii,SSK,ADD NEGOTIATION LIST,True,168354,players,Negotiation List,Eligible,2026-09-05T13:30:37.057098,2026-09-05
202526,SSK REM UNS NEGOTIATION LIST AMER Micah BERNARD (RB) Utah,2025-10-29,2025-10-29,Micah,Bernard,RB,AMER,Utah,SSK,REM UNS NEGOTIATION LIST,True,184674,players,Eligible,Negotiation List,2026-09-05T13:30:37.057098,2026-09-05
202516,EDM REM UNS NEGOTIATION LIST AMER Stephen GOSNELL (WR) Virginia Tech,2025-10-28,2025-10-28,Stephen,Gosnell,WR,AMER,Virginia Tech,EDM,REM UNS NEGOTIATION LIST,True,169618,players,Eligible,Negotiation List,2026-09-05T13:30:37.057098,2026-09-05
202517,EDM ADD NEGOTIATION LIST AMER Luke GRIMM (WR) Kansas,2025-10-28,2025-10-28,Luke,Grimm,WR,AMER,Kansas,EDM,ADD NEGOTIATION LIST,True,184276,players,Negotiation List,Eligible,2026-09-05T13:30:37.057098,2026-09-05
202514,WPG ADD NEGOTIATION LIST AMER Chase MASON (QB) South Dakota State,2025-10-28,2025-10-28,Chase,Mason,QB,AMER,South Dakota State,WPG,ADD NEGOTIATION LIST,True,185021,players,Negotiation List,Eligible,2026-09-05T13:30:37.057098,2026-09-05
202506,SSK REM UNS NEGOTIATION LIST AMER James BURGESS (DB) Alabama State,2025-10-28,2025-10-28,James,Burgess,DB,AMER,Alabama State,SSK,REM UNS NEGOTIATION LIST,True,184963,players,Eligible,Negotiation List,2026-09-05T13:30:37.057098,2026-09-05
202507,SSK ADD NEGOTIATION LIST AMER Seyi OLADIPO (DB) Boise State,2025-10-28,2025-10-28,Seyi,Oladipo,DB,AMER,Boise State,SSK,ADD NEGOTIATION LIST,True,185020,players,Negotiation List,Eligible,2026-09-05T13:30:37.057098,2026-09-05
202473,WPG REM UNS NEGOTIATION LIST AMER De'Shaan DIXON (DL) Norfolk State,2025-10-26,2025-10-26,De'Shaan,DIXON,DL,AMER,Norfolk State,WPG,REM UNS NEGOTIATION LIST,True,166769,players,Eligible,Negotiation List,2026-09-05T13:30:37.057098,2026-09-05
202458,BC REM UNS NEGOTIATION LIST AMER Jaret PATTERSON (RB) Buffalo,2025-10-25,2025-10-25,Jaret,PATTERSON,RB,AMER,Buffalo,BC,REM UNS NEGOTIATION LIST,True,166226,players,Eligible,Negotiation List,2026-09-05T13:30:37.057098,2026-09-05
202459,BC ADD NEGOTIATION LIST AMER Tyler SCOTT (WR) Cincinnati,2025-10-25,2025-10-25,Tyler,Scott,WR,AMER,Cincinnati,BC,ADD NEGOTIATION LIST,True,185019,players,Negotiation List,Eligible,2026-09-05T13:30:37.057098,2026-09-05
202457,TOR REM UNS NEGOTIATION LIST AMER Donovan KAUFMAN (DB) North Carolina State,2025-10-25,2025-10-25,Donovan,Kaufman,DB,AMER,North Carolina State,TOR,REM UNS NEGOTIATION LIST,True,169520,players,Eligible,Negotiation List,2026-09-05T13:30:37.057098,2026-09-05
202455,WPG REM UNS NEGOTIATION LIST AMER Leroy WATSON (OL) Texas at San Antonio,2025-10-25,2025-10-25,Leroy,Watson,OL,AMER,Texas at San Antonio,WPG,REM UNS NEGOTIATION LIST,True,169105,players,Eligible,Negotiation List,2026-09-05T13:30:37.057098,2026-09-05
202456,WPG ADD NEGOTIATION LIST AMER Keali'i AH YAT (QB) Montana,2025-10-25,2025-10-25,Keali'i,Ah Yat,QB,AMER,Montana,WPG,ADD NEGOTIATION LIST,True,185018,players,Negotiation List,Eligible,2026-09-05T13:30:37.057098,2026-09-05
202338,TOR ADD NEGOTIATION LIST AMER Esa POLE (OL) Washington State,2025-10-24,2025-10-24,Esa,Pole,OL,AMER,Washington State,TOR,ADD NEGOTIATION LIST,True,185017,players,Negotiation List,Eligible,2026-09-05T13:30:37.057098,2026-09-05
202315,BC REM UNS NEGOTIATION LIST AMER Chris GARRETT (DE) Concordia University St. Paul,2025-10-23,2025-10-23,Chris,GARRETT,DE,AMER,Concordia University St. Paul,BC,REM UNS NEGOTIATION LIST,True,166109,players,Eligible,Negotiation List,2026-09-05T13:30:37.057098,2026-09-05
202314,BC ADD NEGOTIATION LIST AMER JuJu HUGHES (DB) Fresno State,2025-10-23,2025-10-23,JuJu,Hughes,DB,AMER,Fresno State,BC,ADD NEGOTIATION LIST,True,168554,players,Negotiation List,Eligible,2026-09-05T13:30:37.057098,2026-09-05
202265,OTT ADD NEGOTIATION LIST AMER Cade MCDONALD (WR) Miami of Ohio,2025-10-23,2025-10-23,Cade,McDonald,WR,AMER,Miami of Ohio,OTT,ADD NEGOTIATION LIST,True,185013,players,Negotiation List,Eligible,2026-09-05T13:30:37.057098,2026-09-05
202266,OTT REM UNS NEGOTIATION LIST AMER Jashaun CORBIN (RB) Florida State,2025-10-23,2025-10-23,Jashaun,Corbin,RB,AMER,Florida State,OTT,REM UNS NEGOTIATION LIST,True,184978,players,Eligible,Negotiation List,2026-09-05T13:30:37.057098,2026-09-05
202267,SSK ADD NEGOTIATION LIST AMER Joe FAGNANO (QB) Connecticut,2025-10-23,2025-10-23,Joe,Fagnano,QB,AMER,Connecticut,SSK,ADD NEGOTIATION LIST,True,185014,players,Negotiation List,Eligible,2026-09-05T13:30:37.057098,2026-09-05
202268,SSK REM UNS NEGOTIATION LIST AMER Isaac TAYLOR-STUART (DB) Southern California,2025-10-23,2025-10-23,Isaac,Taylor-Stuart,DB,AMER,Southern California,SSK,REM UNS NEGOTIATION LIST,True,168938,players,Eligible,Negotiation List,2026-09-05T13:30:37.057098,2026-09-05
202269,MTL ADD NEGOTIATION LIST AMER Decarius HAWTHORNE (DT) South Florida,2025-10-23,2025-10-23,Decarius,Hawthorne,DT,AMER,South Florida,MTL,ADD NEGOTIATION LIST,True,185015,players,Negotiation List,Eligible,2026-09-05T13:30:37.057098,2026-09-05
202270,MTL REM UNS NEGOTIATION LIST AMER Jaylon ALLEN (DL) Memphis,2025-10-23,2025-10-23,Jaylon,Allen,DL,AMER,Memphis,MTL,REM UNS NEGOTIATION LIST,True,168667,players,Eligible,Negotiation List,2026-09-05T13:30:37.057098,2026-09-05
202264,TOR REM UNS NEGOTIATION LIST AMER Robert BEAL JR (DL) Georgia,2025-10-23,2025-10-23,Robert,BEAL JR,DL,AMER,Georgia,TOR,REM UNS NEGOTIATION LIST,True,166683,players,Eligible,Negotiation List,2026-09-05T13:30:37.057098,2026-09-05
202226,SSK REM UNS NEGOTIATION LIST AMER Markel BELL (OL) Miami,2025-10-22,2025-10-22,Markel,Bell,OL,AMER,Miami,SSK,REM UNS NEGOTIATION LIST,True,184990,players,Eligible,Negotiation List,2026-09-05T13:30:37.057098,2026-09-05
202225,SSK ADD NEGOTIATION LIST AMER Sifa LEOTA (LB) Louisiana Tech,2025-10-22,2025-10-22,Sifa,Leota,LB,AMER,Louisiana Tech,SSK,ADD NEGOTIATION LIST,True,185012,players,Negotiation List,Eligible,2026-09-05T13:30:37.057098,2026-09-05
202223,MTL ADD NEGOTIATION LIST AMER Shaquan LOYAL (DB) Rutgers,2025-10-22,2025-10-22,Shaquan,Loyal,DB,AMER,Rutgers,MTL,ADD NEGOTIATION LIST,True,185011,players,Negotiation List,Eligible,2026-09-05T13:30:37.057098,2026-09-05
202224,MTL REM SGD NEGOTIATION LIST AMER Terrence SPENCE (DB) James Madison,2025-10-22,2025-10-22,Terrence,Spence,DB,AMER,James Madison,MTL,REM SGD NEGOTIATION LIST,True,184048,players,Eligible,Negotiation List,2026-09-05T13:30:37.057098,2026-09-05
202222,MTL ADD NEGOTIATION LIST AMER Dyontae JOHNSON (LB) Toledo,2025-10-22,2025-10-22,Dyontae,JOHNSON,LB,AMER,Toledo,MTL,ADD NEGOTIATION LIST,True,167597,players,Negotiation List,Eligible,2026-09-05T13:30:37.057098,2026-09-05
202215,OTT ADD NEGOTIATION LIST AMER Patrick MCMORRIS (DB) California,2025-10-22,2025-10-22,Patrick,McMorris,DB,AMER,California,OTT,ADD NEGOTIATION LIST,True,185009,players,Negotiation List,Eligible,2026-09-05T13:30:37.057098,2026-09-05
202216,OTT REM UNS NEGOTIATION LIST AMER Willis PATRICK (OL) Texas Christian,2025-10-22,2025-10-22,Willis,Patrick,OL,AMER,Texas Christian,OTT,REM UNS NEGOTIATION LIST,True,169471,players,Eligible,Negotiation List,2026-09-05T13:30:37.057098,2026-09-05
202217,OTT ADD NEGOTIATION LIST AMER Isreal ABANIKANDA (RB) Pittsburgh,2025-10-22,2025-10-22,Isreal,Abanikanda,RB,AMER,Pittsburgh,OTT,ADD NEGOTIATION LIST,True,185010,players,Negotiation List,Eligible,2026-09-05T13:30:37.057098,2026-09-05
202218,OTT REM UNS NEGOTIATION LIST AMER Kameron CLINE (DL) South Dakota,2025-10-22,2025-10-22,Kameron,CLINE,DL,AMER,South Dakota,OTT,REM UNS NEGOTIATION LIST,True,166476,players,Eligible,Negotiation List,2026-09-05T13:30:37.057098,2026-09-05
202214,TOR ADD NEGOTIATION LIST AMER Amari ODOM (QB) Kennesaw State,2025-10-22,2025-10-22,Amari,Odom,QB,AMER,Kennesaw State,TOR,ADD NEGOTIATION LIST,True,185008,players,Negotiation List,Eligible,2026-09-05T13:30:37.057098,2026-09-05
202212,CGY REM UNS NEGOTIATION LIST AMER Owen WRIGHT (RB) Monmouth,2025-10-21,2025-10-21,Owen,Wright,RB,AMER,Monmouth,CGY,REM UNS NEGOTIATION LIST,True,184862,players,Eligible,Negotiation List,2026-09-05T13:30:37.057098,2026-09-05
202213,CGY ADD NEGOTIATION LIST AMER Nate NOEL (RB) Missouri,2025-10-21,2025-10-21,Nate,Noel,RB,AMER,Missouri,CGY,ADD NEGOTIATION LIST,True,185007,players,Negotiation List,Eligible,2026-09-05T13:30:37.057098,2026-09-05
202209,BC ADD NEGOTIATION LIST AMER Christian OLMSTEAD (OL) Findlay,2025-10-21,2025-10-21,Christian,OLMSTEAD,OL,AMER,Findlay,BC,ADD NEGOTIATION LIST,True,166591,players,Negotiation List,Eligible,2026-09-05T13:30:37.057098,2026-09-05
202208,BC REM UNS NEGOTIATION LIST AMER Jalen MORENO-CROPPER (WR) Fresno State,2025-10-21,2025-10-21,Jalen,MORENO-CROPPER,WR,AMER,Fresno State,BC,REM UNS NEGOTIATION LIST,True,167520,players,Eligible,Negotiation List,2026-09-05T13:30:37.057098,2026-09-05
202196,OTT ADD NEGOTIATION LIST AMER Parker NAVARRO (QB) Ohio,2025-10-20,2025-10-20,Parker,Navarro,QB,AMER,Ohio,OTT,ADD NEGOTIATION LIST,True,185005,players,Negotiation List,Eligible,2026-09-05T13:30:37.057098,2026-09-05
202195,OTT REM UNS NEGOTIATION LIST AMER Drew PYNE (QB) Bowling Green State,2025-10-20,2025-10-20,Drew,Pyne,QB,AMER,Bowling Green State,OTT,REM UNS NEGOTIATION LIST,True,169547,players,Eligible,Negotiation List,2026-09-05T13:30:37.057098,2026-09-05
202188,BC REM UNS NEGOTIATION LIST AMER JuJu HUGHES (DB) Fresno State,2025-10-20,2025-10-20,JuJu,Hughes,DB,AMER,Fresno State,BC,REM UNS NEGOTIATION LIST,True,168554,players,Eligible,Negotiation List,2026-09-05T13:30:37.057098,2026-09-05
202189,BC ADD NEGOTIATION LIST AMER Thomas GRAHAM (DB) Oregon,2025-10-20,2025-10-20,Thomas,Graham,DB,AMER,Oregon,BC,ADD NEGOTIATION LIST,True,185004,players,Negotiation List,Eligible,2026-09-05T13:30:37.057098,2026-09-05
202183,TOR ADD NEGOTIATION LIST AMER Caleb MURPHY (DL) Ferris State,2025-10-19,2025-10-19,Caleb,MURPHY,DL,AMER,Ferris State,TOR,ADD NEGOTIATION LIST,True,167498,players,Negotiation List,Eligible,2026-09-05T13:30:37.057098,2026-09-05
202182,EDM ADD NEGOTIATION LIST AMER Tyrone BRODEN (WR) Arkansas,2025-10-19,2025-10-19,Tyrone,Broden,WR,AMER,Arkansas,EDM,ADD NEGOTIATION LIST,True,169494,players,Negotiation List,Eligible,2026-09-05T13:30:37.057098,2026-09-05
202181,EDM REM UNS NEGOTIATION LIST AMER Myles PURCHASE (DB) Iowa State,2025-10-19,2025-10-19,Myles,Purchase,DB,AMER,Iowa State,EDM,REM UNS NEGOTIATION LIST,True,184816,players,Eligible,Negotiation List,2026-09-05T13:30:37.057098,2026-09-05
202179,BC REM UNS NEGOTIATION LIST AMER Norell POLLARD (DL) Virginia Tech,2025-10-19,2025-10-19,Norell,Pollard,DL,AMER,Virginia Tech,BC,REM UNS NEGOTIATION LIST,True,168486,players,Eligible,Negotiation List,2026-09-05T13:30:37.057098,2026-09-05
202180,BC ADD NEGOTIATION LIST AMER Thayer THOMAS (WR) North Carolina State,2025-10-19,2025-10-19,Thayer,THOMAS,WR,AMER,North Carolina State,BC,ADD NEGOTIATION LIST,True,167594,players,Negotiation List,Eligible,2026-09-05T13:30:37.057098,2026-09-05
202174,WPG ADD NEGOTIATION LIST AMER Bucky WILLIAMS (OL) Appalachian State,2025-10-18,2025-10-18,Bucky,Williams,OL,AMER,Appalachian State,WPG,ADD NEGOTIATION LIST,True,185003,players,Negotiation List,Eligible,2026-09-05T13:30:37.057098,2026-09-05
202173,WPG REM UNS NEGOTIATION LIST AMER Reuben LOWERY III (DB) Chattanooga,2025-10-18,2025-10-18,Reuben,Lowery III,DB,AMER,Chattanooga,WPG,REM UNS NEGOTIATION LIST,True,169481,players,Eligible,Negotiation List,2026-09-05T13:30:37.057098,2026-09-05
202125,TOR REM UNS NEGOTIATION LIST AMER Titus LEO (DL) Wagner College,2025-10-17,2025-10-17,Titus,Leo,DL,AMER,Wagner College,TOR,REM UNS NEGOTIATION LIST,True,169108,players,Eligible,Negotiation List,2026-09-05T13:30:37.057098,2026-09-05
202051,WPG ADD NEGOTIATION LIST AMER Jordan COOKE (QB) Idaho State,2025-10-15,2025-10-15,Jordan,Cooke,QB,AMER,Idaho State,WPG,ADD NEGOTIATION LIST,True,185001,players,Negotiation List,Eligible,2026-09-05T13:30:37.057098,2026-09-05
202049,CGY REM UNS NEGOTIATION LIST AMER Alex JOHNSON (DB) UCLA,2025-10-15,2025-10-15,Alex,Johnson,DB,AMER,UCLA,CGY,REM UNS NEGOTIATION LIST,True,184869,players,Eligible,Negotiation List,2026-09-05T13:30:37.057098,2026-09-05
202050,CGY ADD NEGOTIATION LIST AMER Mario WILLIAMS (WR) Tulane,2025-10-15,2025-10-15,Mario,Williams,WR,AMER,Tulane,CGY,ADD NEGOTIATION LIST,True,185000,players,Negotiation List,Eligible,2026-09-05T13:30:37.057098,2026-09-05
202043,BC REM UNS NEGOTIATION LIST AMER Jacobie KEENEY-JAMES (WR) Massachusetts,2025-10-15,2025-10-15,Jacobie,Keeney-James,WR,AMER,Massachusetts,BC,REM UNS NEGOTIATION LIST,True,184871,players,Eligible,Negotiation List,2026-09-05T13:30:37.057098,2026-09-05
202044,BC ADD NEGOTIATION LIST AMER Jalen MORENO-CROPPER (WR) Fresno State,2025-10-15,2025-10-15,Jalen,MORENO-CROPPER,WR,AMER,Fresno State,BC,ADD NEGOTIATION LIST,True,167520,players,Negotiation List,Eligible,2026-09-05T13:30:37.057098,2026-09-05
202041,EDM REM UNS NEGOTIATION LIST AMER Julian HICKS (WR) Albany,2025-10-15,2025-10-15,Julian,Hicks,WR,AMER,Albany,EDM,REM UNS NEGOTIATION LIST,True,184920,players,Eligible,Negotiation List,2026-09-05T13:30:37.057098,2026-09-05
202042,EDM ADD NEGOTIATION LIST AMER Tysheem JOHNSON (DB) Oregon,2025-10-15,2025-10-15,Tysheem,Johnson,DB,AMER,Oregon,EDM,ADD NEGOTIATION LIST,True,184999,players,Negotiation List,Eligible,2026-09-05T13:30:37.057098,2026-09-05
202039,CGY REM UNS NEGOTIATION LIST AMER Ryan HAYES (OL) Michigan,2025-10-15,2025-10-15,Ryan,Hayes,OL,AMER,Michigan,CGY,REM UNS NEGOTIATION LIST,True,169040,players,Eligible,Negotiation List,2026-09-05T13:30:37.057098,2026-09-05
202040,CGY ADD NEGOTIATION LIST AMER Marcellus JOHNSON (OL) Missouri,2025-10-15,2025-10-15,Marcellus,Johnson,OL,AMER,Missouri,CGY,ADD NEGOTIATION LIST,True,169014,players,Negotiation List,Eligible,2026-09-05T13:30:37.057098,2026-09-05
202038,BC ADD NEGOTIATION LIST AMER Eli NEAL (LB) Marshall,2025-10-14,2025-10-14,Eli,Neal,LB,AMER,Marshall,BC,ADD NEGOTIATION LIST,True,168489,players,Negotiation List,Eligible,2026-09-05T13:30:37.057098,2026-09-05
202036,TOR ADD NEGOTIATION LIST AMER Zach EVANS (RB) Mississippi,2025-10-14,2025-10-14,Zach,Evans,RB,AMER,Mississippi,TOR,ADD NEGOTIATION LIST,True,169127,players,Negotiation List,Eligible,2026-09-05T13:30:37.057098,2026-09-05
202037,BC REM UNS NEGOTIATION LIST AMER Kayvon BRITTEN (RB) Tarleton State,2025-10-14,2025-10-14,Kayvon,Britten,RB,AMER,Tarleton State,BC,REM UNS NEGOTIATION LIST,True,184994,players,Eligible,Negotiation List,2026-09-05T13:30:37.057098,2026-09-05
202035,TOR REM UNS NEGOTIATION LIST AMER Elijah ELLIS (OL) Marshall,2025-10-14,2025-10-14,Elijah,Ellis,OL,AMER,Marshall,TOR,REM UNS NEGOTIATION LIST,True,184768,players,Eligible,Negotiation List,2026-09-05T13:30:37.057098,2026-09-05
202032,TOR ADD NEGOTIATION LIST AMER Nadame TUCKER (DL) Western Michigan,2025-10-13,2025-10-13,Nadame,Tucker,DL,AMER,Western Michigan,TOR,ADD NEGOTIATION LIST,True,184997,players,Negotiation List,Eligible,2026-09-05T13:30:37.057098,2026-09-05
202034,BC ADD NEGOTIATION LIST AMER Colton DOWELL (WR) Tennessee Martin,2025-10-13,2025-10-13,Colton,DOWELL,WR,AMER,Tennessee Martin,BC,ADD NEGOTIATION LIST,True,167442,players,Negotiation List,Eligible,2026-09-05T13:30:37.057098,2026-09-05
202033,BC REM UNS NEGOTIATION LIST AMER Tony JONES JR. (RB) Notre Dame,2025-10-13,2025-10-13,Tony,JONES JR.,RB,AMER,Notre Dame,BC,REM UNS NEGOTIATION LIST,True,166464,players,Eligible,Negotiation List,2026-09-05T13:30:37.057098,2026-09-05
202031,WPG REM SGD NEGOTIATION LIST AMER Ben DOOLEY (OL) Boise State,2025-10-13,2025-10-13,Ben,Dooley,OL,AMER,Boise State,WPG,REM SGD NEGOTIATION LIST,True,184960,players,Eligible,Negotiation List,2026-09-05T13:30:37.057098,2026-09-05
202010,OTT REM SGD NEGOTIATION LIST AMER Iverson BROWN (DB) Southern Illinois,2025-10-12,2025-10-12,Iverson,Brown,DB,AMER,Southern Illinois,OTT,REM SGD NEGOTIATION LIST,True,184287,players,Eligible,Negotiation List,2026-09-05T13:30:37.057098,2026-09-05
202008,WPG REM UNS NEGOTIATION LIST AMER Myles DORN (DB) North Carolina,2025-10-12,2025-10-12,Myles,DORN,DB,AMER,North Carolina,WPG,REM UNS NEGOTIATION LIST,True,168174,players,Eligible,Negotiation List,2026-09-05T13:30:37.057098,2026-09-05
202009,WPG ADD NEGOTIATION LIST AMER Reuben LOWERY III (DB) Chattanooga,2025-10-12,2025-10-12,Reuben,Lowery III,DB,AMER,Chattanooga,WPG,ADD NEGOTIATION LIST,True,169481,players,Negotiation List,Eligible,2026-09-05T13:30:37.057098,2026-09-05
202011,OTT ADD NEGOTIATION LIST GLOB Yoann MIANGUE (DL) Laval,2025-10-12,2025-10-12,Yoann,Miangue,DL,GLOB,Laval,OTT,ADD NEGOTIATION LIST,True,184996,players,Negotiation List,Eligible,2026-09-05T13:30:37.057098,2026-09-05
202007,TOR ADD NEGOTIATION LIST AMER Robert BEAL JR (DL) Georgia,2025-10-12,2025-10-12,Robert,BEAL JR,DL,AMER,Georgia,TOR,ADD NEGOTIATION LIST,True,166683,players,Negotiation List,Eligible,2026-09-05T13:30:37.057098,2026-09-05
202006,TOR REM UNS NEGOTIATION LIST AMER Howard CROSS III (DL) Notre Dame,2025-10-12,2025-10-12,Howard,Cross III,DL,AMER,Notre Dame,TOR,REM UNS NEGOTIATION LIST,True,184825,players,Eligible,Negotiation List,2026-09-05T13:30:37.057098,2026-09-05
201973,EDM ADD NEGOTIATION LIST AMER Benton WHITLEY (DL) Holy Cross,2025-10-10,2025-10-10,Benton,WHITLEY,DL,AMER,Holy Cross,EDM,ADD NEGOTIATION LIST,True,166716,players,Negotiation List,Eligible,2026-09-05T13:30:37.057098,2026-09-05
201961,BC ADD NEGOTIATION LIST AMER JuJu HUGHES (DB) Fresno State,2025-10-10,2025-10-10,JuJu,Hughes,DB,AMER,Fresno State,BC,ADD NEGOTIATION LIST,True,168554,players,Negotiation List,Eligible,2026-09-05T13:30:37.057098,2026-09-05
201962,SSK REM UNS NEGOTIATION LIST AMER Adonis ALEXANDER (DB) Virginia Tech,2025-10-10,2025-10-10,Adonis,ALEXANDER,DB,AMER,Virginia Tech,SSK,REM UNS NEGOTIATION LIST,True,164276,players,Eligible,Negotiation List,2026-09-05T13:30:37.057098,2026-09-05
201963,SSK ADD NEGOTIATION LIST AMER Daequan HARDY (DB) Penn State,2025-10-10,2025-10-10,Daequan,Hardy,DB,AMER,Penn State,SSK,ADD NEGOTIATION LIST,True,184995,players,Negotiation List,Eligible,2026-09-05T13:30:37.057098,2026-09-05
201960,BC REM UNS NEGOTIATION LIST AMER Willie TAYLOR (DL) Eastern Kentucky,2025-10-10,2025-10-10,Willie,Taylor,DL,AMER,Eastern Kentucky,BC,REM UNS NEGOTIATION LIST,True,168206,players,Eligible,Negotiation List,2026-09-05T13:30:37.057098,2026-09-05
201924,BC ADD NEGOTIATION LIST AMER Kayvon BRITTEN (RB) Tarleton State,2025-10-09,2025-10-09,Kayvon,Britten,RB,AMER,Tarleton State,BC,ADD NEGOTIATION LIST,True,184994,players,Negotiation List,Eligible,2026-09-05T13:30:37.057098,2026-09-05
201921,BC REM SGD NEGOTIATION LIST AMER Lorando JOHNSON (DB) Baylor,2025-10-09,2025-10-09,Lorando,JOHNSON,DB,AMER,Baylor,BC,REM SGD NEGOTIATION LIST,True,184976,players,Eligible,Negotiation List,2026-09-05T13:30:37.057098,2026-09-05
201901,WPG ADD NEGOTIATION LIST AMER Xavier CARLTON (DL) California,2025-10-09,2025-10-09,Xavier,Carlton,DL,AMER,California,WPG,ADD NEGOTIATION LIST,True,184829,players,Negotiation List,Eligible,2026-09-05T13:30:37.057098,2026-09-05
201899,OTT REM SGD NEGOTIATION LIST AMER Robert LEWIS (WR) Auburn,2025-10-09,2025-10-09,Robert,Lewis,WR,AMER,Auburn,OTT,REM SGD NEGOTIATION LIST,True,184853,players,Eligible,Negotiation List,2026-09-05T13:30:37.057098,2026-09-05
201900,OTT ADD NEGOTIATION LIST AMER Chris PARSON (QB) Austin Peay,2025-10-09,2025-10-09,Chris,Parson,QB,AMER,Austin Peay,OTT,ADD NEGOTIATION LIST,True,184991,players,Negotiation List,Eligible,2026-09-05T13:30:37.057098,2026-09-05
201876,BC ADD NEGOTIATION LIST AMER Michael DWUMFOUR (DL) Rutgers,2025-10-08,2025-10-08,Michael,DWUMFOUR,DL,AMER,Rutgers,BC,ADD NEGOTIATION LIST,True,166503,players,Negotiation List,Eligible,2026-09-05T13:30:37.057098,2026-09-05
201874,BC ADD NEGOTIATION LIST AMER Demetric FELTON (WR) UCLA,2025-10-08,2025-10-08,Demetric,Felton,WR,AMER,UCLA,BC,ADD NEGOTIATION LIST,True,168568,players,Negotiation List,Eligible,2026-09-05T13:30:37.057098,2026-09-05
201875,BC REM UNS NEGOTIATION LIST AMER Myjai SANDERS (DL) Cincinnati,2025-10-08,2025-10-08,Myjai,Sanders,DL,AMER,Cincinnati,BC,REM UNS NEGOTIATION LIST,True,168701,players,Eligible,Negotiation List,2026-09-05T13:30:37.057098,2026-09-05
201873,BC REM UNS NEGOTIATION LIST AMER Ricky WHITE III (WR) UNLV,2025-10-08,2025-10-08,Ricky,White III,WR,AMER,UNLV,BC,REM UNS NEGOTIATION LIST,True,184883,players,Eligible,Negotiation List,2026-09-05T13:30:37.057098,2026-09-05
201872,SSK ADD NEGOTIATION LIST AMER Markel BELL (OL) Miami,2025-10-07,2025-10-07,Markel,Bell,OL,AMER,Miami,SSK,ADD NEGOTIATION LIST,True,184990,players,Negotiation List,Eligible,2026-09-05T13:30:37.057098,2026-09-05
201869,CGY REM UNS NEGOTIATION LIST AMER Nick WHITESIDE II (DB) Saginaw Valley State,2025-10-07,2025-10-07,Nick,Whiteside II,DB,AMER,Saginaw Valley State,CGY,REM UNS NEGOTIATION LIST,True,169091,players,Eligible,Negotiation List,2026-09-05T13:30:37.057098,2026-09-05
201870,CGY ADD NEGOTIATION LIST AMER Jermari HARRIS (DB) Iowa,2025-10-07,2025-10-07,Jermari,Harris,DB,AMER,Iowa,CGY,ADD NEGOTIATION LIST,True,184989,players,Negotiation List,Eligible,2026-09-05T13:30:37.057098,2026-09-05
201871,SSK REM SGD NEGOTIATION LIST AMER Michael HUGHES (K) Appalachian State,2025-10-07,2025-10-07,Michael,Hughes,K,AMER,Appalachian State,SSK,REM SGD NEGOTIATION LIST,True,184983,players,Eligible,Negotiation List,2026-09-05T13:30:37.057098,2026-09-05
201867,SSK REM UNS NEGOTIATION LIST AMER Christopher DUNN (K) North Carolina State,2025-10-07,2025-10-07,Christopher,Dunn,K,AMER,North Carolina State,SSK,REM UNS NEGOTIATION LIST,True,184984,players,Eligible,Negotiation List,2026-09-05T13:30:37.057098,2026-09-05
201868,SSK ADD NEGOTIATION LIST AMER Josh ROSS (LB) Michigan,2025-10-07,2025-10-07,Josh,Ross,LB,AMER,Michigan,SSK,ADD NEGOTIATION LIST,True,184988,players,Negotiation List,Eligible,2026-09-05T13:30:37.057098,2026-09-05
201865,CGY REM UNS NEGOTIATION LIST AMER Lance BOYKIN (DB) Coastal Carolina,2025-10-07,2025-10-07,Lance,Boykin,DB,AMER,Coastal Carolina,CGY,REM UNS NEGOTIATION LIST,True,168260,players,Eligible,Negotiation List,2026-09-05T13:30:37.057098,2026-09-05
201866,CGY ADD NEGOTIATION LIST AMER Ryan COOPER (DB) Oregon State,2025-10-07,2025-10-07,Ryan,Cooper,DB,AMER,Oregon State,CGY,ADD NEGOTIATION LIST,True,184987,players,Negotiation List,Eligible,2026-09-05T13:30:37.057098,2026-09-05
201864,CGY ADD NEGOTIATION LIST AMER Taron DICKENS (QB) Western Carolina,2025-10-07,2025-10-07,Taron,Dickens,QB,AMER,Western Carolina,CGY,ADD NEGOTIATION LIST,True,184986,players,Negotiation List,Eligible,2026-09-05T13:30:37.057098,2026-09-05
201862,CGY REM SGD NEGOTIATION LIST AMER Antario BROWN (RB) Northern Illinois,2025-10-07,2025-10-07,Antario,Brown,RB,AMER,Northern Illinois,CGY,REM SGD NEGOTIATION LIST,True,169614,players,Eligible,Negotiation List,2026-09-05T13:30:37.057098,2026-09-05
201850,OTT ADD NEGOTIATION LIST AMER Tariq CASTRO-FIELDS (DB) Penn State,2025-10-07,2025-10-07,Tariq,Castro-Fields,DB,AMER,Penn State,OTT,ADD NEGOTIATION LIST,True,169200,players,Negotiation List,Eligible,2026-09-05T13:30:37.057098,2026-09-05
201849,OTT REM SGD NEGOTIATION LIST AMER Jelani STAFFORD (DL) Connecticut,2025-10-07,2025-10-07,Jelani,Stafford,DL,AMER,Connecticut,OTT,REM SGD NEGOTIATION LIST,True,184288,players,Eligible,Negotiation List,2026-09-05T13:30:37.057098,2026-09-05
201837,WPG ADD NEGOTIATION LIST AMER KJ HENRY (DL) Clemson,2025-10-07,2025-10-07,KJ,Henry,DL,AMER,Clemson,WPG,ADD NEGOTIATION LIST,True,184678,players,Negotiation List,Eligible,2026-09-05T13:30:37.057098,2026-09-05
201834,TOR REM UNS NEGOTIATION LIST AMER Elijah WILLIAMS (DL) Morgan State,2025-10-07,2025-10-07,Elijah,Williams,DL,AMER,Morgan State,TOR,REM UNS NEGOTIATION LIST,True,169315,players,Eligible,Negotiation List,2026-09-05T13:30:37.057098,2026-09-05
201835,TOR REM UNS NEGOTIATION LIST AMER Lew NICHOLS III (RB) Central Michigan,2025-10-07,2025-10-07,Lew,Nichols III,RB,AMER,Central Michigan,TOR,REM UNS NEGOTIATION LIST,True,184677,players,Eligible,Negotiation List,2026-09-05T13:30:37.057098,2026-09-05
201836,TOR ADD NEGOTIATION LIST AMER Cody SCHRADER (RB) Missouri,2025-10-07,2025-10-07,Cody,Schrader,RB,AMER,Missouri,TOR,ADD NEGOTIATION LIST,True,168387,players,Negotiation List,Eligible,2026-09-05T13:30:37.057098,2026-09-05
201833,WPG ADD NEGOTIATION LIST AMER Aaron SMITH (LB) South Carolina State,2025-10-07,2025-10-07,Aaron,Smith,LB,AMER,South Carolina State,WPG,ADD NEGOTIATION LIST,True,169402,players,Negotiation List,Eligible,2026-09-05T13:30:37.057098,2026-09-05
201832,MTL REM SGD NEGOTIATION LIST AMER EJ PERRY (QB) Brown,2025-10-07,2025-10-07,EJ,PERRY,QB,AMER,Brown,MTL,REM SGD NEGOTIATION LIST,True,166376,players,Eligible,Negotiation List,2026-09-05T13:30:37.057098,2026-09-05
201820,CGY ADD NEGOTIATION LIST AMER Caulin LACY (WR) Louisville,2025-10-06,2025-10-06,Caulin,Lacy,WR,AMER,Louisville,CGY,ADD NEGOTIATION LIST,True,184985,players,Negotiation List,Eligible,2026-09-05T13:30:37.057098,2026-09-05
201819,SSK ADD NEGOTIATION LIST AMER Christopher DUNN (K) North Carolina State,2025-10-06,2025-10-06,Christopher,Dunn,K,AMER,North Carolina State,SSK,ADD NEGOTIATION LIST,True,184984,players,Negotiation List,Eligible,2026-09-05T13:30:37.057098,2026-09-05
201818,SSK REM UNS NEGOTIATION LIST AMER Deion SMITH (WR) Holmes Community College,2025-10-06,2025-10-06,Deion,SMITH,WR,AMER,Holmes Community College,SSK,REM UNS NEGOTIATION LIST,True,167180,players,Eligible,Negotiation List,2026-09-05T13:30:37.057098,2026-09-05
201817,SSK ADD NEGOTIATION LIST AMER Michael HUGHES (K) Appalachian State,2025-10-06,2025-10-06,Michael,Hughes,K,AMER,Appalachian State,SSK,ADD NEGOTIATION LIST,True,184983,players,Negotiation List,Eligible,2026-09-05T13:30:37.057098,2026-09-05
201816,SSK REM UNS NEGOTIATION LIST AMER Chandon SULLIVAN (DB) Georgia State,2025-10-06,2025-10-06,Chandon,Sullivan,DB,AMER,Georgia State,SSK,REM UNS NEGOTIATION LIST,True,184972,players,Eligible,Negotiation List,2026-09-05T13:30:37.057098,2026-09-05
201815,EDM REM SGD NEGOTIATION LIST AMER Gavin HOLMES (DB) Texas,2025-10-06,2025-10-06,Gavin,Holmes,DB,AMER,Texas,EDM,REM SGD NEGOTIATION LIST,True,184875,players,Eligible,Negotiation List,2026-09-05T13:30:37.057098,2026-09-05
201812,SSK ADD NEGOTIATION LIST AMER Adonis ALEXANDER (DB) Virginia Tech,2025-10-06,2025-10-06,Adonis,ALEXANDER,DB,AMER,Virginia Tech,SSK,ADD NEGOTIATION LIST,True,164276,players,Negotiation List,Eligible,2026-09-05T13:30:37.057098,2026-09-05
201811,SSK REM UNS NEGOTIATION LIST AMER Nate LYNN (DL) William & Mary,2025-10-06,2025-10-06,Nate,Lynn,DL,AMER,William & Mary,SSK,REM UNS NEGOTIATION LIST,True,168694,players,Eligible,Negotiation List,2026-09-05T13:30:37.057098,2026-09-05
201803,TOR ADD NEGOTIATION LIST AMER DJ WILLIAMS (QB) Southern Illinois,2025-10-06,2025-10-06,DJ,Williams,QB,AMER,Southern Illinois,TOR,ADD NEGOTIATION LIST,True,184980,players,Negotiation List,Eligible,2026-09-05T13:30:37.057098,2026-09-05
201804,TOR REM UNS NEGOTIATION LIST AMER Brandon SMITH (LB) Penn State,2025-10-06,2025-10-06,Brandon,Smith,LB,AMER,Penn State,TOR,REM UNS NEGOTIATION LIST,True,169225,players,Eligible,Negotiation List,2026-09-05T13:30:37.057098,2026-09-05
201805,TOR ADD NEGOTIATION LIST AMER Nathan VOORHIS (DL) Ball State,2025-10-06,2025-10-06,Nathan,Voorhis,DL,AMER,Ball State,TOR,ADD NEGOTIATION LIST,True,184981,players,Negotiation List,Eligible,2026-09-05T13:30:37.057098,2026-09-05
201799,MTL REM UNS NEGOTIATION LIST AMER Kendell BROOKS (DB) Michigan State,2025-10-05,2025-10-05,Kendell,Brooks,DB,AMER,Michigan State,MTL,REM UNS NEGOTIATION LIST,True,168311,players,Eligible,Negotiation List,2026-09-05T13:30:37.057098,2026-09-05
201800,MTL ADD NEGOTIATION LIST AMER TJ SPEIGHT (WR) Monmouth,2025-10-05,2025-10-05,TJ,Speight,WR,AMER,Monmouth,MTL,ADD NEGOTIATION LIST,True,184979,players,Negotiation List,Eligible,2026-09-05T13:30:37.057098,2026-09-05
201798,CGY REM SGD NEGOTIATION LIST AMER Savio FRAZIER (DL) Miami of Ohio,2025-10-05,2025-10-05,Savio,Frazier,DL,AMER,Miami of Ohio,CGY,REM SGD NEGOTIATION LIST,True,184251,players,Eligible,Negotiation List,2026-09-05T13:30:37.057098,2026-09-05
201791,OTT ADD NEGOTIATION LIST AMER Gunner BRITTON (OL) Auburn,2025-10-04,2025-10-04,Gunner,Britton,OL,AMER,Auburn,OTT,ADD NEGOTIATION LIST,True,169030,players,Negotiation List,Eligible,2026-09-05T13:30:37.057098,2026-09-05
201790,OTT REM UNS NEGOTIATION LIST AMER Isas WAXTER (DB) Villanova,2025-10-04,2025-10-04,Isas,Waxter,DB,AMER,Villanova,OTT,REM UNS NEGOTIATION LIST,True,184907,players,Eligible,Negotiation List,2026-09-05T13:30:37.057098,2026-09-05
201792,OTT REM UNS NEGOTIATION LIST AMER Jaden DAVIS (DB) Miami,2025-10-04,2025-10-04,Jaden,Davis,DB,AMER,Miami,OTT,REM UNS NEGOTIATION LIST,True,184824,players,Eligible,Negotiation List,2026-09-05T13:30:37.057098,2026-09-05
201793,OTT ADD NEGOTIATION LIST AMER Jashaun CORBIN (RB) Florida State,2025-10-04,2025-10-04,Jashaun,Corbin,RB,AMER,Florida State,OTT,ADD NEGOTIATION LIST,True,184978,players,Negotiation List,Eligible,2026-09-05T13:30:37.057098,2026-09-05
201794,OTT REM UNS NEGOTIATION LIST AMER Keilan ROBINSON (RB) Texas,2025-10-04,2025-10-04,Keilan,Robinson,RB,AMER,Texas,OTT,REM UNS NEGOTIATION LIST,True,184931,players,Eligible,Negotiation List,2026-09-05T13:30:37.057098,2026-09-05
201795,OTT ADD NEGOTIATION LIST AMER Tre SWILLING (DB) Georgia Tech,2025-10-04,2025-10-04,Tre,SWILLING,DB,AMER,Georgia Tech,OTT,ADD NEGOTIATION LIST,True,167501,players,Negotiation List,Eligible,2026-09-05T13:30:37.057098,2026-09-05
201788,BC REM UNS NEGOTIATION LIST AMER CJ MONTES (QB) Fordham,2025-10-04,2025-10-04,CJ,Montes,QB,AMER,Fordham,BC,REM UNS NEGOTIATION LIST,True,168306,players,Eligible,Negotiation List,2026-09-05T13:30:37.057098,2026-09-05
201789,BC ADD NEGOTIATION LIST AMER Walker EGET (QB) San Jose State,2025-10-04,2025-10-04,Walker,Eget,QB,AMER,San Jose State,BC,ADD NEGOTIATION LIST,True,184977,players,Negotiation List,Eligible,2026-09-05T13:30:37.057098,2026-09-05
201786,BC REM UNS NEGOTIATION LIST AMER Jaden ROBINSON (DB) Oregon State,2025-10-04,2025-10-04,Jaden,Robinson,DB,AMER,Oregon State,BC,REM UNS NEGOTIATION LIST,True,184872,players,Eligible,Negotiation List,2026-09-05T13:30:37.057098,2026-09-05
201787,BC ADD NEGOTIATION LIST AMER Lorando JOHNSON (DB) Baylor,2025-10-04,2025-10-04,Lorando,Johnson,DB,AMER,Baylor,BC,ADD NEGOTIATION LIST,True,184976,players,Negotiation List,Eligible,2026-09-05T13:30:37.057098,2026-09-05
201785,TOR ADD NEGOTIATION LIST AMER Howard CROSS III (DL) Notre Dame,2025-10-04,2025-10-04,Howard,Cross III,DL,AMER,Notre Dame,TOR,ADD NEGOTIATION LIST,True,184825,players,Negotiation List,Eligible,2026-09-05T13:30:37.057098,2026-09-05
201754,WPG ADD NEGOTIATION LIST AMER Amari GAINER (LB) North Carolina,2025-10-03,2025-10-03,Amari,Gainer,LB,AMER,North Carolina,WPG,ADD NEGOTIATION LIST,True,184975,players,Negotiation List,Eligible,2026-09-05T13:30:37.057098,2026-09-05
201737,WPG REM SGD NEGOTIATION LIST AMER Matthew JACKSON (LB) Eastern Kentucky,2025-10-02,2025-10-02,Matthew,JACKSON,LB,AMER,Eastern Kentucky,WPG,REM SGD NEGOTIATION LIST,True,167399,players,Eligible,Negotiation List,2026-09-05T13:30:37.057098,2026-09-05
201736,WPG REM SGD NEGOTIATION LIST AMER Major WILLIAMS (DB) Carson-Newman,2025-10-02,2025-10-02,Major,Williams,DB,AMER,Carson-Newman,WPG,REM SGD NEGOTIATION LIST,True,169336,players,Eligible,Negotiation List,2026-09-05T13:30:37.057098,2026-09-05
201735,WPG REM SGD NEGOTIATION LIST AMER Kydran JENKINS (DL) Purdue,2025-10-02,2025-10-02,Kydran,Jenkins,DL,AMER,Purdue,WPG,REM SGD NEGOTIATION LIST,True,184929,players,Eligible,Negotiation List,2026-09-05T13:30:37.057098,2026-09-05
201734,WPG REM SGD NEGOTIATION LIST AMER Matt JAWORSKI (DL) Fordham,2025-10-02,2025-10-02,Matt,Jaworski,DL,AMER,Fordham,WPG,REM SGD NEGOTIATION LIST,True,169347,players,Eligible,Negotiation List,2026-09-05T13:30:37.057098,2026-09-05
201726,HAM ADD NEGOTIATION LIST AMER Simeon BARROW (DL) Miami,2025-10-02,2025-10-02,Simeon,Barrow,DL,AMER,Miami,HAM,ADD NEGOTIATION LIST,True,184973,players,Negotiation List,Eligible,2026-09-05T13:30:37.057098,2026-09-05
201723,SSK REM UNS NEGOTIATION LIST AMER Allan GEORGE (DB) Vanderbilt,2025-10-02,2025-10-02,Allan,George,DB,AMER,Vanderbilt,SSK,REM UNS NEGOTIATION LIST,True,169163,players,Eligible,Negotiation List,2026-09-05T13:30:37.057098,2026-09-05
201724,SSK ADD NEGOTIATION LIST AMER Chandon SULLIVAN (DB) Georgia State,2025-10-02,2025-10-02,Chandon,Sullivan,DB,AMER,Georgia State,SSK,ADD NEGOTIATION LIST,True,184972,players,Negotiation List,Eligible,2026-09-05T13:30:37.057098,2026-09-05
201725,HAM REM SGD NEGOTIATION LIST AMER Jose RAMIREZ (DL) Eastern Michigan,2025-10-02,2025-10-02,Jose,RAMIREZ,DL,AMER,Eastern Michigan,HAM,REM SGD NEGOTIATION LIST,True,167416,players,Eligible,Negotiation List,2026-09-05T13:30:37.057098,2026-09-05
201721,SSK REM UNS NEGOTIATION LIST AMER Jerry JACOBS (DB) Arkansas,2025-10-02,2025-10-02,Jerry,Jacobs,DB,AMER,Arkansas,SSK,REM UNS NEGOTIATION LIST,True,184967,players,Eligible,Negotiation List,2026-09-05T13:30:37.057098,2026-09-05
201722,SSK ADD NEGOTIATION LIST AMER Isaac TAYLOR-STUART (DB) Southern California,2025-10-02,2025-10-02,Isaac,Taylor-Stuart,DB,AMER,Southern California,SSK,ADD NEGOTIATION LIST,True,168938,players,Negotiation List,Eligible,2026-09-05T13:30:37.057098,2026-09-05
201694,TOR ADD NEGOTIATION LIST AMER Chace DAVIS (OL) Bowling Green State,2025-10-02,2025-10-02,Chace,Davis,OL,AMER,Bowling Green State,TOR,ADD NEGOTIATION LIST,True,184971,players,Negotiation List,Eligible,2026-09-05T13:30:37.057098,2026-09-05
201634,SSK ADD NEGOTIATION LIST AMER Allan GEORGE (DB) Vanderbilt,2025-09-30,2025-09-30,Allan,George,DB,AMER,Vanderbilt,SSK,ADD NEGOTIATION LIST,True,169163,players,Negotiation List,Eligible,2026-09-05T13:30:37.057098,2026-09-05
201635,SSK REM SGD NEGOTIATION LIST AMER Marcus MAJOR JR. (RB) Minnesota,2025-09-30,2025-09-30,Marcus,Major Jr.,RB,AMER,Minnesota,SSK,REM SGD NEGOTIATION LIST,True,184830,players,Eligible,Negotiation List,2026-09-05T13:30:37.057098,2026-09-05
201636,SSK REM SGD NEGOTIATION LIST AMER Tuasivi NOMURA (LB) Fresno State,2025-09-30,2025-09-30,Tuasivi,Nomura,LB,AMER,Fresno State,SSK,REM SGD NEGOTIATION LIST,True,184959,players,Eligible,Negotiation List,2026-09-05T13:30:37.057098,2026-09-05
201637,SSK ADD NEGOTIATION LIST AMER Jerry JACOBS (DB) Arkansas,2025-09-30,2025-09-30,Jerry,Jacobs,DB,AMER,Arkansas,SSK,ADD NEGOTIATION LIST,True,184967,players,Negotiation List,Eligible,2026-09-05T13:30:37.057098,2026-09-05
201638,SSK REM SGD NEGOTIATION LIST AMER Alphonzo TUPUTALA (LB) Washington,2025-09-30,2025-09-30,Alphonzo,Tuputala,LB,AMER,Washington,SSK,REM SGD NEGOTIATION LIST,True,184855,players,Eligible,Negotiation List,2026-09-05T13:30:37.057098,2026-09-05
201639,SSK ADD NEGOTIATION LIST AMER Shemar BARTHOLOMEW (DB) Georgia Southern,2025-09-30,2025-09-30,Shemar,Bartholomew,DB,AMER,Georgia Southern,SSK,ADD NEGOTIATION LIST,True,169016,players,Negotiation List,Eligible,2026-09-05T13:30:37.057098,2026-09-05
201640,SSK REM SGD NEGOTIATION LIST AMER Brayden SCHAGER (QB) Hawaii,2025-09-30,2025-09-30,Brayden,Schager,QB,AMER,Hawaii,SSK,REM SGD NEGOTIATION LIST,True,168354,players,Eligible,Negotiation List,2026-09-05T13:30:37.057098,2026-09-05
201641,SSK ADD NEGOTIATION LIST AMER Antonio GRIER (LB) Arkansas,2025-09-30,2025-09-30,Antonio,Grier,LB,AMER,Arkansas,SSK,ADD NEGOTIATION LIST,True,184968,players,Negotiation List,Eligible,2026-09-05T13:30:37.057098,2026-09-05
201642,EDM REM UNS NEGOTIATION LIST AMER Lance DIXON (LB) Toledo,2025-09-30,2025-09-30,Lance,Dixon,LB,AMER,Toledo,EDM,REM UNS NEGOTIATION LIST,True,169322,players,Eligible,Negotiation List,2026-09-05T13:30:37.057098,2026-09-05
201643,EDM ADD NEGOTIATION LIST AMER Myles PURCHASE (DB) Iowa State,2025-09-30,2025-09-30,Myles,Purchase,DB,AMER,Iowa State,EDM,ADD NEGOTIATION LIST,True,184816,players,Negotiation List,Eligible,2026-09-05T13:30:37.057098,2026-09-05
201608,OTT ADD NEGOTIATION LIST AMER BJ ADAMS (DB) Central Florida,2025-09-29,2025-09-29,BJ,Adams,DB,AMER,Central Florida,OTT,ADD NEGOTIATION LIST,True,184965,players,Negotiation List,Eligible,2026-09-05T13:30:37.057098,2026-09-05
201607,OTT REM SGD NEGOTIATION LIST AMER Alec RASMUSSEN (OL) St. Thomas-Minnesota,2025-09-29,2025-09-29,Alec,Rasmussen,OL,AMER,St. Thomas-Minnesota,OTT,REM SGD NEGOTIATION LIST,True,184005,players,Eligible,Negotiation List,2026-09-05T13:30:37.057098,2026-09-05
201594,WPG ADD NEGOTIATION LIST AMER Ryan BROWNE (QB) Purdue,2025-09-27,2025-09-27,Ryan,Browne,QB,AMER,Purdue,WPG,ADD NEGOTIATION LIST,True,184964,players,Negotiation List,Eligible,2026-09-05T13:30:37.057098,2026-09-05
201593,WPG REM UNS NEGOTIATION LIST AMER Deven THOMPKINS (WR) Utah State,2025-09-27,2025-09-27,Deven,THOMPKINS,WR,AMER,Utah State,WPG,REM UNS NEGOTIATION LIST,True,166585,players,Ineligible,Negotiation List,2026-09-05T13:30:37.057098,2026-09-05
201557,SSK ADD NEGOTIATION LIST AMER James BURGESS (DB) Alabama State,2025-09-26,2025-09-26,James,Burgess,DB,AMER,Alabama State,SSK,ADD NEGOTIATION LIST,True,184963,players,Negotiation List,Eligible,2026-09-05T13:30:37.057098,2026-09-05
201556,SSK REM UNS NEGOTIATION LIST AMER Vincent GRAY (DB) Michigan,2025-09-26,2025-09-26,Vincent,Gray,DB,AMER,Michigan,SSK,REM UNS NEGOTIATION LIST,True,169057,players,Eligible,Negotiation List,2026-09-05T13:30:37.057098,2026-09-05
201529,SSK REM UNS NEGOTIATION LIST AMER Otis REESE (LB) Mississippi,2025-09-25,2025-09-25,Otis,REESE,LB,AMER,Mississippi,SSK,REM UNS NEGOTIATION LIST,True,167622,players,Eligible,Negotiation List,2026-09-05T13:30:37.057098,2026-09-05
201530,SSK ADD NEGOTIATION LIST AMER Jahcour PEARSON (WR) Mississippi,2025-09-25,2025-09-25,Jahcour,PEARSON,WR,AMER,Mississippi,SSK,ADD NEGOTIATION LIST,True,166834,players,Negotiation List,Eligible,2026-09-05T13:30:37.057098,2026-09-05
201476,TOR ADD NEGOTIATION LIST AMER Brendan RICE (WR) Southern California,2025-09-25,2025-09-25,Brendan,Rice,WR,AMER,Southern California,TOR,ADD NEGOTIATION LIST,True,184961,players,Negotiation List,Eligible,2026-09-05T13:30:37.057098,2026-09-05
201478,TOR ADD NEGOTIATION LIST AMER Drew NASH (QB) Western Colorado,2025-09-25,2025-09-25,Drew,Nash,QB,AMER,Western Colorado,TOR,ADD NEGOTIATION LIST,True,184962,players,Negotiation List,Eligible,2026-09-05T13:30:37.057098,2026-09-05
201466,WPG REM UNS NEGOTIATION LIST AMER James CARPENTER (DL) Indiana,2025-09-24,2025-09-24,James,Carpenter,DL,AMER,Indiana,WPG,REM UNS NEGOTIATION LIST,True,169331,players,Eligible,Negotiation List,2026-09-05T13:30:37.057098,2026-09-05
201467,WPG ADD NEGOTIATION LIST AMER Ben DOOLEY (OL) Boise State,2025-09-24,2025-09-24,Ben,Dooley,OL,AMER,Boise State,WPG,ADD NEGOTIATION LIST,True,184960,players,Negotiation List,Eligible,2026-09-05T13:30:37.057098,2026-09-05
201462,BC ADD NEGOTIATION LIST AMER Xazavian VALLADAY (RB) Arizona State,2025-09-24,2025-09-24,Xazavian,Valladay,RB,AMER,Arizona State,BC,ADD NEGOTIATION LIST,True,168224,players,Negotiation List,Eligible,2026-09-05T13:30:37.057098,2026-09-05
201461,BC REM UNS NEGOTIATION LIST AMER Toa TAUA (RB) Nevada,2025-09-24,2025-09-24,Toa,TAUA,RB,AMER,Nevada,BC,REM UNS NEGOTIATION LIST,True,168043,players,Eligible,Negotiation List,2026-09-05T13:30:37.057098,2026-09-05
201458,EDM ADD NEGOTIATION LIST AMER Jaylon THOMAS (OL) Southern Methodist,2025-09-23,2025-09-23,Jaylon,THOMAS,OL,AMER,Southern Methodist,EDM,ADD NEGOTIATION LIST,True,167803,players,Negotiation List,Eligible,2026-09-05T13:30:37.057098,2026-09-05
201457,EDM REM SGD NEGOTIATION LIST AMER TJ LUTHER (WR) Gardner-Webb,2025-09-23,2025-09-23,TJ,LUTHER,WR,AMER,Gardner-Webb,EDM,REM SGD NEGOTIATION LIST,True,167730,players,Eligible,Negotiation List,2026-09-05T13:30:37.057098,2026-09-05
201440,CGY REM UNS NEGOTIATION LIST AMER Ron STONE (DE) Washington State,2025-09-23,2025-09-23,Ron,Stone,DE,AMER,Washington State,CGY,REM UNS NEGOTIATION LIST,True,169024,players,Eligible,Negotiation List,2026-09-05T13:30:37.057098,2026-09-05
201441,CGY ADD NEGOTIATION LIST AMER Elijah COOKS (WR) San Jose State,2025-09-23,2025-09-23,Elijah,Cooks,WR,AMER,San Jose State,CGY,ADD NEGOTIATION LIST,True,169395,players,Negotiation List,Eligible,2026-09-05T13:30:37.057098,2026-09-05
201442,EDM REM SGD NEGOTIATION LIST AMER Alexander MUELLER (LB) Northwestern,2025-09-23,2025-09-23,Alexander,Mueller,LB,AMER,Northwestern,EDM,REM SGD NEGOTIATION LIST,True,184941,players,Eligible,Negotiation List,2026-09-05T13:30:37.057098,2026-09-05
201443,EDM ADD NEGOTIATION LIST AMER Antwaun POWELL-RYLAND (DL) Virginia Tech,2025-09-23,2025-09-23,Antwaun,Powell-Ryland,DL,AMER,Virginia Tech,EDM,ADD NEGOTIATION LIST,True,184958,players,Negotiation List,Eligible,2026-09-05T13:30:37.057098,2026-09-05
201444,HAM REM UNS NEGOTIATION LIST AMER Julian PEARL (OL) Illinois,2025-09-23,2025-09-23,Julian,Pearl,OL,AMER,Illinois,HAM,REM UNS NEGOTIATION LIST,True,168723,players,Eligible,Negotiation List,2026-09-05T13:30:37.057098,2026-09-05
201445,HAM ADD NEGOTIATION LIST AMER Brian UGWU (DL) Miami of Ohio,2025-09-23,2025-09-23,Brian,Ugwu,DL,AMER,Miami of Ohio,HAM,ADD NEGOTIATION LIST,True,184209,players,Negotiation List,Eligible,2026-09-05T13:30:37.057098,2026-09-05
201446,BC REM UNS NEGOTIATION LIST AMER D'Angelo ROSS (DB) New Mexico,2025-09-23,2025-09-23,D'Angelo,ROSS,DB,AMER,New Mexico,BC,REM UNS NEGOTIATION LIST,True,165147,players,Eligible,Negotiation List,2026-09-05T13:30:37.057098,2026-09-05
201447,BC ADD NEGOTIATION LIST AMER Kaedin ROBINSON (WR) Appalachian State,2025-09-23,2025-09-23,Kaedin,Robinson,WR,AMER,Appalachian State,BC,ADD NEGOTIATION LIST,True,169512,players,Negotiation List,Eligible,2026-09-05T13:30:37.057098,2026-09-05
201448,SSK REM UNS NEGOTIATION LIST AMER William KWENKEU (LB) Temple,2025-09-23,2025-09-23,William,KWENKEU,LB,AMER,Temple,SSK,REM UNS NEGOTIATION LIST,True,167124,players,Eligible,Negotiation List,2026-09-05T13:30:37.057098,2026-09-05
201449,SSK ADD NEGOTIATION LIST AMER Tuasivi NOMURA (LB) Fresno State,2025-09-23,2025-09-23,Tuasivi,Nomura,LB,AMER,Fresno State,SSK,ADD NEGOTIATION LIST,True,184959,players,Negotiation List,Eligible,2026-09-05T13:30:37.057098,2026-09-05
201433,CGY ADD NEGOTIATION LIST AMER Katin HOUSER (QB) East Carolina,2025-09-22,2025-09-22,Katin,Houser,QB,AMER,East Carolina,CGY,ADD NEGOTIATION LIST,True,184955,players,Negotiation List,Eligible,2026-09-05T13:30:37.057098,2026-09-05
201432,CGY ADD NEGOTIATION LIST AMER Luke ALTMYER (QB) Illinois,2025-09-22,2025-09-22,Luke,Altmyer,QB,AMER,Illinois,CGY,ADD NEGOTIATION LIST,True,184954,players,Negotiation List,Eligible,2026-09-05T13:30:37.057098,2026-09-05
201434,CGY ADD NEGOTIATION LIST AMER Keith RANDOLPH JR (DL) Illinois,2025-09-22,2025-09-22,Keith,Randolph Jr,DL,AMER,Illinois,CGY,ADD NEGOTIATION LIST,True,169247,players,Negotiation List,Eligible,2026-09-05T13:30:37.057098,2026-09-05
201437,CGY ADD NEGOTIATION LIST AMER Tyreem POWELL (LB) Rutgers,2025-09-22,2025-09-22,Tyreem,Powell,LB,AMER,Rutgers,CGY,ADD NEGOTIATION LIST,True,184957,players,Negotiation List,Eligible,2026-09-05T13:30:37.057098,2026-09-05
201435,CGY ADD NEGOTIATION LIST AMER Jasheen DAVIS (DL) Wake Forest,2025-09-22,2025-09-22,Jasheen,Davis,DL,AMER,Wake Forest,CGY,ADD NEGOTIATION LIST,True,184956,players,Negotiation List,Eligible,2026-09-05T13:30:37.057098,2026-09-05
201436,CGY REM UNS NEGOTIATION LIST AMER Brian UGWU (DL) Miami of Ohio,2025-09-22,2025-09-22,Brian,Ugwu,DL,AMER,Miami of Ohio,CGY,REM UNS NEGOTIATION LIST,True,184209,players,Eligible,Negotiation List,2026-09-05T13:30:37.057098,2026-09-05
201431,SSK ADD NEGOTIATION LIST AMER William KWENKEU (LB) Temple,2025-09-22,2025-09-22,William,KWENKEU,LB,AMER,Temple,SSK,ADD NEGOTIATION LIST,True,167124,players,Negotiation List,Eligible,2026-09-05T13:30:37.057098,2026-09-05
201430,BC ADD NEGOTIATION LIST AMER Jaren HALL (QB) Brigham Young,2025-09-22,2025-09-22,Jaren,HALL,QB,AMER,Brigham Young,BC,ADD NEGOTIATION LIST,True,166495,players,Negotiation List,Eligible,2026-09-05T13:30:37.057098,2026-09-05
201425,BC REM SGD NEGOTIATION LIST AMER Isaiah WINSTEAD (WR) East Carolina,2025-09-22,2025-09-22,Isaiah,WINSTEAD,WR,AMER,East Carolina,BC,REM SGD NEGOTIATION LIST,True,167881,players,Eligible,Negotiation List,2026-09-05T13:30:37.057098,2026-09-05
201413,SSK REM SGD NEGOTIATION LIST AMER Chico BENNETT JR. (DE) Virginia,2025-09-22,2025-09-22,Chico,Bennett Jr.,DE,AMER,Virginia,SSK,REM SGD NEGOTIATION LIST,True,184835,players,Eligible,Negotiation List,2026-09-05T13:30:37.057098,2026-09-05
201410,CGY REM SGD NEGOTIATION LIST AMER B.J. THOMPSON (DL) Stephen F. Austin State,2025-09-22,2025-09-22,B.J.,THOMPSON,DL,AMER,Stephen F. Austin State,CGY,REM SGD NEGOTIATION LIST,True,166574,players,Eligible,Negotiation List,2026-09-05T13:30:37.057098,2026-09-05
201408,CGY REM SGD NEGOTIATION LIST AMER Lance ROBINSON (DB) Tulane,2025-09-22,2025-09-22,Lance,Robinson,DB,AMER,Tulane,CGY,REM SGD NEGOTIATION LIST,True,184949,players,Eligible,Negotiation List,2026-09-05T13:30:37.057098,2026-09-05
201406,CGY REM SGD NEGOTIATION LIST AMER Devonte O'MALLEY (DL) Northern Illinois,2025-09-22,2025-09-22,Devonte,O'Malley,DL,AMER,Northern Illinois,CGY,REM SGD NEGOTIATION LIST,True,184797,players,Eligible,Negotiation List,2026-09-05T13:30:37.057098,2026-09-05
201405,CGY REM SGD NEGOTIATION LIST AMER Jacobe COVINGTON (DB) Southern California,2025-09-22,2025-09-22,Jacobe,Covington,DB,AMER,Southern California,CGY,REM SGD NEGOTIATION LIST,True,184943,players,Eligible,Negotiation List,2026-09-05T13:30:37.057098,2026-09-05
201296,SSK ADD NEGOTIATION LIST AMER Vi JONES (DL) North Carolina State,2025-09-18,2025-09-18,Vi,Jones,DL,AMER,North Carolina State,SSK,ADD NEGOTIATION LIST,True,168512,players,Negotiation List,Eligible,2026-09-05T13:30:37.057098,2026-09-05
201295,SSK REM SGD NEGOTIATION LIST AMER Kevin ORANGE JR (DL) Graceland,2025-09-18,2025-09-18,Kevin,Orange Jr,DL,AMER,Graceland,SSK,REM SGD NEGOTIATION LIST,True,184400,players,Eligible,Negotiation List,2026-09-05T13:30:37.057098,2026-09-05
201283,WPG REM UNS NEGOTIATION LIST AMER Gage LAVARDAIN (WR) South Carolina,2025-09-17,2025-09-17,Gage,Lavardain,WR,AMER,South Carolina,WPG,REM UNS NEGOTIATION LIST,True,184948,players,Eligible,Negotiation List,2026-09-05T13:30:37.057098,2026-09-05
201284,WPG ADD NEGOTIATION LIST AMER James CARPENTER (DL) Indiana,2025-09-17,2025-09-17,James,Carpenter,DL,AMER,Indiana,WPG,ADD NEGOTIATION LIST,True,169331,players,Negotiation List,Eligible,2026-09-05T13:30:37.057098,2026-09-05
201285,OTT REM UNS NEGOTIATION LIST AMER Amar JOHNSON (RB) South Dakota State,2025-09-17,2025-09-17,Amar,Johnson,RB,AMER,South Dakota State,OTT,REM UNS NEGOTIATION LIST,True,184910,players,Eligible,Negotiation List,2026-09-05T13:30:37.057098,2026-09-05
201286,OTT ADD NEGOTIATION LIST AMER Hal PRESLEY (WR) Baylor,2025-09-17,2025-09-17,Hal,Presley,WR,AMER,Baylor,OTT,ADD NEGOTIATION LIST,True,184221,players,Negotiation List,Eligible,2026-09-05T13:30:37.057098,2026-09-05
201287,TOR ADD NEGOTIATION LIST AMER Cole PAYTON (QB) North Dakota State,2025-09-17,2025-09-17,Cole,Payton,QB,AMER,North Dakota State,TOR,ADD NEGOTIATION LIST,True,184950,players,Negotiation List,Eligible,2026-09-05T13:30:37.057098,2026-09-05
201288,TOR REM UNS NEGOTIATION LIST AMER Dalevon CAMPBELL (WR) South Carolina,2025-09-17,2025-09-17,Dalevon,Campbell,WR,AMER,South Carolina,TOR,REM UNS NEGOTIATION LIST,True,169497,players,Eligible,Negotiation List,2026-09-05T13:30:37.057098,2026-09-05
201279,CGY REM UNS NEGOTIATION LIST AMER Josh PROCTOR (DB) Ohio State,2025-09-16,2025-09-16,Josh,Proctor,DB,AMER,Ohio State,CGY,REM UNS NEGOTIATION LIST,True,169110,players,Eligible,Negotiation List,2026-09-05T13:30:37.057098,2026-09-05
201278,CGY ADD NEGOTIATION LIST AMER Lance ROBINSON (DB) Tulane,2025-09-16,2025-09-16,Lance,Robinson,DB,AMER,Tulane,CGY,ADD NEGOTIATION LIST,True,184949,players,Negotiation List,Eligible,2026-09-05T13:30:37.057098,2026-09-05
201274,WPG ADD NEGOTIATION LIST AMER Gage LAVARDAIN (WR) South Carolina,2025-09-16,2025-09-16,Gage,Lavardain,WR,AMER,South Carolina,WPG,ADD NEGOTIATION LIST,True,184948,players,Negotiation List,Eligible,2026-09-05T13:30:37.057098,2026-09-05
201273,WPG REM UNS NEGOTIATION LIST AMER TJ MOORE (DB) Mercer,2025-09-16,2025-09-16,TJ,Moore,DB,AMER,Mercer,WPG,REM UNS NEGOTIATION LIST,True,184814,players,Eligible,Negotiation List,2026-09-05T13:30:37.057098,2026-09-05
201261,OTT REM SGD NEGOTIATION LIST AMER Hajj-Malik WILLIAMS (QB) UNLV,2025-09-16,2025-09-16,Hajj-Malik,Williams,QB,AMER,UNLV,OTT,REM SGD NEGOTIATION LIST,True,168366,players,Eligible,Negotiation List,2026-09-05T13:30:37.057098,2026-09-05
201262,OTT ADD NEGOTIATION LIST AMER Alec RASMUSSEN (OL) St. Thomas-Minnesota,2025-09-16,2025-09-16,Alec,Rasmussen,OL,AMER,St. Thomas-Minnesota,OTT,ADD NEGOTIATION LIST,True,184005,players,Negotiation List,Eligible,2026-09-05T13:30:37.057098,2026-09-05
201263,OTT REM SGD NEGOTIATION LIST AMER Jessie EVANS (DL) Louisiana Tech,2025-09-16,2025-09-16,Jessie,Evans,DL,AMER,Louisiana Tech,OTT,REM SGD NEGOTIATION LIST,True,184905,players,Eligible,Negotiation List,2026-09-05T13:30:37.057098,2026-09-05
201264,OTT ADD NEGOTIATION LIST AMER Coleman OWEN (WR) Ohio,2025-09-16,2025-09-16,Coleman,Owen,WR,AMER,Ohio,OTT,ADD NEGOTIATION LIST,True,169344,players,Negotiation List,Eligible,2026-09-05T13:30:37.057098,2026-09-05
201267,BC ADD NEGOTIATION LIST AMER Jackie JOHNSON III (DL) Hawaii,2025-09-16,2025-09-16,Jackie,Johnson III,DL,AMER,Hawaii,BC,ADD NEGOTIATION LIST,True,184946,players,Negotiation List,Eligible,2026-09-05T13:30:37.057098,2026-09-05
201268,HAM ADD NEGOTIATION LIST AMER Kobe HUDSON (WR) Central Florida,2025-09-16,2025-09-16,Kobe,Hudson,WR,AMER,Central Florida,HAM,ADD NEGOTIATION LIST,True,184947,players,Negotiation List,Eligible,2026-09-05T13:30:37.057098,2026-09-05
201249,HAM REM SGD NEGOTIATION LIST AMER Cameron BERGERON (DB) Duke,2025-09-16,2025-09-16,Cameron,Bergeron,DB,AMER,Duke,HAM,REM SGD NEGOTIATION LIST,True,169613,players,Eligible,Negotiation List,2026-09-05T13:30:37.057098,2026-09-05
201252,TOR ADD NEGOTIATION LIST AMER Ckelby GIVENS (DL) Southern,2025-09-16,2025-09-16,Ckelby,Givens,DL,AMER,Southern,TOR,ADD NEGOTIATION LIST,True,184945,players,Negotiation List,Eligible,2026-09-05T13:30:37.057098,2026-09-05
201250,EDM REM UNS NEGOTIATION LIST AMER James CARPENTER (DL) Indiana,2025-09-16,2025-09-16,James,Carpenter,DL,AMER,Indiana,EDM,REM UNS NEGOTIATION LIST,True,169331,players,Eligible,Negotiation List,2026-09-05T13:30:37.057098,2026-09-05
201251,EDM ADD NEGOTIATION LIST AMER Alexander MUELLER (LB) Northwestern,2025-09-16,2025-09-16,Alexander,Mueller,LB,AMER,Northwestern,EDM,ADD NEGOTIATION LIST,True,184941,players,Negotiation List,Eligible,2026-09-05T13:30:37.057098,2026-09-05
201237,CGY ADD NEGOTIATION LIST AMER Jacobe COVINGTON (DB) Southern California,2025-09-15,2025-09-15,Jacobe,Covington,DB,AMER,Southern California,CGY,ADD NEGOTIATION LIST,True,184943,players,Negotiation List,Eligible,2026-09-05T13:30:37.057098,2026-09-05
201236,HAM ADD NEGOTIATION LIST AMER Kaden WETJEN (WR) Iowa,2025-09-15,2025-09-15,Kaden,Wetjen,WR,AMER,Iowa,HAM,ADD NEGOTIATION LIST,True,169240,players,Negotiation List,Eligible,2026-09-05T13:30:37.057098,2026-09-05
201235,HAM REM UNS NEGOTIATION LIST AMER Pheldarius PAYNE (DL) Virginia Tech,2025-09-15,2025-09-15,Pheldarius,Payne,DL,AMER,Virginia Tech,HAM,REM UNS NEGOTIATION LIST,True,184133,players,Eligible,Negotiation List,2026-09-05T13:30:37.057098,2026-09-05
201227,SSK ADD NEGOTIATION LIST AMER Trinidad CHAMBLISS (QB) Mississippi,2025-09-14,2025-09-14,Trinidad,Chambliss,QB,AMER,Mississippi,SSK,ADD NEGOTIATION LIST,True,184939,players,Negotiation List,Eligible,2026-09-05T13:30:37.057098,2026-09-05
201228,SSK REM UNS NEGOTIATION LIST AMER Millard BRADFORD (DB) Texas Christian,2025-09-14,2025-09-14,Millard,Bradford,DB,AMER,Texas Christian,SSK,REM UNS NEGOTIATION LIST,True,184269,players,Eligible,Negotiation List,2026-09-05T13:30:37.057098,2026-09-05
201229,SSK ADD NEGOTIATION LIST AMER Vincent GRAY (DB) Michigan,2025-09-14,2025-09-14,Vincent,Gray,DB,AMER,Michigan,SSK,ADD NEGOTIATION LIST,True,169057,players,Negotiation List,Eligible,2026-09-05T13:30:37.057098,2026-09-05
201230,OTT REM UNS NEGOTIATION LIST AMER Coleman OWEN (WR) Ohio,2025-09-14,2025-09-14,Coleman,Owen,WR,AMER,Ohio,OTT,REM UNS NEGOTIATION LIST,True,169344,players,Eligible,Negotiation List,2026-09-05T13:30:37.057098,2026-09-05
201231,OTT ADD NEGOTIATION LIST AMER Drew MESTEMAKER (QB) North Texas,2025-09-14,2025-09-14,Drew,Mestemaker,QB,AMER,North Texas,OTT,ADD NEGOTIATION LIST,True,184940,players,Negotiation List,Eligible,2026-09-05T13:30:37.057098,2026-09-05
201225,CGY REM SGD NEGOTIATION LIST AMER D.J. WILLIAMS (RB) Arizona,2025-09-14,2025-09-14,D.J.,WILLIAMS,RB,AMER,Arizona,CGY,REM SGD NEGOTIATION LIST,True,168674,players,Eligible,Negotiation List,2026-09-05T13:30:37.057098,2026-09-05
201220,SSK REM SGD NEGOTIATION LIST AMER Sheldrick REDWINE (DB) Miami,2025-09-13,2025-09-13,Sheldrick,Redwine,DB,AMER,Miami,SSK,REM SGD NEGOTIATION LIST,True,184168,players,Eligible,Negotiation List,2026-09-05T13:30:37.057098,2026-09-05
201173,OTT REM UNS NEGOTIATION LIST AMER Zach CALZADA (QB) Incarnate Word,2025-09-12,2025-09-12,Zach,Calzada,QB,AMER,Incarnate Word,OTT,REM UNS NEGOTIATION LIST,True,169279,players,Eligible,Negotiation List,2026-09-05T13:30:37.057098,2026-09-05
201174,OTT ADD NEGOTIATION LIST AMER Robert LEWIS (WR) Auburn,2025-09-12,2025-09-12,Robert,Lewis,WR,AMER,Auburn,OTT,ADD NEGOTIATION LIST,True,184853,players,Negotiation List,Eligible,2026-09-05T13:30:37.057098,2026-09-05
201113,MTL REM UNS NEGOTIATION LIST AMER Targhee LAMBSON (RB) Southern Utah,2025-09-10,2025-09-10,Targhee,Lambson,RB,AMER,Southern Utah,MTL,REM UNS NEGOTIATION LIST,True,184185,players,Eligible,Negotiation List,2026-09-05T13:30:37.057098,2026-09-05
201114,MTL ADD NEGOTIATION LIST AMER Tre STEWART (RB) Jacksonville State,2025-09-10,2025-09-10,Tre,Stewart,RB,AMER,Jacksonville State,MTL,ADD NEGOTIATION LIST,True,184936,players,Negotiation List,Eligible,2026-09-05T13:30:37.057098,2026-09-05
201099,BC ADD NEGOTIATION LIST AMER Bruce HARMON (DB) Stephen F. Austin State,2025-09-10,2025-09-10,Bruce,Harmon,DB,AMER,Stephen F. Austin State,BC,ADD NEGOTIATION LIST,True,184935,players,Negotiation List,Eligible,2026-09-05T13:30:37.057098,2026-09-05
201095,CGY ADD NEGOTIATION LIST AMER BJ THOMPSON (DL) Stephen F. Austin State,2025-09-10,2025-09-10,BJ,THOMPSON,DL,AMER,Stephen F. Austin State,CGY,ADD NEGOTIATION LIST,True,166574,players,Negotiation List,Eligible,2026-09-05T13:30:37.057098,2026-09-05
201094,CGY REM UNS NEGOTIATION LIST AMER Carl JONES (LB) UCLA,2025-09-10,2025-09-10,Carl,Jones,LB,AMER,UCLA,CGY,REM UNS NEGOTIATION LIST,True,169192,players,Eligible,Negotiation List,2026-09-05T13:30:37.057098,2026-09-05
201085,OTT ADD NEGOTIATION LIST AMER Maddux MADSEN (QB) Boise State,2025-09-09,2025-09-09,Maddux,Madsen,QB,AMER,Boise State,OTT,ADD NEGOTIATION LIST,True,184933,players,Negotiation List,Eligible,2026-09-05T13:30:37.057098,2026-09-05
201084,OTT REM UNS NEGOTIATION LIST AMER Jordan CLARK (DB) Notre Dame,2025-09-09,2025-09-09,Jordan,Clark,DB,AMER,Notre Dame,OTT,REM UNS NEGOTIATION LIST,True,184280,players,Eligible,Negotiation List,2026-09-05T13:30:37.057098,2026-09-05
201080,EDM ADD NEGOTIATION LIST AMER Michael PRATT (QB) Tulane,2025-09-09,2025-09-09,Michael,PRATT,QB,AMER,Tulane,EDM,ADD NEGOTIATION LIST,True,166519,players,Negotiation List,Eligible,2026-09-05T13:30:37.057098,2026-09-05
201079,EDM ADD NEGOTIATION LIST AMER JB BROWN (LB) Kansas,2025-09-09,2025-09-09,JB,Brown,LB,AMER,Kansas,EDM,ADD NEGOTIATION LIST,True,184846,players,Negotiation List,Eligible,2026-09-05T13:30:37.057098,2026-09-05
201078,EDM ADD NEGOTIATION LIST AMER Devin LEARY (QB) North Carolina State,2025-09-09,2025-09-09,Devin,LEARY,QB,AMER,North Carolina State,EDM,ADD NEGOTIATION LIST,True,166543,players,Negotiation List,Eligible,2026-09-05T13:30:37.057098,2026-09-05
201077,EDM REM SGD NEGOTIATION LIST AMER J.J. JONES (WR) North Carolina,2025-09-09,2025-09-09,J.J.,Jones,WR,AMER,North Carolina,EDM,REM SGD NEGOTIATION LIST,True,184906,players,Eligible,Negotiation List,2026-09-05T13:30:37.057098,2026-09-05
201076,EDM REM SGD NEGOTIATION LIST AMER Zach ZEBROWSKI (QB) Central Missouri,2025-09-09,2025-09-09,Zach,Zebrowski,QB,AMER,Central Missouri,EDM,REM SGD NEGOTIATION LIST,True,168373,players,Eligible,Negotiation List,2026-09-05T13:30:37.057098,2026-09-05
201075,EDM REM SGD NEGOTIATION LIST AMER Eli MOSTAERT (DL) North Dakota State,2025-09-09,2025-09-09,Eli,Mostaert,DL,AMER,North Dakota State,EDM,REM SGD NEGOTIATION LIST,True,168347,players,Eligible,Negotiation List,2026-09-05T13:30:37.057098,2026-09-05
201058,BC REM SGD NEGOTIATION LIST AMER Bradlee ANAE (DE) Utah,2025-09-08,2025-09-08,Bradlee,ANAE,DE,AMER,Utah,BC,REM SGD NEGOTIATION LIST,True,168532,players,Eligible,Negotiation List,2026-09-05T13:30:37.057098,2026-09-05
201057,BC REM SGD NEGOTIATION LIST AMER Brandon YATES (OL) West Virginia,2025-09-08,2025-09-08,Brandon,YATES,OL,AMER,West Virginia,BC,REM SGD NEGOTIATION LIST,True,184378,players,Eligible,Negotiation List,2026-09-05T13:30:37.057098,2026-09-05
201056,MTL ADD NEGOTIATION LIST AMER Jacolby GEORGE (WR) Miami,2025-09-08,2025-09-08,Jacolby,George,WR,AMER,Miami,MTL,ADD NEGOTIATION LIST,True,184932,players,Negotiation List,Eligible,2026-09-05T13:30:37.057098,2026-09-05
201055,MTL REM UNS NEGOTIATION LIST AMER Garrett NELSON (DL) Nebraska,2025-09-08,2025-09-08,Garrett,Nelson,DL,AMER,Nebraska,MTL,REM UNS NEGOTIATION LIST,True,168256,players,Eligible,Negotiation List,2026-09-05T13:30:37.057098,2026-09-05
201051,MTL REM UNS NEGOTIATION LIST AMER Lance MCCUTCHEON (WR) Montana State,2025-09-08,2025-09-08,Lance,McCutcheon,WR,AMER,Montana State,MTL,REM UNS NEGOTIATION LIST,True,169101,players,Eligible,Negotiation List,2026-09-05T13:30:37.057098,2026-09-05
201052,MTL ADD NEGOTIATION LIST AMER Kaden PRATHER (WR) Maryland,2025-09-08,2025-09-08,Kaden,Prather,WR,AMER,Maryland,MTL,ADD NEGOTIATION LIST,True,168989,players,Negotiation List,Eligible,2026-09-05T13:30:37.057098,2026-09-05
201039,OTT REM UNS NEGOTIATION LIST AMER Jordan MOORE (WR) Duke,2025-09-06,2025-09-06,Jordan,Moore,WR,AMER,Duke,OTT,REM UNS NEGOTIATION LIST,True,184281,players,Eligible,Negotiation List,2026-09-05T13:30:37.057098,2026-09-05
201040,OTT ADD NEGOTIATION LIST AMER Keilan ROBINSON (RB) Texas,2025-09-06,2025-09-06,Keilan,Robinson,RB,AMER,Texas,OTT,ADD NEGOTIATION LIST,True,184931,players,Negotiation List,Eligible,2026-09-05T13:30:37.057098,2026-09-05
201038,WPG ADD NEGOTIATION LIST AMER Andrew STUEBER (OL) Michigan,2025-09-06,2025-09-06,Andrew,Stueber,OL,AMER,Michigan,WPG,ADD NEGOTIATION LIST,True,184930,players,Negotiation List,Eligible,2026-09-05T13:30:37.057098,2026-09-05
201037,WPG REM UNS NEGOTIATION LIST AMER Connor GALVIN (OL) Baylor,2025-09-06,2025-09-06,Connor,Galvin,OL,AMER,Baylor,WPG,REM UNS NEGOTIATION LIST,True,184142,players,Eligible,Negotiation List,2026-09-05T13:30:37.057098,2026-09-05
201029,EDM ADD NEGOTIATION LIST AMER Tay MARTIN (WR) Oklahoma State,2025-09-05,2025-09-05,Tay,Martin,WR,AMER,Oklahoma State,EDM,ADD NEGOTIATION LIST,True,184291,players,Negotiation List,Eligible,2026-09-05T13:30:37.057098,2026-09-05
201028,EDM REM UNS NEGOTIATION LIST AMER Luke GRIMM (WR) Kansas,2025-09-05,2025-09-05,Luke,Grimm,WR,AMER,Kansas,EDM,REM UNS NEGOTIATION LIST,True,184276,players,Eligible,Negotiation List,2026-09-05T13:30:37.057098,2026-09-05
201027,WPG ADD NEGOTIATION LIST AMER Kydran JENKINS (DL) Purdue,2025-09-05,2025-09-05,Kydran,Jenkins,DL,AMER,Purdue,WPG,ADD NEGOTIATION LIST,True,184929,players,Negotiation List,Eligible,2026-09-05T13:30:37.057098,2026-09-05
201026,WPG REM UNS NEGOTIATION LIST AMER Demone HARRIS (DL) Buffalo,2025-09-05,2025-09-05,Demone,HARRIS,DL,AMER,Buffalo,WPG,REM UNS NEGOTIATION LIST,True,166596,players,Eligible,Negotiation List,2026-09-05T13:30:37.057098,2026-09-05
200970,CGY REM UNS NEGOTIATION LIST AMER Luq BARCOO (DB) San Diego State,2025-09-05,2025-09-05,Luq,BARCOO,DB,AMER,San Diego State,CGY,REM UNS NEGOTIATION LIST,True,166558,players,Eligible,Negotiation List,2026-09-05T13:30:37.057098,2026-09-05
200971,CGY ADD NEGOTIATION LIST AMER JaTravis BROUGHTON (DB) Texas Christian,2025-09-05,2025-09-05,JaTravis,Broughton,DB,AMER,Texas Christian,CGY,ADD NEGOTIATION LIST,True,184928,players,Negotiation List,Eligible,2026-09-05T13:30:37.057098,2026-09-05
200957,TOR ADD NEGOTIATION LIST AMER Donovan KAUFMAN (DB) North Carolina State,2025-09-04,2025-09-04,Donovan,Kaufman,DB,AMER,North Carolina State,TOR,ADD NEGOTIATION LIST,True,169520,players,Negotiation List,Eligible,2026-09-05T13:30:37.057098,2026-09-05
200955,HAM REM UNS NEGOTIATION LIST AMER Eku LEOTA (LB) Auburn,2025-09-04,2025-09-04,Eku,Leota,LB,AMER,Auburn,HAM,REM UNS NEGOTIATION LIST,True,184891,players,Eligible,Negotiation List,2026-09-05T13:30:37.057098,2026-09-05
200956,HAM ADD NEGOTIATION LIST AMER Isaac UKWU (DL) Mississippi,2025-09-04,2025-09-04,Isaac,Ukwu,DL,AMER,Mississippi,HAM,ADD NEGOTIATION LIST,True,184927,players,Negotiation List,Eligible,2026-09-05T13:30:37.057098,2026-09-05
200950,OTT ADD NEGOTIATION LIST AMER Kawaan BAKER (WR) South Alabama,2025-09-04,2025-09-04,Kawaan,BAKER,WR,AMER,South Alabama,OTT,ADD NEGOTIATION LIST,True,167461,players,Negotiation List,Eligible,2026-09-05T13:30:37.057098,2026-09-05
200949,OTT REM SGD NEGOTIATION LIST AMER Matt MORRISSEY (QB) Eastern Kentucky,2025-09-04,2025-09-04,Matt,Morrissey,QB,AMER,Eastern Kentucky,OTT,REM SGD NEGOTIATION LIST,True,169516,players,Eligible,Negotiation List,2026-09-05T13:30:37.057098,2026-09-05
200947,OTT REM UNS NEGOTIATION LIST AMER Mikel JONES (LB) Syracuse,2025-09-04,2025-09-04,Mikel,Jones,LB,AMER,Syracuse,OTT,REM UNS NEGOTIATION LIST,True,168400,players,Eligible,Negotiation List,2026-09-05T13:30:37.057098,2026-09-05
200948,OTT ADD NEGOTIATION LIST AMER Willis PATRICK (OL) Texas Christian,2025-09-04,2025-09-04,Willis,Patrick,OL,AMER,Texas Christian,OTT,ADD NEGOTIATION LIST,True,169471,players,Negotiation List,Eligible,2026-09-05T13:30:37.057098,2026-09-05
200945,EDM REM UNS NEGOTIATION LIST AMER Michael DOWELL (DB) Miami of Ohio,2025-09-04,2025-09-04,Michael,Dowell,DB,AMER,Miami of Ohio,EDM,REM UNS NEGOTIATION LIST,True,169038,players,Eligible,Negotiation List,2026-09-05T13:30:37.057098,2026-09-05
200946,EDM ADD NEGOTIATION LIST AMER Ian KENNELLY (DB) Grand Valley State,2025-09-04,2025-09-04,Ian,Kennelly,DB,AMER,Grand Valley State,EDM,ADD NEGOTIATION LIST,True,184926,players,Negotiation List,Eligible,2026-09-05T13:30:37.057098,2026-09-05
200944,OTT ADD NEGOTIATION LIST AMER Jeremiah MOON (DE) Florida,2025-09-04,2025-09-04,Jeremiah,Moon,DE,AMER,Florida,OTT,ADD NEGOTIATION LIST,True,168571,players,Negotiation List,Eligible,2026-09-05T13:30:37.057098,2026-09-05
200943,OTT REM SGD NEGOTIATION LIST AMER Ramon PURYEAR JR. (DL) Louisville,2025-09-04,2025-09-04,Ramon,Puryear Jr.,DL,AMER,Louisville,OTT,REM SGD NEGOTIATION LIST,True,169592,players,Eligible,Negotiation List,2026-09-05T13:30:37.057098,2026-09-05
200942,OTT ADD NEGOTIATION LIST AMER Dominique HAMPTON (LB) Washington,2025-09-04,2025-09-04,Dominique,Hampton,LB,AMER,Washington,OTT,ADD NEGOTIATION LIST,True,184925,players,Negotiation List,Eligible,2026-09-05T13:30:37.057098,2026-09-05
200941,OTT REM SGD NEGOTIATION LIST AMER Jamie PETTWAY (LB) South Florida,2025-09-04,2025-09-04,Jamie,Pettway,LB,AMER,South Florida,OTT,REM SGD NEGOTIATION LIST,True,184073,players,Eligible,Negotiation List,2026-09-05T13:30:37.057098,2026-09-05
200930,HAM ADD NEGOTIATION LIST AMER Moochie DIXON (WR) Southern Methodist,2025-09-04,2025-09-04,Moochie,Dixon,WR,AMER,Southern Methodist,HAM,ADD NEGOTIATION LIST,True,184924,players,Negotiation List,Eligible,2026-09-05T13:30:37.057098,2026-09-05
200929,HAM REM UNS NEGOTIATION LIST AMER Thayer THOMAS (WR) North Carolina State,2025-09-04,2025-09-04,Thayer,THOMAS,WR,AMER,North Carolina State,HAM,REM UNS NEGOTIATION LIST,True,167594,players,Eligible,Negotiation List,2026-09-05T13:30:37.057098,2026-09-05
200911,TOR ADD NEGOTIATION LIST AMER Caleb ETIENNE (OL) Brigham Young,2025-09-03,2025-09-03,Caleb,Etienne,OL,AMER,Brigham Young,TOR,ADD NEGOTIATION LIST,True,184923,players,Negotiation List,Eligible,2026-09-05T13:30:37.057098,2026-09-05
200899,WPG ADD NEGOTIATION LIST AMER Dorian SINGER (WR) Utah,2025-09-03,2025-09-03,Dorian,Singer,WR,AMER,Utah,WPG,ADD NEGOTIATION LIST,True,184795,players,Negotiation List,Eligible,2026-09-05T13:30:37.057098,2026-09-05
200898,WPG REM SGD NEGOTIATION LIST AMER Ridge TEXADA (DB) North Texas,2025-09-03,2025-09-03,Ridge,Texada,DB,AMER,North Texas,WPG,REM SGD NEGOTIATION LIST,True,184055,players,Eligible,Negotiation List,2026-09-05T13:30:37.057098,2026-09-05
200894,EDM ADD NEGOTIATION LIST AMER Matt JONES (LB) Baylor,2025-09-03,2025-09-03,Matt,Jones,LB,AMER,Baylor,EDM,ADD NEGOTIATION LIST,True,184922,players,Negotiation List,Eligible,2026-09-05T13:30:37.057098,2026-09-05
200893,EDM REM UNS NEGOTIATION LIST AMER Azizi HEARN (DB) UCLA,2025-09-03,2025-09-03,Azizi,Hearn,DB,AMER,UCLA,EDM,REM UNS NEGOTIATION LIST,True,169097,players,Eligible,Negotiation List,2026-09-05T13:30:37.057098,2026-09-05
200879,WPG ADD NEGOTIATION LIST AMER Reid HOLSKEY (OL) Miami of Ohio,2025-09-03,2025-09-03,Reid,Holskey,OL,AMER,Miami of Ohio,WPG,ADD NEGOTIATION LIST,True,169532,players,Negotiation List,Eligible,2026-09-05T13:30:37.057098,2026-09-05
200880,TOR ADD NEGOTIATION LIST AMER Lincoln PARE (RB) Texas State,2025-09-03,2025-09-03,Lincoln,Pare,RB,AMER,Texas State,TOR,ADD NEGOTIATION LIST,True,184921,players,Negotiation List,Eligible,2026-09-05T13:30:37.057098,2026-09-05
200877,EDM ADD NEGOTIATION LIST AMER Julian HICKS (WR) Albany,2025-09-03,2025-09-03,Julian,Hicks,WR,AMER,Albany,EDM,ADD NEGOTIATION LIST,True,184920,players,Negotiation List,Eligible,2026-09-05T13:30:37.057098,2026-09-05
200878,WPG REM UNS NEGOTIATION LIST AMER Nick MALONE (OL) West Virginia,2025-09-03,2025-09-03,Nick,Malone,OL,AMER,West Virginia,WPG,REM UNS NEGOTIATION LIST,True,169381,players,Eligible,Negotiation List,2026-09-05T13:30:37.057098,2026-09-05
200875,TOR ADD NEGOTIATION LIST AMER Desmond BLAND (OL) West Florida,2025-09-03,2025-09-03,Desmond,Bland,OL,AMER,West Florida,TOR,ADD NEGOTIATION LIST,True,168895,players,Negotiation List,Eligible,2026-09-05T13:30:37.057098,2026-09-05
200876,EDM REM UNS NEGOTIATION LIST AMER AJ WOODS (DB) Pittsburgh,2025-09-03,2025-09-03,AJ,Woods,DB,AMER,Pittsburgh,EDM,REM UNS NEGOTIATION LIST,True,169140,players,Eligible,Negotiation List,2026-09-05T13:30:37.057098,2026-09-05
200874,EDM ADD NEGOTIATION LIST AMER Casey ROGERS (DL) Oregon,2025-09-03,2025-09-03,Casey,Rogers,DL,AMER,Oregon,EDM,ADD NEGOTIATION LIST,True,184919,players,Negotiation List,Eligible,2026-09-05T13:30:37.057098,2026-09-05
200873,EDM REM UNS NEGOTIATION LIST AMER Michael DWUMFOUR (DL) Rutgers,2025-09-03,2025-09-03,Michael,DWUMFOUR,DL,AMER,Rutgers,EDM,REM UNS NEGOTIATION LIST,True,166503,players,Eligible,Negotiation List,2026-09-05T13:30:37.057098,2026-09-05
200871,WPG REM UNS NEGOTIATION LIST AMER Jared BARTLETT (LB) Cincinnati,2025-09-03,2025-09-03,Jared,Bartlett,LB,AMER,Cincinnati,WPG,REM UNS NEGOTIATION LIST,True,184873,players,Eligible,Negotiation List,2026-09-05T13:30:37.057098,2026-09-05
200872,WPG ADD NEGOTIATION LIST AMER Roman PARODIE (DB) Ohio,2025-09-03,2025-09-03,Roman,Parodie,DB,AMER,Ohio,WPG,ADD NEGOTIATION LIST,True,184918,players,Negotiation List,Eligible,2026-09-05T13:30:37.057098,2026-09-05
200870,SSK REM UNS NEGOTIATION LIST AMER Kellen MOND (QB) Texas A&M,2025-09-02,2025-09-02,Kellen,Mond,QB,AMER,Texas A&M,SSK,REM UNS NEGOTIATION LIST,True,168641,players,Eligible,Negotiation List,2026-09-05T13:30:37.057098,2026-09-05
200869,EDM ADD NEGOTIATION LIST AMER Michael DWUMFOUR (DL) Rutgers,2025-09-02,2025-09-02,Michael,DWUMFOUR,DL,AMER,Rutgers,EDM,ADD NEGOTIATION LIST,True,166503,players,Negotiation List,Eligible,2026-09-05T13:30:37.057098,2026-09-05
200868,EDM REM UNS NEGOTIATION LIST AMER Kyler BAUGH (DT) Minnesota,2025-09-02,2025-09-02,Kyler,Baugh,DT,AMER,Minnesota,EDM,REM UNS NEGOTIATION LIST,True,168648,players,Eligible,Negotiation List,2026-09-05T13:30:37.057098,2026-09-05
200866,MTL REM SGD NEGOTIATION LIST AMER RJ PERRY (OL) South Florida,2025-09-02,2025-09-02,RJ,Perry,OL,AMER,South Florida,MTL,REM SGD NEGOTIATION LIST,True,184001,players,Eligible,Negotiation List,2026-09-05T13:30:37.057098,2026-09-05
200867,MTL ADD NEGOTIATION LIST AMER Liam ANDERSON (LB) Holy Cross,2025-09-02,2025-09-02,Liam,Anderson,LB,AMER,Holy Cross,MTL,ADD NEGOTIATION LIST,True,184917,players,Negotiation List,Eligible,2026-09-05T13:30:37.057098,2026-09-05
200854,SSK ADD NEGOTIATION LIST AMER Power ECHOLS (LB) North Carolina,2025-09-02,2025-09-02,Power,Echols,LB,AMER,North Carolina,SSK,ADD NEGOTIATION LIST,True,184858,players,Negotiation List,Eligible,2026-09-05T13:30:37.057098,2026-09-05
200852,MTL ADD NEGOTIATION LIST AMER Kendell BROOKS (DB) Michigan State,2025-09-02,2025-09-02,Kendell,Brooks,DB,AMER,Michigan State,MTL,ADD NEGOTIATION LIST,True,168311,players,Negotiation List,Eligible,2026-09-05T13:30:37.057098,2026-09-05
200851,MTL REM UNS NEGOTIATION LIST AMER Ahmad WALKER (LB) Southern Methodist,2025-09-02,2025-09-02,Ahmad,Walker,LB,AMER,Southern Methodist,MTL,REM UNS NEGOTIATION LIST,True,169361,players,Eligible,Negotiation List,2026-09-05T13:30:37.057098,2026-09-05
200849,MTL REM UNS NEGOTIATION LIST AMER Karsen BARNHART (OL) Michigan,2025-09-02,2025-09-02,Karsen,Barnhart,OL,AMER,Michigan,MTL,REM UNS NEGOTIATION LIST,True,168933,players,Eligible,Negotiation List,2026-09-05T13:30:37.057098,2026-09-05
200850,MTL ADD NEGOTIATION LIST AMER Elijah BADGER (WR) Florida,2025-09-02,2025-09-02,Elijah,Badger,WR,AMER,Florida,MTL,ADD NEGOTIATION LIST,True,184916,players,Negotiation List,Eligible,2026-09-05T13:30:37.057098,2026-09-05
200845,MTL ADD NEGOTIATION LIST AMER Karsen BARNHART (OL) Michigan,2025-09-01,2025-09-01,Karsen,Barnhart,OL,AMER,Michigan,MTL,ADD NEGOTIATION LIST,True,168933,players,Negotiation List,Eligible,2026-09-05T13:30:37.057098,2026-09-05
200844,MTL REM UNS NEGOTIATION LIST AMER Jacob KIBODI (RB) Louisiana,2025-09-01,2025-09-01,Jacob,Kibodi,RB,AMER,Louisiana,MTL,REM UNS NEGOTIATION LIST,True,169219,players,Eligible,Negotiation List,2026-09-05T13:30:37.057098,2026-09-05
200838,MTL ADD NEGOTIATION LIST AMER Jacob KIBODI (RB) Louisiana,2025-08-31,2025-08-31,Jacob,Kibodi,RB,AMER,Louisiana,MTL,ADD NEGOTIATION LIST,True,169219,players,Negotiation List,Eligible,2026-09-05T13:30:37.057098,2026-09-05
200818,MTL REM SGD NEGOTIATION LIST AMER Westley NEAL JR (DL) Rhode Island,2025-08-31,2025-08-31,Westley,Neal Jr,DL,AMER,Rhode Island,MTL,REM SGD NEGOTIATION LIST,True,169337,players,Eligible,Negotiation List,2026-09-05T13:30:37.057098,2026-09-05
200807,OTT ADD NEGOTIATION LIST AMER Bryson BARNES (QB) Utah State,2025-08-31,2025-08-31,Bryson,Barnes,QB,AMER,Utah State,OTT,ADD NEGOTIATION LIST,True,184915,players,Negotiation List,Eligible,2026-09-05T13:30:37.057098,2026-09-05
200806,OTT REM UNS NEGOTIATION LIST AMER Curtis BROOKS (DL) Cincinnati,2025-08-31,2025-08-31,Curtis,BROOKS,DL,AMER,Cincinnati,OTT,REM UNS NEGOTIATION LIST,True,166721,players,Eligible,Negotiation List,2026-09-05T13:30:37.057098,2026-09-05
200781,OTT ADD NEGOTIATION LIST AMER Evan SIMON (QB) Temple,2025-08-31,2025-08-31,Evan,Simon,QB,AMER,Temple,OTT,ADD NEGOTIATION LIST,True,184914,players,Negotiation List,Eligible,2026-09-05T13:30:37.057098,2026-09-05
200780,OTT REM UNS NEGOTIATION LIST AMER Justin BARRON (LB) Syracuse,2025-08-31,2025-08-31,Justin,Barron,LB,AMER,Syracuse,OTT,REM UNS NEGOTIATION LIST,True,184834,players,Eligible,Negotiation List,2026-09-05T13:30:37.057098,2026-09-05
200774,MTL ADD NEGOTIATION LIST AMER Trace FORD (DL) Oklahoma,2025-08-30,2025-08-30,Trace,Ford,DL,AMER,Oklahoma,MTL,ADD NEGOTIATION LIST,True,184458,players,Negotiation List,Eligible,2026-09-05T13:30:37.057098,2026-09-05
200773,MTL REM UNS NEGOTIATION LIST AMER Ja'Quan SHEPPARD (DB) Maryland,2025-08-30,2025-08-30,Ja'Quan,Sheppard,DB,AMER,Maryland,MTL,REM UNS NEGOTIATION LIST,True,169119,players,Eligible,Negotiation List,2026-09-05T13:30:37.057098,2026-09-05
200772,CGY ADD NEGOTIATION LIST AMER Behren MORTON (QB) Texas Tech,2025-08-30,2025-08-30,Behren,Morton,QB,AMER,Texas Tech,CGY,ADD NEGOTIATION LIST,True,184913,players,Negotiation List,Eligible,2026-09-05T13:30:37.057098,2026-09-05
200770,EDM ADD NEGOTIATION LIST AMER Ethan ROBINSON (DB) Minnesota,2025-08-30,2025-08-30,Ethan,Robinson,DB,AMER,Minnesota,EDM,ADD NEGOTIATION LIST,True,184912,players,Negotiation List,Eligible,2026-09-05T13:30:37.057098,2026-09-05
200771,CGY REM UNS NEGOTIATION LIST AMER Myles PRICE (WR) Indiana,2025-08-30,2025-08-30,Myles,Price,WR,AMER,Indiana,CGY,REM UNS NEGOTIATION LIST,True,184807,players,Eligible,Negotiation List,2026-09-05T13:30:37.057098,2026-09-05
200769,EDM REM UNS NEGOTIATION LIST AMER Myles PURCHASE (DB) Iowa State,2025-08-30,2025-08-30,Myles,Purchase,DB,AMER,Iowa State,EDM,REM UNS NEGOTIATION LIST,True,184816,players,Eligible,Negotiation List,2026-09-05T13:30:37.057098,2026-09-05
200768,WPG ADD NEGOTIATION LIST AMER Eli PANCOL (WR) Duke,2025-08-30,2025-08-30,Eli,Pancol,WR,AMER,Duke,WPG,ADD NEGOTIATION LIST,True,184911,players,Negotiation List,Eligible,2026-09-05T13:30:37.057098,2026-09-05
200767,WPG REM UNS NEGOTIATION LIST AMER Brady COOK (QB) Missouri,2025-08-30,2025-08-30,Brady,Cook,QB,AMER,Missouri,WPG,REM UNS NEGOTIATION LIST,True,168977,players,Eligible,Negotiation List,2026-09-05T13:30:37.057098,2026-09-05
200738,OTT ADD NEGOTIATION LIST AMER Amar JOHNSON (RB) South Dakota State,2025-08-29,2025-08-29,Amar,Johnson,RB,AMER,South Dakota State,OTT,ADD NEGOTIATION LIST,True,184910,players,Negotiation List,Eligible,2026-09-05T13:30:37.057098,2026-09-05
200737,OTT REM UNS NEGOTIATION LIST AMER Jahfari HARVEY (DL) Southern Methodist,2025-08-29,2025-08-29,Jahfari,Harvey,DL,AMER,Southern Methodist,OTT,REM UNS NEGOTIATION LIST,True,169354,players,Eligible,Negotiation List,2026-09-05T13:30:37.057098,2026-09-05
200735,OTT REM UNS NEGOTIATION LIST AMER Amari KIGHT (OL) Central Florida,2025-08-29,2025-08-29,Amari,Kight,OL,AMER,Central Florida,OTT,REM UNS NEGOTIATION LIST,True,184293,players,Eligible,Negotiation List,2026-09-05T13:30:37.057098,2026-09-05
200736,OTT ADD NEGOTIATION LIST AMER JJ LIPPE (OL) Northern Illinois,2025-08-29,2025-08-29,JJ,Lippe,OL,AMER,Northern Illinois,OTT,ADD NEGOTIATION LIST,True,184909,players,Negotiation List,Eligible,2026-09-05T13:30:37.057098,2026-09-05
200733,OTT REM UNS NEGOTIATION LIST AMER Tru EDWARDS (WR) Louisiana Tech,2025-08-29,2025-08-29,Tru,Edwards,WR,AMER,Louisiana Tech,OTT,REM UNS NEGOTIATION LIST,True,184294,players,Eligible,Negotiation List,2026-09-05T13:30:37.057098,2026-09-05
200734,OTT ADD NEGOTIATION LIST AMER Maxen HOOK (DB) Toledo,2025-08-29,2025-08-29,Maxen,Hook,DB,AMER,Toledo,OTT,ADD NEGOTIATION LIST,True,184908,players,Negotiation List,Eligible,2026-09-05T13:30:37.057098,2026-09-05
200732,OTT ADD NEGOTIATION LIST AMER Isas WAXTER (DB) Villanova,2025-08-29,2025-08-29,Isas,Waxter,DB,AMER,Villanova,OTT,ADD NEGOTIATION LIST,True,184907,players,Negotiation List,Eligible,2026-09-05T13:30:37.057098,2026-09-05
200731,OTT REM UNS NEGOTIATION LIST AMER Brandon WALTON (OL) Florida Atlantic,2025-08-29,2025-08-29,Brandon,WALTON,OL,AMER,Florida Atlantic,OTT,REM UNS NEGOTIATION LIST,True,165880,players,Eligible,Negotiation List,2026-09-05T13:30:37.057098,2026-09-05
200730,BC ADD NEGOTIATION LIST AMER Anthony AVERETT (DB) Alabama,2025-08-29,2025-08-29,Anthony,Averett,DB,AMER,Alabama,BC,ADD NEGOTIATION LIST,True,184904,players,Negotiation List,Eligible,2026-09-05T13:30:37.057098,2026-09-05
200729,EDM ADD NEGOTIATION LIST AMER JJ JONES (WR) North Carolina,2025-08-29,2025-08-29,JJ,Jones,WR,AMER,North Carolina,EDM,ADD NEGOTIATION LIST,True,184906,players,Negotiation List,Eligible,2026-09-05T13:30:37.057098,2026-09-05
200728,EDM REM UNS NEGOTIATION LIST AMER Chandler BRAYBOY (WR) Elon University,2025-08-29,2025-08-29,Chandler,Brayboy,WR,AMER,Elon University,EDM,REM UNS NEGOTIATION LIST,True,184868,players,Eligible,Negotiation List,2026-09-05T13:30:37.057098,2026-09-05
200727,OTT ADD NEGOTIATION LIST AMER Jessie EVANS (DL) Louisiana Tech,2025-08-29,2025-08-29,Jessie,Evans,DL,AMER,Louisiana Tech,OTT,ADD NEGOTIATION LIST,True,184905,players,Negotiation List,Eligible,2026-09-05T13:30:37.057098,2026-09-05
200726,OTT REM UNS NEGOTIATION LIST AMER Xavier RESTREPO (WR) Miami,2025-08-29,2025-08-29,Xavier,Restrepo,WR,AMER,Miami,OTT,REM UNS NEGOTIATION LIST,True,184849,players,Eligible,Negotiation List,2026-09-05T13:30:37.057098,2026-09-05
200725,SSK ADD NEGOTIATION LIST AMER Andrew ARMSTRONG (WR) Arkansas,2025-08-29,2025-08-29,Andrew,Armstrong,WR,AMER,Arkansas,SSK,ADD NEGOTIATION LIST,True,184898,players,Negotiation List,Eligible,2026-09-05T13:30:37.057098,2026-09-05
200724,SSK REM UNS NEGOTIATION LIST AMER Keshawn BANKS (DL) San Diego State,2025-08-29,2025-08-29,Keshawn,Banks,DL,AMER,San Diego State,SSK,REM UNS NEGOTIATION LIST,True,169460,players,Eligible,Negotiation List,2026-09-05T13:30:37.057098,2026-09-05
200722,BC REM UNS NEGOTIATION LIST AMER Britain COVEY (WR) Utah,2025-08-29,2025-08-29,Britain,COVEY,WR,AMER,Utah,BC,REM UNS NEGOTIATION LIST,True,166023,players,Eligible,Negotiation List,2026-09-05T13:30:37.057098,2026-09-05
200720,TOR ADD NEGOTIATION LIST AMER Tyler KAHMANN (WR) Emporia State,2025-08-29,2025-08-29,Tyler,Kahmann,WR,AMER,Emporia State,TOR,ADD NEGOTIATION LIST,True,169355,players,Negotiation List,Eligible,2026-09-05T13:30:37.057098,2026-09-05
200718,BC ADD NEGOTIATION LIST AMER Jacob HARRIS (WR) Central Florida,2025-08-29,2025-08-29,Jacob,Harris,WR,AMER,Central Florida,BC,ADD NEGOTIATION LIST,True,169270,players,Negotiation List,Eligible,2026-09-05T13:30:37.057098,2026-09-05
200717,BC REM UNS NEGOTIATION LIST AMER Jalen MORENO-CROPPER (WR) Fresno State,2025-08-29,2025-08-29,Jalen,MORENO-CROPPER,WR,AMER,Fresno State,BC,REM UNS NEGOTIATION LIST,True,167520,players,Eligible,Negotiation List,2026-09-05T13:30:37.057098,2026-09-05
200716,TOR ADD NEGOTIATION LIST AMER Beau PRIBULA (QB) Missouri,2025-08-29,2025-08-29,Beau,Pribula,QB,AMER,Missouri,TOR,ADD NEGOTIATION LIST,True,184903,players,Negotiation List,Eligible,2026-09-05T13:30:37.057098,2026-09-05
200714,SSK REM UNS NEGOTIATION LIST AMER Melvin SMITH (DB) Southern Arkansas,2025-08-29,2025-08-29,Melvin,Smith,DB,AMER,Southern Arkansas,SSK,REM UNS NEGOTIATION LIST,True,169496,players,Eligible,Negotiation List,2026-09-05T13:30:37.057098,2026-09-05
200715,SSK ADD NEGOTIATION LIST AMER Mekhi GARNER (DB) Louisiana State,2025-08-29,2025-08-29,Mekhi,Garner,DB,AMER,Louisiana State,SSK,ADD NEGOTIATION LIST,True,169426,players,Negotiation List,Eligible,2026-09-05T13:30:37.057098,2026-09-05
200713,TOR REM UNS NEGOTIATION LIST AMER Clayton TUNE (QB) Houston,2025-08-29,2025-08-29,Clayton,TUNE,QB,AMER,Houston,TOR,REM UNS NEGOTIATION LIST,True,167201,players,Eligible,Negotiation List,2026-09-05T13:30:37.057098,2026-09-05
200712,TOR REM UNS NEGOTIATION LIST AMER Gervarrius OWENS (DB) Houston,2025-08-29,2025-08-29,Gervarrius,Owens,DB,AMER,Houston,TOR,REM UNS NEGOTIATION LIST,True,169572,players,Eligible,Negotiation List,2026-09-05T13:30:37.057098,2026-09-05
200711,CGY ADD NEGOTIATION LIST AMER Carl JONES (LB) UCLA,2025-08-29,2025-08-29,Carl,Jones,LB,AMER,UCLA,CGY,ADD NEGOTIATION LIST,True,169192,players,Negotiation List,Eligible,2026-09-05T13:30:37.057098,2026-09-05
200709,HAM ADD NEGOTIATION LIST AMER Cam RILEY (LB) Florida State,2025-08-29,2025-08-29,Cam,Riley,LB,AMER,Florida State,HAM,ADD NEGOTIATION LIST,True,184902,players,Negotiation List,Eligible,2026-09-05T13:30:37.057098,2026-09-05
200710,CGY REM UNS NEGOTIATION LIST AMER JR SINGLETON (DL) Iowa State,2025-08-29,2025-08-29,JR,Singleton,DL,AMER,Iowa State,CGY,REM UNS NEGOTIATION LIST,True,184860,players,Eligible,Negotiation List,2026-09-05T13:30:37.057098,2026-09-05
200706,HAM ADD NEGOTIATION LIST AMER Jalan GAINES (DL) Illinois State,2025-08-29,2025-08-29,Jalan,Gaines,DL,AMER,Illinois State,HAM,ADD NEGOTIATION LIST,True,184900,players,Negotiation List,Eligible,2026-09-05T13:30:37.057098,2026-09-05
200707,BC ADD NEGOTIATION LIST AMER Brandon YATES (OL) West Virginia,2025-08-29,2025-08-29,Brandon,Yates,OL,AMER,West Virginia,BC,ADD NEGOTIATION LIST,True,184378,players,Negotiation List,Eligible,2026-09-05T13:30:37.057098,2026-09-05
200708,HAM REM UNS NEGOTIATION LIST AMER Swayze BOZEMAN (LB) Southern Mississippi,2025-08-29,2025-08-29,Swayze,Bozeman,LB,AMER,Southern Mississippi,HAM,REM UNS NEGOTIATION LIST,True,168673,players,Eligible,Negotiation List,2026-09-05T13:30:37.057098,2026-09-05
200705,HAM REM UNS NEGOTIATION LIST AMER Reid HOLSKEY (OL) Miami of Ohio,2025-08-29,2025-08-29,Reid,Holskey,OL,AMER,Miami of Ohio,HAM,REM UNS NEGOTIATION LIST,True,169532,players,Eligible,Negotiation List,2026-09-05T13:30:37.057098,2026-09-05
200701,BC REM SGD NEGOTIATION LIST AMER Levi BELL (DL) Texas State,2025-08-28,2025-08-28,Levi,BELL,DL,AMER,Texas State,BC,REM SGD NEGOTIATION LIST,True,167598,players,Eligible,Negotiation List,2026-09-05T13:30:37.057098,2026-09-05
200696,MTL ADD NEGOTIATION LIST AMER Lance MCCUTCHEON (WR) Montana State,2025-08-28,2025-08-28,Lance,McCutcheon,WR,AMER,Montana State,MTL,ADD NEGOTIATION LIST,True,169101,players,Negotiation List,Eligible,2026-09-05T13:30:37.057098,2026-09-05
200695,MTL REM UNS NEGOTIATION LIST AMER Alijah HUZZIE (DB) North Carolina,2025-08-28,2025-08-28,Alijah,Huzzie,DB,AMER,North Carolina,MTL,REM UNS NEGOTIATION LIST,True,169404,players,Eligible,Negotiation List,2026-09-05T13:30:37.057098,2026-09-05
200694,TOR REM UNS NEGOTIATION LIST AMER Tyler KAHMANN (WR) Emporia State,2025-08-28,2025-08-28,Tyler,Kahmann,WR,AMER,Emporia State,TOR,REM UNS NEGOTIATION LIST,True,169355,players,Eligible,Negotiation List,2026-09-05T13:30:37.057098,2026-09-05
200693,TOR REM UNS NEGOTIATION LIST AMER Donovan SMITH (QB) Houston,2025-08-28,2025-08-28,Donovan,Smith,QB,AMER,Houston,TOR,REM UNS NEGOTIATION LIST,True,169505,players,Eligible,Negotiation List,2026-09-05T13:30:37.057098,2026-09-05
200692,TOR REM UNS NEGOTIATION LIST AMER Treven MA'AE (DL) Baylor,2025-08-28,2025-08-28,Treven,Ma'ae,DL,AMER,Baylor,TOR,REM UNS NEGOTIATION LIST,True,169378,players,Eligible,Negotiation List,2026-09-05T13:30:37.057098,2026-09-05
200676,WPG ADD NEGOTIATION LIST AMER Leroy WATSON (OL) Texas at San Antonio,2025-08-28,2025-08-28,Leroy,Watson,OL,AMER,Texas at San Antonio,WPG,ADD NEGOTIATION LIST,True,169105,players,Negotiation List,Eligible,2026-09-05T13:30:37.057098,2026-09-05
200677,WPG REM UNS NEGOTIATION LIST AMER Ian BOOK (QB) Notre Dame,2025-08-28,2025-08-28,Ian,BOOK,QB,AMER,Notre Dame,WPG,REM UNS NEGOTIATION LIST,True,164445,players,Eligible,Negotiation List,2026-09-05T13:30:37.057098,2026-09-05
200675,WPG REM UNS NEGOTIATION LIST AMER Kaimon RUCKER (LB) North Carolina,2025-08-28,2025-08-28,Kaimon,Rucker,LB,AMER,North Carolina,WPG,REM UNS NEGOTIATION LIST,True,169203,players,Eligible,Negotiation List,2026-09-05T13:30:37.057098,2026-09-05
200678,WPG ADD NEGOTIATION LIST AMER Payton THORNE (QB) Auburn,2025-08-28,2025-08-28,Payton,THORNE,QB,AMER,Auburn,WPG,ADD NEGOTIATION LIST,True,166541,players,Negotiation List,Eligible,2026-09-05T13:30:37.057098,2026-09-05
200679,CGY REM UNS NEGOTIATION LIST AMER Timothy MCKAY (OL) North Carolina State,2025-08-28,2025-08-28,Timothy,McKay,OL,AMER,North Carolina State,CGY,REM UNS NEGOTIATION LIST,True,169405,players,Eligible,Negotiation List,2026-09-05T13:30:37.057098,2026-09-05
200680,CGY ADD NEGOTIATION LIST AMER Ryan HAYES (OL) Michigan,2025-08-28,2025-08-28,Ryan,Hayes,OL,AMER,Michigan,CGY,ADD NEGOTIATION LIST,True,169040,players,Negotiation List,Eligible,2026-09-05T13:30:37.057098,2026-09-05
200681,HAM REM UNS NEGOTIATION LIST AMER JB BROWN (LB) Kansas,2025-08-28,2025-08-28,JB,Brown,LB,AMER,Kansas,HAM,REM UNS NEGOTIATION LIST,True,184846,players,Eligible,Negotiation List,2026-09-05T13:30:37.057098,2026-09-05
200682,HAM ADD NEGOTIATION LIST AMER Thayer THOMAS (WR) North Carolina State,2025-08-28,2025-08-28,Thayer,THOMAS,WR,AMER,North Carolina State,HAM,ADD NEGOTIATION LIST,True,167594,players,Negotiation List,Eligible,2026-09-05T13:30:37.057098,2026-09-05
200683,EDM REM UNS NEGOTIATION LIST AMER Cam LAMPKIN (DB) Washington State,2025-08-28,2025-08-28,Cam,Lampkin,DB,AMER,Washington State,EDM,REM UNS NEGOTIATION LIST,True,169063,players,Eligible,Negotiation List,2026-09-05T13:30:37.057098,2026-09-05
200684,EDM ADD NEGOTIATION LIST AMER Tanner MCCALISTER (DB) Ohio State,2025-08-28,2025-08-28,Tanner,McCalister,DB,AMER,Ohio State,EDM,ADD NEGOTIATION LIST,True,184279,players,Negotiation List,Eligible,2026-09-05T13:30:37.057098,2026-09-05
200685,SSK REM UNS NEGOTIATION LIST AMER Easton STICK (QB) North Dakota State,2025-08-28,2025-08-28,Easton,STICK,QB,AMER,North Dakota State,SSK,REM UNS NEGOTIATION LIST,True,163606,players,Eligible,Negotiation List,2026-09-05T13:30:37.057098,2026-09-05
200686,SSK ADD NEGOTIATION LIST AMER Grayson MURPHY (DL) UCLA,2025-08-28,2025-08-28,Grayson,Murphy,DL,AMER,UCLA,SSK,ADD NEGOTIATION LIST,True,184897,players,Negotiation List,Eligible,2026-09-05T13:30:37.057098,2026-09-05
200689,MTL REM UNS NEGOTIATION LIST AMER Brandon YATES (OL) West Virginia,2025-08-28,2025-08-28,Brandon,Yates,OL,AMER,West Virginia,MTL,REM UNS NEGOTIATION LIST,True,184378,players,Eligible,Negotiation List,2026-09-05T13:30:37.057098,2026-09-05
200690,MTL ADD NEGOTIATION LIST AMER Cornelius JOHNSON (WR) Michigan,2025-08-28,2025-08-28,Cornelius,Johnson,WR,AMER,Michigan,MTL,ADD NEGOTIATION LIST,True,184899,players,Negotiation List,Eligible,2026-09-05T13:30:37.057098,2026-09-05
200672,TOR REM UNS NEGOTIATION LIST AMER Marcellus JOHNSON (OL) Missouri,2025-08-27,2025-08-27,Marcellus,Johnson,OL,AMER,Missouri,TOR,REM UNS NEGOTIATION LIST,True,169014,players,Eligible,Negotiation List,2026-09-05T13:30:37.057098,2026-09-05
200670,HAM ADD NEGOTIATION LIST AMER Kyrese ROWAN (WR) Utah State,2025-08-27,2025-08-27,Kyrese,Rowan,WR,AMER,Utah State,HAM,ADD NEGOTIATION LIST,True,184896,players,Negotiation List,Eligible,2026-09-05T13:30:37.057098,2026-09-05
200671,TOR REM UNS NEGOTIATION LIST AMER Bailey ZAPPE (QB) Western Kentucky,2025-08-27,2025-08-27,Bailey,ZAPPE,QB,AMER,Western Kentucky,TOR,REM UNS NEGOTIATION LIST,True,165462,players,Eligible,Negotiation List,2026-09-05T13:30:37.057098,2026-09-05
200668,CGY ADD NEGOTIATION LIST AMER BJ MAYES (DB) Texas A&M,2025-08-27,2025-08-27,BJ,Mayes,DB,AMER,Texas A&M,CGY,ADD NEGOTIATION LIST,True,184893,players,Negotiation List,Eligible,2026-09-05T13:30:37.057098,2026-09-05
200669,HAM REM UNS NEGOTIATION LIST AMER Ronnie BELL (WR) Michigan,2025-08-27,2025-08-27,Ronnie,Bell,WR,AMER,Michigan,HAM,REM UNS NEGOTIATION LIST,True,184793,players,Eligible,Negotiation List,2026-09-05T13:30:37.057098,2026-09-05
200667,CGY REM UNS NEGOTIATION LIST AMER Jackson MEEKS (WR) Syracuse,2025-08-27,2025-08-27,Jackson,Meeks,WR,AMER,Syracuse,CGY,REM UNS NEGOTIATION LIST,True,184861,players,Eligible,Negotiation List,2026-09-05T13:30:37.057098,2026-09-05
200666,CGY ADD NEGOTIATION LIST AMER Tre'Mon MORRIS-BRASH (DL) Central Florida,2025-08-27,2025-08-27,Tre'Mon,Morris-Brash,DL,AMER,Central Florida,CGY,ADD NEGOTIATION LIST,True,184892,players,Negotiation List,Eligible,2026-09-05T13:30:37.057098,2026-09-05
200665,CGY REM UNS NEGOTIATION LIST AMER BJ GREEN II (DL) Colorado,2025-08-27,2025-08-27,BJ,Green II,DL,AMER,Colorado,CGY,REM UNS NEGOTIATION LIST,True,184813,players,Eligible,Negotiation List,2026-09-05T13:30:37.057098,2026-09-05
200664,TOR REM UNS NEGOTIATION LIST AMER Tyrone BRODEN (WR) Arkansas,2025-08-27,2025-08-27,Tyrone,Broden,WR,AMER,Arkansas,TOR,REM UNS NEGOTIATION LIST,True,169494,players,Eligible,Negotiation List,2026-09-05T13:30:37.057098,2026-09-05
200663,HAM ADD NEGOTIATION LIST AMER Eku LEOTA (LB) Auburn,2025-08-27,2025-08-27,Eku,Leota,LB,AMER,Auburn,HAM,ADD NEGOTIATION LIST,True,184891,players,Negotiation List,Eligible,2026-09-05T13:30:37.057098,2026-09-05
200662,MTL ADD NEGOTIATION LIST AMER Trey WEDIG (OL) Indiana,2025-08-27,2025-08-27,Trey,Wedig,OL,AMER,Indiana,MTL,ADD NEGOTIATION LIST,True,184890,players,Negotiation List,Eligible,2026-09-05T13:30:37.057098,2026-09-05
200661,TOR REM UNS NEGOTIATION LIST AMER Brennan JACKSON (DL) Washington State,2025-08-27,2025-08-27,Brennan,Jackson,DL,AMER,Washington State,TOR,REM UNS NEGOTIATION LIST,True,184864,players,Eligible,Negotiation List,2026-09-05T13:30:37.057098,2026-09-05
200647,WPG ADD NEGOTIATION LIST AMER Samori TOURE (WR) Nebraska,2025-08-27,2025-08-27,Samori,Toure,WR,AMER,Nebraska,WPG,ADD NEGOTIATION LIST,True,184886,players,Negotiation List,Eligible,2026-09-05T13:30:37.057098,2026-09-05
200659,MTL REM UNS NEGOTIATION LIST AMER Traeshon HOLDEN (WR) Oregon,2025-08-27,2025-08-27,Traeshon,Holden,WR,AMER,Oregon,MTL,REM UNS NEGOTIATION LIST,True,184301,players,Eligible,Negotiation List,2026-09-05T13:30:37.057098,2026-09-05
200658,BC ADD NEGOTIATION LIST AMER Keydrain CALLIGAN (DB) Southeastern Louisiana,2025-08-27,2025-08-27,Keydrain,Calligan,DB,AMER,Southeastern Louisiana,BC,ADD NEGOTIATION LIST,True,169619,players,Negotiation List,Eligible,2026-09-05T13:30:37.057098,2026-09-05
200650,CGY REM UNS NEGOTIATION LIST AMER Ricky LEE (OL) North Carolina A&T,2025-08-27,2025-08-27,Ricky,Lee,OL,AMER,North Carolina A&T,CGY,REM UNS NEGOTIATION LIST,True,169099,players,Eligible,Negotiation List,2026-09-05T13:30:37.057098,2026-09-05
200648,HAM REM UNS NEGOTIATION LIST AMER Branson COMBS (LB) Wake Forest,2025-08-27,2025-08-27,Branson,Combs,LB,AMER,Wake Forest,HAM,REM UNS NEGOTIATION LIST,True,184821,players,Eligible,Negotiation List,2026-09-05T13:30:37.057098,2026-09-05
200651,CGY ADD NEGOTIATION LIST AMER Glendon MILLER (DB) Maryland,2025-08-27,2025-08-27,Glendon,Miller,DB,AMER,Maryland,CGY,ADD NEGOTIATION LIST,True,184887,players,Negotiation List,Eligible,2026-09-05T13:30:37.057098,2026-09-05
200652,HAM REM UNS NEGOTIATION LIST AMER Xavier CARLTON (DL) California,2025-08-27,2025-08-27,Xavier,Carlton,DL,AMER,California,HAM,REM UNS NEGOTIATION LIST,True,184829,players,Eligible,Negotiation List,2026-09-05T13:30:37.057098,2026-09-05
200654,EDM ADD NEGOTIATION LIST AMER AJ WOODS (DB) Pittsburgh,2025-08-27,2025-08-27,AJ,Woods,DB,AMER,Pittsburgh,EDM,ADD NEGOTIATION LIST,True,169140,players,Negotiation List,Eligible,2026-09-05T13:30:37.057098,2026-09-05
200653,HAM ADD NEGOTIATION LIST AMER Mike GREENE (DL) James Madison,2025-08-27,2025-08-27,Mike,GREENE,DL,AMER,James Madison,HAM,ADD NEGOTIATION LIST,True,166892,players,Negotiation List,Eligible,2026-09-05T13:30:37.057098,2026-09-05
200655,EDM ADD NEGOTIATION LIST AMER Lance DIXON (LB) Toledo,2025-08-27,2025-08-27,Lance,Dixon,LB,AMER,Toledo,EDM,ADD NEGOTIATION LIST,True,169322,players,Negotiation List,Eligible,2026-09-05T13:30:37.057098,2026-09-05
200656,MTL REM UNS NEGOTIATION LIST AMER Trace FORD (DL) Oklahoma,2025-08-27,2025-08-27,Trace,Ford,DL,AMER,Oklahoma,MTL,REM UNS NEGOTIATION LIST,True,184458,players,Eligible,Negotiation List,2026-09-05T13:30:37.057098,2026-09-05
200657,MTL ADD NEGOTIATION LIST AMER Doug NESTER (OL) West Virginia,2025-08-27,2025-08-27,Doug,Nester,OL,AMER,West Virginia,MTL,ADD NEGOTIATION LIST,True,184888,players,Negotiation List,Eligible,2026-09-05T13:30:37.057098,2026-09-05
200634,MTL ADD NEGOTIATION LIST AMER Dorian THOMPSON-ROBINSON (QB) UCLA,2025-08-27,2025-08-27,Dorian,THOMPSON-ROBINSON,QB,AMER,UCLA,MTL,ADD NEGOTIATION LIST,True,165966,players,Negotiation List,Eligible,2026-09-05T13:30:37.057098,2026-09-05
200632,HAM ADD NEGOTIATION LIST AMER Ochaun MATHIS (DL) Nebraska,2025-08-27,2025-08-27,Ochaun,Mathis,DL,AMER,Nebraska,HAM,ADD NEGOTIATION LIST,True,169076,players,Negotiation List,Eligible,2026-09-05T13:30:37.057098,2026-09-05
200633,MTL REM UNS NEGOTIATION LIST AMER DJ UIAGALELEI (QB) Florida State,2025-08-27,2025-08-27,DJ,Uiagalelei,QB,AMER,Florida State,MTL,REM UNS NEGOTIATION LIST,True,184827,players,Eligible,Negotiation List,2026-09-05T13:30:37.057098,2026-09-05
200631,HAM REM UNS NEGOTIATION LIST AMER Derrick MCLENDON (DL) Colorado,2025-08-27,2025-08-27,Derrick,McLendon,DL,AMER,Colorado,HAM,REM UNS NEGOTIATION LIST,True,184823,players,Eligible,Negotiation List,2026-09-05T13:30:37.057098,2026-09-05
200630,HAM ADD NEGOTIATION LIST AMER Eugene ASANTE (LB) Auburn,2025-08-27,2025-08-27,Eugene,Asante,LB,AMER,Auburn,HAM,ADD NEGOTIATION LIST,True,184881,players,Negotiation List,Eligible,2026-09-05T13:30:37.057098,2026-09-05
200629,HAM REM UNS NEGOTIATION LIST AMER Garret WALLOW (LB) Texas Christian,2025-08-27,2025-08-27,Garret,Wallow,LB,AMER,Texas Christian,HAM,REM UNS NEGOTIATION LIST,True,184124,players,Eligible,Negotiation List,2026-09-05T13:30:37.057098,2026-09-05
200637,BC REM UNS NEGOTIATION LIST AMER Tyrell SHAVERS (WR) San Diego State,2025-08-27,2025-08-27,Tyrell,SHAVERS,WR,AMER,San Diego State,BC,REM UNS NEGOTIATION LIST,True,167762,players,Eligible,Negotiation List,2026-09-05T13:30:37.057098,2026-09-05
200639,BC REM UNS NEGOTIATION LIST AMER Jaden SMITH (WR) Nevada,2025-08-27,2025-08-27,Jaden,Smith,WR,AMER,Nevada,BC,REM UNS NEGOTIATION LIST,True,169560,players,Eligible,Negotiation List,2026-09-05T13:30:37.057098,2026-09-05
200638,BC ADD NEGOTIATION LIST AMER Ricky WHITE III (WR) UNLV,2025-08-27,2025-08-27,Ricky,White III,WR,AMER,UNLV,BC,ADD NEGOTIATION LIST,True,184883,players,Negotiation List,Eligible,2026-09-05T13:30:37.057098,2026-09-05
200641,CGY REM UNS NEGOTIATION LIST AMER Nick JACKSON (LB) Iowa,2025-08-27,2025-08-27,Nick,Jackson,LB,AMER,Iowa,CGY,REM UNS NEGOTIATION LIST,True,169620,players,Eligible,Negotiation List,2026-09-05T13:30:37.057098,2026-09-05
200642,CGY ADD NEGOTIATION LIST AMER Joseph VAUGHN (LB) UCLA,2025-08-27,2025-08-27,Joseph,Vaughn,LB,AMER,UCLA,CGY,ADD NEGOTIATION LIST,True,184884,players,Negotiation List,Eligible,2026-09-05T13:30:37.057098,2026-09-05
200643,WPG REM UNS NEGOTIATION LIST AMER Kendall PAUL (DB) East Texas A&M,2025-08-27,2025-08-27,Kendall,Paul,DB,AMER,East Texas A&M,WPG,REM UNS NEGOTIATION LIST,True,184195,players,Eligible,Negotiation List,2026-09-05T13:30:37.057098,2026-09-05
200645,WPG REM UNS NEGOTIATION LIST AMER Dorian SINGER (WR) Utah,2025-08-27,2025-08-27,Dorian,Singer,WR,AMER,Utah,WPG,REM UNS NEGOTIATION LIST,True,184795,players,Eligible,Negotiation List,2026-09-05T13:30:37.057098,2026-09-05
200646,WPG ADD NEGOTIATION LIST AMER Jared BARTLETT (LB) Cincinnati,2025-08-27,2025-08-27,Jared,Bartlett,LB,AMER,Cincinnati,WPG,ADD NEGOTIATION LIST,True,184873,players,Negotiation List,Eligible,2026-09-05T13:30:37.057098,2026-09-05
200624,EDM REM UNS NEGOTIATION LIST AMER Chandler MARTIN (LB) Memphis,2025-08-27,2025-08-27,Chandler,Martin,LB,AMER,Memphis,EDM,REM UNS NEGOTIATION LIST,True,184866,players,Eligible,Negotiation List,2026-09-05T13:30:37.057098,2026-09-05
200621,HAM ADD NEGOTIATION LIST AMER Jerjuan NEWTON (WR) Toledo,2025-08-27,2025-08-27,Jerjuan,Newton,WR,AMER,Toledo,HAM,ADD NEGOTIATION LIST,True,184879,players,Negotiation List,Eligible,2026-09-05T13:30:37.057098,2026-09-05
200618,EDM REM UNS NEGOTIATION LIST AMER Nash HUTMACHER (DL) Nebraska,2025-08-27,2025-08-27,Nash,Hutmacher,DL,AMER,Nebraska,EDM,REM UNS NEGOTIATION LIST,True,169599,players,Eligible,Negotiation List,2026-09-05T13:30:37.057098,2026-09-05
200620,HAM REM UNS NEGOTIATION LIST AMER Brant BANKS (OL) Rice,2025-08-27,2025-08-27,Brant,Banks,OL,AMER,Rice,HAM,REM UNS NEGOTIATION LIST,True,169555,players,Eligible,Negotiation List,2026-09-05T13:30:37.057098,2026-09-05
200616,EDM REM UNS NEGOTIATION LIST AMER Reddy STEWARD (DB) Troy,2025-08-27,2025-08-27,Reddy,Steward,DB,AMER,Troy,EDM,REM UNS NEGOTIATION LIST,True,184854,players,Eligible,Negotiation List,2026-09-05T13:30:37.057098,2026-09-05
200617,EDM ADD NEGOTIATION LIST AMER Keenan GARBER (DB) Kansas State,2025-08-27,2025-08-27,Keenan,Garber,DB,AMER,Kansas State,EDM,ADD NEGOTIATION LIST,True,184877,players,Negotiation List,Eligible,2026-09-05T13:30:37.057098,2026-09-05
200615,SSK ADD NEGOTIATION LIST AMER Nick KUBITZ (LB) North Dakota State,2025-08-27,2025-08-27,Nick,Kubitz,LB,AMER,North Dakota State,SSK,ADD NEGOTIATION LIST,True,184876,players,Negotiation List,Eligible,2026-09-05T13:30:37.057098,2026-09-05
200612,EDM REM UNS NEGOTIATION LIST AMER Dayton WADE (WR) Mississippi,2025-08-27,2025-08-27,Dayton,Wade,WR,AMER,Mississippi,EDM,REM UNS NEGOTIATION LIST,True,168653,players,Eligible,Negotiation List,2026-09-05T13:30:37.057098,2026-09-05
200613,EDM ADD NEGOTIATION LIST AMER Gavin HOLMES (DB) Texas,2025-08-27,2025-08-27,Gavin,Holmes,DB,AMER,Texas,EDM,ADD NEGOTIATION LIST,True,184875,players,Negotiation List,Eligible,2026-09-05T13:30:37.057098,2026-09-05
200614,SSK REM UNS NEGOTIATION LIST AMER Power ECHOLS (LB) North Carolina,2025-08-27,2025-08-27,Power,Echols,LB,AMER,North Carolina,SSK,REM UNS NEGOTIATION LIST,True,184858,players,Eligible,Negotiation List,2026-09-05T13:30:37.057098,2026-09-05
200596,TOR REM SGD NEGOTIATION LIST AMER Joseph WALLACE (DL) Sam Houston State,2025-08-27,2025-08-27,Joseph,Wallace,DL,AMER,Sam Houston State,TOR,REM SGD NEGOTIATION LIST,True,184342,players,Eligible,Negotiation List,2026-09-05T13:30:37.057098,2026-09-05
200595,TOR REM SGD NEGOTIATION LIST AMER Maxwell DUGGAN (QB) Texas Christian,2025-08-27,2025-08-27,Maxwell,Duggan,QB,AMER,Texas Christian,TOR,REM SGD NEGOTIATION LIST,True,166148,players,Eligible,Negotiation List,2026-09-05T13:30:37.057098,2026-09-05
200575,BC REM UNS NEGOTIATION LIST AMER DaMarcus MITCHELL (DL) Purdue,2025-08-27,2025-08-27,DaMarcus,Mitchell,DL,AMER,Purdue,BC,REM UNS NEGOTIATION LIST,True,168227,players,Eligible,Negotiation List,2026-09-05T13:30:37.057098,2026-09-05
200577,BC ADD NEGOTIATION LIST AMER D'Angelo ROSS (DB) New Mexico,2025-08-27,2025-08-27,D'Angelo,ROSS,DB,AMER,New Mexico,BC,ADD NEGOTIATION LIST,True,165147,players,Negotiation List,Eligible,2026-09-05T13:30:37.057098,2026-09-05
200578,BC REM UNS NEGOTIATION LIST AMER James HOUSTON IV (DL) Jackson State,2025-08-27,2025-08-27,James,HOUSTON IV,DL,AMER,Jackson State,BC,REM UNS NEGOTIATION LIST,True,166565,players,Eligible,Negotiation List,2026-09-05T13:30:37.057098,2026-09-05
200579,BC ADD NEGOTIATION LIST AMER Britain COVEY (WR) Utah,2025-08-27,2025-08-27,Britain,COVEY,WR,AMER,Utah,BC,ADD NEGOTIATION LIST,True,166023,players,Negotiation List,Eligible,2026-09-05T13:30:37.057098,2026-09-05
200580,BC REM UNS NEGOTIATION LIST AMER Jamaal PRITCHETT (WR) South Alabama,2025-08-27,2025-08-27,Jamaal,Pritchett,WR,AMER,South Alabama,BC,REM UNS NEGOTIATION LIST,True,169286,players,Eligible,Negotiation List,2026-09-05T13:30:37.057098,2026-09-05
200581,BC ADD NEGOTIATION LIST AMER Micah ABRAHAM (DB) Marshall,2025-08-27,2025-08-27,Micah,Abraham,DB,AMER,Marshall,BC,ADD NEGOTIATION LIST,True,184155,players,Negotiation List,Eligible,2026-09-05T13:30:37.057098,2026-09-05
200582,WPG REM UNS NEGOTIATION LIST AMER Reuben LOWERY III (DB) Chattanooga,2025-08-27,2025-08-27,Reuben,Lowery III,DB,AMER,Chattanooga,WPG,REM UNS NEGOTIATION LIST,True,169481,players,Eligible,Negotiation List,2026-09-05T13:30:37.057098,2026-09-05
200583,WPG ADD NEGOTIATION LIST AMER Ethan DOWNS (DL) Oklahoma,2025-08-27,2025-08-27,Ethan,Downs,DL,AMER,Oklahoma,WPG,ADD NEGOTIATION LIST,True,184870,players,Negotiation List,Eligible,2026-09-05T13:30:37.057098,2026-09-05
200584,OTT REM UNS NEGOTIATION LIST AMER Reese POFFENBARGER (QB) Albany,2025-08-27,2025-08-27,Reese,Poffenbarger,QB,AMER,Albany,OTT,REM UNS NEGOTIATION LIST,True,168428,players,Eligible,Negotiation List,2026-09-05T13:30:37.057098,2026-09-05
200585,OTT ADD NEGOTIATION LIST AMER Brandon WALTON (OL) Florida Atlantic,2025-08-27,2025-08-27,Brandon,WALTON,OL,AMER,Florida Atlantic,OTT,ADD NEGOTIATION LIST,True,165880,players,Negotiation List,Eligible,2026-09-05T13:30:37.057098,2026-09-05
200586,OTT REM UNS NEGOTIATION LIST AMER Jimmori ROBINSON (DL) West Virginia,2025-08-27,2025-08-27,Jimmori,Robinson,DL,AMER,West Virginia,OTT,REM UNS NEGOTIATION LIST,True,184843,players,Eligible,Negotiation List,2026-09-05T13:30:37.057098,2026-09-05
200587,OTT ADD NEGOTIATION LIST AMER Anton JUNCAJ (DL) Arkansas,2025-08-27,2025-08-27,Anton,Juncaj,DL,AMER,Arkansas,OTT,ADD NEGOTIATION LIST,True,168361,players,Negotiation List,Eligible,2026-09-05T13:30:37.057098,2026-09-05
200588,BC REM UNS NEGOTIATION LIST AMER Kyle PHILIPS (WR) UCLA,2025-08-27,2025-08-27,Kyle,Philips,WR,AMER,UCLA,BC,REM UNS NEGOTIATION LIST,True,184804,players,Eligible,Negotiation List,2026-09-05T13:30:37.057098,2026-09-05
200589,BC ADD NEGOTIATION LIST AMER Jacobie KEENEY-JAMES (WR) Massachusetts,2025-08-27,2025-08-27,Jacobie,Keeney-James,WR,AMER,Massachusetts,BC,ADD NEGOTIATION LIST,True,184871,players,Negotiation List,Eligible,2026-09-05T13:30:37.057098,2026-09-05
200590,BC REM UNS NEGOTIATION LIST AMER Keni-H LOVELY (DB) Western Michigan,2025-08-27,2025-08-27,Keni-H,Lovely,DB,AMER,Western Michigan,BC,REM UNS NEGOTIATION LIST,True,169028,players,Eligible,Negotiation List,2026-09-05T13:30:37.057098,2026-09-05
200591,BC ADD NEGOTIATION LIST AMER Jaden ROBINSON (DB) Oregon State,2025-08-27,2025-08-27,Jaden,Robinson,DB,AMER,Oregon State,BC,ADD NEGOTIATION LIST,True,184872,players,Negotiation List,Eligible,2026-09-05T13:30:37.057098,2026-09-05
200571,CGY ADD NEGOTIATION LIST AMER Alex JOHNSON (DB) UCLA,2025-08-26,2025-08-26,Alex,Johnson,DB,AMER,UCLA,CGY,ADD NEGOTIATION LIST,True,184869,players,Negotiation List,Eligible,2026-09-05T13:30:37.057098,2026-09-05
200570,CGY REM UNS NEGOTIATION LIST AMER Shaun DOLAC (LB) Buffalo,2025-08-26,2025-08-26,Shaun,Dolac,LB,AMER,Buffalo,CGY,REM UNS NEGOTIATION LIST,True,169461,players,Eligible,Negotiation List,2026-09-05T13:30:37.057098,2026-09-05
200568,EDM REM UNS NEGOTIATION LIST AMER Keyon MARTIN (DB) Louisiana At Lafayette,2025-08-26,2025-08-26,Keyon,Martin,DB,AMER,Louisiana At Lafayette,EDM,REM UNS NEGOTIATION LIST,True,169601,players,Eligible,Negotiation List,2026-09-05T13:30:37.057098,2026-09-05
200569,EDM ADD NEGOTIATION LIST AMER Chandler BRAYBOY (WR) Elon University,2025-08-26,2025-08-26,Chandler,Brayboy,WR,AMER,Elon University,EDM,ADD NEGOTIATION LIST,True,184868,players,Negotiation List,Eligible,2026-09-05T13:30:37.057098,2026-09-05
200566,CGY REM UNS NEGOTIATION LIST AMER Jailin WALKER (LB) Indiana,2025-08-26,2025-08-26,Jailin,Walker,LB,AMER,Indiana,CGY,REM UNS NEGOTIATION LIST,True,184682,players,Eligible,Negotiation List,2026-09-05T13:30:37.057098,2026-09-05
200567,CGY ADD NEGOTIATION LIST AMER Travis BELL (DL) Kennesaw State,2025-08-26,2025-08-26,Travis,Bell,DL,AMER,Kennesaw State,CGY,ADD NEGOTIATION LIST,True,184867,players,Negotiation List,Eligible,2026-09-05T13:30:37.057098,2026-09-05
200565,EDM ADD NEGOTIATION LIST AMER Chandler MARTIN (LB) Memphis,2025-08-26,2025-08-26,Chandler,Martin,LB,AMER,Memphis,EDM,ADD NEGOTIATION LIST,True,184866,players,Negotiation List,Eligible,2026-09-05T13:30:37.057098,2026-09-05
200564,EDM REM UNS NEGOTIATION LIST AMER Dom JONES (DB) Colorado State,2025-08-26,2025-08-26,Dom,Jones,DB,AMER,Colorado State,EDM,REM UNS NEGOTIATION LIST,True,184284,players,Eligible,Negotiation List,2026-09-05T13:30:37.057098,2026-09-05
200563,SSK ADD NEGOTIATION LIST AMER Nate LYNN (DL) William & Mary,2025-08-26,2025-08-26,Nate,Lynn,DL,AMER,William & Mary,SSK,ADD NEGOTIATION LIST,True,168694,players,Negotiation List,Eligible,2026-09-05T13:30:37.057098,2026-09-05
200562,SSK REM UNS NEGOTIATION LIST AMER Howard CROSS III (DL) Notre Dame,2025-08-26,2025-08-26,Howard,Cross III,DL,AMER,Notre Dame,SSK,REM UNS NEGOTIATION LIST,True,184825,players,Eligible,Negotiation List,2026-09-05T13:30:37.057098,2026-09-05
200552,SSK REM UNS NEGOTIATION LIST AMER Courtney JACKSON (WR) Arkansas State,2025-08-26,2025-08-26,Courtney,Jackson,WR,AMER,Arkansas State,SSK,REM UNS NEGOTIATION LIST,True,169500,players,Eligible,Negotiation List,2026-09-05T13:30:37.057098,2026-09-05
200553,SSK ADD NEGOTIATION LIST AMER Otis REESE (LB) Mississippi,2025-08-26,2025-08-26,Otis,REESE,LB,AMER,Mississippi,SSK,ADD NEGOTIATION LIST,True,167622,players,Negotiation List,Eligible,2026-09-05T13:30:37.057098,2026-09-05
200550,EDM REM UNS NEGOTIATION LIST AMER Marcus WEHR (OL) Montana State,2025-08-26,2025-08-26,Marcus,Wehr,OL,AMER,Montana State,EDM,REM UNS NEGOTIATION LIST,True,184141,players,Eligible,Negotiation List,2026-09-05T13:30:37.057098,2026-09-05
200551,EDM ADD NEGOTIATION LIST AMER Cole BURGESS (WR) Cortland State,2025-08-26,2025-08-26,Cole,Burgess,WR,AMER,Cortland State,EDM,ADD NEGOTIATION LIST,True,168652,players,Negotiation List,Eligible,2026-09-05T13:30:37.057098,2026-09-05
200548,SSK REM UNS NEGOTIATION LIST AMER Ben DINUCCI (QB) James Madison,2025-08-26,2025-08-26,Ben,DINUCCI,QB,AMER,James Madison,SSK,REM UNS NEGOTIATION LIST,True,164420,players,Eligible,Negotiation List,2026-09-05T13:30:37.057098,2026-09-05
200549,SSK ADD NEGOTIATION LIST AMER Easton STICK (QB) North Dakota State,2025-08-26,2025-08-26,Easton,STICK,QB,AMER,North Dakota State,SSK,ADD NEGOTIATION LIST,True,163606,players,Negotiation List,Eligible,2026-09-05T13:30:37.057098,2026-09-05
200547,HAM ADD NEGOTIATION LIST AMER Marcus YARNS (RB) Delaware,2025-08-26,2025-08-26,Marcus,Yarns,RB,AMER,Delaware,HAM,ADD NEGOTIATION LIST,True,169414,players,Negotiation List,Eligible,2026-09-05T13:30:37.057098,2026-09-05
200546,HAM REM UNS NEGOTIATION LIST AMER Jarrett KINGSTON (OL) Southern California,2025-08-26,2025-08-26,Jarrett,Kingston,OL,AMER,Southern California,HAM,REM UNS NEGOTIATION LIST,True,184811,players,Eligible,Negotiation List,2026-09-05T13:30:37.057098,2026-09-05
200545,EDM ADD NEGOTIATION LIST AMER Elijah CHATMAN (DL) Southern Methodist,2025-08-26,2025-08-26,Elijah,Chatman,DL,AMER,Southern Methodist,EDM,ADD NEGOTIATION LIST,True,168499,players,Negotiation List,Eligible,2026-09-05T13:30:37.057098,2026-09-05
200544,EDM REM UNS NEGOTIATION LIST AMER Jeremiah MARTIN (DL) Washington,2025-08-26,2025-08-26,Jeremiah,Martin,DL,AMER,Washington,EDM,REM UNS NEGOTIATION LIST,True,168353,players,Eligible,Negotiation List,2026-09-05T13:30:37.057098,2026-09-05
200543,CGY ADD NEGOTIATION LIST AMER AJ HENNING (WR) Northwestern,2025-08-26,2025-08-26,AJ,Henning,WR,AMER,Northwestern,CGY,ADD NEGOTIATION LIST,True,184865,players,Negotiation List,Eligible,2026-09-05T13:30:37.057098,2026-09-05
200542,CGY REM UNS NEGOTIATION LIST AMER AJ THOMAS (DB) Western Michigan,2025-08-26,2025-08-26,AJ,Thomas,DB,AMER,Western Michigan,CGY,REM UNS NEGOTIATION LIST,True,169235,players,Eligible,Negotiation List,2026-09-05T13:30:37.057098,2026-09-05
200534,TOR ADD NEGOTIATION LIST AMER Bailey ZAPPE (QB) Western Kentucky,2025-08-26,2025-08-26,Bailey,ZAPPE,QB,AMER,Western Kentucky,TOR,ADD NEGOTIATION LIST,True,165462,players,Negotiation List,Eligible,2026-09-05T13:30:37.057098,2026-09-05
200535,TOR ADD NEGOTIATION LIST AMER Logan BROWN (OL) Kansas,2025-08-26,2025-08-26,Logan,Brown,OL,AMER,Kansas,TOR,ADD NEGOTIATION LIST,True,184863,players,Negotiation List,Eligible,2026-09-05T13:30:37.057098,2026-09-05
200536,EDM REM UNS NEGOTIATION LIST AMER Khalid DUKE (DL) Kansas State,2025-08-26,2025-08-26,Khalid,Duke,DL,AMER,Kansas State,EDM,REM UNS NEGOTIATION LIST,True,168996,players,Eligible,Negotiation List,2026-09-05T13:30:37.057098,2026-09-05
200537,EDM ADD NEGOTIATION LIST AMER Zach ZEBROWSKI (QB) Central Missouri,2025-08-26,2025-08-26,Zach,Zebrowski,QB,AMER,Central Missouri,EDM,ADD NEGOTIATION LIST,True,168373,players,Negotiation List,Eligible,2026-09-05T13:30:37.057098,2026-09-05
200538,TOR REM UNS NEGOTIATION LIST AMER Justin HOLLINS (DE) Oregon,2025-08-26,2025-08-26,Justin,HOLLINS,DE,AMER,Oregon,TOR,REM UNS NEGOTIATION LIST,True,165864,players,Eligible,Negotiation List,2026-09-05T13:30:37.057098,2026-09-05
200539,TOR ADD NEGOTIATION LIST AMER Brennan JACKSON (DL) Washington State,2025-08-26,2025-08-26,Brennan,Jackson,DL,AMER,Washington State,TOR,ADD NEGOTIATION LIST,True,184864,players,Negotiation List,Eligible,2026-09-05T13:30:37.057098,2026-09-05
200540,SSK REM UNS NEGOTIATION LIST AMER Austin DECULUS (OL) Louisiana State,2025-08-26,2025-08-26,Austin,Deculus,OL,AMER,Louisiana State,SSK,REM UNS NEGOTIATION LIST,True,184837,players,Eligible,Negotiation List,2026-09-05T13:30:37.057098,2026-09-05
200541,SSK ADD NEGOTIATION LIST AMER Raiqwon O'NEAL (OL) UCLA,2025-08-26,2025-08-26,Raiqwon,O'NEAL,OL,AMER,UCLA,SSK,ADD NEGOTIATION LIST,True,168157,players,Negotiation List,Eligible,2026-09-05T13:30:37.057098,2026-09-05
200533,TOR ADD NEGOTIATION LIST AMER Clayton TUNE (QB) Houston,2025-08-25,2025-08-25,Clayton,TUNE,QB,AMER,Houston,TOR,ADD NEGOTIATION LIST,True,167201,players,Negotiation List,Eligible,2026-09-05T13:30:37.057098,2026-09-05
200525,CGY REM UNS NEGOTIATION LIST AMER Lideatrick GRIFFIN (WR) Mississippi State,2025-08-25,2025-08-25,Lideatrick,Griffin,WR,AMER,Mississippi State,CGY,REM UNS NEGOTIATION LIST,True,169095,players,Eligible,Negotiation List,2026-09-05T13:30:37.057098,2026-09-05
200526,CGY REM UNS NEGOTIATION LIST AMER Jonas GRIFFITH (LB) Indiana State,2025-08-25,2025-08-25,Jonas,GRIFFITH,LB,AMER,Indiana State,CGY,REM UNS NEGOTIATION LIST,True,165845,players,Eligible,Negotiation List,2026-09-05T13:30:37.057098,2026-09-05
200528,CGY ADD NEGOTIATION LIST AMER JR SINGLETON (DL) Iowa State,2025-08-25,2025-08-25,JR,Singleton,DL,AMER,Iowa State,CGY,ADD NEGOTIATION LIST,True,184860,players,Negotiation List,Eligible,2026-09-05T13:30:37.057098,2026-09-05
200527,CGY REM UNS NEGOTIATION LIST AMER Jason IVEY (OL) North Carolina A&T,2025-08-25,2025-08-25,Jason,Ivey,OL,AMER,North Carolina A&T,CGY,REM UNS NEGOTIATION LIST,True,169448,players,Eligible,Negotiation List,2026-09-05T13:30:37.057098,2026-09-05
200529,CGY ADD NEGOTIATION LIST AMER Jackson MEEKS (WR) Syracuse,2025-08-25,2025-08-25,Jackson,Meeks,WR,AMER,Syracuse,CGY,ADD NEGOTIATION LIST,True,184861,players,Negotiation List,Eligible,2026-09-05T13:30:37.057098,2026-09-05
200530,CGY ADD NEGOTIATION LIST AMER Owen WRIGHT (RB) Monmouth,2025-08-25,2025-08-25,Owen,Wright,RB,AMER,Monmouth,CGY,ADD NEGOTIATION LIST,True,184862,players,Negotiation List,Eligible,2026-09-05T13:30:37.057098,2026-09-05
200531,SSK REM UNS NEGOTIATION LIST AMER Nate LYNN (DL) William & Mary,2025-08-25,2025-08-25,Nate,Lynn,DL,AMER,William & Mary,SSK,REM UNS NEGOTIATION LIST,True,168694,players,Eligible,Negotiation List,2026-09-05T13:30:37.057098,2026-09-05
200532,SSK ADD NEGOTIATION LIST AMER Mitchell AGUDE (DL) Miami,2025-08-25,2025-08-25,Mitchell,Agude,DL,AMER,Miami,SSK,ADD NEGOTIATION LIST,True,168266,players,Negotiation List,Eligible,2026-09-05T13:30:37.057098,2026-09-05
200521,HAM REM UNS NEGOTIATION LIST AMER Adin HUNTINGTON (DL) Tulane,2025-08-25,2025-08-25,Adin,Huntington,DL,AMER,Tulane,HAM,REM UNS NEGOTIATION LIST,True,169360,players,Eligible,Negotiation List,2026-09-05T13:30:37.057098,2026-09-05
200522,HAM ADD NEGOTIATION LIST AMER Jha’Quan JACKSON (WR) Tulane,2025-08-25,2025-08-25,Jha’Quan,Jackson,WR,AMER,Tulane,HAM,ADD NEGOTIATION LIST,True,184859,players,Negotiation List,Eligible,2026-09-05T13:30:37.057098,2026-09-05
200523,BC REM UNS NEGOTIATION LIST AMER Chris OLADOKUN (QB) South Dakota State,2025-08-25,2025-08-25,Chris,OLADOKUN,QB,AMER,South Dakota State,BC,REM UNS NEGOTIATION LIST,True,166362,players,Eligible,Negotiation List,2026-09-05T13:30:37.057098,2026-09-05
200524,BC ADD NEGOTIATION LIST AMER DaMarcus MITCHELL (DL) Purdue,2025-08-25,2025-08-25,DaMarcus,Mitchell,DL,AMER,Purdue,BC,ADD NEGOTIATION LIST,True,168227,players,Negotiation List,Eligible,2026-09-05T13:30:37.057098,2026-09-05
200520,SSK ADD NEGOTIATION LIST AMER Power ECHOLS (LB) North Carolina,2025-08-25,2025-08-25,Power,Echols,LB,AMER,North Carolina,SSK,ADD NEGOTIATION LIST,True,184858,players,Negotiation List,Eligible,2026-09-05T13:30:37.057098,2026-09-05
200519,SSK REM UNS NEGOTIATION LIST AMER Robert LEWIS (WR) Auburn,2025-08-25,2025-08-25,Robert,Lewis,WR,AMER,Auburn,SSK,REM UNS NEGOTIATION LIST,True,184853,players,Eligible,Negotiation List,2026-09-05T13:30:37.057098,2026-09-05
200516,WPG ADD NEGOTIATION LIST AMER Mac DALENA (WR) Fresno State,2025-08-25,2025-08-25,Mac,Dalena,WR,AMER,Fresno State,WPG,ADD NEGOTIATION LIST,True,184857,players,Negotiation List,Eligible,2026-09-05T13:30:37.057098,2026-09-05
200515,WPG REM UNS NEGOTIATION LIST AMER Micah MAZZCCUA (OL) Nebraska,2025-08-25,2025-08-25,Micah,Mazzccua,OL,AMER,Nebraska,WPG,REM UNS NEGOTIATION LIST,True,169606,players,Eligible,Negotiation List,2026-09-05T13:30:37.057098,2026-09-05
200514,SSK ADD NEGOTIATION LIST AMER Alphonzo TUPUTALA (LB) Washington,2025-08-25,2025-08-25,Alphonzo,Tuputala,LB,AMER,Washington,SSK,ADD NEGOTIATION LIST,True,184855,players,Negotiation List,Eligible,2026-09-05T13:30:37.057098,2026-09-05
200513,SSK REM UNS NEGOTIATION LIST AMER Mekhi GARNER (DB) Louisiana State,2025-08-25,2025-08-25,Mekhi,Garner,DB,AMER,Louisiana State,SSK,REM UNS NEGOTIATION LIST,True,169426,players,Eligible,Negotiation List,2026-09-05T13:30:37.057098,2026-09-05
200503,SSK REM UNS NEGOTIATION LIST AMER Zach ZEBROWSKI (QB) Central Missouri,2025-08-25,2025-08-25,Zach,Zebrowski,QB,AMER,Central Missouri,SSK,REM UNS NEGOTIATION LIST,True,168373,players,Eligible,Negotiation List,2026-09-05T13:30:37.057098,2026-09-05
200504,SSK ADD NEGOTIATION LIST AMER Ben DINUCCI (QB) James Madison,2025-08-25,2025-08-25,Ben,DINUCCI,QB,AMER,James Madison,SSK,ADD NEGOTIATION LIST,True,164420,players,Negotiation List,Eligible,2026-09-05T13:30:37.057098,2026-09-05
200486,WPG ADD NEGOTIATION LIST AMER Jarrett GUARANTANO (QB) Washington State,2025-08-25,2025-08-25,Jarrett,GUARANTANO,QB,AMER,Washington State,WPG,ADD NEGOTIATION LIST,True,167215,players,Negotiation List,Eligible,2026-09-05T13:30:37.057098,2026-09-05
200487,EDM REM UNS NEGOTIATION LIST AMER Ozzie HUTCHINSON (OL) Albany,2025-08-25,2025-08-25,Ozzie,Hutchinson,OL,AMER,Albany,EDM,REM UNS NEGOTIATION LIST,True,184277,players,Eligible,Negotiation List,2026-09-05T13:30:37.057098,2026-09-05
200488,EDM ADD NEGOTIATION LIST AMER Reddy STEWARD (DB) Troy,2025-08-25,2025-08-25,Reddy,Steward,DB,AMER,Troy,EDM,ADD NEGOTIATION LIST,True,184854,players,Negotiation List,Eligible,2026-09-05T13:30:37.057098,2026-09-05
200484,WPG REM UNS NEGOTIATION LIST AMER Brody GREBE (DL) Montana State,2025-08-25,2025-08-25,Brody,Grebe,DL,AMER,Montana State,WPG,REM UNS NEGOTIATION LIST,True,169309,players,Eligible,Negotiation List,2026-09-05T13:30:37.057098,2026-09-05
200473,CGY REM UNS NEGOTIATION LIST AMER Keaton ELLIS (DB) Penn State,2025-08-24,2025-08-24,Keaton,Ellis,DB,AMER,Penn State,CGY,REM UNS NEGOTIATION LIST,True,169191,players,Eligible,Negotiation List,2026-09-05T13:30:37.057098,2026-09-05
200474,CGY ADD NEGOTIATION LIST AMER Zy ALEXANDER (DB) Louisiana State,2025-08-24,2025-08-24,Zy,Alexander,DB,AMER,Louisiana State,CGY,ADD NEGOTIATION LIST,True,184851,players,Negotiation List,Eligible,2026-09-05T13:30:37.057098,2026-09-05
200475,HAM REM UNS NEGOTIATION LIST AMER Jeremiah WEBB (WR) South Alabama,2025-08-24,2025-08-24,Jeremiah,Webb,WR,AMER,South Alabama,HAM,REM UNS NEGOTIATION LIST,True,184299,players,Eligible,Negotiation List,2026-09-05T13:30:37.057098,2026-09-05
200476,HAM ADD NEGOTIATION LIST AMER Lorenzo THOMPSON (OL) Rhode Island,2025-08-24,2025-08-24,Lorenzo,Thompson,OL,AMER,Rhode Island,HAM,ADD NEGOTIATION LIST,True,168472,players,Negotiation List,Eligible,2026-09-05T13:30:37.057098,2026-09-05
200477,HAM REM UNS NEGOTIATION LIST AMER Michael WILEY (RB) Arizona,2025-08-24,2025-08-24,Michael,Wiley,RB,AMER,Arizona,HAM,REM UNS NEGOTIATION LIST,True,184676,players,Eligible,Negotiation List,2026-09-05T13:30:37.057098,2026-09-05
200478,HAM ADD NEGOTIATION LIST AMER Swayze BOZEMAN (LB) Southern Mississippi,2025-08-24,2025-08-24,Swayze,Bozeman,LB,AMER,Southern Mississippi,HAM,ADD NEGOTIATION LIST,True,168673,players,Negotiation List,Eligible,2026-09-05T13:30:37.057098,2026-09-05
200479,CGY REM UNS NEGOTIATION LIST AMER Deion HANKINS (RB) Texas State,2025-08-24,2025-08-24,Deion,Hankins,RB,AMER,Texas State,CGY,REM UNS NEGOTIATION LIST,True,169574,players,Eligible,Negotiation List,2026-09-05T13:30:37.057098,2026-09-05
200480,CGY ADD NEGOTIATION LIST AMER Nate MCCOLLUM (WR) North Carolina,2025-08-24,2025-08-24,Nate,McCollum,WR,AMER,North Carolina,CGY,ADD NEGOTIATION LIST,True,184852,players,Negotiation List,Eligible,2026-09-05T13:30:37.057098,2026-09-05
200481,SSK REM UNS NEGOTIATION LIST AMER Kevin HARRIS (RB) South Carolina,2025-08-24,2025-08-24,Kevin,Harris,RB,AMER,South Carolina,SSK,REM UNS NEGOTIATION LIST,True,184296,players,Eligible,Negotiation List,2026-09-05T13:30:37.057098,2026-09-05
200482,SSK ADD NEGOTIATION LIST AMER Robert LEWIS (WR) Auburn,2025-08-24,2025-08-24,Robert,Lewis,WR,AMER,Auburn,SSK,ADD NEGOTIATION LIST,True,184853,players,Negotiation List,Eligible,2026-09-05T13:30:37.057098,2026-09-05
200472,HAM ADD NEGOTIATION LIST AMER Jose RAMIREZ (DL) Eastern Michigan,2025-08-24,2025-08-24,Jose,RAMIREZ,DL,AMER,Eastern Michigan,HAM,ADD NEGOTIATION LIST,True,167416,players,Negotiation List,Eligible,2026-09-05T13:30:37.057098,2026-09-05
200471,HAM REM UNS NEGOTIATION LIST AMER Brandon CASEY (OL) Montana,2025-08-24,2025-08-24,Brandon,Casey,OL,AMER,Montana,HAM,REM UNS NEGOTIATION LIST,True,169346,players,Eligible,Negotiation List,2026-09-05T13:30:37.057098,2026-09-05
200466,TOR REM UNS NEGOTIATION LIST AMER Jarrett GUARANTANO (QB) Washington State,2025-08-24,2025-08-24,Jarrett,GUARANTANO,QB,AMER,Washington State,TOR,REM UNS NEGOTIATION LIST,True,167215,players,Eligible,Negotiation List,2026-09-05T13:30:37.057098,2026-09-05
200467,TOR REM UNS NEGOTIATION LIST AMER Jeremy JAMES (OL) Mississippi,2025-08-24,2025-08-24,Jeremy,James,OL,AMER,Mississippi,TOR,REM UNS NEGOTIATION LIST,True,184343,players,Eligible,Negotiation List,2026-09-05T13:30:37.057098,2026-09-05
200468,TOR REM UNS NEGOTIATION LIST AMER Bryce KIRTZ (WR) Northwestern,2025-08-24,2025-08-24,Bryce,Kirtz,WR,AMER,Northwestern,TOR,REM UNS NEGOTIATION LIST,True,184285,players,Eligible,Negotiation List,2026-09-05T13:30:37.057098,2026-09-05
200469,TOR REM UNS NEGOTIATION LIST AMER Jake WILLCOX (QB) Brown,2025-08-24,2025-08-24,Jake,Willcox,QB,AMER,Brown,TOR,REM UNS NEGOTIATION LIST,True,169229,players,Eligible,Negotiation List,2026-09-05T13:30:37.057098,2026-09-05
200470,TOR ADD NEGOTIATION LIST AMER Shilo SANDERS (DB) Colorado,2025-08-24,2025-08-24,Shilo,Sanders,DB,AMER,Colorado,TOR,ADD NEGOTIATION LIST,True,184850,players,Negotiation List,Eligible,2026-09-05T13:30:37.057098,2026-09-05
200463,OTT ADD NEGOTIATION LIST AMER Xavier RESTREPO (WR) Miami,2025-08-23,2025-08-23,Xavier,Restrepo,WR,AMER,Miami,OTT,ADD NEGOTIATION LIST,True,184849,players,Negotiation List,Eligible,2026-09-05T13:30:37.057098,2026-09-05
200462,OTT REM UNS NEGOTIATION LIST AMER DT SHEFFIELD (WR) North Texas,2025-08-23,2025-08-23,DT,Sheffield,WR,AMER,North Texas,OTT,REM UNS NEGOTIATION LIST,True,169222,players,Eligible,Negotiation List,2026-09-05T13:30:37.057098,2026-09-05
200454,SSK ADD NEGOTIATION LIST AMER Jaison WILLIAMS (OL) Youngstown State,2025-08-22,2025-08-22,Jaison,Williams,OL,AMER,Youngstown State,SSK,ADD NEGOTIATION LIST,True,184847,players,Negotiation List,Eligible,2026-09-05T13:30:37.057098,2026-09-05
200455,SSK REM UNS NEGOTIATION LIST AMER Xazavian VALLADAY (RB) Arizona State,2025-08-22,2025-08-22,Xazavian,Valladay,RB,AMER,Arizona State,SSK,REM UNS NEGOTIATION LIST,True,168224,players,Eligible,Negotiation List,2026-09-05T13:30:37.057098,2026-09-05
200456,SSK ADD NEGOTIATION LIST AMER O'Donnell FORTUNE (DB) South Carolina,2025-08-22,2025-08-22,O'Donnell,Fortune,DB,AMER,South Carolina,SSK,ADD NEGOTIATION LIST,True,184848,players,Negotiation List,Eligible,2026-09-05T13:30:37.057098,2026-09-05
200457,CGY REM UNS NEGOTIATION LIST AMER Divaad WILSON (DB) Central Florida,2025-08-22,2025-08-22,Divaad,Wilson,DB,AMER,Central Florida,CGY,REM UNS NEGOTIATION LIST,True,168270,players,Eligible,Negotiation List,2026-09-05T13:30:37.057098,2026-09-05
200458,CGY ADD NEGOTIATION LIST AMER RJ MOTEN (LB) Florida,2025-08-22,2025-08-22,RJ,Moten,LB,AMER,Florida,CGY,ADD NEGOTIATION LIST,True,169557,players,Negotiation List,Eligible,2026-09-05T13:30:37.057098,2026-09-05
200459,SSK REM UNS NEGOTIATION LIST AMER Hal PRESLEY (WR) Baylor,2025-08-22,2025-08-22,Hal,Presley,WR,AMER,Baylor,SSK,REM UNS NEGOTIATION LIST,True,184221,players,Eligible,Negotiation List,2026-09-05T13:30:37.057098,2026-09-05
200460,SSK ADD NEGOTIATION LIST AMER Isaiah BOLDEN (DB) Jackson State,2025-08-22,2025-08-22,Isaiah,BOLDEN,DB,AMER,Jackson State,SSK,ADD NEGOTIATION LIST,True,167400,players,Negotiation List,Eligible,2026-09-05T13:30:37.057098,2026-09-05
200452,SSK REM UNS NEGOTIATION LIST AMER Trey LANCE (QB) North Dakota State,2025-08-22,2025-08-22,Trey,LANCE,QB,AMER,North Dakota State,SSK,REM UNS NEGOTIATION LIST,True,165324,players,Eligible,Negotiation List,2026-09-05T13:30:37.057098,2026-09-05
200423,CGY ADD NEGOTIATION LIST AMER Jacob SYKES (DL) UCLA,2025-08-22,2025-08-22,Jacob,Sykes,DL,AMER,UCLA,CGY,ADD NEGOTIATION LIST,True,168258,players,Negotiation List,Eligible,2026-09-05T13:30:37.057098,2026-09-05
200409,WPG REM UNS NEGOTIATION LIST AMER Cale SANDERS JR (DB) Southern Methodist,2025-08-22,2025-08-22,Cale,Sanders Jr,DB,AMER,Southern Methodist,WPG,REM UNS NEGOTIATION LIST,True,184175,players,Eligible,Negotiation List,2026-09-05T13:30:37.057098,2026-09-05
200410,WPG ADD NEGOTIATION LIST AMER Mason BROOKS (OL) Mississippi,2025-08-22,2025-08-22,Mason,BROOKS,OL,AMER,Mississippi,WPG,ADD NEGOTIATION LIST,True,167602,players,Negotiation List,Eligible,2026-09-05T13:30:37.057098,2026-09-05
200411,BC REM UNS NEGOTIATION LIST AMER Deadrin SENAT (NT) South Florida,2025-08-22,2025-08-22,Deadrin,Senat,NT,AMER,South Florida,BC,REM UNS NEGOTIATION LIST,True,184836,players,Eligible,Negotiation List,2026-09-05T13:30:37.057098,2026-09-05
200412,BC ADD NEGOTIATION LIST AMER Toa TAUA (RB) Nevada,2025-08-22,2025-08-22,Toa,TAUA,RB,AMER,Nevada,BC,ADD NEGOTIATION LIST,True,168043,players,Negotiation List,Eligible,2026-09-05T13:30:37.057098,2026-09-05
200413,BC REM UNS NEGOTIATION LIST AMER Xavier SMITH (WR) Florida A&M,2025-08-22,2025-08-22,Xavier,SMITH,WR,AMER,Florida A&M,BC,REM UNS NEGOTIATION LIST,True,167547,players,Eligible,Negotiation List,2026-09-05T13:30:37.057098,2026-09-05
200414,BC ADD NEGOTIATION LIST AMER Jaden SMITH (WR) Nevada,2025-08-22,2025-08-22,Jaden,Smith,WR,AMER,Nevada,BC,ADD NEGOTIATION LIST,True,169560,players,Negotiation List,Eligible,2026-09-05T13:30:37.057098,2026-09-05
200386,HAM REM UNS NEGOTIATION LIST AMER David ANENIH (DL) Houston,2025-08-20,2025-08-20,David,ANENIH,DL,AMER,Houston,HAM,REM UNS NEGOTIATION LIST,True,168094,players,Eligible,Negotiation List,2026-09-05T13:30:37.057098,2026-09-05
200390,HAM ADD NEGOTIATION LIST AMER JB BROWN (LB) Kansas,2025-08-20,2025-08-20,JB,Brown,LB,AMER,Kansas,HAM,ADD NEGOTIATION LIST,True,184846,players,Negotiation List,Eligible,2026-09-05T13:30:37.057098,2026-09-05
200346,MTL REM SGD NEGOTIATION LIST AMER Bubba BOLDEN (DB) Miami,2025-08-20,2025-08-20,Bubba,Bolden,DB,AMER,Miami,MTL,REM SGD NEGOTIATION LIST,True,168925,players,Eligible,Negotiation List,2026-09-05T13:30:37.057098,2026-09-05
200347,MTL ADD NEGOTIATION LIST AMER Bryce GANIOUS (DL) Wake Forest,2025-08-20,2025-08-20,Bryce,Ganious,DL,AMER,Wake Forest,MTL,ADD NEGOTIATION LIST,True,184844,players,Negotiation List,Eligible,2026-09-05T13:30:37.057098,2026-09-05
200343,OTT REM UNS NEGOTIATION LIST AMER Daniel WISE (DL) Kansas,2025-08-20,2025-08-20,Daniel,WISE,DL,AMER,Kansas,OTT,REM UNS NEGOTIATION LIST,True,165161,players,Eligible,Negotiation List,2026-09-05T13:30:37.057098,2026-09-05
200344,OTT ADD NEGOTIATION LIST AMER Jimmori ROBINSON (DL) West Virginia,2025-08-20,2025-08-20,Jimmori,Robinson,DL,AMER,West Virginia,OTT,ADD NEGOTIATION LIST,True,184843,players,Negotiation List,Eligible,2026-09-05T13:30:37.057098,2026-09-05
200324,EDM REM UNS NEGOTIATION LIST AMER Collin SCHLEE (QB) Kent State,2025-08-19,2025-08-19,Collin,SCHLEE,QB,AMER,Kent State,EDM,REM UNS NEGOTIATION LIST,True,167539,players,Eligible,Negotiation List,2026-09-05T13:30:37.057098,2026-09-05
200325,OTT REM UNS NEGOTIATION LIST AMER Sam HICKS (RB) Abilene Christian,2025-08-19,2025-08-19,Sam,Hicks,RB,AMER,Abilene Christian,OTT,REM UNS NEGOTIATION LIST,True,169367,players,Eligible,Negotiation List,2026-09-05T13:30:37.057098,2026-09-05
200326,OTT REM UNS NEGOTIATION LIST AMER Alec RASMUSSEN (OL) St. Thomas-Minnesota,2025-08-19,2025-08-19,Alec,Rasmussen,OL,AMER,St. Thomas-Minnesota,OTT,REM UNS NEGOTIATION LIST,True,184005,players,Eligible,Negotiation List,2026-09-05T13:30:37.057098,2026-09-05
200327,SSK REM SGD NEGOTIATION LIST AMER Benjamin SAPP III (DB) Northern Iowa,2025-08-19,2025-08-19,Benjamin,Sapp III,DB,AMER,Northern Iowa,SSK,REM SGD NEGOTIATION LIST,True,169239,players,Eligible,Negotiation List,2026-09-05T13:30:37.057098,2026-09-05
200328,OTT REM UNS NEGOTIATION LIST AMER Michael LOVE (WR) LIU Post,2025-08-19,2025-08-19,Michael,Love,WR,AMER,LIU Post,OTT,REM UNS NEGOTIATION LIST,True,169375,players,Eligible,Negotiation List,2026-09-05T13:30:37.057098,2026-09-05
200329,OTT REM UNS NEGOTIATION LIST AMER Isaac TAYLOR-STUART (DB) Southern California,2025-08-19,2025-08-19,Isaac,Taylor-Stuart,DB,AMER,Southern California,OTT,REM UNS NEGOTIATION LIST,True,168938,players,Eligible,Negotiation List,2026-09-05T13:30:37.057098,2026-09-05
200330,TOR REM UNS NEGOTIATION LIST AMER Kelvin HARMON (WR) North Carolina State,2025-08-19,2025-08-19,Kelvin,HARMON,WR,AMER,North Carolina State,TOR,REM UNS NEGOTIATION LIST,True,166537,players,Eligible,Negotiation List,2026-09-05T13:30:37.057098,2026-09-05
200331,TOR ADD NEGOTIATION LIST AMER Roc TAYLOR (WR) Memphis,2025-08-19,2025-08-19,Roc,Taylor,WR,AMER,Memphis,TOR,ADD NEGOTIATION LIST,True,184839,players,Negotiation List,Eligible,2026-09-05T13:30:37.057098,2026-09-05
200332,EDM ADD NEGOTIATION LIST AMER Connor BAZELAK (QB) Bowling Green State,2025-08-19,2025-08-19,Connor,Bazelak,QB,AMER,Bowling Green State,EDM,ADD NEGOTIATION LIST,True,184840,players,Negotiation List,Eligible,2026-09-05T13:30:37.057098,2026-09-05
200333,OTT ADD NEGOTIATION LIST AMER RJ OBEN (DL) Notre Dame,2025-08-19,2025-08-19,RJ,Oben,DL,AMER,Notre Dame,OTT,ADD NEGOTIATION LIST,True,184170,players,Negotiation List,Eligible,2026-09-05T13:30:37.057098,2026-09-05
200334,OTT ADD NEGOTIATION LIST AMER Marlon DAVIDSON (DL) Auburn,2025-08-19,2025-08-19,Marlon,DAVIDSON,DL,AMER,Auburn,OTT,ADD NEGOTIATION LIST,True,167645,players,Negotiation List,Eligible,2026-09-05T13:30:37.057098,2026-09-05
200335,SSK ADD NEGOTIATION LIST AMER Eric BANKS (DT) Texas at San Antonio,2025-08-19,2025-08-19,Eric,Banks,DT,AMER,Texas at San Antonio,SSK,ADD NEGOTIATION LIST,True,184841,players,Negotiation List,Eligible,2026-09-05T13:30:37.057098,2026-09-05
200336,OTT ADD NEGOTIATION LIST AMER Mike WOODS (WR) Oklahoma,2025-08-19,2025-08-19,Mike,Woods,WR,AMER,Oklahoma,OTT,ADD NEGOTIATION LIST,True,184842,players,Negotiation List,Eligible,2026-09-05T13:30:37.057098,2026-09-05
200337,OTT ADD NEGOTIATION LIST AMER Seth WILLIAMS (WR) Auburn,2025-08-19,2025-08-19,Seth,Williams,WR,AMER,Auburn,OTT,ADD NEGOTIATION LIST,True,169075,players,Negotiation List,Eligible,2026-09-05T13:30:37.057098,2026-09-05
200338,CGY ADD NEGOTIATION LIST AMER DJ WILLIAMS (RB) Arizona,2025-08-19,2025-08-19,DJ,Williams,RB,AMER,Arizona,CGY,ADD NEGOTIATION LIST,True,168674,players,Negotiation List,Eligible,2026-09-05T13:30:37.057098,2026-09-05
200316,HAM REM UNS NEGOTIATION LIST AMER DaShaun WHITE (LB) Oklahoma,2025-08-18,2025-08-18,DaShaun,WHITE,LB,AMER,Oklahoma,HAM,REM UNS NEGOTIATION LIST,True,167589,players,Eligible,Negotiation List,2026-09-05T13:30:37.057098,2026-09-05
200315,HAM ADD NEGOTIATION LIST AMER Philip BLIDI (DL) Auburn,2025-08-18,2025-08-18,Philip,Blidi,DL,AMER,Auburn,HAM,ADD NEGOTIATION LIST,True,184838,players,Negotiation List,Eligible,2026-09-05T13:30:37.057098,2026-09-05
200314,CGY REM SGD NEGOTIATION LIST AMER Brady BREEZE (DB) Oregon,2025-08-18,2025-08-18,Brady,BREEZE,DB,AMER,Oregon,CGY,REM SGD NEGOTIATION LIST,True,169504,players,Eligible,Negotiation List,2026-09-05T13:30:37.057098,2026-09-05
200303,CGY REM UNS NEGOTIATION LIST AMER Desmond KING (DB) Iowa,2025-08-17,2025-08-17,Desmond,King,DB,AMER,Iowa,CGY,REM UNS NEGOTIATION LIST,True,184292,players,Eligible,Negotiation List,2026-09-05T13:30:37.057098,2026-09-05
200293,EDM REM UNS NEGOTIATION LIST AMER Steve LINTON (DL) Baylor,2025-08-16,2025-08-16,Steve,Linton,DL,AMER,Baylor,EDM,REM UNS NEGOTIATION LIST,True,169319,players,Eligible,Negotiation List,2026-09-05T13:30:37.057098,2026-09-05
200294,EDM ADD NEGOTIATION LIST AMER Cam LAMPKIN (DB) Washington State,2025-08-16,2025-08-16,Cam,Lampkin,DB,AMER,Washington State,EDM,ADD NEGOTIATION LIST,True,169063,players,Negotiation List,Eligible,2026-09-05T13:30:37.057098,2026-09-05
200289,SSK ADD NEGOTIATION LIST AMER Austin DECULUS (OL) Louisiana State,2025-08-15,2025-08-15,Austin,Deculus,OL,AMER,Louisiana State,SSK,ADD NEGOTIATION LIST,True,184837,players,Negotiation List,Eligible,2026-09-05T13:30:37.057098,2026-09-05
200290,SSK REM UNS NEGOTIATION LIST AMER Ketron JACKSON JR (WR) Baylor,2025-08-15,2025-08-15,Ketron,Jackson Jr,WR,AMER,Baylor,SSK,REM UNS NEGOTIATION LIST,True,169583,players,Eligible,Negotiation List,2026-09-05T13:30:37.057098,2026-09-05
200267,EDM ADD NEGOTIATION LIST AMER Kyler BAUGH (DT) Minnesota,2025-08-15,2025-08-15,Kyler,Baugh,DT,AMER,Minnesota,EDM,ADD NEGOTIATION LIST,True,168648,players,Negotiation List,Eligible,2026-09-05T13:30:37.057098,2026-09-05
200269,BC REM UNS NEGOTIATION LIST AMER Amani BLEDSOE (DL) Oklahoma,2025-08-15,2025-08-15,Amani,BLEDSOE,DL,AMER,Oklahoma,BC,REM UNS NEGOTIATION LIST,True,166459,players,Eligible,Negotiation List,2026-09-05T13:30:37.057098,2026-09-05
200268,EDM REM UNS NEGOTIATION LIST AMER Michael DWUMFOUR (DL) Rutgers,2025-08-15,2025-08-15,Michael,DWUMFOUR,DL,AMER,Rutgers,EDM,REM UNS NEGOTIATION LIST,True,166503,players,Eligible,Negotiation List,2026-09-05T13:30:37.057098,2026-09-05
200270,BC ADD NEGOTIATION LIST AMER Deadrin SENAT (NT) South Florida,2025-08-15,2025-08-15,Deadrin,Senat,NT,AMER,South Florida,BC,ADD NEGOTIATION LIST,True,184836,players,Negotiation List,Eligible,2026-09-05T13:30:37.057098,2026-09-05
200237,OTT ADD NEGOTIATION LIST AMER Justin BARRON (LB) Syracuse,2025-08-14,2025-08-14,Justin,Barron,LB,AMER,Syracuse,OTT,ADD NEGOTIATION LIST,True,184834,players,Negotiation List,Eligible,2026-09-05T13:30:37.057098,2026-09-05
200240,SSK REM UNS NEGOTIATION LIST AMER Alex MCGOUGH (QB) Florida International,2025-08-14,2025-08-14,Alex,MCGOUGH,QB,AMER,Florida International,SSK,REM UNS NEGOTIATION LIST,True,163711,players,Eligible,Negotiation List,2026-09-05T13:30:37.057098,2026-09-05
200239,SSK ADD NEGOTIATION LIST AMER Chico BENNETT JR. (DE) Virginia,2025-08-14,2025-08-14,Chico,Bennett Jr.,DE,AMER,Virginia,SSK,ADD NEGOTIATION LIST,True,184835,players,Negotiation List,Eligible,2026-09-05T13:30:37.057098,2026-09-05
200238,OTT REM UNS NEGOTIATION LIST AMER Billy LUCAS (RB) Liberty,2025-08-14,2025-08-14,Billy,Lucas,RB,AMER,Liberty,OTT,REM UNS NEGOTIATION LIST,True,184089,players,Eligible,Negotiation List,2026-09-05T13:30:37.057098,2026-09-05
200242,EDM REM UNS NEGOTIATION LIST AMER Byrum BROWN (QB) South Florida,2025-08-14,2025-08-14,Byrum,Brown,QB,AMER,South Florida,EDM,REM UNS NEGOTIATION LIST,True,184208,players,Eligible,Negotiation List,2026-09-05T13:30:37.057098,2026-09-05
200241,EDM ADD NEGOTIATION LIST AMER Patrick JENKINS (DT) Tulane,2025-08-14,2025-08-14,Patrick,Jenkins,DT,AMER,Tulane,EDM,ADD NEGOTIATION LIST,True,169352,players,Negotiation List,Eligible,2026-09-05T13:30:37.057098,2026-09-05
200236,SSK REM UNS NEGOTIATION LIST AMER Justin OSBORNE (OL) Southern Methodist,2025-08-14,2025-08-14,Justin,Osborne,OL,AMER,Southern Methodist,SSK,REM UNS NEGOTIATION LIST,True,184268,players,Eligible,Negotiation List,2026-09-05T13:30:37.057098,2026-09-05
200235,SSK ADD NEGOTIATION LIST AMER Marcus HAYNES (DL) Old Dominion,2025-08-14,2025-08-14,Marcus,HAYNES,DL,AMER,Old Dominion,SSK,ADD NEGOTIATION LIST,True,167557,players,Negotiation List,Eligible,2026-09-05T13:30:37.057098,2026-09-05
200225,TOR ADD NEGOTIATION LIST AMER Brendon LEWIS (QB) Memphis,2025-08-14,2025-08-14,Brendon,Lewis,QB,AMER,Memphis,TOR,ADD NEGOTIATION LIST,True,184833,players,Negotiation List,Eligible,2026-09-05T13:30:37.057098,2026-09-05
200219,MTL REM UNS NEGOTIATION LIST AMER Jaray JENKINS (WR) Louisiana State,2025-08-13,2025-08-13,Jaray,Jenkins,WR,AMER,Louisiana State,MTL,REM UNS NEGOTIATION LIST,True,168248,players,Eligible,Negotiation List,2026-09-05T13:30:37.057098,2026-09-05
200205,SSK ADD NEGOTIATION LIST AMER Marcus MAJOR (RB) Minnesota,2025-08-13,2025-08-13,Marcus,Major,RB,AMER,Minnesota,SSK,ADD NEGOTIATION LIST,True,184830,players,Negotiation List,Eligible,2026-09-05T13:30:37.057098,2026-09-05
200206,SSK REM UNS NEGOTIATION LIST AMER Anthony BROWN (QB) Oregon,2025-08-13,2025-08-13,Anthony,BROWN,QB,AMER,Oregon,SSK,REM UNS NEGOTIATION LIST,True,165823,players,Eligible,Negotiation List,2026-09-05T13:30:37.057098,2026-09-05
200208,MTL ADD NEGOTIATION LIST AMER Jah JOYNER (DE) Minnesota,2025-08-13,2025-08-13,Jah,Joyner,DE,AMER,Minnesota,MTL,ADD NEGOTIATION LIST,True,184832,players,Negotiation List,Eligible,2026-09-05T13:30:37.057098,2026-09-05
200181,SSK ADD NEGOTIATION LIST AMER Ali JENNINGS (WR) Virginia Tech,2025-08-12,2025-08-12,Ali,Jennings,WR,AMER,Virginia Tech,SSK,ADD NEGOTIATION LIST,True,184298,players,Negotiation List,Eligible,2026-09-05T13:30:37.057098,2026-09-05
200180,SSK REM UNS NEGOTIATION LIST AMER Antoine GREEN (WR) North Carolina,2025-08-12,2025-08-12,Antoine,Green,WR,AMER,North Carolina,SSK,REM UNS NEGOTIATION LIST,True,184205,players,Eligible,Negotiation List,2026-09-05T13:30:37.057098,2026-09-05
200166,HAM REM UNS NEGOTIATION LIST AMER Jason POE (OL) Mercer,2025-08-12,2025-08-12,Jason,POE,OL,AMER,Mercer,HAM,REM UNS NEGOTIATION LIST,True,167264,players,Eligible,Negotiation List,2026-09-05T13:30:37.057098,2026-09-05
200167,HAM ADD NEGOTIATION LIST AMER Blayne TAYLOR (WR) Abilene Christian,2025-08-12,2025-08-12,Blayne,Taylor,WR,AMER,Abilene Christian,HAM,ADD NEGOTIATION LIST,True,169553,players,Negotiation List,Eligible,2026-09-05T13:30:37.057098,2026-09-05
200168,HAM REM UNS NEGOTIATION LIST AMER Tanner MCCALISTER (DB) Ohio State,2025-08-12,2025-08-12,Tanner,McCalister,DB,AMER,Ohio State,HAM,REM UNS NEGOTIATION LIST,True,184279,players,Eligible,Negotiation List,2026-09-05T13:30:37.057098,2026-09-05
200169,HAM ADD NEGOTIATION LIST AMER Xavier CARLTON (DL) California,2025-08-12,2025-08-12,Xavier,Carlton,DL,AMER,California,HAM,ADD NEGOTIATION LIST,True,184829,players,Negotiation List,Eligible,2026-09-05T13:30:37.057098,2026-09-05
200170,BC REM UNS NEGOTIATION LIST AMER Efton CHISM III (WR) Eastern Washington,2025-08-12,2025-08-12,Efton,Chism III,WR,AMER,Eastern Washington,BC,REM UNS NEGOTIATION LIST,True,169233,players,Eligible,Negotiation List,2026-09-05T13:30:37.057098,2026-09-05
200171,BC ADD NEGOTIATION LIST AMER Grayland ARNOLD (DB) Baylor,2025-08-12,2025-08-12,Grayland,ARNOLD,DB,AMER,Baylor,BC,ADD NEGOTIATION LIST,True,166510,players,Negotiation List,Eligible,2026-09-05T13:30:37.057098,2026-09-05
200165,TOR REM SGD NEGOTIATION LIST NAT Wilton GABRIEL (FB) Coastal Carolina,2025-08-12,2025-08-12,Wilton,Gabriel,FB,NAT,Coastal Carolina,TOR,REM SGD NEGOTIATION LIST,True,184798,players,Eligible,Negotiation List,2026-09-05T13:30:37.057098,2026-09-05
200164,TOR REM SGD NEGOTIATION LIST AMER Willie DREW JR (DB) Virginia State,2025-08-12,2025-08-12,Willie,Drew Jr,DB,AMER,Virginia State,TOR,REM SGD NEGOTIATION LIST,True,169054,players,Eligible,Negotiation List,2026-09-05T13:30:37.057098,2026-09-05
200142,SSK ADD NEGOTIATION LIST AMER Nate LYNN (DL) William & Mary,2025-08-11,2025-08-11,Nate,Lynn,DL,AMER,William & Mary,SSK,ADD NEGOTIATION LIST,True,168694,players,Negotiation List,Eligible,2026-09-05T13:30:37.057098,2026-09-05
200141,SSK REM UNS NEGOTIATION LIST AMER Malik HAMM (DL) Lafayette College,2025-08-11,2025-08-11,Malik,HAMM,DL,AMER,Lafayette College,SSK,REM UNS NEGOTIATION LIST,True,167405,players,Eligible,Negotiation List,2026-09-05T13:30:37.057098,2026-09-05
200128,MTL REM UNS NEGOTIATION LIST AMER Jay JONES (DB) Southern Mississippi,2025-08-11,2025-08-11,Jay,Jones,DB,AMER,Southern Mississippi,MTL,REM UNS NEGOTIATION LIST,True,184215,players,Eligible,Negotiation List,2026-09-05T13:30:37.057098,2026-09-05
200129,MTL ADD NEGOTIATION LIST AMER Miller MOSS (QB) Louisville,2025-08-11,2025-08-11,Miller,Moss,QB,AMER,Louisville,MTL,ADD NEGOTIATION LIST,True,184828,players,Negotiation List,Eligible,2026-09-05T13:30:37.057098,2026-09-05
200123,BC ADD NEGOTIATION LIST AMER Tyrell SHAVERS (WR) San Diego State,2025-08-11,2025-08-11,Tyrell,SHAVERS,WR,AMER,San Diego State,BC,ADD NEGOTIATION LIST,True,167762,players,Negotiation List,Eligible,2026-09-05T13:30:37.057098,2026-09-05
200122,BC REM UNS NEGOTIATION LIST AMER JaVonta PAYTON (WR) Tennessee,2025-08-11,2025-08-11,JaVonta,PAYTON,WR,AMER,Tennessee,BC,REM UNS NEGOTIATION LIST,True,167314,players,Eligible,Negotiation List,2026-09-05T13:30:37.057098,2026-09-05
200121,BC ADD NEGOTIATION LIST AMER Keni-H LOVELY (DB) Western Michigan,2025-08-11,2025-08-11,Keni-H,Lovely,DB,AMER,Western Michigan,BC,ADD NEGOTIATION LIST,True,169028,players,Negotiation List,Eligible,2026-09-05T13:30:37.057098,2026-09-05
200120,BC REM UNS NEGOTIATION LIST AMER Keydrain CALLIGAN (DB) Southeastern Louisiana,2025-08-11,2025-08-11,Keydrain,Calligan,DB,AMER,Southeastern Louisiana,BC,REM UNS NEGOTIATION LIST,True,169619,players,Eligible,Negotiation List,2026-09-05T13:30:37.057098,2026-09-05
200111,WPG ADD NEGOTIATION LIST AMER Kaylin MOORE (DB) UCLA,2025-08-10,2025-08-10,Kaylin,Moore,DB,AMER,UCLA,WPG,ADD NEGOTIATION LIST,True,184197,players,Negotiation List,Eligible,2026-09-05T13:30:37.057098,2026-09-05
200110,WPG REM UNS NEGOTIATION LIST AMER Matthew HARMON (DL) Kent State,2025-08-10,2025-08-10,Matthew,Harmon,DL,AMER,Kent State,WPG,REM UNS NEGOTIATION LIST,True,169380,players,Eligible,Negotiation List,2026-09-05T13:30:37.057098,2026-09-05
200112,MTL REM UNS NEGOTIATION LIST AMER Khairi MANNS (DL) James Madison,2025-08-10,2025-08-10,Khairi,Manns,DL,AMER,James Madison,MTL,REM UNS NEGOTIATION LIST,True,184028,players,Eligible,Negotiation List,2026-09-05T13:30:37.057098,2026-09-05
200113,MTL ADD NEGOTIATION LIST AMER DJ UIAGALELEI (QB) Florida State,2025-08-10,2025-08-10,DJ,Uiagalelei,QB,AMER,Florida State,MTL,ADD NEGOTIATION LIST,True,184827,players,Negotiation List,Eligible,2026-09-05T13:30:37.057098,2026-09-05
200108,BC REM SGD NEGOTIATION LIST AMER Josh CASTRO (OL) Nevada,2025-08-09,2025-08-09,Josh,CASTRO,OL,AMER,Nevada,BC,REM SGD NEGOTIATION LIST,True,184286,players,Eligible,Negotiation List,2026-09-05T13:30:37.057098,2026-09-05
200109,BC ADD NEGOTIATION LIST AMER Jalen MORENO-CROPPER (WR) Fresno State,2025-08-09,2025-08-09,Jalen,MORENO-CROPPER,WR,AMER,Fresno State,BC,ADD NEGOTIATION LIST,True,167520,players,Negotiation List,Eligible,2026-09-05T13:30:37.057098,2026-09-05
200059,TOR REM UNS NEGOTIATION LIST AMER Isaiah NEYOR (WR) Nebraska,2025-08-08,2025-08-08,Isaiah,Neyor,WR,AMER,Nebraska,TOR,REM UNS NEGOTIATION LIST,True,184817,players,Eligible,Negotiation List,2026-09-05T13:30:37.057098,2026-09-05
200060,TOR ADD NEGOTIATION LIST AMER Treven MA'AE (DL) Baylor,2025-08-08,2025-08-08,Treven,Ma'ae,DL,AMER,Baylor,TOR,ADD NEGOTIATION LIST,True,169378,players,Negotiation List,Eligible,2026-09-05T13:30:37.057098,2026-09-05
200057,SSK REM UNS NEGOTIATION LIST AMER Van FILLINGER (DL) Utah,2025-08-08,2025-08-08,Van,Fillinger,DL,AMER,Utah,SSK,REM UNS NEGOTIATION LIST,True,184266,players,Eligible,Negotiation List,2026-09-05T13:30:37.057098,2026-09-05
200058,SSK ADD NEGOTIATION LIST AMER Howard CROSS III (DL) Notre Dame,2025-08-08,2025-08-08,Howard,Cross III,DL,AMER,Notre Dame,SSK,ADD NEGOTIATION LIST,True,184825,players,Negotiation List,Eligible,2026-09-05T13:30:37.057098,2026-09-05
200055,HAM REM UNS NEGOTIATION LIST AMER Joshua KAINDOH (DL) Florida State,2025-08-08,2025-08-08,Joshua,Kaindoh,DL,AMER,Florida State,HAM,REM UNS NEGOTIATION LIST,True,168589,players,Eligible,Negotiation List,2026-09-05T13:30:37.057098,2026-09-05
200056,HAM ADD NEGOTIATION LIST AMER Adin HUNTINGTON (DL) Tulane,2025-08-08,2025-08-08,Adin,Huntington,DL,AMER,Tulane,HAM,ADD NEGOTIATION LIST,True,169360,players,Negotiation List,Eligible,2026-09-05T13:30:37.057098,2026-09-05
200038,WPG REM UNS NEGOTIATION LIST AMER Kaedin ROBINSON (WR) Appalachian State,2025-08-07,2025-08-07,Kaedin,Robinson,WR,AMER,Appalachian State,WPG,REM UNS NEGOTIATION LIST,True,169512,players,Eligible,Negotiation List,2026-09-05T13:30:37.057098,2026-09-05
200039,WPG ADD NEGOTIATION LIST AMER JJ TAYLOR (RB) Arizona,2025-08-07,2025-08-07,JJ,Taylor,RB,AMER,Arizona,WPG,ADD NEGOTIATION LIST,True,169058,players,Negotiation List,Eligible,2026-09-05T13:30:37.057098,2026-09-05
200013,BC REM UNS NEGOTIATION LIST AMER Badara TRAORE (OL) Louisiana State,2025-08-07,2025-08-07,Badara,TRAORE,OL,AMER,Louisiana State,BC,REM UNS NEGOTIATION LIST,True,166461,players,Eligible,Negotiation List,2026-09-05T13:30:37.057098,2026-09-05
200014,BC ADD NEGOTIATION LIST AMER Cam GILL (LB) Wagner College,2025-08-07,2025-08-07,Cam,GILL,LB,AMER,Wagner College,BC,ADD NEGOTIATION LIST,True,165695,players,Negotiation List,Eligible,2026-09-05T13:30:37.057098,2026-09-05
200011,SSK REM UNS NEGOTIATION LIST AMER Adin HUNTINGTON (DL) Tulane,2025-08-07,2025-08-07,Adin,Huntington,DL,AMER,Tulane,SSK,REM UNS NEGOTIATION LIST,True,169360,players,Eligible,Negotiation List,2026-09-05T13:30:37.057098,2026-09-05
200012,SSK ADD NEGOTIATION LIST AMER Courtney JACKSON (WR) Arkansas State,2025-08-07,2025-08-07,Courtney,Jackson,WR,AMER,Arkansas State,SSK,ADD NEGOTIATION LIST,True,169500,players,Negotiation List,Eligible,2026-09-05T13:30:37.057098,2026-09-05
200008,WPG ADD NEGOTIATION LIST AMER Myles DORN (DB) North Carolina,2025-08-07,2025-08-07,Myles,DORN,DB,AMER,North Carolina,WPG,ADD NEGOTIATION LIST,True,168174,players,Negotiation List,Eligible,2026-09-05T13:30:37.057098,2026-09-05
200009,CGY REM UNS NEGOTIATION LIST AMER Derek WRIGHT (WR) Utah State,2025-08-07,2025-08-07,Derek,Wright,WR,AMER,Utah State,CGY,REM UNS NEGOTIATION LIST,True,169314,players,Eligible,Negotiation List,2026-09-05T13:30:37.057098,2026-09-05
200010,CGY ADD NEGOTIATION LIST AMER Chase COTA (WR) Oregon,2025-08-07,2025-08-07,Chase,Cota,WR,AMER,Oregon,CGY,ADD NEGOTIATION LIST,True,169304,players,Negotiation List,Eligible,2026-09-05T13:30:37.057098,2026-09-05
200005,BC REM UNS NEGOTIATION LIST AMER Tashawn BOWER (DL) Louisiana State,2025-08-07,2025-08-07,Tashawn,Bower,DL,AMER,Louisiana State,BC,REM UNS NEGOTIATION LIST,True,168379,players,Eligible,Negotiation List,2026-09-05T13:30:37.057098,2026-09-05
200006,BC ADD NEGOTIATION LIST AMER Levi BELL (DL) Texas State,2025-08-07,2025-08-07,Levi,BELL,DL,AMER,Texas State,BC,ADD NEGOTIATION LIST,True,167598,players,Negotiation List,Eligible,2026-09-05T13:30:37.057098,2026-09-05
200007,WPG REM UNS NEGOTIATION LIST AMER Kaylin MOORE (DB) UCLA,2025-08-07,2025-08-07,Kaylin,Moore,DB,AMER,UCLA,WPG,REM UNS NEGOTIATION LIST,True,184197,players,Eligible,Negotiation List,2026-09-05T13:30:37.057098,2026-09-05
200004,OTT ADD NEGOTIATION LIST AMER Jaden DAVIS (DB) Miami,2025-08-06,2025-08-06,Jaden,Davis,DB,AMER,Miami,OTT,ADD NEGOTIATION LIST,True,184824,players,Negotiation List,Eligible,2026-09-05T13:30:37.057098,2026-09-05
199988,HAM ADD NEGOTIATION LIST AMER Derrick MCLENDON (DL) Colorado,2025-08-06,2025-08-06,Derrick,McLendon,DL,AMER,Colorado,HAM,ADD NEGOTIATION LIST,True,184823,players,Negotiation List,Eligible,2026-09-05T13:30:37.057098,2026-09-05
199987,HAM REM UNS NEGOTIATION LIST AMER Tay MARTIN (WR) Oklahoma State,2025-08-06,2025-08-06,Tay,Martin,WR,AMER,Oklahoma State,HAM,REM UNS NEGOTIATION LIST,True,184291,players,Eligible,Negotiation List,2026-09-05T13:30:37.057098,2026-09-05
199972,HAM REM UNS NEGOTIATION LIST AMER Levi BELL (DL) Texas State,2025-08-06,2025-08-06,Levi,BELL,DL,AMER,Texas State,HAM,REM UNS NEGOTIATION LIST,True,167598,players,Eligible,Negotiation List,2026-09-05T13:30:37.057098,2026-09-05
199973,HAM ADD NEGOTIATION LIST AMER Branson COMBS (LB) Wake Forest,2025-08-06,2025-08-06,Branson,Combs,LB,AMER,Wake Forest,HAM,ADD NEGOTIATION LIST,True,184821,players,Negotiation List,Eligible,2026-09-05T13:30:37.057098,2026-09-05
199974,TOR ADD NEGOTIATION LIST AMER Titus LEO (DL) Wagner College,2025-08-06,2025-08-06,Titus,Leo,DL,AMER,Wagner College,TOR,ADD NEGOTIATION LIST,True,169108,players,Negotiation List,Eligible,2026-09-05T13:30:37.057098,2026-09-05
199975,TOR REM UNS NEGOTIATION LIST AMER Rossy MOORE (LB) Mount Union College,2025-08-06,2025-08-06,Rossy,Moore,LB,AMER,Mount Union College,TOR,REM UNS NEGOTIATION LIST,True,169292,players,Eligible,Negotiation List,2026-09-05T13:30:37.057098,2026-09-05
199976,TOR ADD NEGOTIATION LIST AMER Mark PERRY (DB) Texas Christian,2025-08-06,2025-08-06,Mark,Perry,DB,AMER,Texas Christian,TOR,ADD NEGOTIATION LIST,True,184822,players,Negotiation List,Eligible,2026-09-05T13:30:37.057098,2026-09-05
199977,WPG REM UNS NEGOTIATION LIST AMER Reggie ROBERSON JR (WR) Southern Methodist,2025-08-06,2025-08-06,Reggie,Roberson Jr,WR,AMER,Southern Methodist,WPG,REM UNS NEGOTIATION LIST,True,168521,players,Eligible,Negotiation List,2026-09-05T13:30:37.057098,2026-09-05
199978,WPG ADD NEGOTIATION LIST AMER Bryce PERKINS (QB) Virginia,2025-08-06,2025-08-06,Bryce,PERKINS,QB,AMER,Virginia,WPG,ADD NEGOTIATION LIST,True,164492,players,Negotiation List,Eligible,2026-09-05T13:30:37.057098,2026-09-05
199979,WPG REM UNS NEGOTIATION LIST AMER Nick OSTMO (RB) Montana,2025-08-06,2025-08-06,Nick,Ostmo,RB,AMER,Montana,WPG,REM UNS NEGOTIATION LIST,True,169536,players,Eligible,Negotiation List,2026-09-05T13:30:37.057098,2026-09-05
199980,WPG ADD NEGOTIATION LIST AMER Zack JOHNSON (OL) North Dakota State,2025-08-06,2025-08-06,Zack,JOHNSON,OL,AMER,North Dakota State,WPG,ADD NEGOTIATION LIST,True,166454,players,Negotiation List,Eligible,2026-09-05T13:30:37.057098,2026-09-05
199939,TOR REM SGD NEGOTIATION LIST AMER Peny BOONE (RB) Central Florida,2025-08-05,2025-08-05,Peny,Boone,RB,AMER,Central Florida,TOR,REM SGD NEGOTIATION LIST,True,169171,players,Eligible,Negotiation List,2026-09-05T13:30:37.057098,2026-09-05
199931,MTL ADD NEGOTIATION LIST AMER Tarik BLACK (WR) Texas,2025-08-05,2025-08-05,Tarik,BLACK,WR,AMER,Texas,MTL,ADD NEGOTIATION LIST,True,167661,players,Negotiation List,Eligible,2026-09-05T13:30:37.057098,2026-09-05
199932,TOR ADD NEGOTIATION LIST AMER Isaiah NEYOR (WR) Nebraska,2025-08-05,2025-08-05,Isaiah,Neyor,WR,AMER,Nebraska,TOR,ADD NEGOTIATION LIST,True,184817,players,Negotiation List,Eligible,2026-09-05T13:30:37.057098,2026-09-05
199933,EDM REM UNS NEGOTIATION LIST AMER Anton JUNCAJ (DL) Arkansas,2025-08-05,2025-08-05,Anton,Juncaj,DL,AMER,Arkansas,EDM,REM UNS NEGOTIATION LIST,True,168361,players,Eligible,Negotiation List,2026-09-05T13:30:37.057098,2026-09-05
199934,EDM ADD NEGOTIATION LIST AMER Seth COLEMAN (DL) Illinois,2025-08-05,2025-08-05,Seth,Coleman,DL,AMER,Illinois,EDM,ADD NEGOTIATION LIST,True,184818,players,Negotiation List,Eligible,2026-09-05T13:30:37.057098,2026-09-05
199923,BC REM UNS NEGOTIATION LIST AMER Willie LAMPKIN (OL) North Carolina,2025-08-05,2025-08-05,Willie,Lampkin,OL,AMER,North Carolina,BC,REM UNS NEGOTIATION LIST,True,169441,players,Eligible,Negotiation List,2026-09-05T13:30:37.057098,2026-09-05
199927,BC ADD NEGOTIATION LIST AMER Marcus RILEY (WR) Florida A&M,2025-08-05,2025-08-05,Marcus,RILEY,WR,AMER,Florida A&M,BC,ADD NEGOTIATION LIST,True,140739,players,Negotiation List,Eligible,2026-09-05T13:30:37.057098,2026-09-05
199913,MTL REM SGD NEGOTIATION LIST AMER Caleb JOHNSON (LB) Miami,2025-08-04,2025-08-05,Caleb,Johnson,LB,AMER,Miami,MTL,REM SGD NEGOTIATION LIST,True,168191,players,Eligible,Negotiation List,2026-09-05T13:30:37.057098,2026-09-05
199902,EDM REM UNS NEGOTIATION LIST AMER Austin AJIAKE (LB) UNLV,2025-08-04,2025-08-04,Austin,Ajiake,LB,AMER,UNLV,EDM,REM UNS NEGOTIATION LIST,True,168301,players,Eligible,Negotiation List,2026-09-05T13:30:37.057098,2026-09-05
199901,HAM ADD NEGOTIATION LIST AMER Julian PEARL (OL) Illinois,2025-08-04,2025-08-04,Julian,Pearl,OL,AMER,Illinois,HAM,ADD NEGOTIATION LIST,True,168723,players,Negotiation List,Eligible,2026-09-05T13:30:37.057098,2026-09-05
199900,HAM REM UNS NEGOTIATION LIST AMER Kaleb FORD-DEMENT (DB) Texas State,2025-08-04,2025-08-04,Kaleb,Ford-Dement,DB,AMER,Texas State,HAM,REM UNS NEGOTIATION LIST,True,169010,players,Eligible,Negotiation List,2026-09-05T13:30:37.057098,2026-09-05
199903,EDM ADD NEGOTIATION LIST AMER Cam CAMPER (WR) Boise State,2025-08-04,2025-08-04,Cam,Camper,WR,AMER,Boise State,EDM,ADD NEGOTIATION LIST,True,184815,players,Negotiation List,Eligible,2026-09-05T13:30:37.057098,2026-09-05
199904,EDM REM UNS NEGOTIATION LIST AMER Merriweather ELLIS (RB) Massachusetts,2025-08-04,2025-08-04,Merriweather,Ellis,RB,AMER,Massachusetts,EDM,REM UNS NEGOTIATION LIST,True,169514,players,Eligible,Negotiation List,2026-09-05T13:30:37.057098,2026-09-05
199905,EDM ADD NEGOTIATION LIST AMER Ladarius TENNISON (DB) Central Florida,2025-08-04,2025-08-04,Ladarius,Tennison,DB,AMER,Central Florida,EDM,ADD NEGOTIATION LIST,True,169261,players,Negotiation List,Eligible,2026-09-05T13:30:37.057098,2026-09-05
199906,EDM REM UNS NEGOTIATION LIST AMER Marcus RILEY (WR) Florida A&M,2025-08-04,2025-08-04,Marcus,RILEY,WR,AMER,Florida A&M,EDM,REM UNS NEGOTIATION LIST,True,140739,players,Eligible,Negotiation List,2026-09-05T13:30:37.057098,2026-09-05
199907,EDM ADD NEGOTIATION LIST AMER Myles PURCHASE (DB) Iowa State,2025-08-04,2025-08-04,Myles,Purchase,DB,AMER,Iowa State,EDM,ADD NEGOTIATION LIST,True,184816,players,Negotiation List,Eligible,2026-09-05T13:30:37.057098,2026-09-05
199908,TOR REM UNS NEGOTIATION LIST AMER Trayveon WILLIAMS (RB) Texas A&M,2025-08-04,2025-08-04,Trayveon,Williams,RB,AMER,Texas A&M,TOR,REM UNS NEGOTIATION LIST,True,184805,players,Eligible,Negotiation List,2026-09-05T13:30:37.057098,2026-09-05
199909,TOR ADD NEGOTIATION LIST AMER Marcellus JOHNSON (OL) Missouri,2025-08-04,2025-08-04,Marcellus,Johnson,OL,AMER,Missouri,TOR,ADD NEGOTIATION LIST,True,169014,players,Negotiation List,Eligible,2026-09-05T13:30:37.057098,2026-09-05
199898,HAM REM UNS NEGOTIATION LIST AMER Marcus HAYNES (DL) Old Dominion,2025-08-04,2025-08-04,Marcus,HAYNES,DL,AMER,Old Dominion,HAM,REM UNS NEGOTIATION LIST,True,167557,players,Eligible,Negotiation List,2026-09-05T13:30:37.057098,2026-09-05
199899,HAM ADD NEGOTIATION LIST AMER Kazmeir ALLEN (WR) UCLA,2025-08-04,2025-08-04,Kazmeir,Allen,WR,AMER,UCLA,HAM,ADD NEGOTIATION LIST,True,168539,players,Negotiation List,Eligible,2026-09-05T13:30:37.057098,2026-09-05
199892,BC REM UNS NEGOTIATION LIST AMER Donovan KAUFMAN (DB) North Carolina State,2025-08-03,2025-08-03,Donovan,Kaufman,DB,AMER,North Carolina State,BC,REM UNS NEGOTIATION LIST,True,169520,players,Eligible,Negotiation List,2026-09-05T13:30:37.057098,2026-09-05
199891,BC ADD NEGOTIATION LIST AMER Willie LAMPKIN (OL) North Carolina,2025-08-03,2025-08-03,Willie,Lampkin,OL,AMER,North Carolina,BC,ADD NEGOTIATION LIST,True,169441,players,Negotiation List,Eligible,2026-09-05T13:30:37.057098,2026-09-05
199889,BC REM UNS NEGOTIATION LIST AMER Anthony MCFARLAND JR (RB) Maryland,2025-08-03,2025-08-03,Anthony,McFarland Jr,RB,AMER,Maryland,BC,REM UNS NEGOTIATION LIST,True,169417,players,Eligible,Negotiation List,2026-09-05T13:30:37.057098,2026-09-05
199890,BC ADD NEGOTIATION LIST AMER Jaret PATTERSON (RB) Buffalo,2025-08-03,2025-08-03,Jaret,PATTERSON,RB,AMER,Buffalo,BC,ADD NEGOTIATION LIST,True,166226,players,Negotiation List,Eligible,2026-09-05T13:30:37.057098,2026-09-05
199887,WPG REM UNS NEGOTIATION LIST AMER Jordan TAYLOR (DB) James Madison,2025-08-03,2025-08-03,Jordan,Taylor,DB,AMER,James Madison,WPG,REM UNS NEGOTIATION LIST,True,184809,players,Eligible,Negotiation List,2026-09-05T13:30:37.057098,2026-09-05
199888,WPG ADD NEGOTIATION LIST AMER TJ MOORE (DB) Mercer,2025-08-03,2025-08-03,TJ,Moore,DB,AMER,Mercer,WPG,ADD NEGOTIATION LIST,True,184814,players,Negotiation List,Eligible,2026-09-05T13:30:37.057098,2026-09-05
199882,CGY ADD NEGOTIATION LIST AMER BJ GREEN II (DL) Colorado,2025-08-03,2025-08-03,BJ,Green II,DL,AMER,Colorado,CGY,ADD NEGOTIATION LIST,True,184813,players,Negotiation List,Eligible,2026-09-05T13:30:37.057098,2026-09-05
199881,CGY REM UNS NEGOTIATION LIST AMER Scotty WASHINGTON (WR) Wake Forest,2025-08-03,2025-08-03,Scotty,WASHINGTON,WR,AMER,Wake Forest,CGY,REM UNS NEGOTIATION LIST,True,165522,players,Eligible,Negotiation List,2026-09-05T13:30:37.057098,2026-09-05
199879,EDM REM UNS NEGOTIATION LIST AMER Caleb JONES (OL) Indiana,2025-08-03,2025-08-03,Caleb,Jones,OL,AMER,Indiana,EDM,REM UNS NEGOTIATION LIST,True,184275,players,Eligible,Negotiation List,2026-09-05T13:30:37.057098,2026-09-05
199880,EDM ADD NEGOTIATION LIST AMER Marshall FOERNER (OL) Minnesota State Mankato,2025-08-03,2025-08-03,Marshall,Foerner,OL,AMER,Minnesota State Mankato,EDM,ADD NEGOTIATION LIST,True,184812,players,Negotiation List,Eligible,2026-09-05T13:30:37.057098,2026-09-05
199878,HAM ADD NEGOTIATION LIST AMER Jarrett KINGSTON (OL) Southern California,2025-08-03,2025-08-03,Jarrett,Kingston,OL,AMER,Southern California,HAM,ADD NEGOTIATION LIST,True,184811,players,Negotiation List,Eligible,2026-09-05T13:30:37.057098,2026-09-05
199877,HAM REM UNS NEGOTIATION LIST AMER Zach VANVALKENBURG (DL) Iowa,2025-08-03,2025-08-03,Zach,VANVALKENBURG,DL,AMER,Iowa,HAM,REM UNS NEGOTIATION LIST,True,167245,players,Eligible,Negotiation List,2026-09-05T13:30:37.057098,2026-09-05
199876,BC ADD NEGOTIATION LIST AMER Jaelon DARDEN (WR) North Texas,2025-08-03,2025-08-03,Jaelon,DARDEN,WR,AMER,North Texas,BC,ADD NEGOTIATION LIST,True,166077,players,Negotiation List,Eligible,2026-09-05T13:30:37.057098,2026-09-05
199875,BC REM UNS NEGOTIATION LIST AMER Teton SALTES (OL) New Mexico,2025-08-03,2025-08-03,Teton,SALTES,OL,AMER,New Mexico,BC,REM UNS NEGOTIATION LIST,True,166458,players,Eligible,Negotiation List,2026-09-05T13:30:37.057098,2026-09-05
199872,SSK ADD NEGOTIATION LIST AMER Josiah EZIRIM (OL) Eastern Kentucky,2025-08-02,2025-08-02,Josiah,Ezirim,OL,AMER,Eastern Kentucky,SSK,ADD NEGOTIATION LIST,True,184810,players,Negotiation List,Eligible,2026-09-05T13:30:37.057098,2026-09-05
199871,SSK REM UNS NEGOTIATION LIST AMER Andrej KARIC (OL) Tennessee,2025-08-02,2025-08-02,Andrej,Karic,OL,AMER,Tennessee,SSK,REM UNS NEGOTIATION LIST,True,169452,players,Eligible,Negotiation List,2026-09-05T13:30:37.057098,2026-09-05
199870,TOR ADD NEGOTIATION LIST AMER Brandon SMITH (LB) Penn State,2025-08-02,2025-08-02,Brandon,Smith,LB,AMER,Penn State,TOR,ADD NEGOTIATION LIST,True,169225,players,Negotiation List,Eligible,2026-09-05T13:30:37.057098,2026-09-05
199869,WPG ADD NEGOTIATION LIST AMER Jordan TAYLOR (DB) James Madison,2025-08-02,2025-08-02,Jordan,Taylor,DB,AMER,James Madison,WPG,ADD NEGOTIATION LIST,True,184809,players,Negotiation List,Eligible,2026-09-05T13:30:37.057098,2026-09-05
199868,WPG REM SGD NEGOTIATION LIST AMER Justin MAYERS (OL) Colorado,2025-08-02,2025-08-02,Justin,Mayers,OL,AMER,Colorado,WPG,REM SGD NEGOTIATION LIST,True,184289,players,Eligible,Negotiation List,2026-09-05T13:30:37.057098,2026-09-05
199857,BC REM UNS NEGOTIATION LIST AMER DJ TURNER (WR) Pittsburgh,2025-08-01,2025-08-01,DJ,TURNER,WR,AMER,Pittsburgh,BC,REM UNS NEGOTIATION LIST,True,166118,players,Eligible,Negotiation List,2026-09-05T13:30:37.057098,2026-09-05
199855,CGY REM UNS NEGOTIATION LIST AMER James TUNSTALL (OL) Cincinnati,2025-08-01,2025-08-01,James,Tunstall,OL,AMER,Cincinnati,CGY,REM UNS NEGOTIATION LIST,True,168358,players,Eligible,Negotiation List,2026-09-05T13:30:37.057098,2026-09-05
199856,BC ADD NEGOTIATION LIST AMER Jordan TA'AMU (QB) Mississippi,2025-08-01,2025-08-01,Jordan,TA'AMU,QB,AMER,Mississippi,BC,ADD NEGOTIATION LIST,True,163675,players,Negotiation List,Eligible,2026-09-05T13:30:37.057098,2026-09-05
199854,CGY ADD NEGOTIATION LIST AMER Myles PRICE (WR) Indiana,2025-08-01,2025-08-01,Myles,Price,WR,AMER,Indiana,CGY,ADD NEGOTIATION LIST,True,184807,players,Negotiation List,Eligible,2026-09-05T13:30:37.057098,2026-09-05
199852,CGY ADD NEGOTIATION LIST AMER Jaylen MAHONEY (DB) Vanderbilt,2025-08-01,2025-08-01,Jaylen,Mahoney,DB,AMER,Vanderbilt,CGY,ADD NEGOTIATION LIST,True,184806,players,Negotiation List,Eligible,2026-09-05T13:30:37.057098,2026-09-05
199853,CGY REM UNS NEGOTIATION LIST AMER Gavin PRINGLE (DB) Georgia State,2025-08-01,2025-08-01,Gavin,Pringle,DB,AMER,Georgia State,CGY,REM UNS NEGOTIATION LIST,True,184100,players,Eligible,Negotiation List,2026-09-05T13:30:37.057098,2026-09-05
199850,TOR ADD NEGOTIATION LIST AMER Trayveon WILLIAMS (RB) Texas A&M,2025-08-01,2025-08-01,Trayveon,Williams,RB,AMER,Texas A&M,TOR,ADD NEGOTIATION LIST,True,184805,players,Negotiation List,Eligible,2026-09-05T13:30:37.057098,2026-09-05
199851,TOR ADD NEGOTIATION LIST AMER Kelvin HARMON (WR) North Carolina State,2025-08-01,2025-08-01,Kelvin,HARMON,WR,AMER,North Carolina State,TOR,ADD NEGOTIATION LIST,True,166537,players,Negotiation List,Eligible,2026-09-05T13:30:37.057098,2026-09-05
199846,TOR REM UNS NEGOTIATION LIST AMER Jayden HARRISON (WR) Notre Dame,2025-08-01,2025-08-01,Jayden,Harrison,WR,AMER,Notre Dame,TOR,REM UNS NEGOTIATION LIST,True,169313,players,Eligible,Negotiation List,2026-09-05T13:30:37.057098,2026-09-05
199847,TOR REM UNS NEGOTIATION LIST AMER Omar JARVIS (DB) Suny Morrisville,2025-08-01,2025-08-01,Omar,Jarvis,DB,AMER,Suny Morrisville,TOR,REM UNS NEGOTIATION LIST,True,169387,players,Eligible,Negotiation List,2026-09-05T13:30:37.057098,2026-09-05
199848,TOR REM UNS NEGOTIATION LIST AMER AJ JACKSON (RB) Lake Forest College,2025-08-01,2025-08-01,AJ,Jackson,RB,AMER,Lake Forest College,TOR,REM UNS NEGOTIATION LIST,True,169546,players,Eligible,Negotiation List,2026-09-05T13:30:37.057098,2026-09-05
199849,TOR REM UNS NEGOTIATION LIST AMER Romon COPELAND (WR) Austin Peay,2025-08-01,2025-08-01,Romon,Copeland,WR,AMER,Austin Peay,TOR,REM UNS NEGOTIATION LIST,True,169190,players,Eligible,Negotiation List,2026-09-05T13:30:37.057098,2026-09-05
199797,BC ADD NEGOTIATION LIST AMER Kyle PHILIPS (WR) UCLA,2025-07-31,2025-07-31,Kyle,Philips,WR,AMER,UCLA,BC,ADD NEGOTIATION LIST,True,184804,players,Negotiation List,Eligible,2026-09-05T13:30:37.057098,2026-09-05
199798,BC REM UNS NEGOTIATION LIST AMER RJ MOTEN (LB) Florida,2025-07-31,2025-07-31,RJ,Moten,LB,AMER,Florida,BC,REM UNS NEGOTIATION LIST,True,169557,players,Eligible,Negotiation List,2026-09-05T13:30:37.057098,2026-09-05
199800,WPG REM UNS NEGOTIATION LIST AMER Darius LASSITER (WR) Brigham Young,2025-07-31,2025-07-31,Darius,Lassiter,WR,AMER,Brigham Young,WPG,REM UNS NEGOTIATION LIST,True,184265,players,Eligible,Negotiation List,2026-09-05T13:30:37.057098,2026-09-05
199799,WPG ADD NEGOTIATION LIST AMER Max TOOLEY (LB) Brigham Young,2025-07-31,2025-07-31,Max,Tooley,LB,AMER,Brigham Young,WPG,ADD NEGOTIATION LIST,True,169162,players,Negotiation List,Eligible,2026-09-05T13:30:37.057098,2026-09-05
199768,SSK REM UNS NEGOTIATION LIST AMER Lance LEGENDRE (WR) Louisiana At Lafayette,2025-07-30,2025-07-30,Lance,LeGendre,WR,AMER,Louisiana At Lafayette,SSK,REM UNS NEGOTIATION LIST,True,184102,players,Eligible,Negotiation List,2026-09-05T13:30:37.057098,2026-09-05
199766,SSK REM UNS NEGOTIATION LIST AMER Brandon SMITH (DL) Penn State,2025-07-30,2025-07-30,Brandon,Smith,DL,AMER,Penn State,SSK,REM UNS NEGOTIATION LIST,True,169225,players,Eligible,Negotiation List,2026-09-05T13:30:37.057098,2026-09-05
199767,SSK ADD NEGOTIATION LIST AMER Andrew FARMER (DL) Lane College,2025-07-30,2025-07-30,Andrew,FARMER,DL,AMER,Lane College,SSK,ADD NEGOTIATION LIST,True,167418,players,Negotiation List,Eligible,2026-09-05T13:30:37.057098,2026-09-05
199764,SSK REM UNS NEGOTIATION LIST AMER Anthony JOHNSON (DB) Western Kentucky,2025-07-30,2025-07-30,Anthony,Johnson,DB,AMER,Western Kentucky,SSK,REM UNS NEGOTIATION LIST,True,184036,players,Eligible,Negotiation List,2026-09-05T13:30:37.057098,2026-09-05
199763,SSK ADD NEGOTIATION LIST AMER Davion ROSS (DB) Memphis,2025-07-30,2025-07-30,Davion,Ross,DB,AMER,Memphis,SSK,ADD NEGOTIATION LIST,True,184802,players,Negotiation List,Eligible,2026-09-05T13:30:37.057098,2026-09-05
199765,SSK ADD NEGOTIATION LIST AMER David GBENDA (LB) Texas,2025-07-30,2025-07-30,David,Gbenda,LB,AMER,Texas,SSK,ADD NEGOTIATION LIST,True,184803,players,Negotiation List,Eligible,2026-09-05T13:30:37.057098,2026-09-05
199761,TOR REM UNS NEGOTIATION LIST GLOB Dante BARNETT (DL) Dickinson College,2025-07-30,2025-07-30,Dante,Barnett,DL,GLOB,Dickinson College,TOR,REM UNS NEGOTIATION LIST,True,184681,players,Eligible,Negotiation List,2026-09-05T13:30:37.057098,2026-09-05
199762,TOR ADD NEGOTIATION LIST AMER Michael BATTON (LB) Houston,2025-07-30,2025-07-30,Michael,Batton,LB,AMER,Houston,TOR,ADD NEGOTIATION LIST,True,184801,players,Negotiation List,Eligible,2026-09-05T13:30:37.057098,2026-09-05
199707,SSK REM UNS NEGOTIATION LIST AMER Debo WILLIAMS (LB) South Carolina,2025-07-29,2025-07-29,Debo,Williams,LB,AMER,South Carolina,SSK,REM UNS NEGOTIATION LIST,True,184252,players,Eligible,Negotiation List,2026-09-05T13:30:37.057098,2026-09-05
199708,SSK ADD NEGOTIATION LIST AMER Malik HAMM (DL) Lafayette College,2025-07-29,2025-07-29,Malik,HAMM,DL,AMER,Lafayette College,SSK,ADD NEGOTIATION LIST,True,167405,players,Negotiation List,Eligible,2026-09-05T13:30:37.057098,2026-09-05
199706,MTL ADD NEGOTIATION LIST AMER Jaylon ALLEN (DL) Memphis,2025-07-29,2025-07-29,Jaylon,Allen,DL,AMER,Memphis,MTL,ADD NEGOTIATION LIST,True,168667,players,Negotiation List,Eligible,2026-09-05T13:30:37.057098,2026-09-05
199705,MTL REM UNS NEGOTIATION LIST AMER Henry BLACK (DB) Baylor,2025-07-29,2025-07-29,Henry,Black,DB,AMER,Baylor,MTL,REM UNS NEGOTIATION LIST,True,169148,players,Eligible,Negotiation List,2026-09-05T13:30:37.057098,2026-09-05
199704,WPG ADD NEGOTIATION LIST AMER Jahmal BANKS (WR) Nebraska,2025-07-29,2025-07-29,Jahmal,Banks,WR,AMER,Nebraska,WPG,ADD NEGOTIATION LIST,True,184799,players,Negotiation List,Eligible,2026-09-05T13:30:37.057098,2026-09-05
199703,WPG REM UNS NEGOTIATION LIST AMER Shaka TONEY (DL) Penn State,2025-07-29,2025-07-29,Shaka,Toney,DL,AMER,Penn State,WPG,REM UNS NEGOTIATION LIST,True,168706,players,Eligible,Negotiation List,2026-09-05T13:30:37.057098,2026-09-05
199702,TOR ADD NEGOTIATION LIST NAT Wilton GABE (FB) Coastal Carolina,2025-07-29,2025-07-29,Wilton,Gabe,FB,NAT,Coastal Carolina,TOR,ADD NEGOTIATION LIST,True,184798,players,Negotiation List,Eligible,2026-09-05T13:30:37.057098,2026-09-05
199695,CGY ADD NEGOTIATION LIST AMER Devonte O'MALLEY (DL) Northern Illinois,2025-07-29,2025-07-29,Devonte,O'Malley,DL,AMER,Northern Illinois,CGY,ADD NEGOTIATION LIST,True,184797,players,Negotiation List,Eligible,2026-09-05T13:30:37.057098,2026-09-05
199692,CGY REM UNS NEGOTIATION LIST AMER Jacob KIBODI (RB) Louisiana,2025-07-29,2025-07-29,Jacob,Kibodi,RB,AMER,Louisiana,CGY,REM UNS NEGOTIATION LIST,True,169219,players,Eligible,Negotiation List,2026-09-05T13:30:37.057098,2026-09-05
199689,MTL REM UNS NEGOTIATION LIST AMER Mason TIPTON (WR) Yale,2025-07-29,2025-07-29,Mason,Tipton,WR,AMER,Yale,MTL,REM UNS NEGOTIATION LIST,True,184769,players,Eligible,Negotiation List,2026-09-05T13:30:37.057098,2026-09-05
199690,MTL ADD NEGOTIATION LIST AMER Kam ARNOLD (LB) Boston College,2025-07-29,2025-07-29,Kam,Arnold,LB,AMER,Boston College,MTL,ADD NEGOTIATION LIST,True,184796,players,Negotiation List,Eligible,2026-09-05T13:30:37.057098,2026-09-05
199687,WPG REM UNS NEGOTIATION LIST AMER Loic FOUONJI (WR) Vanderbilt,2025-07-29,2025-07-29,Loic,Fouonji,WR,AMER,Vanderbilt,WPG,REM UNS NEGOTIATION LIST,True,184176,players,Eligible,Negotiation List,2026-09-05T13:30:37.057098,2026-09-05
199688,WPG ADD NEGOTIATION LIST AMER Dorian SINGER (WR) Utah,2025-07-29,2025-07-29,Dorian,Singer,WR,AMER,Utah,WPG,ADD NEGOTIATION LIST,True,184795,players,Negotiation List,Eligible,2026-09-05T13:30:37.057098,2026-09-05
199677,HAM ADD NEGOTIATION LIST AMER Ronnie BELL (WR) Michigan,2025-07-28,2025-07-28,Ronnie,Bell,WR,AMER,Michigan,HAM,ADD NEGOTIATION LIST,True,184793,players,Negotiation List,Eligible,2026-09-05T13:30:37.057098,2026-09-05
199676,HAM REM UNS NEGOTIATION LIST AMER David WHITE JR (WR) Western Carolina,2025-07-28,2025-07-28,David,White Jr,WR,AMER,Western Carolina,HAM,REM UNS NEGOTIATION LIST,True,168719,players,Eligible,Negotiation List,2026-09-05T13:30:37.057098,2026-09-05
199665,SSK REM UNS NEGOTIATION LIST AMER Collin BRUNSTEIN (WR) Illinois College,2025-07-28,2025-07-28,Collin,Brunstein,WR,AMER,Illinois College,SSK,REM UNS NEGOTIATION LIST,True,184212,players,Eligible,Negotiation List,2026-09-05T13:30:37.057098,2026-09-05
199666,SSK ADD NEGOTIATION LIST AMER Malik KNOWLES (WR) Kansas State,2025-07-28,2025-07-28,Malik,Knowles,WR,AMER,Kansas State,SSK,ADD NEGOTIATION LIST,True,169145,players,Negotiation List,Eligible,2026-09-05T13:30:37.057098,2026-09-05
199657,TOR REM UNS NEGOTIATION LIST AMER Obinna EZE (OL) Texas Christian,2025-07-27,2025-07-27,Obinna,Eze,OL,AMER,Texas Christian,TOR,REM UNS NEGOTIATION LIST,True,184679,players,Eligible,Negotiation List,2026-09-05T13:30:37.057098,2026-09-05
199660,EDM ADD NEGOTIATION LIST AMER Montrell WASHINGTON (WR) Samford,2025-07-27,2025-07-27,Montrell,WASHINGTON,WR,AMER,Samford,EDM,ADD NEGOTIATION LIST,True,166615,players,Negotiation List,Eligible,2026-09-05T13:30:37.057098,2026-09-05
199658,TOR ADD NEGOTIATION LIST AMER Elijah ELLIS (OL) Marshall,2025-07-27,2025-07-27,Elijah,Ellis,OL,AMER,Marshall,TOR,ADD NEGOTIATION LIST,True,184768,players,Negotiation List,Eligible,2026-09-05T13:30:37.057098,2026-09-05
199659,EDM REM UNS NEGOTIATION LIST AMER Zakhari FRANKLIN (WR) Illinois,2025-07-27,2025-07-27,Zakhari,Franklin,WR,AMER,Illinois,EDM,REM UNS NEGOTIATION LIST,True,168476,players,Eligible,Negotiation List,2026-09-05T13:30:37.057098,2026-09-05
199661,MTL REM UNS NEGOTIATION LIST AMER Grayland ARNOLD (DB) Baylor,2025-07-27,2025-07-27,Grayland,ARNOLD,DB,AMER,Baylor,MTL,REM UNS NEGOTIATION LIST,True,166510,players,Eligible,Negotiation List,2026-09-05T13:30:37.057098,2026-09-05
199662,MTL ADD NEGOTIATION LIST AMER Mason TIPTON (WR) Yale,2025-07-27,2025-07-27,Mason,Tipton,WR,AMER,Yale,MTL,ADD NEGOTIATION LIST,True,184769,players,Negotiation List,Eligible,2026-09-05T13:30:37.057098,2026-09-05
199654,WPG REM UNS NEGOTIATION LIST AMER Sundiata ANDERSON (DL) Grambling State,2025-07-27,2025-07-27,Sundiata,ANDERSON,DL,AMER,Grambling State,WPG,REM UNS NEGOTIATION LIST,True,167514,players,Eligible,Negotiation List,2026-09-05T13:30:37.057098,2026-09-05
199655,WPG ADD NEGOTIATION LIST AMER Key'Shawn SMITH (WR) Southern Methodist,2025-07-27,2025-07-27,Key'Shawn,Smith,WR,AMER,Southern Methodist,WPG,ADD NEGOTIATION LIST,True,184092,players,Negotiation List,Eligible,2026-09-05T13:30:37.057098,2026-09-05
199593,TOR REM UNS NEGOTIATION LIST AMER KJ HENRY (DL) Clemson,2025-07-24,2025-07-24,KJ,Henry,DL,AMER,Clemson,TOR,REM UNS NEGOTIATION LIST,True,184678,players,Eligible,Negotiation List,2026-09-05T13:30:37.057098,2026-09-05
199591,SSK REM UNS NEGOTIATION LIST AMER Austin MCKINNEY (DB) Northwest Missouri State,2025-07-24,2025-07-24,Austin,McKinney,DB,AMER,Northwest Missouri State,SSK,REM UNS NEGOTIATION LIST,True,184673,players,Eligible,Negotiation List,2026-09-05T13:30:37.057098,2026-09-05
199592,SSK ADD NEGOTIATION LIST AMER Adin HUNTINGTON (DL) Tulane,2025-07-24,2025-07-24,Adin,Huntington,DL,AMER,Tulane,SSK,ADD NEGOTIATION LIST,True,169360,players,Negotiation List,Eligible,2026-09-05T13:30:37.057098,2026-09-05
199569,BC ADD NEGOTIATION LIST AMER DJ TURNER (WR) Pittsburgh,2025-07-24,2025-07-24,DJ,TURNER,WR,AMER,Pittsburgh,BC,ADD NEGOTIATION LIST,True,166118,players,Negotiation List,Eligible,2026-09-05T13:30:37.057098,2026-09-05
199567,WPG ADD NEGOTIATION LIST AMER Deuce VAUGHN (RB) Kansas State,2025-07-24,2025-07-24,Deuce,Vaughn,RB,AMER,Kansas State,WPG,ADD NEGOTIATION LIST,True,169034,players,Negotiation List,Eligible,2026-09-05T13:30:37.057098,2026-09-05
199568,BC REM UNS NEGOTIATION LIST AMER Ben DINUCCI (QB) James Madison,2025-07-24,2025-07-24,Ben,DINUCCI,QB,AMER,James Madison,BC,REM UNS NEGOTIATION LIST,True,164420,players,Eligible,Negotiation List,2026-09-05T13:30:37.057098,2026-09-05
199565,HAM REM UNS NEGOTIATION LIST AMER Malik KNOWLES (WR) Kansas State,2025-07-24,2025-07-24,Malik,Knowles,WR,AMER,Kansas State,HAM,REM UNS NEGOTIATION LIST,True,169145,players,Eligible,Negotiation List,2026-09-05T13:30:37.057098,2026-09-05
199566,HAM ADD NEGOTIATION LIST AMER Ethan GARBERS (QB) UCLA,2025-07-24,2025-07-24,Ethan,Garbers,QB,AMER,UCLA,HAM,ADD NEGOTIATION LIST,True,184683,players,Negotiation List,Eligible,2026-09-05T13:30:37.057098,2026-09-05
199551,TOR REM UNS NEGOTIATION LIST AMER Jalen GOSS (OL) Florida A&M,2025-07-23,2025-07-23,Jalen,Goss,OL,AMER,Florida A&M,TOR,REM UNS NEGOTIATION LIST,True,169589,players,Eligible,Negotiation List,2026-09-05T13:30:37.057098,2026-09-05
199552,TOR ADD NEGOTIATION LIST AMER Obinna EZE (OL) Texas Christian,2025-07-23,2025-07-23,Obinna,Eze,OL,AMER,Texas Christian,TOR,ADD NEGOTIATION LIST,True,184679,players,Negotiation List,Eligible,2026-09-05T13:30:37.057098,2026-09-05
199553,EDM REM UNS NEGOTIATION LIST AMER Ali JENNINGS (WR) Virginia Tech,2025-07-23,2025-07-23,Ali,Jennings,WR,AMER,Virginia Tech,EDM,REM UNS NEGOTIATION LIST,True,184298,players,Eligible,Negotiation List,2026-09-05T13:30:37.057098,2026-09-05
199554,EDM ADD NEGOTIATION LIST AMER Zakhari FRANKLIN (WR) Mississippi,2025-07-23,2025-07-23,Zakhari,Franklin,WR,AMER,Mississippi,EDM,ADD NEGOTIATION LIST,True,168476,players,Negotiation List,Eligible,2026-09-05T13:30:37.057098,2026-09-05
199555,EDM REM UNS NEGOTIATION LIST AMER Chase COTA (WR) Oregon,2025-07-23,2025-07-23,Chase,Cota,WR,AMER,Oregon,EDM,REM UNS NEGOTIATION LIST,True,169304,players,Eligible,Negotiation List,2026-09-05T13:30:37.057098,2026-09-05
199556,EDM ADD NEGOTIATION LIST AMER Mello DOTSON (DB) Kansas,2025-07-23,2025-07-23,Mello,Dotson,DB,AMER,Kansas,EDM,ADD NEGOTIATION LIST,True,184680,players,Negotiation List,Eligible,2026-09-05T13:30:37.057098,2026-09-05
199557,TOR REM UNS NEGOTIATION LIST AMER RJ OBEN (DL) Notre Dame,2025-07-23,2025-07-23,RJ,Oben,DL,AMER,Notre Dame,TOR,REM UNS NEGOTIATION LIST,True,184170,players,Eligible,Negotiation List,2026-09-05T13:30:37.057098,2026-09-05
199558,TOR ADD NEGOTIATION LIST GLOB Dante BARNETT (DL) Dickinson College,2025-07-23,2025-07-23,Dante,Barnett,DL,GLOB,Dickinson College,TOR,ADD NEGOTIATION LIST,True,184681,players,Negotiation List,Eligible,2026-09-05T13:30:37.057098,2026-09-05
199559,CGY REM UNS NEGOTIATION LIST AMER Gemon GREEN (DB) Michigan,2025-07-23,2025-07-23,Gemon,Green,DB,AMER,Michigan,CGY,REM UNS NEGOTIATION LIST,True,168275,players,Eligible,Negotiation List,2026-09-05T13:30:37.057098,2026-09-05
199560,CGY ADD NEGOTIATION LIST AMER Jailin WALKER (LB) Indiana,2025-07-23,2025-07-23,Jailin,Walker,LB,AMER,Indiana,CGY,ADD NEGOTIATION LIST,True,184682,players,Negotiation List,Eligible,2026-09-05T13:30:37.057098,2026-09-05
199513,TOR ADD NEGOTIATION LIST AMER KJ HENRY (DL) Clemson,2025-07-22,2025-07-22,KJ,Henry,DL,AMER,Clemson,TOR,ADD NEGOTIATION LIST,True,184678,players,Negotiation List,Eligible,2026-09-05T13:30:37.057098,2026-09-05
199512,TOR REM UNS NEGOTIATION LIST AMER Rakweon RAMSEY (DL) Missouri Baptist,2025-07-22,2025-07-22,Rakweon,Ramsey,DL,AMER,Missouri Baptist,TOR,REM UNS NEGOTIATION LIST,True,169386,players,Eligible,Negotiation List,2026-09-05T13:30:37.057098,2026-09-05
199511,TOR ADD NEGOTIATION LIST AMER Lew NICHOLS III (RB) Central Michigan,2025-07-22,2025-07-22,Lew,Nichols III,RB,AMER,Central Michigan,TOR,ADD NEGOTIATION LIST,True,184677,players,Negotiation List,Eligible,2026-09-05T13:30:37.057098,2026-09-05
199510,BC ADD NEGOTIATION LIST AMER James HOUSTON IV (DL) Jackson State,2025-07-22,2025-07-22,James,HOUSTON IV,DL,AMER,Jackson State,BC,ADD NEGOTIATION LIST,True,166565,players,Negotiation List,Eligible,2026-09-05T13:30:37.057098,2026-09-05
199509,BC REM UNS NEGOTIATION LIST AMER DeAndre JULES (DL) South Carolina,2025-07-22,2025-07-22,DeAndre,Jules,DL,AMER,South Carolina,BC,REM UNS NEGOTIATION LIST,True,184051,players,Eligible,Negotiation List,2026-09-05T13:30:37.057098,2026-09-05
199506,HAM ADD NEGOTIATION LIST AMER Michael WILEY (RB) Arizona,2025-07-22,2025-07-22,Michael,Wiley,RB,AMER,Arizona,HAM,ADD NEGOTIATION LIST,True,184676,players,Negotiation List,Eligible,2026-09-05T13:30:37.057098,2026-09-05
199505,HAM REM UNS NEGOTIATION LIST AMER Will RICHARDSON (OL) North Carolina State,2025-07-22,2025-07-22,Will,RICHARDSON,OL,AMER,North Carolina State,HAM,REM UNS NEGOTIATION LIST,True,167525,players,Eligible,Negotiation List,2026-09-05T13:30:37.057098,2026-09-05
199500,SSK ADD NEGOTIATION LIST GLOB Alex HALE (K) Oklahoma State,2025-07-22,2025-07-22,Alex,Hale,K,GLOB,Oklahoma State,SSK,ADD NEGOTIATION LIST,True,168772,players,Negotiation List,Eligible,2026-09-05T13:30:37.057098,2026-09-05
199499,SSK REM UNS NEGOTIATION LIST AMER Devine OZIGBO (RB) Nebraska,2025-07-22,2025-07-22,Devine,Ozigbo,RB,AMER,Nebraska,SSK,REM UNS NEGOTIATION LIST,True,184415,players,Eligible,Negotiation List,2026-09-05T13:30:37.057098,2026-09-05
199498,HAM ADD NEGOTIATION LIST AMER Levi BELL (DL) Texas State,2025-07-22,2025-07-22,Levi,BELL,DL,AMER,Texas State,HAM,ADD NEGOTIATION LIST,True,167598,players,Negotiation List,Eligible,2026-09-05T13:30:37.057098,2026-09-05
199497,HAM REM UNS NEGOTIATION LIST AMER Andrew PARKER (LB) Appalachian State,2025-07-22,2025-07-22,Andrew,PArker,LB,AMER,Appalachian State,HAM,REM UNS NEGOTIATION LIST,True,169074,players,Eligible,Negotiation List,2026-09-05T13:30:37.057098,2026-09-05
199493,SSK REM UNS NEGOTIATION LIST AMER Chris CARPENTER (WR) Texas-San Antonio,2025-07-21,2025-07-21,Chris,Carpenter,WR,AMER,Texas-San Antonio,SSK,REM UNS NEGOTIATION LIST,True,169578,players,Eligible,Negotiation List,2026-09-05T13:30:37.057098,2026-09-05
199492,TOR ADD NEGOTIATION LIST AMER Tyrion DAVIS-PRICE (RB) Louisiana State,2025-07-21,2025-07-21,Tyrion,Davis-Price,RB,AMER,Louisiana State,TOR,ADD NEGOTIATION LIST,True,184675,players,Negotiation List,Eligible,2026-09-05T13:30:37.057098,2026-09-05
199491,SSK ADD NEGOTIATION LIST AMER Micah BERNARD (RB) Utah,2025-07-21,2025-07-21,Micah,Bernard,RB,AMER,Utah,SSK,ADD NEGOTIATION LIST,True,184674,players,Negotiation List,Eligible,2026-09-05T13:30:37.057098,2026-09-05
199489,SSK ADD NEGOTIATION LIST AMER Austin MCKINNEY (DB) Northwest Missouri State,2025-07-21,2025-07-21,Austin,McKinney,DB,AMER,Northwest Missouri State,SSK,ADD NEGOTIATION LIST,True,184673,players,Negotiation List,Eligible,2026-09-05T13:30:37.057098,2026-09-05
199488,SSK REM UNS NEGOTIATION LIST AMER Levi BELL (DL) Texas State,2025-07-21,2025-07-21,Levi,BELL,DL,AMER,Texas State,SSK,REM UNS NEGOTIATION LIST,True,167598,players,Eligible,Negotiation List,2026-09-05T13:30:37.057098,2026-09-05
199479,TOR REM SGD NEGOTIATION LIST AMER Ricky CORREIA (DL) California,2025-07-21,2025-07-21,Ricky,Correia,DL,AMER,California,TOR,REM SGD NEGOTIATION LIST,True,184302,players,Eligible,Negotiation List,2026-09-05T13:30:37.057098,2026-09-05
199472,WPG REM SGD NEGOTIATION LIST AMER Max MCLEOD (WR) Colorado School of Mines,2025-07-20,2025-07-20,Max,McLeod,WR,AMER,Colorado School of Mines,WPG,REM SGD NEGOTIATION LIST,True,169510,players,Eligible,Negotiation List,2026-09-05T13:30:37.057098,2026-09-05
199364,EDM REM UNS NEGOTIATION LIST AMER Jahcour PEARSON (WR) Mississippi,2025-07-17,2025-07-17,Jahcour,PEARSON,WR,AMER,Mississippi,EDM,REM UNS NEGOTIATION LIST,True,166834,players,Eligible,Negotiation List,2026-09-05T13:30:37.057098,2026-09-05
199365,EDM ADD NEGOTIATION LIST AMER Dayton WADE (WR) Mississippi,2025-07-17,2025-07-17,Dayton,Wade,WR,AMER,Mississippi,EDM,ADD NEGOTIATION LIST,True,168653,players,Negotiation List,Eligible,2026-09-05T13:30:37.057098,2026-09-05
199362,WPG REM UNS NEGOTIATION LIST AMER Isiah PAIGE (WR) Old Dominion,2025-07-17,2025-07-17,Isiah,Paige,WR,AMER,Old Dominion,WPG,REM UNS NEGOTIATION LIST,True,169517,players,Eligible,Negotiation List,2026-09-05T13:30:37.057098,2026-09-05
199363,WPG ADD NEGOTIATION LIST AMER Demone HARRIS (DL) Buffalo,2025-07-17,2025-07-17,Demone,HARRIS,DL,AMER,Buffalo,WPG,ADD NEGOTIATION LIST,True,166596,players,Negotiation List,Eligible,2026-09-05T13:30:37.057098,2026-09-05
199303,MTL REM UNS NEGOTIATION LIST AMER Chris STEELE (DB) Southern California,2025-07-15,2025-07-15,Chris,STEELE,DB,AMER,Southern California,MTL,REM UNS NEGOTIATION LIST,True,167311,players,Eligible,Negotiation List,2026-09-05T13:30:37.057098,2026-09-05
199304,MTL ADD NEGOTIATION LIST AMER Kahzir BROWN (DB) Florida Atlantic,2025-07-15,2025-07-15,Kahzir,Brown,DB,AMER,Florida Atlantic,MTL,ADD NEGOTIATION LIST,True,184456,players,Negotiation List,Eligible,2026-09-05T13:30:37.057098,2026-09-05
199305,MTL REM UNS NEGOTIATION LIST AMER Tim HARRIS (DB) Virginia,2025-07-15,2025-07-15,Tim,HARRIS,DB,AMER,Virginia,MTL,REM UNS NEGOTIATION LIST,True,167559,players,Eligible,Negotiation List,2026-09-05T13:30:37.057098,2026-09-05
199306,MTL ADD NEGOTIATION LIST AMER Major BURNS (DB) Louisiana State,2025-07-15,2025-07-15,Major,Burns,DB,AMER,Louisiana State,MTL,ADD NEGOTIATION LIST,True,184457,players,Negotiation List,Eligible,2026-09-05T13:30:37.057098,2026-09-05
199307,MTL REM UNS NEGOTIATION LIST AMER Christian YOUNG (LB) Arizona,2025-07-15,2025-07-15,Christian,YOUNG,LB,AMER,Arizona,MTL,REM UNS NEGOTIATION LIST,True,167607,players,Eligible,Negotiation List,2026-09-05T13:30:37.057098,2026-09-05
199308,MTL ADD NEGOTIATION LIST AMER Ricky BARBER (DL) Central Florida,2025-07-15,2025-07-15,Ricky,Barber,DL,AMER,Central Florida,MTL,ADD NEGOTIATION LIST,True,169206,players,Negotiation List,Eligible,2026-09-05T13:30:37.057098,2026-09-05
199309,MTL REM UNS NEGOTIATION LIST AMER Terrell BYNUM (WR) Southern California,2025-07-15,2025-07-15,Terrell,Bynum,WR,AMER,Southern California,MTL,REM UNS NEGOTIATION LIST,True,168889,players,Eligible,Negotiation List,2026-09-05T13:30:37.057098,2026-09-05
199310,MTL ADD NEGOTIATION LIST AMER Trace FORD (DL) Oklahoma,2025-07-15,2025-07-15,Trace,Ford,DL,AMER,Oklahoma,MTL,ADD NEGOTIATION LIST,True,184458,players,Negotiation List,Eligible,2026-09-05T13:30:37.057098,2026-09-05
199311,MTL REM UNS NEGOTIATION LIST AMER Jaden WILLIAMS (WR) Texas State,2025-07-15,2025-07-15,Jaden,Williams,WR,AMER,Texas State,MTL,REM UNS NEGOTIATION LIST,True,184083,players,Eligible,Negotiation List,2026-09-05T13:30:37.057098,2026-09-05
199312,MTL ADD NEGOTIATION LIST AMER Kylan GUIDRY (DL) Western Kentucky,2025-07-15,2025-07-15,Kylan,Guidry,DL,AMER,Western Kentucky,MTL,ADD NEGOTIATION LIST,True,184459,players,Negotiation List,Eligible,2026-09-05T13:30:37.057098,2026-09-05
199300,BC REM UNS NEGOTIATION LIST AMER JaQuae JACKSON (WR) Rutgers,2025-07-15,2025-07-15,JaQuae,Jackson,WR,AMER,Rutgers,BC,REM UNS NEGOTIATION LIST,True,184030,players,Eligible,Negotiation List,2026-09-05T13:30:37.057098,2026-09-05
199301,BC ADD NEGOTIATION LIST AMER RJ MOTEN (LB) Florida,2025-07-15,2025-07-15,RJ,Moten,LB,AMER,Florida,BC,ADD NEGOTIATION LIST,True,169557,players,Negotiation List,Eligible,2026-09-05T13:30:37.057098,2026-09-05
199299,TOR REM UNS NEGOTIATION LIST AMER D'Angelo DURHAM (RB) McNeese State,2025-07-15,2025-07-15,D'Angelo,Durham,RB,AMER,McNeese State,TOR,REM UNS NEGOTIATION LIST,True,169290,players,Eligible,Negotiation List,2026-09-05T13:30:37.057098,2026-09-05
199294,SSK REM UNS NEGOTIATION LIST AMER Jacques PATRICK (RB) Florida State,2025-07-14,2025-07-14,Jacques,PATRICK,RB,AMER,Florida State,SSK,REM UNS NEGOTIATION LIST,True,165097,players,Eligible,Negotiation List,2026-09-05T13:30:37.057098,2026-09-05
199295,SSK ADD NEGOTIATION LIST AMER Devine OZIGBO (RB) Nebraska,2025-07-14,2025-07-14,Devine,Ozigbo,RB,AMER,Nebraska,SSK,ADD NEGOTIATION LIST,True,184415,players,Negotiation List,Eligible,2026-09-05T13:30:37.057098,2026-09-05
199292,MTL REM UNS NEGOTIATION LIST AMER Rahjai HARRIS (RB) East Carolina,2025-07-13,2025-07-13,Rahjai,Harris,RB,AMER,East Carolina,MTL,REM UNS NEGOTIATION LIST,True,184184,players,Eligible,Negotiation List,2026-09-05T13:30:37.057098,2026-09-05
199293,MTL ADD NEGOTIATION LIST AMER Taylor MORIN (WR) Wake Forest,2025-07-13,2025-07-13,Taylor,Morin,WR,AMER,Wake Forest,MTL,ADD NEGOTIATION LIST,True,184414,players,Negotiation List,Eligible,2026-09-05T13:30:37.057098,2026-09-05
199280,MTL ADD NEGOTIATION LIST AMER Quali CONLEY (RB) Arizona,2025-07-12,2025-07-12,Quali,Conley,RB,AMER,Arizona,MTL,ADD NEGOTIATION LIST,True,184413,players,Negotiation List,Eligible,2026-09-05T13:30:37.057098,2026-09-05
199279,MTL REM UNS NEGOTIATION LIST AMER Ty Son LAWTON (RB) Indiana,2025-07-12,2025-07-12,Ty Son,Lawton,RB,AMER,Indiana,MTL,REM UNS NEGOTIATION LIST,True,169539,players,Eligible,Negotiation List,2026-09-05T13:30:37.057098,2026-09-05
199253,TOR ADD NEGOTIATION LIST AMER RJ OBEN (DL) Notre Dame,2025-07-11,2025-07-11,RJ,Oben,DL,AMER,Notre Dame,TOR,ADD NEGOTIATION LIST,True,184170,players,Negotiation List,Eligible,2026-09-05T13:30:37.057098,2026-09-05
199252,TOR REM UNS NEGOTIATION LIST AMER Quincy ROCHE (DL) Miami,2025-07-11,2025-07-11,Quincy,Roche,DL,AMER,Miami,TOR,REM UNS NEGOTIATION LIST,True,168590,players,Eligible,Negotiation List,2026-09-05T13:30:37.057098,2026-09-05
199251,SSK ADD NEGOTIATION LIST AMER Kevin ORANGE JR (DL) Graceland,2025-07-11,2025-07-11,Kevin,Orange Jr,DL,AMER,Graceland,SSK,ADD NEGOTIATION LIST,True,184400,players,Negotiation List,Eligible,2026-09-05T13:30:37.057098,2026-09-05
199250,SSK REM UNS NEGOTIATION LIST GLOB Andrew STOKES (P) South Florida,2025-07-11,2025-07-11,Andrew,Stokes,P,GLOB,South Florida,SSK,REM UNS NEGOTIATION LIST,True,184258,players,Eligible,Negotiation List,2026-09-05T13:30:37.057098,2026-09-05
199249,BC ADD NEGOTIATION LIST AMER Marquez CALLAWAY (WR) Tennessee,2025-07-11,2025-07-11,Marquez,Callaway,WR,AMER,Tennessee,BC,ADD NEGOTIATION LIST,True,184393,players,Negotiation List,Eligible,2026-09-05T13:30:37.057098,2026-09-05
199248,MTL ADD NEGOTIATION LIST AMER Brandon YATES (OL) West Virginia,2025-07-11,2025-07-11,Brandon,Yates,OL,AMER,West Virginia,MTL,ADD NEGOTIATION LIST,True,184378,players,Negotiation List,Eligible,2026-09-05T13:30:37.057098,2026-09-05
199247,MTL REM UNS NEGOTIATION LIST AMER Cobee BRYANT (DB) Kansas,2025-07-11,2025-07-11,Cobee,Bryant,DB,AMER,Kansas,MTL,REM UNS NEGOTIATION LIST,True,169403,players,Eligible,Negotiation List,2026-09-05T13:30:37.057098,2026-09-05
199245,MTL REM UNS NEGOTIATION LIST AMER Lindsey SCOTT (QB) Incarnate Word,2025-07-11,2025-07-11,Lindsey,SCOTT,QB,AMER,Incarnate Word,MTL,REM UNS NEGOTIATION LIST,True,166113,players,Eligible,Negotiation List,2026-09-05T13:30:37.057098,2026-09-05
199246,MTL ADD NEGOTIATION LIST AMER Faion HICKS (DB) Wisconsin,2025-07-11,2025-07-11,Faion,Hicks,DB,AMER,Wisconsin,MTL,ADD NEGOTIATION LIST,True,168978,players,Negotiation List,Eligible,2026-09-05T13:30:37.057098,2026-09-05
199211,TOR REM UNS NEGOTIATION LIST AMER Nevelle CLARKE (DB) Central Florida,2025-07-10,2025-07-10,Nevelle,Clarke,DB,AMER,Central Florida,TOR,REM UNS NEGOTIATION LIST,True,169503,players,Eligible,Negotiation List,2026-09-05T13:30:37.057098,2026-09-05
199212,TOR ADD NEGOTIATION LIST AMER Joseph WALLACE (DL) Sam Houston State,2025-07-10,2025-07-10,Joseph,Wallace,DL,AMER,Sam Houston State,TOR,ADD NEGOTIATION LIST,True,184342,players,Negotiation List,Eligible,2026-09-05T13:30:37.057098,2026-09-05
199213,TOR ADD NEGOTIATION LIST AMER Jeremy JAMES (OL) Mississippi,2025-07-10,2025-07-10,Jeremy,James,OL,AMER,Mississippi,TOR,ADD NEGOTIATION LIST,True,184343,players,Negotiation List,Eligible,2026-09-05T13:30:37.057098,2026-09-05
199210,TOR REM UNS NEGOTIATION LIST AMER Breeland SPEAKS (DL) Mississippi,2025-07-10,2025-07-10,Breeland,SPEAKS,DL,AMER,Mississippi,TOR,REM UNS NEGOTIATION LIST,True,165873,players,Eligible,Negotiation List,2026-09-05T13:30:37.057098,2026-09-05
199179,BC REM SGD NEGOTIATION LIST AMER Cameron STONE (DB) Hawaii,2025-07-09,2025-07-09,Cameron,STONE,DB,AMER,Hawaii,BC,REM SGD NEGOTIATION LIST,True,169323,players,Eligible,Negotiation List,2026-09-05T13:30:37.057098,2026-09-05
199170,OTT REM SGD NEGOTIATION LIST AMER Easop WINSTON JR (WR) Washington State,2025-07-09,2025-07-09,Easop,WINSTON JR,WR,AMER,Washington State,OTT,REM SGD NEGOTIATION LIST,True,167291,players,Eligible,Negotiation List,2026-09-05T13:30:37.057098,2026-09-05
199164,OTT ADD NEGOTIATION LIST AMER JT WOODS (DB) Baylor,2025-07-09,2025-07-09,JT,Woods,DB,AMER,Baylor,OTT,ADD NEGOTIATION LIST,True,184303,players,Negotiation List,Eligible,2026-09-05T13:30:37.057098,2026-09-05
199162,TOR ADD NEGOTIATION LIST AMER Ricky CORREIA (DL) California,2025-07-09,2025-07-09,Ricky,Correia,DL,AMER,California,TOR,ADD NEGOTIATION LIST,True,184302,players,Negotiation List,Eligible,2026-09-05T13:30:37.057098,2026-09-05
199163,OTT REM UNS NEGOTIATION LIST AMER Jerrin THOMPSON (DB) Auburn,2025-07-09,2025-07-09,Jerrin,Thompson,DB,AMER,Auburn,OTT,REM UNS NEGOTIATION LIST,True,184253,players,Eligible,Negotiation List,2026-09-05T13:30:37.057098,2026-09-05
199160,MTL REM UNS NEGOTIATION LIST AMER Jordan WRIGHT (DB) Connecticut,2025-07-08,2025-07-08,Jordan,Wright,DB,AMER,Connecticut,MTL,REM UNS NEGOTIATION LIST,True,184207,players,Eligible,Negotiation List,2026-09-05T13:30:37.057098,2026-09-05
199161,MTL ADD NEGOTIATION LIST AMER Traeshon HOLDEN (WR) Oregon,2025-07-08,2025-07-08,Traeshon,Holden,WR,AMER,Oregon,MTL,ADD NEGOTIATION LIST,True,184301,players,Negotiation List,Eligible,2026-09-05T13:30:37.057098,2026-09-05
199155,TOR REM UNS NEGOTIATION LIST AMER Jaylen TWYMAN (DL) Pittsburgh,2025-07-06,2025-07-06,Jaylen,Twyman,DL,AMER,Pittsburgh,TOR,REM UNS NEGOTIATION LIST,True,169087,players,Eligible,Negotiation List,2026-09-05T13:30:37.057098,2026-09-05
199156,TOR ADD NEGOTIATION LIST AMER Andre JEFFERSON (DL) Lenoir-Rhyne College,2025-07-06,2025-07-06,Andre,Jefferson,DL,AMER,Lenoir-Rhyne College,TOR,ADD NEGOTIATION LIST,True,184300,players,Negotiation List,Eligible,2026-09-05T13:30:37.057098,2026-09-05
199153,HAM ADD NEGOTIATION LIST AMER Jeremiah WEBB (WR) South Alabama,2025-07-05,2025-07-05,Jeremiah,Webb,WR,AMER,South Alabama,HAM,ADD NEGOTIATION LIST,True,184299,players,Negotiation List,Eligible,2026-09-05T13:30:37.057098,2026-09-05
199152,HAM REM UNS NEGOTIATION LIST AMER Kaleb HAYES (DB) Brigham Young,2025-07-05,2025-07-05,Kaleb,Hayes,DB,AMER,Brigham Young,HAM,REM UNS NEGOTIATION LIST,True,168215,players,Eligible,Negotiation List,2026-09-05T13:30:37.057098,2026-09-05
199150,EDM ADD NEGOTIATION LIST AMER Ali JENNINGS (WR) Virginia Tech,2025-07-05,2025-07-05,Ali,Jennings,WR,AMER,Virginia Tech,EDM,ADD NEGOTIATION LIST,True,184298,players,Negotiation List,Eligible,2026-09-05T13:30:37.057098,2026-09-05
199130,EDM REM UNS NEGOTIATION LIST AMER Easton KILTY (OL) Kansas State,2025-07-04,2025-07-04,Easton,Kilty,OL,AMER,Kansas State,EDM,REM UNS NEGOTIATION LIST,True,169598,players,Eligible,Negotiation List,2026-09-05T13:30:37.057098,2026-09-05
199131,EDM ADD NEGOTIATION LIST AMER Aiden WILLIAMS (OL) Minnesota-Duluth,2025-07-04,2025-07-04,Aiden,Williams,OL,AMER,Minnesota-Duluth,EDM,ADD NEGOTIATION LIST,True,184297,players,Negotiation List,Eligible,2026-09-05T13:30:37.057098,2026-09-05
199120,SSK ADD NEGOTIATION LIST AMER Kevin HARRIS (RB) South Carolina,2025-07-04,2025-07-04,Kevin,Harris,RB,AMER,South Carolina,SSK,ADD NEGOTIATION LIST,True,184296,players,Negotiation List,Eligible,2026-09-05T13:30:37.057098,2026-09-05
199119,SSK REM UNS NEGOTIATION LIST AMER Jadon JANKE (WR) South Dakota State,2025-07-04,2025-07-04,Jadon,Janke,WR,AMER,South Dakota State,SSK,REM UNS NEGOTIATION LIST,True,169061,players,Eligible,Negotiation List,2026-09-05T13:30:37.057098,2026-09-05
199068,CGY REM UNS NEGOTIATION LIST AMER Jalen DALTON (DL) North Carolina,2025-07-03,2025-07-03,Jalen,DALTON,DL,AMER,North Carolina,CGY,REM UNS NEGOTIATION LIST,True,167049,players,Eligible,Negotiation List,2026-09-05T13:30:37.057098,2026-09-05
199069,CGY ADD NEGOTIATION LIST AMER Desmong KING (DB) Iowa,2025-07-03,2025-07-03,Desmong,King,DB,AMER,Iowa,CGY,ADD NEGOTIATION LIST,True,184292,players,Negotiation List,Eligible,2026-09-05T13:30:37.057098,2026-09-05
199070,OTT ADD NEGOTIATION LIST AMER Amari KIGHT (OL) Central Florida,2025-07-03,2025-07-03,Amari,Kight,OL,AMER,Central Florida,OTT,ADD NEGOTIATION LIST,True,184293,players,Negotiation List,Eligible,2026-09-05T13:30:37.057098,2026-09-05
199071,OTT REM UNS NEGOTIATION LIST AMER Marcus HICKS (OL) South Dakota State,2025-07-03,2025-07-03,Marcus,Hicks,OL,AMER,South Dakota State,OTT,REM UNS NEGOTIATION LIST,True,184264,players,Eligible,Negotiation List,2026-09-05T13:30:37.057098,2026-09-05
199072,OTT ADD NEGOTIATION LIST AMER Tru EDWARDS (WR) Louisiana Tech,2025-07-03,2025-07-03,Tru,Edwards,WR,AMER,Louisiana Tech,OTT,ADD NEGOTIATION LIST,True,184294,players,Negotiation List,Eligible,2026-09-05T13:30:37.057098,2026-09-05
199073,OTT REM UNS NEGOTIATION LIST AMER Stephen JONES (DL) Colorado State,2025-07-03,2025-07-03,Stephen,Jones,DL,AMER,Colorado State,OTT,REM UNS NEGOTIATION LIST,True,168880,players,Eligible,Negotiation List,2026-09-05T13:30:37.057098,2026-09-05
199074,OTT ADD NEGOTIATION LIST AMER Tre'Vonn RYBKA (DL) Kentucky,2025-07-03,2025-07-03,Tre'Vonn,Rybka,DL,AMER,Kentucky,OTT,ADD NEGOTIATION LIST,True,184295,players,Negotiation List,Eligible,2026-09-05T13:30:37.057098,2026-09-05
199051,WPG ADD NEGOTIATION LIST AMER Warren PEEPLES (DL) Southeastern Louisiana,2025-07-02,2025-07-02,Warren,Peeples,DL,AMER,Southeastern Louisiana,WPG,ADD NEGOTIATION LIST,True,169295,players,Negotiation List,Eligible,2026-09-05T13:30:37.057098,2026-09-05
199050,WPG REM UNS NEGOTIATION LIST AMER Denzel MIMS (WR) Baylor,2025-07-02,2025-07-02,Denzel,Mims,WR,AMER,Baylor,WPG,REM UNS NEGOTIATION LIST,True,169170,players,Eligible,Negotiation List,2026-09-05T13:30:37.057098,2026-09-05
199049,WPG ADD NEGOTIATION LIST AMER Kaimon RUCKER (LB) North Carolina,2025-07-02,2025-07-02,Kaimon,Rucker,LB,AMER,North Carolina,WPG,ADD NEGOTIATION LIST,True,169203,players,Negotiation List,Eligible,2026-09-05T13:30:37.057098,2026-09-05
199048,WPG REM UNS NEGOTIATION LIST AMER Logan COLLIER (WR) North Alabama,2025-07-02,2025-07-02,Logan,Collier,WR,AMER,North Alabama,WPG,REM UNS NEGOTIATION LIST,True,184249,players,Eligible,Negotiation List,2026-09-05T13:30:37.057098,2026-09-05
199047,EDM REM SGD NEGOTIATION LIST AMER Tyreek JOHNSON (DL) South Carolina,2025-07-02,2025-07-02,Tyreek,Johnson,DL,AMER,South Carolina,EDM,REM SGD NEGOTIATION LIST,True,168507,players,Eligible,Negotiation List,2026-09-05T13:30:37.057098,2026-09-05
199031,OTT REM SGD NEGOTIATION LIST AMER DJ JONES (OL) Alabama Birmingham,2025-07-02,2025-07-02,DJ,Jones,OL,AMER,Alabama Birmingham,OTT,REM SGD NEGOTIATION LIST,True,169608,players,Eligible,Negotiation List,2026-09-05T13:30:37.057098,2026-09-05
199010,HAM ADD NEGOTIATION LIST AMER Tay MARTIN (WR) Oklahoma State,2025-07-01,2025-07-01,Tay,Martin,WR,AMER,Oklahoma State,HAM,ADD NEGOTIATION LIST,True,184291,players,Negotiation List,Eligible,2026-09-05T13:30:37.057098,2026-09-05
199005,TOR ADD NEGOTIATION LIST AMER Nolan SLYWKA (WR) Stony Brook,2025-07-01,2025-07-01,Nolan,Slywka,WR,AMER,Stony Brook,TOR,ADD NEGOTIATION LIST,True,184290,players,Negotiation List,Eligible,2026-09-05T13:30:37.057098,2026-09-05
199000,EDM REM UNS NEGOTIATION LIST AMER DaMarcus MITCHELL (DL) Purdue,2025-06-29,2025-06-29,DaMarcus,Mitchell,DL,AMER,Purdue,EDM,REM UNS NEGOTIATION LIST,True,168227,players,Eligible,Negotiation List,2026-09-05T13:30:37.057098,2026-09-05
199001,EDM ADD NEGOTIATION LIST AMER Keyon MARTIN (DB) Louisiana At Lafayette,2025-06-29,2025-06-29,Keyon,Martin,DB,AMER,Louisiana At Lafayette,EDM,ADD NEGOTIATION LIST,True,169601,players,Negotiation List,Eligible,2026-09-05T13:30:37.057098,2026-09-05
198995,WPG REM UNS NEGOTIATION LIST AMER Jabril COX (LB) North Dakota State,2025-06-28,2025-06-28,Jabril,COX,LB,AMER,North Dakota State,WPG,REM UNS NEGOTIATION LIST,True,165523,players,Eligible,Negotiation List,2026-09-05T13:30:37.057098,2026-09-05
198996,WPG ADD NEGOTIATION LIST AMER Justin MAYERS (OL) Colorado,2025-06-28,2025-06-28,Justin,Mayers,OL,AMER,Colorado,WPG,ADD NEGOTIATION LIST,True,184289,players,Negotiation List,Eligible,2026-09-05T13:30:37.057098,2026-09-05
198931,WPG ADD NEGOTIATION LIST AMER Brady COOK (QB) Missouri,2025-06-26,2025-06-26,Brady,Cook,QB,AMER,Missouri,WPG,ADD NEGOTIATION LIST,True,168977,players,Negotiation List,Eligible,2026-09-05T13:30:37.057098,2026-09-05
198930,WPG REM UNS NEGOTIATION LIST AMER Kenneth WOMACK (WR) Western Michigan,2025-06-26,2025-06-26,Kenneth,Womack,WR,AMER,Western Michigan,WPG,REM UNS NEGOTIATION LIST,True,184101,players,Eligible,Negotiation List,2026-09-05T13:30:37.057098,2026-09-05
198928,OTT REM UNS NEGOTIATION LIST AMER Kevin BURKETT (OL) Elon University,2025-06-26,2025-06-26,Kevin,Burkett,OL,AMER,Elon University,OTT,REM UNS NEGOTIATION LIST,True,184217,players,Eligible,Negotiation List,2026-09-05T13:30:37.057098,2026-09-05
198929,OTT ADD NEGOTIATION LIST AMER Jelani STAFFORD (DL) Connecticut,2025-06-26,2025-06-26,Jelani,Stafford,DL,AMER,Connecticut,OTT,ADD NEGOTIATION LIST,True,184288,players,Negotiation List,Eligible,2026-09-05T13:30:37.057098,2026-09-05
198927,OTT ADD NEGOTIATION LIST AMER Iverson BROWN (DB) Southern Illinois,2025-06-26,2025-06-26,Iverson,Brown,DB,AMER,Southern Illinois,OTT,ADD NEGOTIATION LIST,True,184287,players,Negotiation List,Eligible,2026-09-05T13:30:37.057098,2026-09-05
198914,BC ADD NEGOTIATION LIST AMER Josh CASTRO (OL) Nevada,2025-06-26,2025-06-26,Josh,Castro,OL,AMER,Nevada,BC,ADD NEGOTIATION LIST,True,184286,players,Negotiation List,Eligible,2026-09-05T13:30:37.057098,2026-09-05
198911,SSK ADD NEGOTIATION LIST AMER Sebastian GUTIERREZ (OL) Minot State,2025-06-26,2025-06-26,Sebastian,GUTIERREZ,OL,AMER,Minot State,SSK,ADD NEGOTIATION LIST,True,167290,players,Negotiation List,Eligible,2026-09-05T13:30:37.057098,2026-09-05
198910,SSK REM UNS NEGOTIATION LIST AMER Chevan CORDEIRO (QB) San Jose State,2025-06-26,2025-06-26,Chevan,CORDEIRO,QB,AMER,San Jose State,SSK,REM UNS NEGOTIATION LIST,True,164524,players,Eligible,Negotiation List,2026-09-05T13:30:37.057098,2026-09-05
198901,TOR ADD NEGOTIATION LIST AMER Bryce KIRTZ (WR) Northwestern,2025-06-26,2025-06-26,Bryce,Kirtz,WR,AMER,Northwestern,TOR,ADD NEGOTIATION LIST,True,184285,players,Negotiation List,Eligible,2026-09-05T13:30:37.057098,2026-09-05
198878,OTT REM SGD NEGOTIATION LIST AMER Parker MOORER (OL) East Carolina,2025-06-25,2025-06-25,Parker,Moorer,OL,AMER,East Carolina,OTT,REM SGD NEGOTIATION LIST,True,184278,players,Eligible,Negotiation List,2026-09-05T13:30:37.057098,2026-09-05
198870,EDM ADD NEGOTIATION LIST AMER Stephen GOSNELL (WR) Virginia Tech,2025-06-24,2025-06-24,Stephen,Gosnell,WR,AMER,Virginia Tech,EDM,ADD NEGOTIATION LIST,True,169618,players,Negotiation List,Eligible,2026-09-05T13:30:37.057098,2026-09-05
198869,EDM REM UNS NEGOTIATION LIST AMER Jaden SMITH (WR) Nevada,2025-06-24,2025-06-24,Jaden,Smith,WR,AMER,Nevada,EDM,REM UNS NEGOTIATION LIST,True,169560,players,Eligible,Negotiation List,2026-09-05T13:30:37.057098,2026-09-05
198867,EDM ADD NEGOTIATION LIST AMER Dom JONES (DB) Colorado State,2025-06-23,2025-06-23,Dom,Jones,DB,AMER,Colorado State,EDM,ADD NEGOTIATION LIST,True,184284,players,Negotiation List,Eligible,2026-09-05T13:30:37.057098,2026-09-05
198866,BC ADD NEGOTIATION LIST AMER Anthony MCFARLAND JR (RB) Maryland,2025-06-23,2025-06-23,Anthony,McFarland Jr,RB,AMER,Maryland,BC,ADD NEGOTIATION LIST,True,169417,players,Negotiation List,Eligible,2026-09-05T13:30:37.057098,2026-09-05
198865,BC REM UNS NEGOTIATION LIST AMER John PIUS (DL) Wisconsin,2025-06-23,2025-06-23,John,Pius,DL,AMER,Wisconsin,BC,REM UNS NEGOTIATION LIST,True,184086,players,Eligible,Negotiation List,2026-09-05T13:30:37.057098,2026-09-05
198864,EDM REM SGD NEGOTIATION LIST AMER Elijah ALSTON (DL) Miami,2025-06-23,2025-06-23,Elijah,Alston,DL,AMER,Miami,EDM,REM SGD NEGOTIATION LIST,True,169379,players,Eligible,Negotiation List,2026-09-05T13:30:37.057098,2026-09-05
198850,TOR ADD NEGOTIATION LIST NAT Sydney BROWN (DB) Illinois,2025-06-22,2025-06-22,Sydney,Brown,DB,NAT,Illinois,TOR,ADD NEGOTIATION LIST,True,184283,players,Negotiation List,Eligible,2026-09-05T13:30:37.057098,2026-09-05
198845,SSK REM UNS NEGOTIATION LIST GLOB Lucas BORROW (P) Hawaii,2025-06-21,2025-06-21,Lucas,Borrow,P,GLOB,Hawaii,SSK,REM UNS NEGOTIATION LIST,True,184222,players,Eligible,Negotiation List,2026-09-05T13:30:37.057098,2026-09-05
198846,SSK ADD NEGOTIATION LIST AMER Xazavian VALLADAY (RB) Arizona State,2025-06-21,2025-06-21,Xazavian,Valladay,RB,AMER,Arizona State,SSK,ADD NEGOTIATION LIST,True,168224,players,Negotiation List,Eligible,2026-09-05T13:30:37.057098,2026-09-05
198839,HAM REM SGD NEGOTIATION LIST AMER Ozzie NICHOLAS (LB) Duke,2025-06-21,2025-06-21,Ozzie,Nicholas,LB,AMER,Duke,HAM,REM SGD NEGOTIATION LIST,True,184121,players,Eligible,Negotiation List,2026-09-05T13:30:37.057098,2026-09-05
198824,BC REM UNS NEGOTIATION LIST AMER Jeremiah HUNTER (WR) Washington,2025-06-20,2025-06-20,Jeremiah,Hunter,WR,AMER,Washington,BC,REM UNS NEGOTIATION LIST,True,184282,players,Eligible,Negotiation List,2026-09-05T13:30:37.057098,2026-09-05
198768,CGY ADD NEGOTIATION LIST AMER Luq BARCOO (DB) San Diego State,2025-06-19,2025-06-19,Luq,BARCOO,DB,AMER,San Diego State,CGY,ADD NEGOTIATION LIST,True,166558,players,Negotiation List,Eligible,2026-09-05T13:30:37.057098,2026-09-05
198752,BC ADD NEGOTIATION LIST AMER Jeremiah HUNTER (WR) Washington,2025-06-19,2025-06-19,Jeremiah,Hunter,WR,AMER,Washington,BC,ADD NEGOTIATION LIST,True,184282,players,Negotiation List,Eligible,2026-09-05T13:30:37.057098,2026-09-05
198750,OTT ADD NEGOTIATION LIST AMER Jordan MOORE (WR) Duke,2025-06-19,2025-06-19,Jordan,Moore,WR,AMER,Duke,OTT,ADD NEGOTIATION LIST,True,184281,players,Negotiation List,Eligible,2026-09-05T13:30:37.057098,2026-09-05
198751,BC REM UNS NEGOTIATION LIST AMER Austin WATKINS (WR) Alabama Birmingham,2025-06-19,2025-06-19,Austin,WATKINS,WR,AMER,Alabama Birmingham,BC,REM UNS NEGOTIATION LIST,True,166703,players,Eligible,Negotiation List,2026-09-05T13:30:37.057098,2026-09-05
198748,OTT ADD NEGOTIATION LIST AMER Jordan CLARK (DB) Notre Dame,2025-06-19,2025-06-19,Jordan,Clark,DB,AMER,Notre Dame,OTT,ADD NEGOTIATION LIST,True,184280,players,Negotiation List,Eligible,2026-09-05T13:30:37.057098,2026-09-05
198749,OTT REM UNS NEGOTIATION LIST AMER Irving MULLIGAN (RB) Jackson State,2025-06-19,2025-06-19,Irving,Mulligan,RB,AMER,Jackson State,OTT,REM UNS NEGOTIATION LIST,True,184065,players,Eligible,Negotiation List,2026-09-05T13:30:37.057098,2026-09-05
198747,OTT REM UNS NEGOTIATION LIST AMER Kenyatta WATSON (DB) Georgia State,2025-06-19,2025-06-19,Kenyatta,Watson,DB,AMER,Georgia State,OTT,REM UNS NEGOTIATION LIST,True,184095,players,Eligible,Negotiation List,2026-09-05T13:30:37.057098,2026-09-05
198744,HAM ADD NEGOTIATION LIST AMER Tanner MCCALISTER (DB) Ohio State,2025-06-18,2025-06-18,Tanner,McCalister,DB,AMER,Ohio State,HAM,ADD NEGOTIATION LIST,True,184279,players,Negotiation List,Eligible,2026-09-05T13:30:37.057098,2026-09-05
198743,HAM REM UNS NEGOTIATION LIST AMER Adin HUNTINGTON (DL) Tulane,2025-06-18,2025-06-18,Adin,Huntington,DL,AMER,Tulane,HAM,REM UNS NEGOTIATION LIST,True,169360,players,Eligible,Negotiation List,2026-09-05T13:30:37.057098,2026-09-05
198740,CGY REM UNS NEGOTIATION LIST AMER Isaiah HAMILTON (DB) Mississippi,2025-06-18,2025-06-18,Isaiah,Hamilton,DB,AMER,Mississippi,CGY,REM UNS NEGOTIATION LIST,True,184206,players,Eligible,Negotiation List,2026-09-05T13:30:37.057098,2026-09-05
198741,CGY ADD NEGOTIATION LIST AMER Jonas GRIFFITH (LB) Indiana State,2025-06-18,2025-06-18,Jonas,GRIFFITH,LB,AMER,Indiana State,CGY,ADD NEGOTIATION LIST,True,165845,players,Negotiation List,Eligible,2026-09-05T13:30:37.057098,2026-09-05
198729,CGY REM SGD NEGOTIATION LIST AMER Morice BLACKWELL JR (LB) Texas,2025-06-18,2025-06-18,Morice,Blackwell Jr,LB,AMER,Texas,CGY,REM SGD NEGOTIATION LIST,True,184008,players,Eligible,Negotiation List,2026-09-05T13:30:37.057098,2026-09-05
198718,TOR REM SGD NEGOTIATION LIST AMER Aaron CASEY (LB) Indiana,2025-06-17,2025-06-17,Aaron,Casey,LB,AMER,Indiana,TOR,REM SGD NEGOTIATION LIST,True,169072,players,Eligible,Negotiation List,2026-09-05T13:30:37.057098,2026-09-05
198698,OTT ADD NEGOTIATION LIST AMER Parker MOORER (OL) East Carolina,2025-06-17,2025-06-17,Parker,Moorer,OL,AMER,East Carolina,OTT,ADD NEGOTIATION LIST,True,184278,players,Negotiation List,Eligible,2026-09-05T13:30:37.057098,2026-09-05
198697,OTT REM UNS NEGOTIATION LIST AMER Tony MUSKETT (QB) Monmouth,2025-06-17,2025-06-17,Tony,MUSKETT,QB,AMER,Monmouth,OTT,REM UNS NEGOTIATION LIST,True,167287,players,Eligible,Negotiation List,2026-09-05T13:30:37.057098,2026-09-05
198696,TOR ADD NEGOTIATION LIST AMER Breeland SPEAKS (DL) Mississippi,2025-06-17,2025-06-17,Breeland,SPEAKS,DL,AMER,Mississippi,TOR,ADD NEGOTIATION LIST,True,165873,players,Negotiation List,Eligible,2026-09-05T13:30:37.057098,2026-09-05
198676,EDM REM UNS NEGOTIATION LIST AMER Nate WILLIAMS (OL) San Diego State,2025-06-16,2025-06-16,Nate,Williams,OL,AMER,San Diego State,EDM,REM UNS NEGOTIATION LIST,True,169384,players,Eligible,Negotiation List,2026-09-05T13:30:37.057098,2026-09-05
198677,EDM ADD NEGOTIATION LIST AMER Ozzie HUTCHINSON (OL) Albany,2025-06-16,2025-06-16,Ozzie,Hutchinson,OL,AMER,Albany,EDM,ADD NEGOTIATION LIST,True,184277,players,Negotiation List,Eligible,2026-09-05T13:30:37.057098,2026-09-05
198674,EDM REM UNS NEGOTIATION LIST AMER Bryce BENHART (OL) Nebraska,2025-06-16,2025-06-16,Bryce,Benhart,OL,AMER,Nebraska,EDM,REM UNS NEGOTIATION LIST,True,184093,players,Eligible,Negotiation List,2026-09-05T13:30:37.057098,2026-09-05
198675,EDM ADD NEGOTIATION LIST AMER Mason MILLER (OL) North Dakota State,2025-06-16,2025-06-16,Mason,Miller,OL,AMER,North Dakota State,EDM,ADD NEGOTIATION LIST,True,169348,players,Negotiation List,Eligible,2026-09-05T13:30:37.057098,2026-09-05
198670,EDM REM UNS NEGOTIATION LIST AMER Caeveon PATTON (DL) Texas State,2025-06-15,2025-06-15,Caeveon,Patton,DL,AMER,Texas State,EDM,REM UNS NEGOTIATION LIST,True,184216,players,Eligible,Negotiation List,2026-09-05T13:30:37.057098,2026-09-05
198671,EDM ADD NEGOTIATION LIST AMER Luke GRIMM (WR) Kansas,2025-06-15,2025-06-15,Luke,Grimm,WR,AMER,Kansas,EDM,ADD NEGOTIATION LIST,True,184276,players,Negotiation List,Eligible,2026-09-05T13:30:37.057098,2026-09-05
198668,EDM ADD NEGOTIATION LIST AMER Austin AJIAKE (LB) UNLV,2025-06-15,2025-06-15,Austin,Ajiake,LB,AMER,UNLV,EDM,ADD NEGOTIATION LIST,True,168301,players,Negotiation List,Eligible,2026-09-05T13:30:37.057098,2026-09-05
198669,TOR ADD NEGOTIATION LIST AMER Aaron CASEY (LB) Indiana,2025-06-15,2025-06-15,Aaron,Casey,LB,AMER,Indiana,TOR,ADD NEGOTIATION LIST,True,169072,players,Negotiation List,Eligible,2026-09-05T13:30:37.057098,2026-09-05
198667,EDM REM UNS NEGOTIATION LIST AMER Brandon BOUYER-RANDLE (LB) Connecticut,2025-06-15,2025-06-15,Brandon,Bouyer-Randle,LB,AMER,Connecticut,EDM,REM UNS NEGOTIATION LIST,True,168882,players,Eligible,Negotiation List,2026-09-05T13:30:37.057098,2026-09-05
198661,EDM ADD NEGOTIATION LIST AMER Caleb JONES (OL) Indiana,2025-06-13,2025-06-13,Caleb,Jones,OL,AMER,Indiana,EDM,ADD NEGOTIATION LIST,True,184275,players,Negotiation List,Eligible,2026-09-05T13:30:37.057098,2026-09-05
198660,EDM REM UNS NEGOTIATION LIST AMER Spencer PETRAS (QB) Utah State,2025-06-13,2025-06-13,Spencer,Petras,QB,AMER,Utah State,EDM,REM UNS NEGOTIATION LIST,True,184084,players,Eligible,Negotiation List,2026-09-05T13:30:37.057098,2026-09-05
198608,SSK ADD NEGOTIATION LIST AMER Duke SHELLEY (DB) Kansas State,2025-06-12,2025-06-12,Duke,Shelley,DB,AMER,Kansas State,SSK,ADD NEGOTIATION LIST,True,184272,players,Negotiation List,Eligible,2026-09-05T13:30:37.057098,2026-09-05
198607,SSK REM UNS NEGOTIATION LIST AMER Tristan SINCLAIR (LB) Stanford,2025-06-12,2025-06-12,Tristan,Sinclair,LB,AMER,Stanford,SSK,REM UNS NEGOTIATION LIST,True,184214,players,Eligible,Negotiation List,2026-09-05T13:30:37.057098,2026-09-05
198565,BC ADD NEGOTIATION LIST AMER Beau BRUNGARD (QB) Youngstown State,2025-06-11,2025-06-11,Beau,Brungard,QB,AMER,Youngstown State,BC,ADD NEGOTIATION LIST,True,184270,players,Negotiation List,Eligible,2026-09-05T13:30:37.057098,2026-09-05
198566,BC REM UNS NEGOTIATION LIST AMER Zach PATTERSON (WR) Central Missouri,2025-06-11,2025-06-11,Zach,Patterson,WR,AMER,Central Missouri,BC,REM UNS NEGOTIATION LIST,True,184119,players,Eligible,Negotiation List,2026-09-05T13:30:37.057098,2026-09-05
198567,BC ADD NEGOTIATION LIST AMER Tommy RITTENHOUSE (QB) Illinois State,2025-06-11,2025-06-11,Tommy,Rittenhouse,QB,AMER,Illinois State,BC,ADD NEGOTIATION LIST,True,184271,players,Negotiation List,Eligible,2026-09-05T13:30:37.057098,2026-09-05
198564,BC REM UNS NEGOTIATION LIST AMER Ke'Shawn VAUGHN (RB) Vanderbilt,2025-06-11,2025-06-11,Ke'Shawn,Vaughn,RB,AMER,Vanderbilt,BC,REM UNS NEGOTIATION LIST,True,184245,players,Eligible,Negotiation List,2026-09-05T13:30:37.057098,2026-09-05
198546,TOR ADD NEGOTIATION LIST AMER Max DUGGAN (QB) Texas Christian,2025-06-10,2025-06-10,Max,DUGGAN,QB,AMER,Texas Christian,TOR,ADD NEGOTIATION LIST,True,166148,players,Negotiation List,Eligible,2026-09-05T13:30:37.057098,2026-09-05
198540,SSK ADD NEGOTIATION LIST AMER Millard BRADFORD (DB) Texas Christian,2025-06-10,2025-06-10,Millard,Bradford,DB,AMER,Texas Christian,SSK,ADD NEGOTIATION LIST,True,184269,players,Negotiation List,Eligible,2026-09-05T13:30:37.057098,2026-09-05
198539,SSK REM UNS NEGOTIATION LIST AMER Quindell JOHNSON (DB) Memphis,2025-06-10,2025-06-10,Quindell,Johnson,DB,AMER,Memphis,SSK,REM UNS NEGOTIATION LIST,True,169334,players,Eligible,Negotiation List,2026-09-05T13:30:37.057098,2026-09-05
198535,SSK ADD NEGOTIATION LIST AMER Justin OSBORNE (OL) Southern Methodist,2025-06-10,2025-06-10,Justin,Osborne,OL,AMER,Southern Methodist,SSK,ADD NEGOTIATION LIST,True,184268,players,Negotiation List,Eligible,2026-09-05T13:30:37.057098,2026-09-05
198534,TOR REM UNS NEGOTIATION LIST AMER Arnold YOUNG (DL) Montclair State,2025-06-09,2025-06-09,Arnold,Young,DL,AMER,Montclair State,TOR,REM UNS NEGOTIATION LIST,True,169273,players,Eligible,Negotiation List,2026-09-05T13:30:37.057098,2026-09-05
198533,SSK REM SGD NEGOTIATION LIST AMER Darius WASHINGTON (OL) Florida State,2025-06-09,2025-06-09,Darius,Washington,OL,AMER,Florida State,SSK,REM SGD NEGOTIATION LIST,True,169406,players,Eligible,Negotiation List,2026-09-05T13:30:37.057098,2026-09-05
198520,SSK ADD NEGOTIATION LIST AMER Van FILLINGER (DL) Utah,2025-06-09,2025-06-09,Van,Fillinger,DL,AMER,Utah,SSK,ADD NEGOTIATION LIST,True,184266,players,Negotiation List,Eligible,2026-09-05T13:30:37.057098,2026-09-05
198519,SSK REM UNS NEGOTIATION LIST AMER Joey HOBERT (WR) Texas State,2025-06-09,2025-06-09,Joey,Hobert,WR,AMER,Texas State,SSK,REM UNS NEGOTIATION LIST,True,169591,players,Eligible,Negotiation List,2026-09-05T13:30:37.057098,2026-09-05
198505,WPG REM UNS NEGOTIATION LIST AMER Thomas PERRY (OL) Middlebury College,2025-06-09,2025-06-09,Thomas,Perry,OL,AMER,Middlebury College,WPG,REM UNS NEGOTIATION LIST,True,169437,players,Eligible,Negotiation List,2026-09-05T13:30:37.057098,2026-09-05
198506,WPG ADD NEGOTIATION LIST AMER Darius LASSITER (WR) Brigham Young,2025-06-09,2025-06-09,Darius,Lassiter,WR,AMER,Brigham Young,WPG,ADD NEGOTIATION LIST,True,184265,players,Negotiation List,Eligible,2026-09-05T13:30:37.057098,2026-09-05
198492,WPG ADD NEGOTIATION LIST AMER Major WILLIAMS (DB) Carson-Newman,2025-06-07,2025-06-07,Major,Williams,DB,AMER,Carson-Newman,WPG,ADD NEGOTIATION LIST,True,169336,players,Negotiation List,Eligible,2026-09-05T13:30:37.057098,2026-09-05
198491,WPG REM UNS NEGOTIATION LIST AMER Sean ATKINS (WR) South Florida,2025-06-07,2025-06-07,Sean,Atkins,WR,AMER,South Florida,WPG,REM UNS NEGOTIATION LIST,True,184223,players,Eligible,Negotiation List,2026-09-05T13:30:37.057098,2026-09-05
198430,HAM REM UNS NEGOTIATION LIST AMER RJ OBEN (DL) Notre Dame,2025-06-05,2025-06-05,RJ,Oben,DL,AMER,Notre Dame,HAM,REM UNS NEGOTIATION LIST,True,184170,players,Eligible,Negotiation List,2026-09-05T13:30:37.057098,2026-09-05
198431,HAM ADD NEGOTIATION LIST AMER Ozzie NICHOLAS (LB) Duke,2025-06-05,2025-06-05,Ozzie,Nicholas,LB,AMER,Duke,HAM,ADD NEGOTIATION LIST,True,184121,players,Negotiation List,Eligible,2026-09-05T13:30:37.057098,2026-09-05
198424,OTT ADD NEGOTIATION LIST AMER Marcus HICKS (OL) South Dakota State,2025-06-04,2025-06-04,Marcus,Hicks,OL,AMER,South Dakota State,OTT,ADD NEGOTIATION LIST,True,184264,players,Negotiation List,Eligible,2026-09-05T13:30:37.057098,2026-09-05
198423,OTT REM UNS NEGOTIATION LIST AMER Quez YATES (OL) Alabama Birmingham,2025-06-04,2025-06-04,Quez,Yates,OL,AMER,Alabama Birmingham,OTT,REM UNS NEGOTIATION LIST,True,184091,players,Eligible,Negotiation List,2026-09-05T13:30:37.057098,2026-09-05
198398,HAM ADD NEGOTIATION LIST AMER David WHITE JR (WR) Western Carolina,2025-06-04,2025-06-04,David,White Jr,WR,AMER,Western Carolina,HAM,ADD NEGOTIATION LIST,True,168719,players,Negotiation List,Eligible,2026-09-05T13:30:37.057098,2026-09-05
198380,MTL ADD NEGOTIATION LIST AMER Garrett NELSON (DL) Nebraska,2025-06-03,2025-06-03,Garrett,Nelson,DL,AMER,Nebraska,MTL,ADD NEGOTIATION LIST,True,168256,players,Negotiation List,Eligible,2026-09-05T13:30:37.057098,2026-09-05
198379,EDM ADD NEGOTIATION LIST AMER Jayden PRICE (DB) North Dakota State,2025-06-03,2025-06-03,Jayden,Price,DB,AMER,North Dakota State,EDM,ADD NEGOTIATION LIST,True,168980,players,Negotiation List,Eligible,2026-09-05T13:30:37.057098,2026-09-05
198377,SSK REM UNS NEGOTIATION LIST AMER Roderick DANIELS JR (WR) Southern Methodist,2025-06-03,2025-06-03,Roderick,Daniels Jr,WR,AMER,Southern Methodist,SSK,REM UNS NEGOTIATION LIST,True,169418,players,Eligible,Negotiation List,2026-09-05T13:30:37.057098,2026-09-05
198378,SSK ADD NEGOTIATION LIST AMER Benny SAPP III (DB) Northern Iowa,2025-06-03,2025-06-03,Benny,Sapp III,DB,AMER,Northern Iowa,SSK,ADD NEGOTIATION LIST,True,169239,players,Negotiation List,Eligible,2026-09-05T13:30:37.057098,2026-09-05
198375,BC ADD NEGOTIATION LIST AMER JaVonta PAYTON (WR) Tennessee,2025-06-02,2025-06-02,JaVonta,PAYTON,WR,AMER,Tennessee,BC,ADD NEGOTIATION LIST,True,167314,players,Negotiation List,Eligible,2026-09-05T13:30:37.057098,2026-09-05
198374,BC ADD NEGOTIATION LIST AMER Amani BLEDSOE (DL) Oklahoma,2025-06-02,2025-06-02,Amani,BLEDSOE,DL,AMER,Oklahoma,BC,ADD NEGOTIATION LIST,True,166459,players,Negotiation List,Eligible,2026-09-05T13:30:37.057098,2026-09-05
198373,CGY ADD NEGOTIATION LIST AMER Gabriel TAYLOR (DB) Rice,2025-06-02,2025-06-02,Gabriel,Taylor,DB,AMER,Rice,CGY,ADD NEGOTIATION LIST,True,184263,players,Negotiation List,Eligible,2026-09-05T13:30:37.057098,2026-09-05
